rna_id,synonym
RNA-000002,yhhC
RNA-000002,yhiB
RNA-000003,B1
RNA-000003,H1
RNA-000003,bglY
RNA-000003,cur
RNA-000003,drc
RNA-000003,drdX
RNA-000003,drs
RNA-000003,fimG
RNA-000003,hnsA
RNA-000003,irk
RNA-000003,msyA
RNA-000003,osmZ
RNA-000003,pilG
RNA-000003,topS
RNA-000003,topX
RNA-000003,virR
RNA-000004,yiiU
RNA-000006,ybaS
RNA-000007,acsA
RNA-000007,xasA
RNA-000008,ychK
RNA-000012,mbrC
RNA-000012,prlG
RNA-000013,adeK
RNA-000016,ynhE
RNA-000017,ybeS
RNA-000019,groPAB
RNA-000019,groPC
RNA-000019,groPF
RNA-000019,grpC
RNA-000019,grpF
RNA-000019,seg
RNA-000022,lopD
RNA-000024,RC
RNA-000025,sabA1
RNA-000025,sefA
RNA-000025,sfhC21
RNA-000025,yaeA
RNA-000028,yigC
RNA-000028,yigY
RNA-000029,yjjS
RNA-000030,genF
RNA-000031,ycfO
RNA-000033,yabB
RNA-000034,ychD
RNA-000035,fpk
RNA-000037,ssi8
RNA-000037,tpx
RNA-000039,b3111
RNA-000039,b3112
RNA-000039,sdhY
RNA-000039,tdcGa
RNA-000039,yhaP
RNA-000039,yhaQ
RNA-000040,ctr
RNA-000041,yiiP
RNA-000044,yfbA
RNA-000045,msmA
RNA-000046,ind
RNA-000046,tnaR
RNA-000047,ecf
RNA-000047,ecfB
RNA-000047,eup
RNA-000047,rssE
RNA-000047,ssd
RNA-000048,yciR
RNA-000050,carP
RNA-000050,xerB
RNA-000053,ptsF
RNA-000054,mdrA
RNA-000054,mdrH
RNA-000054,surB
RNA-000054,ycaB
RNA-000057,celB
RNA-000057,hic
RNA-000058,meoA
RNA-000058,par
RNA-000059,cspH
RNA-000059,ybjA
RNA-000061,yojN
RNA-000061,yojP
RNA-000061,yojQ
RNA-000064,yajF
RNA-000065,mraW
RNA-000065,yabC
RNA-000067,pexB
RNA-000067,vtm
RNA-000068,yacI
RNA-000068,yacJ
RNA-000072,yceP
RNA-000073,abrD
RNA-000073,appR
RNA-000073,csi2
RNA-000073,dpeB
RNA-000073,katF
RNA-000073,nur
RNA-000073,otsX
RNA-000073,sigS
RNA-000075,cbr
RNA-000075,cbt
RNA-000075,fep
RNA-000075,feuB
RNA-000076,con
RNA-000076,tolG
RNA-000076,tut
RNA-000077,adhC
RNA-000077,ana
RNA-000079,ygfE
RNA-000081,cru
RNA-000084,groEL
RNA-000084,mopA
RNA-000085,gad
RNA-000085,gap1
RNA-000086,ams
RNA-000086,hmp1
RNA-000086,smbB
RNA-000088,yhiO
RNA-000089,ftsR
RNA-000089,groN
RNA-000089,nitB
RNA-000089,rif
RNA-000089,ron
RNA-000089,sdgB
RNA-000089,stl
RNA-000089,stv
RNA-000089,tabD
RNA-000092,ybiQ
RNA-000093,yfiD
RNA-000096,prlA
RNA-000098,b3913
RNA-000098,yiiO
RNA-000103,gsh-I
RNA-000108,mlpA
RNA-000110,cdfA
RNA-000113,tabB
RNA-000118,hsc
RNA-000119,trpX
RNA-000123,T1
RNA-000123,T5rec
RNA-000123,tonA
RNA-000124,yhiV
RNA-000125,supX
RNA-000129,sfiB
RNA-000129,sulB
RNA-000132,pbpB
RNA-000132,sep
RNA-000134,ybeJ
RNA-000134,yzzK
RNA-000135,gsr
RNA-000135,iex
RNA-000135,tgs
RNA-000135,treD
RNA-000136,gicA
RNA-000136,msmC
RNA-000138,phoL
RNA-000142,fepF
RNA-000143,elb2
RNA-000143,s27a
RNA-000143,yhbL
RNA-000143,yzzB
RNA-000151,ficA
RNA-000152,yhhD
RNA-000152,yhiC
RNA-000156,hflA
RNA-000156,hslY
RNA-000157,cyd-2
RNA-000159,cbpB
RNA-000159,robA
RNA-000161,supK
RNA-000163,cfcB
RNA-000164,yedU
RNA-000164,yzzC
RNA-000166,yieD
RNA-000166,yieD_1
RNA-000166,yieD_2
RNA-000166,yieM
RNA-000168,yqhE
RNA-000169,ant
RNA-000169,antA
RNA-000170,tppB
RNA-000170,ydgR
RNA-000171,nadI
RNA-000172,act
RNA-000172,ala-act
RNA-000172,lovB
RNA-000173,yzzM
RNA-000177,tsaA
RNA-000179,opdA
RNA-000180,fit
RNA-000180,srjA
RNA-000181,gptB
RNA-000181,mpt
RNA-000181,ptsM
RNA-000181,ptsX
RNA-000182,yaaC
RNA-000184,fabG
RNA-000185,lcs
RNA-000185,tss
RNA-000186,yleA
RNA-000189,eriC
RNA-000189,yadQ
RNA-000190,mraR
RNA-000190,yabD
RNA-000191,ldtF
RNA-000192,erfK
RNA-000192,yeeG
RNA-000192,yzzT
RNA-000193,glnF
RNA-000193,ntrA
RNA-000194,yggB
RNA-000196,asp
RNA-000196,glu
RNA-000197,nitA
RNA-000197,nusD
RNA-000197,psu
RNA-000197,psuA
RNA-000197,rnsC
RNA-000197,sbaA
RNA-000197,sun
RNA-000197,tsu
RNA-000199,ftm
RNA-000199,yhdD
RNA-000200,yadB
RNA-000201,yhcM
RNA-000202,acn
RNA-000203,pms
RNA-000203,pmsR
RNA-000204,ldh
RNA-000206,papB
RNA-000206,uncD
RNA-000208,mclA
RNA-000208,yfiJ
RNA-000211,tls
RNA-000214,ycfD
RNA-000217,minB
RNA-000219,cog
RNA-000223,pY
RNA-000223,urf1
RNA-000223,yfiA
RNA-000226,rot
RNA-000226,rotA
RNA-000228,alr5
RNA-000231,thiJ
RNA-000235,cutA3
RNA-000237,Cou
RNA-000237,acrB
RNA-000237,himB
RNA-000237,hisU
RNA-000237,hopA
RNA-000237,nalC
RNA-000237,parA
RNA-000237,pcbA
RNA-000237,pcpA
RNA-000239,yefB
RNA-000240,ecfE
RNA-000240,yaeL
RNA-000242,pdxC
RNA-000242,pdxF
RNA-000243,sfcA
RNA-000248,mtlC
RNA-000249,sltY
RNA-000251,lytB
RNA-000251,yaaE
RNA-000254,Rgal
RNA-000258,yhiE
RNA-000258,yhiT
RNA-000259,rodA
RNA-000260,yafB
RNA-000262,fdp
RNA-000264,yfhI
RNA-000265,gsp
RNA-000266,ypfI
RNA-000268,fimD_1
RNA-000268,fimD_2
RNA-000269,antO
RNA-000269,yaaB
RNA-000270,ybcZ
RNA-000271,asmB
RNA-000271,envA
RNA-000272,pez
RNA-000272,phs
RNA-000272,sez
RNA-000273,capR
RNA-000273,deg
RNA-000273,dir
RNA-000273,lopA
RNA-000273,muc
RNA-000274,purE2
RNA-000275,yihJ
RNA-000276,yhhO
RNA-000279,bcsR
RNA-000283,gpm
RNA-000285,UDG8
RNA-000285,pmrE
RNA-000285,udg
RNA-000285,yefA
RNA-000290,htrD
RNA-000291,yijP
RNA-000292,azi
RNA-000292,pea
RNA-000292,prlD
RNA-000293,metB12
RNA-000296,yijL
RNA-000299,dbhB
RNA-000299,dpeA
RNA-000299,hopD
RNA-000304,yojJ
RNA-000305,nucR
RNA-000307,ygjU
RNA-000308,ecfG
RNA-000308,htrG
RNA-000309,yhiF
RNA-000312,yheN
RNA-000315,mrsA
RNA-000315,yhbF
RNA-000316,yajA
RNA-000320,hmsH
RNA-000320,ycdS
RNA-000321,flaU
RNA-000322,yjcD
RNA-000323,mpdB
RNA-000323,ybeP
RNA-000325,mlt
RNA-000325,ygdM
RNA-000331,surE
RNA-000331,ygbC
RNA-000338,yhiG
RNA-000338,yhiH
RNA-000339,yjjT
RNA-000340,yicE
RNA-000345,ygaG
RNA-000346,squV
RNA-000347,mdl
RNA-000350,yebI
RNA-000351,ycbW
RNA-000352,gntY
RNA-000352,yhgI
RNA-000354,rT
RNA-000354,rumT
RNA-000355,yefK
RNA-000357,cet
RNA-000357,refII
RNA-000358,ymcA
RNA-000362,yhbC
RNA-000365,rbsP
RNA-000367,yojG
RNA-000368,ssi7
RNA-000368,yzzR
RNA-000371,ttk
RNA-000371,yicB
RNA-000372,mutR
RNA-000372,prv
RNA-000375,sigE
RNA-000378,comC
RNA-000378,ycfR
RNA-000379,perM
RNA-000385,flaE
RNA-000386,rfaG
RNA-000388,yaiK
RNA-000390,malB
RNA-000390,malL
RNA-000391,yhjS
RNA-000394,met-1
RNA-000395,ydeD
RNA-000396,dnaL
RNA-000396,lig
RNA-000396,lop
RNA-000396,pdeC
RNA-000402,lys+met
RNA-000403,yshA
RNA-000408,papA
RNA-000408,uncA
RNA-000409,matE
RNA-000409,yagW
RNA-000415,dgkR
RNA-000415,pmrB
RNA-000416,resA
RNA-000417,yhiW
RNA-000419,tpl
RNA-000419,yjfG
RNA-000421,pmi
RNA-000424,yhiQ
RNA-000425,yhiA
RNA-000433,adi
RNA-000436,celG
RNA-000436,ydjC
RNA-000446,UP12
RNA-000446,ybdQ
RNA-000446,yzzU
RNA-000449,ybaI
RNA-000454,cheD
RNA-000455,mglP
RNA-000456,yhiX
RNA-000458,criR
RNA-000458,mpdA
RNA-000459,dnaP
RNA-000459,parB
RNA-000459,sdgA
RNA-000460,yfbD
RNA-000462,chpA
RNA-000462,chpAK
RNA-000470,pss
RNA-000476,frd1
RNA-000476,frdR
RNA-000476,narR
RNA-000480,hflB
RNA-000480,mrsC
RNA-000480,std
RNA-000480,tolZ
RNA-000482,groES
RNA-000482,mopB
RNA-000484,rpoP
RNA-000484,yhbI
RNA-000486,mntA
RNA-000486,yfeP
RNA-000487,ant
RNA-000487,fdv
RNA-000487,plm
RNA-000488,yncB
RNA-000495,dgsA
RNA-000499,fpr
RNA-000499,fruF
RNA-000502,dap
RNA-000502,hom
RNA-000503,excC
RNA-000504,clpQ
RNA-000504,htpO
RNA-000504,yiiC
RNA-000506,chlB
RNA-000506,mob
RNA-000506,narB
RNA-000507,TP
RNA-000507,tpp
RNA-000507,ttg
RNA-000514,apbA
RNA-000525,res
RNA-000525,rimF
RNA-000528,rlmK
RNA-000528,rlmKL
RNA-000528,ycbY
RNA-000529,cpxC
RNA-000529,dye
RNA-000529,fexA
RNA-000529,msp
RNA-000529,seg
RNA-000529,sfrA
RNA-000533,yidY
RNA-000535,qseE
RNA-000535,yfhK
RNA-000535,yfhZ
RNA-000546,yrbE
RNA-000547,yrfI
RNA-000549,gadS
RNA-000553,yhjW
RNA-000558,visC
RNA-000559,yfjB
RNA-000559,yfjE
RNA-000561,ptr
RNA-000562,ygfN
RNA-000564,yhaS
RNA-000566,ybaD
RNA-000569,adth
RNA-000569,adth(a)
RNA-000574,yadR
RNA-000576,flaJ
RNA-000577,ygjF
RNA-000580,sth
RNA-000580,udhA
RNA-000582,cvc
RNA-000582,fabJ
RNA-000582,vtr
RNA-000582,vtrB
RNA-000583,ybeK
RNA-000588,nicA
RNA-000591,vacJ
RNA-000592,miaD
RNA-000592,tos
RNA-000595,ads
RNA-000597,hflA
RNA-000597,hslX
RNA-000598,ncf
RNA-000601,yiaX
RNA-000602,ykgB
RNA-000613,arg
RNA-000613,pyrA
RNA-000617,yefG
RNA-000620,yabF
RNA-000621,lexB
RNA-000621,recH
RNA-000621,rnmB
RNA-000621,srf
RNA-000621,tif
RNA-000621,umuB
RNA-000621,zab
RNA-000622,hmsH
RNA-000622,ycdS
RNA-000624,eti
RNA-000626,mcb
RNA-000631,ssi8
RNA-000631,tpx
RNA-000634,ycbE
RNA-000636,ade
RNA-000636,purC
RNA-000637,yohE
RNA-000638,kicB
RNA-000641,pfl
RNA-000642,yjfH
RNA-000644,dlsT
RNA-000647,ndpA
RNA-000649,cir
RNA-000649,feuA
RNA-000650,tfpA
RNA-000651,pdxL
RNA-000651,yfeI
RNA-000653,dsf
RNA-000653,iarA
RNA-000653,ppfA
RNA-000656,gidA
RNA-000656,trmF
RNA-000658,yjjK
RNA-000659,lky
RNA-000659,lkyA
RNA-000659,tol-3
RNA-000660,glnD5
RNA-000663,nusIII
RNA-000663,ribH
RNA-000663,ybaF
RNA-000664,firA
RNA-000664,omsA
RNA-000666,glnT
RNA-000666,ntrC
RNA-000668,wzx
RNA-000668,yifJ
RNA-000670,ECK3856
RNA-000671,ECK1610
RNA-000671,gusC
RNA-000672,ECK3788
RNA-000673,ECK3199
RNA-000673,PsrA16
RNA-000673,RyhA
RNA-000673,SraH
RNA-000674,ECK1764
RNA-000675,ECK2682
RNA-000675,PsrA10
RNA-000675,SraD
RNA-000676,ECK1823
RNA-000677,ECK4516
RNA-000678,ECK3287
RNA-000678,prlA
RNA-000679,ECK2804
RNA-000679,IS145
RNA-000679,PsrA11
RNA-000680,ECK2324
RNA-000680,yfcB
RNA-000681,ECK0821
RNA-000681,yliC
RNA-000682,ECK1822
RNA-000683,ECK0881
RNA-000683,dinH
RNA-000684,ECK1838
RNA-000684,IS091
RNA-000684,PsrA8
RNA-000684,SraC
RNA-000684,Tkpe79
RNA-000685,ECK3218
RNA-000685,pog
RNA-000685,ssp
RNA-000686,ECK4396
RNA-000686,MicM
RNA-000686,RybC
RNA-000686,SroB
RNA-000687,ECK3955
RNA-000687,yijC
RNA-000688,ECK3501
RNA-000688,yhiX
RNA-000689,ECK4008
RNA-000690,ECK4163
RNA-000690,yjeF
RNA-000691,ECK0803
RNA-000691,ompP
RNA-000691,ybiG
RNA-000692,ECK3700
RNA-000692,tnaL
RNA-000693,ECK4132
RNA-000693,genA
RNA-000694,ECK2078
RNA-000694,RyeE
RNA-000695,ECK1716
RNA-000695,fit
RNA-000695,srjA
RNA-000696,ECK2280
RNA-000696,nuoD
RNA-000697,ECK2033
RNA-000697,rmlA
RNA-000697,som
RNA-000698,ECK4224
RNA-000698,b4228
RNA-000698,b4229
RNA-000698,ytfS
RNA-000699,ECK0944
RNA-000699,res
RNA-000699,rimF
RNA-000700,ECK0026
RNA-000700,yaaC
RNA-000701,ECK3138
RNA-000701,ecfH
RNA-000701,yraP
RNA-000702,ECK1848
RNA-000703,ECK2121
RNA-000704,ECK0130
RNA-000705,ECK4217
RNA-000705,ytfN
RNA-000705,ytfO
RNA-000706,ECK3283
RNA-000706,ramA
RNA-000706,sud(2)
RNA-000706,sud2
RNA-000707,ECK3744
RNA-000707,rbsP
RNA-000707,rbsT
RNA-000708,ECK0472
RNA-000708,ylaA
RNA-000709,ECK4505
RNA-000710,ECK4157
RNA-000710,yjeQ
RNA-000711,ECK3281
RNA-000712,ECK4510
RNA-000713,ECK0023
RNA-000714,ECK3531
RNA-000714,alu
RNA-000714,dpp
RNA-000714,fpp
RNA-000715,ECK4029
RNA-000715,molA
RNA-000716,ECK2787
RNA-000717,ECK3239
RNA-000717,envB
RNA-000717,mon
RNA-000717,mreB_1
RNA-000717,rodY
RNA-000718,ECK2834
RNA-000718,PAIR2b
RNA-000718,RygB
RNA-000718,T59
RNA-000719,ECK2968
RNA-000719,b2973
RNA-000719,b2974
RNA-000719,sslE
RNA-000720,ECK2064
RNA-000721,ECK0395
RNA-000721,hrbA
RNA-000722,ECK2585
RNA-000722,witA
RNA-000723,ECK0837
RNA-000723,P25
RNA-000724,ECK2770
RNA-000725,ECK2909
RNA-000726,ECK2460
RNA-000727,ECK2955
RNA-000727,trmI
RNA-000727,yggH
RNA-000728,ECK1486
RNA-000728,acsA
RNA-000728,xasA
RNA-000729,ECK2923
RNA-000729,gap2
RNA-000729,gapB
RNA-000730,ECK2209
RNA-000730,yojN
RNA-000730,yojP
RNA-000730,yojQ
RNA-000731,ECK3776
RNA-000731,wecA
RNA-000732,ECK3288
RNA-000733,ECK2906
RNA-000733,Ssr
RNA-000733,ssr
RNA-000734,ECK3746
RNA-000735,ECK1116
RNA-000736,ECK0711
RNA-000736,cybS
RNA-000736,dhsD
RNA-000737,ECK1636
RNA-000737,ydhH
RNA-000738,ECK0252
RNA-000739,ECK0096
RNA-000739,sfiB
RNA-000739,sulB
RNA-000740,ECK2921
RNA-000740,ald
RNA-000740,fba
RNA-000740,fda
RNA-000741,ECK0948
RNA-000741,con
RNA-000741,tolG
RNA-000741,tut
RNA-000742,ECK4204
RNA-000742,dagA
RNA-000742,ytfD
RNA-000743,ECK4347
RNA-000743,yjjM
RNA-000744,ECK2826
RNA-000744,nudH
RNA-000744,ygdP
RNA-000745,ECK0599
RNA-000745,ssi8
RNA-000745,tpx
RNA-000746,ECK3338
RNA-000746,trkB
RNA-000747,ECK3959
RNA-000747,dga
RNA-000747,glr
RNA-000747,yijA
RNA-000748,ECK3598
RNA-000749,ECK3500
RNA-000749,IS183
RNA-000750,ECK4415
RNA-000751,ECK4285
RNA-000752,ECK3742
RNA-000752,rbsP
RNA-000753,ECK3012
RNA-000753,ygiT
RNA-000754,ECK0628
RNA-000754,pbpA
RNA-000755,ECK1686
RNA-000755,IS083
RNA-000755,PsrA5
RNA-000756,ECK0729
RNA-000756,lky
RNA-000756,lkyA
RNA-000756,tol-3
RNA-000757,ECK0862
RNA-000758,ECK3952
RNA-000759,ECK3978
RNA-000759,ftsR
RNA-000759,groN
RNA-000759,nitB
RNA-000759,rif
RNA-000759,ron
RNA-000759,sdgB
RNA-000759,stl
RNA-000759,stv
RNA-000759,tabD
RNA-000760,ECK1262
RNA-000760,yciP
RNA-000761,ECK3080
RNA-000761,ygjU
RNA-000762,ECK0648
RNA-000762,ybeJ
RNA-000762,yzzK
RNA-000763,ECK0184
RNA-000764,ECK3391
RNA-000764,ompB
RNA-000764,perA
RNA-000764,tpo
RNA-000765,ECK2644
RNA-000766,ECK3158
RNA-000767,ECK0802
RNA-000767,ybiF
RNA-000768,ECK3779
RNA-000768,mnaB
RNA-000768,rff
RNA-000768,rffD
RNA-000769,ECK2200
RNA-000769,yojG
RNA-000770,ECK1952
RNA-000771,ECK3808
RNA-000771,dar-2
RNA-000771,dda
RNA-000771,mutU
RNA-000771,pdeB
RNA-000771,rad
RNA-000771,recL
RNA-000771,srjC
RNA-000771,uvr502
RNA-000771,uvrE
RNA-000772,ECK0120
RNA-000773,ECK2512
RNA-000773,yfgA
RNA-000774,ECK4125
RNA-000774,ldcI
RNA-000775,ECK2694
RNA-000775,lexB
RNA-000775,recH
RNA-000775,rnmB
RNA-000775,srf
RNA-000775,tif
RNA-000775,umuB
RNA-000775,zab
RNA-000776,ECK1237
RNA-000777,ECK1173
RNA-000777,dsbX
RNA-000777,iarB
RNA-000777,rosB
RNA-000777,roxB
RNA-000777,ycgA
RNA-000778,ECK0669
RNA-000778,ybfM
RNA-000779,ECK2100
RNA-000779,yohN
RNA-000780,ECK3374
RNA-000781,ECK3426
RNA-000781,IS176
RNA-000781,PsrA18
RNA-000781,SraI
RNA-000782,ECK3238
RNA-000783,ECK1280
RNA-000783,gmr
RNA-000783,yciR
RNA-000784,ECK3101
RNA-000784,b3111
RNA-000784,b3112
RNA-000784,sdhY
RNA-000784,tdcGa
RNA-000784,yhaP
RNA-000784,yhaQ
RNA-000785,ECK0943
RNA-000785,ymbA
RNA-000786,ECK4408
RNA-000787,ECK3655
RNA-000787,yicO
RNA-000788,ECK3824
RNA-000789,ECK2126
RNA-000789,ldh
RNA-000790,ECK3478
RNA-000790,pit
RNA-000791,ECK4141
RNA-000792,ECK2133
RNA-000792,yohI
RNA-000793,ECK1394
RNA-000793,ydbW
RNA-000794,ECK2290
RNA-000795,ECK3055
RNA-000796,ECK3014
RNA-000797,ECK3533
RNA-000797,yhjW
RNA-000798,ECK3612
RNA-000798,rfaL
RNA-000799,ECK1706
RNA-000800,ECK1887
RNA-000800,cheM
RNA-000801,ECK1736
RNA-000801,celA
RNA-000802,ECK3013
RNA-000802,ygiU
RNA-000803,ECK0672
RNA-000804,ECK1235
RNA-000804,adhC
RNA-000804,ana
RNA-000805,ECK4169
RNA-000805,hflA
RNA-000805,hslX
RNA-000806,ECK1115
RNA-000807,ECK0115
RNA-000807,dhl
RNA-000807,lpdA
RNA-000808,ECK1006
RNA-000808,putC
RNA-000809,B1
RNA-000809,ECK1232
RNA-000809,H1
RNA-000809,bglY
RNA-000809,cur
RNA-000809,drc
RNA-000809,drdX
RNA-000809,drs
RNA-000809,fimG
RNA-000809,hnsA
RNA-000809,irk
RNA-000809,msyA
RNA-000809,osmZ
RNA-000809,pilG
RNA-000809,topS
RNA-000809,topX
RNA-000809,virR
RNA-000810,ECK0020
RNA-000810,ant
RNA-000810,antA
RNA-000811,ECK4407
RNA-000812,ECK2229
RNA-000812,yfaG
RNA-000813,ECK3008
RNA-000813,sufI
RNA-000813,sui
RNA-000814,ECK3737
RNA-000815,ECK2091
RNA-000816,ECK1269
RNA-000817,ECK3387
RNA-000817,hsp15
RNA-000817,yrfH
RNA-000818,ECK1828
RNA-000819,ECK0624
RNA-000820,ECK3065
RNA-000821,ECK3282
RNA-000821,pez
RNA-000821,phs
RNA-000821,sez
RNA-000822,ECK2774
RNA-000823,ECK2089
RNA-000823,yegF
RNA-000824,ECK0920
RNA-000824,cmlB
RNA-000824,cry
RNA-000824,nfxB
RNA-000824,tolF
RNA-000825,ECK0440
RNA-000826,ECK3541
RNA-000827,ECK0085
RNA-000827,pbpB
RNA-000827,sep
RNA-000828,ECK1839
RNA-000828,RyeB
RNA-000828,Tkpe79
RNA-000829,ECK0175
RNA-000829,ecfE
RNA-000829,yaeL
RNA-000830,ECK1896
RNA-000830,otsP
RNA-000831,ECK1061
RNA-000831,flaK
RNA-000832,ECK0434
RNA-000832,dbhB
RNA-000832,dpeA
RNA-000832,hopD
RNA-000833,ECK0431
RNA-000833,lopP
RNA-000834,ECK0197
RNA-000834,metD
RNA-000834,yaeC
RNA-000835,ECK0154
RNA-000835,eriC
RNA-000835,yadQ
RNA-000836,ECK1759
RNA-000837,ECK3795
RNA-000837,K19
RNA-000837,PsrA20
RNA-000837,RyiA
RNA-000837,SraJ
RNA-000838,ECK2828
RNA-000839,ECK3608
RNA-000839,yibB
RNA-000840,ECK3927
RNA-000840,srgA
RNA-000841,ECK1637
RNA-000842,ECK1648
RNA-000843,ECK3677
RNA-000843,yibE
RNA-000844,ECK0710
RNA-000844,cybA
RNA-000844,cybL
RNA-000844,dhsC
RNA-000845,ECK3853
RNA-000846,ECK1119
RNA-000846,asuE
RNA-000846,trmU
RNA-000846,ycfB
RNA-000847,ECK0001
RNA-000848,ECK3481
RNA-000848,yhiP
RNA-000849,ECK3326
RNA-000849,kirT
RNA-000849,pulT
RNA-000850,ECK2833
RNA-000850,PAIR2a
RNA-000850,PsrA12
RNA-000850,RygA
RNA-000850,SraE
RNA-000850,T59
RNA-000851,ECK4287
RNA-000852,ECK3045
RNA-000852,ecfG
RNA-000852,htrG
RNA-000853,ECK1777
RNA-000853,gad
RNA-000853,gap1
RNA-000854,ECK1803
RNA-000854,oldD
RNA-000855,ECK1652
RNA-000856,ECK0142
RNA-000857,ECK3550
RNA-000857,yiaH
RNA-000858,ECK0895
RNA-000858,ycaE
RNA-000859,ECK2508
RNA-000859,yfgL
RNA-000860,ECK0113
RNA-000861,ECK3149
RNA-000862,ECK0055
RNA-000862,imp
RNA-000862,ostA
RNA-000862,yabG
RNA-000863,ECK2207
RNA-000863,meoA
RNA-000863,par
RNA-000864,ECK0629
RNA-000864,ybeA
RNA-000865,ECK3159
RNA-000865,yhbC
RNA-000866,ECK1404
RNA-000867,ECK3759
RNA-000868,ECK0419
RNA-000868,apbA
RNA-000869,ECK0872
RNA-000869,yljA
RNA-000870,ECK2228
RNA-000871,ECK0170
RNA-000871,smbA
RNA-000871,umk
RNA-000872,ECK0662
RNA-000873,ECK0392
RNA-000873,yajA
RNA-000874,ECK1034
RNA-000874,mdoA
RNA-000874,mdoG
RNA-000875,ECK3084
RNA-000876,ECK1622
RNA-000876,rsxP
RNA-000877,ECK0649
RNA-000877,cutE
RNA-000878,ECK1628
RNA-000878,ydgQ
RNA-000879,ECK2470
RNA-000879,ypfI
RNA-000880,ECK2590
RNA-000880,htpM
RNA-000881,ECK1489
RNA-000882,ECK2737
RNA-000883,ECK4012
RNA-000884,ECK2743
RNA-000884,ygbQ
RNA-000885,ECK3732
RNA-000885,uncI
RNA-000886,ECK2619
RNA-000887,ECK1904
RNA-000887,ftn
RNA-000887,gen-165
RNA-000887,rsgA
RNA-000888,ECK1735
RNA-000888,celB
RNA-000888,hic
RNA-000889,ECK1919
RNA-000889,fliY
RNA-000889,ssi7
RNA-000889,yzzR
RNA-000890,ECK2937
RNA-000890,metX
RNA-000891,ECK2179
RNA-000892,ECK4195
RNA-000893,ECK0098
RNA-000893,srrA
RNA-000893,yacA
RNA-000894,ECK0903
RNA-000894,himD
RNA-000894,hip
RNA-000895,ECK2149
RNA-000895,cadR
RNA-000896,ECK4213
RNA-000897,ECK0405
RNA-000897,T6rec
RNA-000897,nupA
RNA-000898,ECK2402
RNA-000899,ECK2269
RNA-000900,ECK3290
RNA-000900,eps
RNA-000900,spc
RNA-000900,spcA
RNA-000901,ECK2032
RNA-000901,rfbD
RNA-000901,rmlC
RNA-000902,ECK4268
RNA-000902,yi41
RNA-000903,ECK1207
RNA-000904,ECK1164
RNA-000904,minB
RNA-000905,ECK2735
RNA-000906,ECK4250
RNA-000907,ECK2088
RNA-000908,ECK2773
RNA-000909,ECK1629
RNA-000910,ECK0880
RNA-000910,alsB
RNA-000910,ihb
RNA-000910,livR
RNA-000910,lrs
RNA-000910,lss
RNA-000910,lstR
RNA-000910,mbf
RNA-000910,oppI
RNA-000910,rblA
RNA-000911,ECK0212
RNA-000911,yafR
RNA-000912,ECK1362
RNA-000913,ECK3640
RNA-000914,ECK3772
RNA-000914,mmrA
RNA-000915,ECK1046
RNA-000916,ECK1241
RNA-000917,ECK3778
RNA-000917,mnaA
RNA-000917,nfrC
RNA-000917,rffE
RNA-000917,yifF
RNA-000918,ECK3308
RNA-000918,nusE
RNA-000919,ECK2676
RNA-000920,ECK2816
RNA-000920,ior
RNA-000920,rorA
RNA-000921,ECK1710
RNA-000921,hid
RNA-000921,himA
RNA-000922,ECK2226
RNA-000922,dnaF
RNA-000923,ECK0465
RNA-000924,ECK2210
RNA-000925,ECK3864
RNA-000925,typA
RNA-000925,yihK
RNA-000926,ECK2412
RNA-000926,gsr
RNA-000926,iex
RNA-000926,tgs
RNA-000926,treD
RNA-000927,ECK0905
RNA-000928,ECK4277
RNA-000929,ECK0071
RNA-000929,RyaA
RNA-000930,ECK1649
RNA-000930,rhlF
RNA-000931,ECK2809
RNA-000931,mlt
RNA-000931,ygdM
RNA-000932,ECK0890
RNA-000933,ECK3327
RNA-000933,far
RNA-000933,fus
RNA-000934,ECK0178
RNA-000934,firA
RNA-000934,omsA
RNA-000935,ECK3503
RNA-000935,yhjA
RNA-000936,ECK1658
RNA-000936,ribE
RNA-000937,ECK1373
RNA-000937,IS063
RNA-000937,Tke8
RNA-000938,ECK4167
RNA-000938,trpX
RNA-000939,ECK3979
RNA-000939,tabB
RNA-000940,ECK2283
RNA-000940,genR
RNA-000941,ECK0117
RNA-000941,yacI
RNA-000941,yacJ
RNA-000942,ECK4129
RNA-000942,cutA3
RNA-000943,ECK1679
RNA-000943,ynhE
RNA-000944,ECK1607
RNA-000945,ECK3719
RNA-000945,R2pho
RNA-000945,phoR2
RNA-000945,phoR2b
RNA-000945,phoT
RNA-000946,ECK3407
RNA-000946,yhgL
RNA-000947,ECK3273
RNA-000947,fms
RNA-000948,ECK0621
RNA-000948,lip
RNA-000949,ECK3513
RNA-000950,ECK4062
RNA-000950,acsA
RNA-000950,yfaC
RNA-000951,ECK3384
RNA-000951,yrfE
RNA-000952,ECK2298
RNA-000953,ECK2885
RNA-000953,asuD
RNA-000953,herC
RNA-000954,Arg1
RNA-000954,Arg2
RNA-000954,ECK2814
RNA-000955,ECK0024
RNA-000955,sup(s20)
RNA-000955,supS
RNA-000955,supS20
RNA-000956,ECK3971
RNA-000956,kirT
RNA-000956,pulT
RNA-000957,ECK3954
RNA-000957,sth
RNA-000957,udhA
RNA-000958,ECK4115
RNA-000959,ECK1976
RNA-000959,yeeM
RNA-000960,ECK0517
RNA-000960,ybbF
RNA-000961,ECK0449
RNA-000962,ECK1900
RNA-000962,yecI
RNA-000963,ECK1149
RNA-000963,ycgE
RNA-000964,ECK3816
RNA-000965,ECK1790
RNA-000966,ECK2971
RNA-000966,yghC
RNA-000967,ECK2515
RNA-000967,yfgN
RNA-000968,ECK1831
RNA-000968,yebR
RNA-000969,ECK2594
RNA-000969,PY
RNA-000969,Urf1
RNA-000969,YfiA
RNA-000969,pY
RNA-000969,urf1
RNA-000969,yfiA
RNA-000970,ECK1473
RNA-000970,sfcA
RNA-000971,ECK0557
RNA-000972,ECK1487
RNA-000973,ECK2960
RNA-000974,ECK3197
RNA-000974,mgt
RNA-000974,yrbM
RNA-000975,ECK0953
RNA-000975,srjB
RNA-000976,ECK0602
RNA-000977,ECK4127
RNA-000978,ECK2824
RNA-000978,umpA
RNA-000979,ECK2905
RNA-000979,ygfE
RNA-000980,ECK2837
RNA-000981,ECK2957
RNA-000982,ECK4308
RNA-000982,fimD_1
RNA-000982,fimD_2
RNA-000983,ECK3225
RNA-000984,ECK0591
RNA-000984,ybdC
RNA-000985,ECK0937
RNA-000985,ycbW
RNA-000986,ECK0946
RNA-000987,ECK3727
RNA-000987,papA
RNA-000987,uncA
RNA-000988,ECK3887
RNA-000989,ECK1784
RNA-000989,yeaJ
RNA-000990,ECK1284
RNA-000991,ECK1131
RNA-000991,cohE
RNA-000992,ECK4241
RNA-000992,pyrE-
RNA-000992,pyrE-LP
RNA-000993,ECK0123
RNA-000994,ECK4033
RNA-000995,ECK4162
RNA-000995,yjeS
RNA-000996,ECK4381
RNA-000996,sms
RNA-000997,ECK0901
RNA-000997,mssA
RNA-000997,ycaF
RNA-000997,ycaG
RNA-000998,ECK2421
RNA-000998,yfeF
RNA-000999,ECK4006
RNA-000999,mas
RNA-001000,ECK4431
RNA-001001,ECK0091
RNA-001002,ECK0104
RNA-001003,ECK4203
RNA-001003,ytfC
RNA-001004,ECK2827
RNA-001004,mutR
RNA-001004,prv
RNA-001005,B3913
RNA-001005,ECK3906
RNA-001005,YiiO
RNA-001005,b3913
RNA-001005,yiiO
RNA-001006,ECK2389
RNA-001006,yfeA
RNA-001007,ECK1911
RNA-001008,ECK0717
RNA-001009,ECK3330
RNA-001009,yheL
RNA-001010,ECK3863
RNA-001011,ECK4417
RNA-001011,RyfC
RNA-001012,ECK4024
RNA-001013,ECK3344
RNA-001014,ECK1726
RNA-001015,ECK0377
RNA-001015,yaiB
RNA-001016,ECK2022
RNA-001016,cld
RNA-001016,rol
RNA-001016,wzz
RNA-001017,ECK3957
RNA-001017,rT
RNA-001017,rumT
RNA-001018,ECK3745
RNA-001018,prlB
RNA-001018,rbsP
RNA-001019,ECK0172
RNA-001019,ispC
RNA-001019,yaeM
RNA-001020,ECK1972
RNA-001020,yeeI
RNA-001021,ECK1040
RNA-001021,yceA
RNA-001022,ECK1098
RNA-001022,comC
RNA-001022,ycfR
RNA-001023,ECK3227
RNA-001024,ECK2899
RNA-001024,gcv
RNA-001025,ECK1837
RNA-001025,prpA
RNA-001025,yebX
RNA-001026,ECK1918
RNA-001026,yedO
RNA-001027,ECK2571
RNA-001027,sigE
RNA-001028,ECK1026
RNA-001029,ECK0869
RNA-001029,ybjY
RNA-001030,ECK3793
RNA-001030,atsB
RNA-001030,gppB
RNA-001031,ECK1418
RNA-001031,mdoD
RNA-001031,ydcG
RNA-001031,yzzZ
RNA-001032,ECK1657
RNA-001032,cdfA
RNA-001033,ECK2169
RNA-001033,spr
RNA-001033,yeiV
RNA-001034,ECK1229
RNA-001034,ychK
RNA-001035,ECK1907
RNA-001036,ECK2808
RNA-001036,csdL
RNA-001036,ygdL
RNA-001037,ECK0430
RNA-001038,ECK3079
RNA-001038,ygjT
RNA-001039,ECK1673
RNA-001039,mlpA
RNA-001040,ECK3766
RNA-001041,ECK3919
RNA-001042,ECK2304
RNA-001043,ECK3442
RNA-001043,hrbB
RNA-001043,hrbC
RNA-001043,hrbD
RNA-001044,ECK3204
RNA-001044,ossB
RNA-001045,ECK2282
RNA-001046,ECK3964
RNA-001046,yijB
RNA-001047,ECK3377
RNA-001048,ECK0325
RNA-001049,ECK0950
RNA-001049,yccR
RNA-001050,ECK4246
RNA-001051,ECK1446
RNA-001052,ECK4237
RNA-001052,atmA
RNA-001052,corB
RNA-001052,mgt
RNA-001052,mtg
RNA-001053,ECK4298
RNA-001053,yjhX
RNA-001054,ECK2148
RNA-001054,cir
RNA-001054,feuA
RNA-001055,ECK0372
RNA-001056,ECK4196
RNA-001056,sdgH
RNA-001057,ECK2791
RNA-001057,dcrA
RNA-001058,ECK4041
RNA-001058,yjbN
RNA-001059,ECK4493
RNA-001060,ECK2069
RNA-001060,QUAD1b
RNA-001060,RyeD
RNA-001060,Tpe60
RNA-001061,ECK2900
RNA-001062,ECK3443
RNA-001062,livL
RNA-001062,panM
RNA-001062,yhhK
RNA-001063,ECK1268
RNA-001063,supX
RNA-001064,ECK3701
RNA-001064,ind
RNA-001064,tnaR
RNA-001065,ECK0457
RNA-001065,Mb
RNA-001065,lir
RNA-001065,mbl
RNA-001065,mtcA
RNA-001065,nbsA
RNA-001065,sipB
RNA-001066,ECK2143
RNA-001067,ECK1004
RNA-001067,ycdC
RNA-001068,ECK3038
RNA-001068,scoR
RNA-001069,ECK0647
RNA-001070,ECK2516
RNA-001071,ECK2582
RNA-001071,pka
RNA-001071,yfiQ
RNA-001072,ECK3730
RNA-001072,papH
RNA-001072,uncE
RNA-001073,ECK1593
RNA-001074,ECK2309
RNA-001074,dedC
RNA-001075,ECK2532
RNA-001075,csi-16
RNA-001076,ECK1585
RNA-001077,ECK3020
RNA-001078,ECK3085
RNA-001079,ECK0471
RNA-001080,ECK0425
RNA-001081,ECK3200
RNA-001082,ECK3297
RNA-001083,ECK0194
RNA-001083,drp
RNA-001083,drpA
RNA-001084,ECK2683
RNA-001084,gsh-I
RNA-001085,ECK3024
RNA-001085,yzzH
RNA-001086,ECK4007
RNA-001086,icl
RNA-001087,ECK0384
RNA-001088,ECK2924
RNA-001089,ECK1640
RNA-001090,ECK1374
RNA-001090,pfo
RNA-001091,ECK2366
RNA-001092,ECK0014
RNA-001092,groPAB
RNA-001092,groPC
RNA-001092,groPF
RNA-001092,grpC
RNA-001092,grpF
RNA-001092,seg
RNA-001093,ECK3563
RNA-001093,yiaJ
RNA-001094,ECK2607
RNA-001095,ECK3007
RNA-001095,b3015
RNA-001095,b3016
RNA-001095,ygiR
RNA-001096,ECK1813
RNA-001096,yoaD
RNA-001097,ECK4494
RNA-001098,ECK0447
RNA-001099,ECK2206
RNA-001099,apbE
RNA-001099,yojK
RNA-001099,yojL
RNA-001100,ECK1265
RNA-001101,ECK1881
RNA-001101,flaG
RNA-001101,yecQ
RNA-001102,ECK0144
RNA-001102,msmA
RNA-001103,ECK1383
RNA-001103,feaA
RNA-001103,maoA
RNA-001104,ECK3015
RNA-001104,visP
RNA-001105,ECK1443
RNA-001105,yncB
RNA-001106,ECK0873
RNA-001106,lopD
RNA-001107,ECK3168
RNA-001107,ftsJ
RNA-001107,mrsF
RNA-001107,rrmJ
RNA-001108,ECK2338
RNA-001108,ttr
RNA-001109,ECK1231
RNA-001109,ychD
RNA-001110,ECK3032
RNA-001110,htrP
RNA-001110,luxH
RNA-001110,luxH-l
RNA-001111,ECK3547
RNA-001112,ECK1072
RNA-001113,ECK1646
RNA-001113,ydhN
RNA-001114,ECK0883
RNA-001114,mgsA
RNA-001114,ycaJ
RNA-001115,ECK1151
RNA-001116,ECK0788
RNA-001116,rarB
RNA-001117,ECK3054
RNA-001117,gcp
RNA-001117,ygjD
RNA-001118,ECK1951
RNA-001119,ECK3345
RNA-001119,cap
RNA-001119,csm
RNA-001119,gurB
RNA-001120,ECK0088
RNA-001120,murX
RNA-001121,ECK0426
RNA-001122,ECK3502
RNA-001122,gadS
RNA-001123,ECK1810
RNA-001124,ECK3179
RNA-001124,yrbA
RNA-001125,ECK3494
RNA-001125,yhhC
RNA-001125,yhiB
RNA-001126,ECK3491
RNA-001126,yhiF
RNA-001127,ECK3195
RNA-001127,ptsO
RNA-001127,rpoR
RNA-001127,yhbK
RNA-001128,ECK0889
RNA-001129,ECK1177
RNA-001129,dadR
RNA-001130,ECK3493
RNA-001130,yhhD
RNA-001130,yhiC
RNA-001131,ECK1512
RNA-001131,lsrE
RNA-001131,yneD
RNA-001132,ECK2603
RNA-001133,ECK0179
RNA-001133,sabA1
RNA-001133,sefA
RNA-001133,sfhC21
RNA-001133,yaeA
RNA-001134,ECK3022
RNA-001134,yzzI
RNA-001135,ECK0834
RNA-001136,ECK1702
RNA-001137,ECK0456
RNA-001137,acrE
RNA-001138,ECK1121
RNA-001138,ymfC
RNA-001139,ECK0992
RNA-001140,ECK2497
RNA-001141,ECK1765
RNA-001142,ECK0433
RNA-001142,capR
RNA-001142,deg
RNA-001142,dir
RNA-001142,lopA
RNA-001142,muc
RNA-001143,ECK2888
RNA-001143,xprA
RNA-001144,ECK0131
RNA-001144,yadD
RNA-001145,ECK3840
RNA-001146,ECK0225
RNA-001146,ldtF
RNA-001146,yafK
RNA-001147,ECK0958
RNA-001147,yccW
RNA-001148,ECK3623
RNA-001148,kdtA
RNA-001149,ECK1238
RNA-001150,ECK1122
RNA-001150,icdA
RNA-001150,icdE
RNA-001151,ECK0424
RNA-001152,ECK2666
RNA-001153,ECK2071
RNA-001153,yegN
RNA-001154,ECK2346
RNA-001154,gtrIV
RNA-001154,gtrS
RNA-001155,ECK1668
RNA-001156,ECK2208
RNA-001156,Stc
RNA-001157,ECK3432
RNA-001158,ECK1660
RNA-001159,ECK4339
RNA-001159,hsm
RNA-001159,hsp
RNA-001160,ECK4085
RNA-001161,ECK3811
RNA-001162,ECK2036
RNA-001162,wcaN
RNA-001162,yefG
RNA-001163,ECK0083
RNA-001163,mraW
RNA-001163,yabC
RNA-001164,ECK1672
RNA-001165,ECK1236
RNA-001166,ECK1504
RNA-001166,ydeV
RNA-001167,ECK4235
RNA-001168,ECK3658
RNA-001169,ECK2956
RNA-001169,micA
RNA-001170,ECK2879
RNA-001170,ygfP
RNA-001171,ECK3991
RNA-001172,ECK1325
RNA-001172,ycjZ
RNA-001173,ECK1568
RNA-001174,ECK3415
RNA-001175,ECK2505
RNA-001175,xse
RNA-001176,ECK3498
RNA-001176,yhiV
RNA-001177,ECK0871
RNA-001177,cspH
RNA-001177,ybjA
RNA-001178,ECK1381
RNA-001178,maoB
RNA-001178,maoX
RNA-001178,ydbM
RNA-001179,ECK2554
RNA-001179,SroF
RNA-001179,Tke1
RNA-001180,ECK0810
RNA-001181,ECK1176
RNA-001182,ECK0801
RNA-001182,pexB
RNA-001182,vtm
RNA-001183,ECK4060
RNA-001183,yjcG
RNA-001184,ECK1746
RNA-001184,argM
RNA-001184,cstC
RNA-001184,ydjW
RNA-001185,ECK0382
RNA-001186,ECK0899
RNA-001187,ECK3173
RNA-001188,ECK0667
RNA-001188,pstN
RNA-001188,ptsN
RNA-001189,ECK2152
RNA-001190,ECK2124
RNA-001190,yehZ
RNA-001191,ECK1675
RNA-001191,ynhA
RNA-001192,ECK0211
RNA-001192,dniR
RNA-001192,yafG
RNA-001193,ECK0560
RNA-001194,ECK0838
RNA-001195,ECK1037
RNA-001196,ECK1181
RNA-001196,mltE
RNA-001196,sltZ
RNA-001196,ycgP
RNA-001197,ECK2145
RNA-001198,ECK3202
RNA-001198,aspB
RNA-001198,ossB
RNA-001198,psiQ
RNA-001199,ECK3518
RNA-001199,yhjO
RNA-001199,yhjP
RNA-001200,ECK4393
RNA-001200,cpxC
RNA-001200,dye
RNA-001200,fexA
RNA-001200,msp
RNA-001200,seg
RNA-001200,sfrA
RNA-001201,ECK0061
RNA-001201,dinA
RNA-001202,ECK3352
RNA-001202,gutS
RNA-001202,yhfC
RNA-001202,yhfH
RNA-001203,ECK1434
RNA-001204,ECK4369
RNA-001205,ECK0414
RNA-001205,yajP
RNA-001206,ECK4269
RNA-001206,yjhB
RNA-001207,ECK0092
RNA-001208,ECK1811
RNA-001208,yeaB
RNA-001209,ECK1282
RNA-001210,ECK1724
RNA-001211,ECK0577
RNA-001212,ECK4305
RNA-001212,fimD
RNA-001212,pilA
RNA-001213,ECK3799
RNA-001213,popE
RNA-001214,ECK3483
RNA-001214,opdA
RNA-001215,ECK0991
RNA-001216,ECK3820
RNA-001217,ECK3026
RNA-001217,colE1-i
RNA-001217,mtcB
RNA-001217,mukA
RNA-001217,refI
RNA-001217,toc
RNA-001217,weeA
RNA-001218,ECK0082
RNA-001218,yabB
RNA-001219,ECK0616
RNA-001219,gicA
RNA-001219,msmC
RNA-001220,ECK2270
RNA-001221,ECK2119
RNA-001221,yehV
RNA-001222,ECK4478
RNA-001223,ECK2084
RNA-001224,ECK2761
RNA-001225,ECK3928
RNA-001226,ECK1808
RNA-001227,ECK4491
RNA-001228,ECK4138
RNA-001229,ECK2728
RNA-001229,ant
RNA-001229,fdv
RNA-001229,plm
RNA-001230,ECK2313
RNA-001230,usg-1
RNA-001231,ECK0636
RNA-001232,ECK4026
RNA-001233,ECK0816
RNA-001233,chlN
RNA-001234,ECK0654
RNA-001234,yleB
RNA-001235,ECK3324
RNA-001235,yheA
RNA-001236,ECK3416
RNA-001237,ECK2490
RNA-001237,yfgC
RNA-001238,ECK0480
RNA-001239,ECK0221
RNA-001239,ykfE
RNA-001240,ECK2624
RNA-001240,yfjL
RNA-001241,ECK3705
RNA-001242,ECK0008
RNA-001242,yaaK
RNA-001243,ECK3860
RNA-001243,yihJ
RNA-001244,ECK1858
RNA-001244,yebL
RNA-001244,yzzP
RNA-001245,ECK4367
RNA-001245,csi-5
RNA-001246,ECK0375
RNA-001247,ECK2758
RNA-001248,ECK4418
RNA-001249,ECK1575
RNA-001250,ECK4104
RNA-001251,ECK3827
RNA-001251,yigO
RNA-001252,ECK0238
RNA-001252,pepH
RNA-001253,ECK0988
RNA-001254,ECK3905
RNA-001254,yiiA
RNA-001255,ECK1110
RNA-001256,ECK0109
RNA-001257,ECK1083
RNA-001257,yceG
RNA-001258,ECK3529
RNA-001259,ECK3740
RNA-001259,yieN
RNA-001260,ECK4245
RNA-001260,yjgK
RNA-001261,ECK2738
RNA-001262,ECK0473
RNA-001263,ECK0187
RNA-001263,mesJ
RNA-001263,yaeN
RNA-001264,ECK0110
RNA-001265,ECK1714
RNA-001265,pdzA
RNA-001266,ECK1328
RNA-001267,ECK4174
RNA-001267,yjeB
RNA-001268,ECK1965
RNA-001268,yedW
RNA-001269,ECK1826
RNA-001269,yebP
RNA-001270,ECK3687
RNA-001270,b3694
RNA-001270,b3695
RNA-001270,yidW
RNA-001271,ECK2542
RNA-001272,ECK2981
RNA-001273,ECK1274
RNA-001273,yciS
RNA-001274,ECK1162
RNA-001274,minB
RNA-001275,ECK0095
RNA-001275,divA
RNA-001276,ECK1793
RNA-001277,ECK0389
RNA-001277,yajF
RNA-001278,ECK3418
RNA-001279,ECK2685
RNA-001280,ECK1189
RNA-001280,ycgU
RNA-001281,ECK2739
RNA-001281,surE
RNA-001281,ygbC
RNA-001282,ECK3428
RNA-001283,ECK3703
RNA-001283,yidY
RNA-001284,ECK4165
RNA-001284,yjeD
RNA-001285,ECK2419
RNA-001285,cysT
RNA-001286,ECK3798
RNA-001287,ECK2345
RNA-001287,gtrB
RNA-001288,ECK2086
RNA-001289,ECK3448
RNA-001290,ECK2242
RNA-001291,ECK1959
RNA-001291,mec
RNA-001292,ECK2409
RNA-001292,ssi5
RNA-001293,ECK3786
RNA-001293,rffT
RNA-001294,ECK2865
RNA-001295,ECK0612
RNA-001295,citA
RNA-001295,mpdB
RNA-001295,ybeP
RNA-001296,ECK3421
RNA-001296,b3435
RNA-001296,b3436
RNA-001297,ECK2511
RNA-001297,gcpE
RNA-001298,ECK0416
RNA-001298,yajE
RNA-001299,ECK2406
RNA-001299,dnaL
RNA-001299,lig
RNA-001299,lop
RNA-001299,pdeC
RNA-001300,ECK1009
RNA-001300,ycdB
RNA-001301,ECK2087
RNA-001302,ECK3942
RNA-001302,yijL
RNA-001303,CR
RNA-001303,Cr
RNA-001303,ECK1087
RNA-001303,car
RNA-001303,cat
RNA-001303,catB2
RNA-001303,glcA
RNA-001303,gptA
RNA-001303,tgl
RNA-001303,umg
RNA-001303,umgC
RNA-001304,ECK2140
RNA-001304,yeiA
RNA-001305,ECK4049
RNA-001306,ECK0185
RNA-001306,ldc
RNA-001306,ldcH
RNA-001307,ECK1506
RNA-001307,ego
RNA-001307,ydeX
RNA-001308,ECK2908
RNA-001308,QUAD1c
RNA-001308,RygC
RNA-001308,T27
RNA-001309,ECK0499
RNA-001309,glxA3
RNA-001309,ybbU
RNA-001310,ECK3934
RNA-001311,ECK0916
RNA-001311,ycbB
RNA-001312,ECK2780
RNA-001312,airS
RNA-001313,ECK3974
RNA-001313,relC
RNA-001314,ECK3184
RNA-001314,yrbF
RNA-001315,ECK3120
RNA-001315,agaZ
RNA-001315,yhaX
RNA-001316,ECK2531
RNA-001317,ECK0189
RNA-001318,ECK0887
RNA-001319,ECK2882
RNA-001320,ECK1856
RNA-001320,mlt
RNA-001320,msbB
RNA-001320,waaN
RNA-001321,ECK1300
RNA-001322,ECK2664
RNA-001322,ygaW
RNA-001323,ECK2972
RNA-001323,b2978
RNA-001323,gox
RNA-001323,yghL
RNA-001324,ECK4233
RNA-001325,ECK0393
RNA-001325,phoRc
RNA-001325,phoT
RNA-001326,ECK0891
RNA-001327,ECK3851
RNA-001327,orfA
RNA-001327,yihE
RNA-001328,ECK0068
RNA-001328,sfuB
RNA-001328,yabK
RNA-001329,ECK3228
RNA-001330,ECK1422
RNA-001331,ECK2263
RNA-001332,ECK1659
RNA-001332,norE
RNA-001332,norM
RNA-001332,ydhE
RNA-001333,ECK4017
RNA-001334,ECK4133
RNA-001335,ECK3304
RNA-001336,ECK2736
RNA-001336,abrD
RNA-001336,appR
RNA-001336,csi2
RNA-001336,dpeB
RNA-001336,katF
RNA-001336,nur
RNA-001336,otsX
RNA-001336,sigS
RNA-001337,ECK1579
RNA-001338,ECK0428
RNA-001339,ECK3145
RNA-001339,yhbT
RNA-001340,ECK0451
RNA-001340,ylaB
RNA-001341,ECK1202
RNA-001341,sirB1
RNA-001342,ECK4134
RNA-001342,yjeG
RNA-001343,ECK0722
RNA-001343,cyd-2
RNA-001344,ECK1416
RNA-001345,ECK3086
RNA-001345,ecfL
RNA-001346,ECK1372
RNA-001346,ynaG
RNA-001347,ECK2139
RNA-001347,yeiT
RNA-001348,ECK0633
RNA-001349,ECK1530
RNA-001350,ECK2896
RNA-001350,bglD
RNA-001350,yqfC
RNA-001351,ECK3548
RNA-001351,cfcA
RNA-001351,glyS(A)
RNA-001352,ECK0488
RNA-001352,apeA
RNA-001352,pldC
RNA-001353,ECK1490
RNA-001354,ECK3487
RNA-001354,arsF
RNA-001355,ECK2920
RNA-001355,yggB
RNA-001356,ECK4322
RNA-001356,yjiI
RNA-001357,ECK2011
RNA-001358,ECK1145
RNA-001358,rglA
RNA-001359,ECK2872
RNA-001360,ECK2387
RNA-001360,mntA
RNA-001360,yfeP
RNA-001361,ECK0791
RNA-001362,ECK3496
RNA-001362,YhiE
RNA-001362,YhiT
RNA-001362,yhiE
RNA-001362,yhiT
RNA-001363,ECK0200
RNA-001363,yaeD
RNA-001364,ECK2684
RNA-001365,ECK4223
RNA-001366,ECK1505
RNA-001366,ydeW
RNA-001367,ECK3285
RNA-001368,ECK3800
RNA-001368,cya
RNA-001369,ECK3775
RNA-001369,nitA
RNA-001369,nusD
RNA-001369,psu
RNA-001369,psuA
RNA-001369,rnsC
RNA-001369,sbaA
RNA-001369,sun
RNA-001369,tsu
RNA-001370,ECK0446
RNA-001371,ECK1781
RNA-001372,ECK3340
RNA-001373,ECK3722
RNA-001374,ECK2982
RNA-001374,gsp
RNA-001375,ECK3947
RNA-001375,asp
RNA-001375,glu
RNA-001376,ECK1720
RNA-001377,ECK0959
RNA-001378,ECK0435
RNA-001378,ybaU
RNA-001379,ECK3976
RNA-001380,ECK2692
RNA-001380,act
RNA-001380,ala-act
RNA-001380,lovB
RNA-001381,ECK2458
RNA-001381,ypfF
RNA-001382,ECK3242
RNA-001382,fabE
RNA-001383,ECK4168
RNA-001384,ECK1205
RNA-001385,ECK1209
RNA-001386,ECK1073
RNA-001386,Pke20
RNA-001386,PsrA4
RNA-001386,PsrD
RNA-001387,ECK3343
RNA-001387,yhfF
RNA-001388,ECK3220
RNA-001389,ECK0709
RNA-001389,gluT
RNA-001389,icdB
RNA-001390,ECK0158
RNA-001390,mtnN
RNA-001390,pfs
RNA-001390,yadA
RNA-001391,ECK3536
RNA-001391,tagA
RNA-001392,ECK3756
RNA-001392,b3762
RNA-001392,b3763
RNA-001392,yifA
RNA-001392,yifD
RNA-001393,ECK2422
RNA-001393,yfeT
RNA-001394,ECK1195
RNA-001394,dnaR
RNA-001394,prsA
RNA-001395,ECK3480
RNA-001396,ECK1671
RNA-001396,ydhZ
RNA-001397,ECK1953
RNA-001398,ECK0429
RNA-001399,ECK3405
RNA-001399,malA
RNA-001400,ECK0688
RNA-001401,ECK1159
RNA-001402,ECK2618
RNA-001402,intX
RNA-001402,slpA
RNA-001403,ECK3307
RNA-001404,ECK4254
RNA-001404,yjgP
RNA-001405,ECK2278
RNA-001406,ECK1763
RNA-001407,ECK4206
RNA-001408,ECK1321
RNA-001408,ycjH
RNA-001409,ECK3702
RNA-001409,tnaP
RNA-001409,trpP
RNA-001410,ECK0498
RNA-001410,glxA2
RNA-001410,ybbT
RNA-001411,ECK3589
RNA-001412,ECK0345
RNA-001413,ECK3836
RNA-001413,fadI
RNA-001413,flrD
RNA-001413,fsrC
RNA-001414,ECK1077
RNA-001415,ECK3521
RNA-001415,yhjS
RNA-001416,ECK1625
RNA-001416,ydgN
RNA-001417,ECK1830
RNA-001417,yebJ
RNA-001417,yobE
RNA-001417,yoeC
RNA-001418,ECK2510
RNA-001419,ECK3812
RNA-001420,ECK1852
RNA-001421,ECK0972
RNA-001421,yccC
RNA-001422,ECK3619
RNA-001422,rfaS
RNA-001423,ECK3419
RNA-001423,dap
RNA-001423,hom
RNA-001424,ECK3690
RNA-001425,ECK3616
RNA-001425,rfaJ
RNA-001425,waaR
RNA-001426,ECK3888
RNA-001427,ECK2503
RNA-001428,ECK3868
RNA-001428,yshA
RNA-001429,ECK3639
RNA-001429,spoS
RNA-001430,ECK0427
RNA-001431,ECK3595
RNA-001431,lct
RNA-001431,lctD
RNA-001432,ECK0402
RNA-001433,ECK1244
RNA-001434,ECK1525
RNA-001435,ECK3762
RNA-001436,ECK4251
RNA-001436,val-act
RNA-001437,ECK1015
RNA-001437,ycdT
RNA-001438,ECK0587
RNA-001439,ECK3385
RNA-001439,yrfF
RNA-001440,ECK1096
RNA-001441,ECK0867
RNA-001442,ECK0132
RNA-001443,ECK2118
RNA-001443,yehU
RNA-001444,ECK1717
RNA-001445,ECK3456
RNA-001445,yhhR
RNA-001446,ECK3694
RNA-001447,ECK1436
RNA-001448,ECK1178
RNA-001448,alnA
RNA-001448,alnB
RNA-001448,dadB
RNA-001449,ECK4139
RNA-001450,ECK3284
RNA-001451,ECK0176
RNA-001451,ecfK
RNA-001451,yaeT
RNA-001451,yzzN
RNA-001451,yzzY
RNA-001452,ECK2548
RNA-001453,ECK2317
RNA-001453,fabC
RNA-001454,ECK2584
RNA-001455,ECK1460
RNA-001455,chlZ
RNA-001456,ECK2523
RNA-001456,hsc
RNA-001457,ECK0985
RNA-001457,yccH
RNA-001458,ECK2759
RNA-001459,ECK1954
RNA-001459,yedQ
RNA-001460,ECK2420
RNA-001461,ECK3525
RNA-001462,ECK2772
RNA-001463,ECK0007
RNA-001464,ECK4189
RNA-001464,sgaT
RNA-001464,yjfS
RNA-001465,ECK4234
RNA-001465,olgH
RNA-001465,treE
RNA-001466,ECK0005
RNA-001467,ECK0432
RNA-001467,lopC
RNA-001468,ECK0713
RNA-001468,dhsB
RNA-001469,ECK2862
RNA-001469,ygeS
RNA-001470,ECK0081
RNA-001470,fruC
RNA-001470,fruR
RNA-001470,shl
RNA-001471,ECK4411
RNA-001471,cydY
RNA-001471,ynhF
RNA-001472,ECK4113
RNA-001472,mel-4
RNA-001473,ECK3517
RNA-001473,yhjN
RNA-001474,ECK2626
RNA-001474,std
RNA-001474,yfjN
RNA-001475,ECK3274
RNA-001475,ftm
RNA-001475,yhdD
RNA-001476,ECK1106
RNA-001476,ycfY
RNA-001477,ECK4082
RNA-001477,rpiR
RNA-001477,yjcY
RNA-001478,ECK3107
RNA-001479,ECK1322
RNA-001479,ycjI
RNA-001480,ECK2010
RNA-001481,ECK1727
RNA-001481,ydjN
RNA-001482,ECK3559
RNA-001483,ECK3346
RNA-001484,ECK3437
RNA-001484,psiB
RNA-001484,psiC
RNA-001485,ECK1168
RNA-001486,ECK0097
RNA-001486,asmB
RNA-001486,envA
RNA-001487,ECK0479
RNA-001487,ybaS
RNA-001488,ECK0671
RNA-001489,ECK0371
RNA-001489,yaiH
RNA-001490,ECK3351
RNA-001490,rot
RNA-001490,rotA
RNA-001491,ECK2142
RNA-001491,mgl
RNA-001491,mglP
RNA-001492,ECK4514
RNA-001493,ECK3492
RNA-001493,yhhE
RNA-001494,ECK1445
RNA-001495,ECK2802
RNA-001496,ECK3817
RNA-001496,yigJ
RNA-001497,ECK3996
RNA-001497,hydG
RNA-001498,ECK3731
RNA-001498,papD
RNA-001498,uncB
RNA-001499,ECK3390
RNA-001499,pckA
RNA-001500,ECK1618
RNA-001501,ECK2185
RNA-001502,ECK1797
RNA-001502,yeaT
RNA-001503,ECK2076
RNA-001504,ECK2873
RNA-001504,ygfJ
RNA-001505,ECK1867
RNA-001505,tls
RNA-001506,ECK1021
RNA-001507,ECK0975
RNA-001507,ymcA
RNA-001508,ECK1239
RNA-001509,ECK1396
RNA-001509,ydbY
RNA-001510,ECK2591
RNA-001510,pgeF
RNA-001511,ECK3977
RNA-001512,ECK4384
RNA-001512,sltY
RNA-001513,ECK2002
RNA-001514,ECK3175
RNA-001515,ECK0222
RNA-001515,yafH
RNA-001516,ECK2279
RNA-001517,ECK4230
RNA-001517,mcb
RNA-001517,pmbA
RNA-001518,ECK0476
RNA-001519,ECK1228
RNA-001520,ECK3115
RNA-001520,yhaU
RNA-001521,ECK3770
RNA-001521,dasC
RNA-001521,mbrA
RNA-001521,mmrA
RNA-001522,ECK4238
RNA-001522,yjgF
RNA-001523,ECK2259
RNA-001523,yfbA
RNA-001524,ECK0911
RNA-001524,ycbC
RNA-001525,ECK0775
RNA-001526,ECK1193
RNA-001527,ECK4145
RNA-001527,yjeL
RNA-001528,ECK3804
RNA-001529,ECK0116
RNA-001530,ECK4050
RNA-001530,dar
RNA-001530,dinE
RNA-001531,ECK3277
RNA-001531,yhdC
RNA-001532,ECK3135
RNA-001532,yraM
RNA-001533,Cou
RNA-001533,ECK3691
RNA-001533,acrB
RNA-001533,himB
RNA-001533,hisU
RNA-001533,hopA
RNA-001533,nalC
RNA-001533,parA
RNA-001533,pcbA
RNA-001533,pcpA
RNA-001534,ECK2154
RNA-001534,yeiJ
RNA-001535,ECK4228
RNA-001535,tpl
RNA-001535,yjfG
RNA-001536,ECK4155
RNA-001536,yjeP
RNA-001537,ECK3714
RNA-001537,blgA
RNA-001538,ECK0865
RNA-001538,ybjE
RNA-001539,ECK2861
RNA-001539,ygeR
RNA-001540,ECK4170
RNA-001540,hflA
RNA-001540,hslY
RNA-001541,ECK4378
RNA-001541,slr
RNA-001541,yjjF
RNA-001542,ECK1102
RNA-001542,ycfU
RNA-001543,ECK0815
RNA-001543,fsa
RNA-001543,mipB
RNA-001543,ybiZ
RNA-001544,ECK4027
RNA-001544,malB
RNA-001545,ECK0209
RNA-001546,ECK2277
RNA-001547,ECK3176
RNA-001547,cel
RNA-001547,yhbD
RNA-001548,ECK2247
RNA-001548,pmrF
RNA-001548,yfbF
RNA-001549,ECK2910
RNA-001549,ygfC
RNA-001550,ECK2233
RNA-001551,ECK4253
RNA-001551,carP
RNA-001551,xerB
RNA-001552,ECK1200
RNA-001552,hemK
RNA-001553,ECK1992
RNA-001553,IS102
RNA-001554,ECK0716
RNA-001555,ECK3486
RNA-001555,arsE
RNA-001556,ECK4183
RNA-001557,ECK4501
RNA-001558,ECK2471
RNA-001559,ECK0004
RNA-001560,ECK1685
RNA-001561,ECK2030
RNA-001561,yefE
RNA-001562,ECK2788
RNA-001562,ydr
RNA-001563,ECK2520
RNA-001563,yfhI
RNA-001564,ECK3711
RNA-001565,ECK0390
RNA-001565,araT
RNA-001566,ECK1109
RNA-001567,ECK1166
RNA-001567,ycgK
RNA-001568,ECK0626
RNA-001569,ECK1898
RNA-001570,ECK3699
RNA-001570,thdF
RNA-001570,trmE
RNA-001571,ECK1861
RNA-001572,ECK0276
RNA-001573,ECK3198
RNA-001573,elb2
RNA-001573,s27a
RNA-001573,yhbL
RNA-001573,yzzB
RNA-001574,ECK2868
RNA-001575,ECK2373
RNA-001576,ECK3599
RNA-001577,ECK0819
RNA-001577,yliA
RNA-001578,ECK3219
RNA-001579,ECK2467
RNA-001579,msgB
RNA-001580,ECK1780
RNA-001580,yeaF
RNA-001581,ECK3269
RNA-001581,rimN
RNA-001581,yrdC
RNA-001582,ECK4281
RNA-001583,ECK3757
RNA-001583,yifE
RNA-001584,ECK3311
RNA-001584,yheE
RNA-001585,ECK1492
RNA-001586,ECK3911
RNA-001586,tpi
RNA-001587,ECK1104
RNA-001587,ycfW
RNA-001588,ECK1705
RNA-001588,ydiV
RNA-001589,ECK1091
RNA-001589,ycfM
RNA-001590,ECK1776
RNA-001590,yeaA
RNA-001591,ECK0136
RNA-001592,ECK2527
RNA-001592,nuvC
RNA-001592,yfhO
RNA-001592,yzzO
RNA-001593,ECK4078
RNA-001593,yjcU
RNA-001594,ECK3636
RNA-001595,ECK1605
RNA-001595,tau
RNA-001596,ECK2593
RNA-001596,ecfD
RNA-001596,yfiO
RNA-001597,ECK1163
RNA-001597,minB
RNA-001598,ECK2681
RNA-001598,ygaG
RNA-001599,ECK2492
RNA-001599,idaB
RNA-001599,yfgE
RNA-001600,ECK3471
RNA-001600,yhiG
RNA-001600,yhiH
RNA-001601,ECK2227
RNA-001601,ftsB
RNA-001602,ECK1817
RNA-001602,gptB
RNA-001602,mpt
RNA-001602,ptsM
RNA-001602,ptsX
RNA-001603,ECK0562
RNA-001603,ybcZ
RNA-001604,ECK3642
RNA-001604,radC
RNA-001604,spoV
RNA-001605,ECK4035
RNA-001605,exrA
RNA-001605,spr
RNA-001605,tsl
RNA-001605,umuA
RNA-001606,ECK3151
RNA-001606,yhbM
RNA-001607,ECK1216
RNA-001607,frd1
RNA-001607,frdR
RNA-001607,narR
RNA-001608,ECK1832
RNA-001608,yebS
RNA-001609,ECK2825
RNA-001609,ygdF
RNA-001609,ygdO
RNA-001610,ECK0714
RNA-001610,lys+met
RNA-001611,ECK0160
RNA-001611,htrA
RNA-001611,ptd
RNA-001612,ECK1923
RNA-001612,flbC
RNA-001612,rfs
RNA-001613,ECK2613
RNA-001613,smpA
RNA-001613,smqA
RNA-001614,ECK0271
RNA-001615,ECK0328
RNA-001615,yahP
RNA-001616,ECK1415
RNA-001617,ECK0459
RNA-001617,aefA
RNA-001617,kefA
RNA-001618,ECK0027
RNA-001618,ilvS
RNA-001619,ECK3164
RNA-001619,prlH
RNA-001620,ECK3842
RNA-001620,yihB
RNA-001621,ECK0770
RNA-001621,bisA
RNA-001621,chlA
RNA-001621,chlA1
RNA-001621,narA
RNA-001622,ECK4114
RNA-001623,ECK1357
RNA-001624,ECK2974
RNA-001624,gox
RNA-001624,yghM
RNA-001625,ECK4340
RNA-001625,hsp
RNA-001625,hsr
RNA-001626,ECK1914
RNA-001627,ECK2746
RNA-001628,ECK2832
RNA-001629,ECK1855
RNA-001630,ECK0939
RNA-001630,rlmK
RNA-001630,rlmKL
RNA-001630,ycbY
RNA-001631,ECK3721
RNA-001631,R2pho
RNA-001631,T
RNA-001631,nmpA
RNA-001631,phoR2a
RNA-001631,phoS
RNA-001632,ECK3394
RNA-001633,ECK3729
RNA-001633,papF
RNA-001633,uncF
RNA-001634,ECK3594
RNA-001634,lct
RNA-001634,lctR
RNA-001635,ECK2778
RNA-001635,RC
RNA-001636,ECK3507
RNA-001637,ECK2430
RNA-001637,yfeE
RNA-001638,ECK3477
RNA-001639,ECK0712
RNA-001639,dhsA
RNA-001640,ECK3819
RNA-001641,ECK0099
RNA-001641,azi
RNA-001641,pea
RNA-001641,prlD
RNA-001642,ECK2340
RNA-001642,vacJ
RNA-001643,ECK0065
RNA-001644,ECK0845
RNA-001645,ECK4262
RNA-001645,yjgB
RNA-001646,ECK2830
RNA-001646,ygdS
RNA-001647,ECK2741
RNA-001647,ygbB
RNA-001648,ECK2234
RNA-001648,psi-51
RNA-001649,ECK1682
RNA-001650,ECK3539
RNA-001651,ECK4130
RNA-001651,cutA2
RNA-001651,cycZ
RNA-001651,dipZ
RNA-001651,htrI
RNA-001652,ECK0042
RNA-001652,yaaQ
RNA-001653,ECK3871
RNA-001653,squQ
RNA-001654,ECK3495
RNA-001654,yhiA
RNA-001655,ECK3212
RNA-001655,yhcJ
RNA-001656,ECK0941
RNA-001656,pqi5
RNA-001656,pqi5A
RNA-001657,ECK3773
RNA-001657,dasC
RNA-001657,fipA
RNA-001657,tsnC
RNA-001658,ECK1944
RNA-001658,motD
RNA-001659,ECK4342
RNA-001660,ECK2996
RNA-001661,ECK3723
RNA-001661,yieA
RNA-001662,ECK4175
RNA-001662,vacB
RNA-001662,yjeC
RNA-001663,ECK3293
RNA-001664,ECK1674
RNA-001664,ynhG
RNA-001665,ECK2303
RNA-001666,ECK2612
RNA-001666,radB
RNA-001667,ECK1005
RNA-001667,poaA
RNA-001667,putC
RNA-001668,ECK1039
RNA-001668,htrB
RNA-001668,waaM
RNA-001669,ECK1347
RNA-001669,rac
RNA-001669,rmuB
RNA-001669,sbcA
RNA-001670,ECK2776
RNA-001670,chpA
RNA-001670,chpAK
RNA-001671,ECK0898
RNA-001671,pdxC
RNA-001671,pdxF
RNA-001672,ECK3235
RNA-001672,adhR
RNA-001672,cafA
RNA-001672,yhdF
RNA-001673,ECK2553
RNA-001673,qseE
RNA-001673,yfhK
RNA-001673,yfhZ
RNA-001674,ECK1876
RNA-001674,yecL
RNA-001675,ECK0790
RNA-001675,ybiC
RNA-001676,ECK2621
RNA-001677,ECK0652
RNA-001677,phoL
RNA-001678,ECK1762
RNA-001678,fdhB
RNA-001679,ECK2001
RNA-001679,yeeX
RNA-001680,ECK0030
RNA-001680,lytB
RNA-001680,yaaE
RNA-001681,ECK1841
RNA-001682,ECK3438
RNA-001683,ECK0086
RNA-001684,ECK2983
RNA-001685,ECK2311
RNA-001686,ECK0002
RNA-001686,Hs
RNA-001686,thrA1
RNA-001686,thrA2
RNA-001686,thrD
RNA-001687,ECK4028
RNA-001687,malB
RNA-001687,malL
RNA-001688,ECK1410
RNA-001689,ECK1651
RNA-001689,ydhO
RNA-001690,ECK1188
RNA-001690,dhaK1
RNA-001690,ycgT
RNA-001691,ECK1273
RNA-001692,ECK2897
RNA-001692,yqfD
RNA-001693,ECK2695
RNA-001693,ygaD
RNA-001694,ECK3412
RNA-001694,glyD
RNA-001695,ECK0180
RNA-001696,ECK2026
RNA-001696,yefI
RNA-001697,ECK3698
RNA-001698,ECK3613
RNA-001698,rfaK
RNA-001699,ECK3909
RNA-001700,ECK1664
RNA-001701,ECK4370
RNA-001702,ECK3784
RNA-001702,wzx
RNA-001702,yifJ
RNA-001703,ECK2958
RNA-001703,yggZ
RNA-001704,ECK0824
RNA-001704,yliF
RNA-001705,ECK4070
RNA-001706,ECK3111
RNA-001707,ECK3098
RNA-001708,ECK0155
RNA-001708,yadR
RNA-001709,ECK3112
RNA-001709,yhaD
RNA-001710,ECK1865
RNA-001711,ECK0739
RNA-001711,nicA
RNA-001712,ECK2212
RNA-001713,ECK0452
RNA-001714,ECK1080
RNA-001715,ECK1278
RNA-001716,ECK3903
RNA-001717,ECK2295
RNA-001718,ECK0600
RNA-001719,ECK3726
RNA-001719,papC
RNA-001719,uncG
RNA-001720,ECK2526
RNA-001720,nifU
RNA-001720,yfhN
RNA-001721,ECK0373
RNA-001722,ECK3116
RNA-001722,yhaG
RNA-001723,ECK3813
RNA-001723,yigH
RNA-001724,ECK1327
RNA-001725,ECK0984
RNA-001725,yccI
RNA-001726,ECK2798
RNA-001727,ECK1600
RNA-001727,arcD
RNA-001728,ECK2616
RNA-001728,smqB
RNA-001729,ECK3128
RNA-001729,yraF
RNA-001730,ECK2415
RNA-001731,ECK1853
RNA-001732,ECK3733
RNA-001732,gidB
RNA-001733,ECK0870
RNA-001733,ybjZ
RNA-001734,ECK1053
RNA-001734,mviM
RNA-001735,ECK2281
RNA-001736,ECK2426
RNA-001737,ECK3233
RNA-001737,yhdO
RNA-001738,ECK1704
RNA-001738,ydiU
RNA-001739,ECK1275
RNA-001739,yciM
RNA-001740,ECK2272
RNA-001741,ECK2167
RNA-001742,ECK0019
RNA-001742,Sof
RNA-001743,ECK1875
RNA-001744,ECK3857
RNA-001744,engB
RNA-001745,ECK0549
RNA-001745,bor
RNA-001745,iss
RNA-001745,vboR
RNA-001745,ybcU
RNA-001746,ECK1375
RNA-001747,ECK3965
RNA-001747,bioR
RNA-001747,dhbB
RNA-001748,ECK3638
RNA-001748,spoR
RNA-001749,ECK3001
RNA-001750,ECK0112
RNA-001750,aceC
RNA-001750,genA
RNA-001750,yacB
RNA-001751,ECK4222
RNA-001752,ECK2222
RNA-001752,pufY
RNA-001753,ECK0643
RNA-001753,ybeW
RNA-001754,ECK2068
RNA-001754,QUAD1a
RNA-001754,RyeC
RNA-001754,Tp11
RNA-001755,ECK3223
RNA-001755,hhoA
RNA-001756,ECK2147
RNA-001757,ECK4216
RNA-001757,ytfM
RNA-001758,ECK2610
RNA-001759,ECK4420
RNA-001759,QUAD1e
RNA-001759,RygE
RNA-001760,ECK1081
RNA-001760,cvc
RNA-001760,fabJ
RNA-001760,vtr
RNA-001760,vtrB
RNA-001761,ECK2953
RNA-001761,ecfF
RNA-001762,ECK0535
RNA-001763,ECK4010
RNA-001764,C0730
RNA-001764,ECK3041
RNA-001764,IS156
RNA-001764,QUAD1d
RNA-001764,RygD
RNA-001764,Tp8
RNA-001765,ECK1290
RNA-001766,ECK1317
RNA-001767,ECK0166
RNA-001768,ECK4368
RNA-001769,ECK2793
RNA-001769,exo
RNA-001769,xni
RNA-001770,ECK0721
RNA-001770,cyd-1
RNA-001771,ECK3810
RNA-001772,ECK0601
RNA-001772,UP12
RNA-001772,ybdQ
RNA-001772,yzzU
RNA-001773,ECK0851
RNA-001774,ECK1621
RNA-001774,ydgT
RNA-001775,ECK0755
RNA-001776,ECK1377
RNA-001776,hslF
RNA-001776,hslI
RNA-001776,htpH
RNA-001777,ECK2289
RNA-001778,ECK4513
RNA-001779,ECK4389
RNA-001779,yjjD
RNA-001780,ECK4303
RNA-001780,pil
RNA-001781,ECK3170
RNA-001782,ECK2336
RNA-001782,yfcY
RNA-001783,ECK1414
RNA-001784,ECK3858
RNA-001784,IS198
RNA-001784,PsrA21
RNA-001784,RyiB
RNA-001784,SraK
RNA-001784,Tpk2
RNA-001785,ECK1984
RNA-001786,ECK1973
RNA-001787,ECK3264
RNA-001787,tilD
RNA-001788,ECK3967
RNA-001789,ECK2391
RNA-001789,alaWalpha
RNA-001790,ECK3792
RNA-001790,proU
RNA-001791,ECK1981
RNA-001792,ECK3844
RNA-001792,tilA
RNA-001793,ECK0206
RNA-001794,ECK3755
RNA-001794,su7
RNA-001794,su8
RNA-001794,su9
RNA-001794,supU
RNA-001794,supV
RNA-001795,ECK1979
RNA-001796,ECK2690
RNA-001796,supD
RNA-001797,ECK3790
RNA-001797,hisT
RNA-001798,ECK0202
RNA-001799,ECK3845
RNA-001799,talA
RNA-001800,ECK3789
RNA-001801,ECK1908
RNA-001802,ECK3751
RNA-001802,tgtC
RNA-001803,ECK3791
RNA-001804,ECK3160
RNA-001805,ECK2395
RNA-001805,valUalpha
RNA-001806,ECK2812
RNA-001806,metX
RNA-001806,metZ-beta
RNA-001806,metZb
RNA-001806,metZbeta
RNA-001807,ECK3754
RNA-001807,tasC
RNA-001808,ECK2810
RNA-001808,metZalpha
RNA-001809,ECK2390
RNA-001809,alaWbeta
RNA-001810,ECK3263
RNA-001810,talD
RNA-001811,ECK4159
RNA-001811,glyValpha
RNA-001811,ins
RNA-001811,mutA
RNA-001811,suA58
RNA-001811,suA78
RNA-001812,ECK0216
RNA-001813,ECK0737
RNA-001814,ECK0874
RNA-001815,ECK1662
RNA-001816,ECK0962
RNA-001816,divE
RNA-001817,ECK0658
RNA-001817,glnU-beta
RNA-001817,glnUbeta
RNA-001818,ECK0655
RNA-001818,glnV-beta
RNA-001818,glnVbeta
RNA-001818,supE
RNA-001819,ECK1225
RNA-001819,tyrTbeta
RNA-001820,ECK0203
RNA-001821,ECK0735
RNA-001821,valTb
RNA-001821,valTbeta
RNA-001822,ECK3969
RNA-001822,sumA
RNA-001822,sup15B
RNA-001822,supA36
RNA-001823,ECK0659
RNA-001823,glnUalpha
RNA-001823,supB
RNA-001823,trnA
RNA-001824,ECK0656
RNA-001824,Su2
RNA-001824,glnValpha
RNA-001824,suII
RNA-001824,supE
RNA-001825,ECK3968
RNA-001825,sup15B
RNA-001825,supM
RNA-001825,supZ
RNA-001826,ECK2396
RNA-001826,valU-beta
RNA-001826,valUbeta
RNA-001827,ECK4360
RNA-001827,leuV-beta
RNA-001827,leuVbeta
RNA-001828,ECK4359
RNA-001828,leuValpha
RNA-001829,ECK2811
RNA-001830,ECK0733
RNA-001830,valTa
RNA-001830,valTalpha
RNA-001831,ECK1738
RNA-001831,efg
RNA-001831,ntrL
RNA-001832,ECK2660
RNA-002526,ECK4575
RNA-002527,ECK4573
RNA-002528,ECK4576
RNA-002542,cpr
RNA-002558,ECK3663
RNA-002559,ECK3662
RNA-002560,ECK3033
RNA-002560,yqiC
RNA-002561,ECK0118
RNA-002562,ECK4336
RNA-002562,rglB
RNA-002563,ECK1807
RNA-002564,ECK2444
RNA-002565,ECK4335
RNA-002566,ECK0275
RNA-002567,ECK2253
RNA-002568,ECK3880
RNA-002568,yihZ
RNA-002569,ECK1399
RNA-002569,ydbC
RNA-002570,ECK3266
RNA-002571,ECK3738
RNA-002572,ECK1094
RNA-002573,ECK2892
RNA-002573,cptB
RNA-002573,ygfY
RNA-002574,ECK4044
RNA-002574,groP
RNA-002574,grpA
RNA-002574,grpD
RNA-002575,ECK0286
RNA-002576,ECK1737
RNA-002576,anr
RNA-002577,ECK4032
RNA-002577,cyr
RNA-002578,ECK3747
RNA-002579,ECK1045
RNA-002579,yceP
RNA-002580,ECK4321
RNA-002581,ECK0159
RNA-002581,optA
RNA-002582,ECK2235
RNA-002583,ECK2602
RNA-002584,ECK0133
RNA-002585,ECK4202
RNA-002586,ECK0675
RNA-002586,hsm-1
RNA-002587,ECK1057
RNA-002587,flaU
RNA-002588,ECK4256
RNA-002589,ECK0893
RNA-002589,act
RNA-002590,ECK3629
RNA-002590,coaBC
RNA-002591,ECK3651
RNA-002592,ECK0676
RNA-002592,blu
RNA-002593,ECK4405
RNA-002594,ECK1849
RNA-002595,ECK4395
RNA-002595,lasT
RNA-002596,ECK1836
RNA-002597,ECK0217
RNA-002598,ECK1614
RNA-002598,hsd
RNA-002598,hsdH
RNA-002599,ECK2459
RNA-002600,ECK0779
RNA-002601,ECK3620
RNA-002601,rfaP
RNA-002602,ECK0162
RNA-002603,ECK1528
RNA-002603,ydeG
RNA-002603,ydeH
RNA-002604,ECK3465
RNA-002604,yhhG
RNA-002605,ECK3258
RNA-002606,ECK4212
RNA-002606,ecfJ
RNA-002607,ECK3630
RNA-002607,dnaS
RNA-002607,sof
RNA-002608,ECK2335
RNA-002608,yfcX
RNA-002609,ECK2800
RNA-002610,ECK2083
RNA-002610,b2087
RNA-002610,b2090
RNA-002610,orig_
RNA-002611,ECK4382
RNA-002611,nadI
RNA-002612,ECK4221
RNA-002612,chpBK
RNA-002612,yjfE
RNA-002613,ECK2302
RNA-002614,ECK4119
RNA-002615,ECK1580
RNA-002616,ECK3267
RNA-002617,ECK0299
RNA-002617,tra5-1
RNA-002618,ECK1256
RNA-002618,trpCF
RNA-002618,trpF
RNA-002619,ECK0594
RNA-002620,ECK1261
RNA-002621,ECK2331
RNA-002621,ECK2332
RNA-002621,b2337
RNA-002621,b2338
RNA-002621,yfcT
RNA-002622,ECK4350
RNA-002623,ECK1227
RNA-002623,tgs
RNA-002623,ychI
RNA-002624,ECK2305
RNA-002624,dedF
RNA-002625,ECK4210
RNA-002625,amt
RNA-002625,amtA
RNA-002626,ECK1068
RNA-002626,flaT
RNA-002627,ECK3410
RNA-002628,ECK3760
RNA-002628,b3767
RNA-002628,b3768
RNA-002628,ilvO
RNA-002629,ECK1339
RNA-002629,ydaN
RNA-002630,ECK1055
RNA-002631,ECK1701
RNA-002631,ydiA
RNA-002632,ECK2638
RNA-002633,ECK0743
RNA-002634,ECK0076
RNA-002635,ECK2318
RNA-002635,trmC
RNA-002635,yfcK
RNA-002636,ECK3058
RNA-002636,ygjF
RNA-002637,ECK0593
RNA-002637,ybdH
RNA-002638,ECK1630
RNA-002638,tppB
RNA-002638,ydgR
RNA-002639,ECK0423
RNA-002640,ECK2514
RNA-002641,ECK3208
RNA-002642,ECK3600
RNA-002642,yibM
RNA-002643,ECK1564
RNA-002643,ftsT
RNA-002644,ECK2598
RNA-002645,ECK1382
RNA-002645,padA
RNA-002645,ydbG
RNA-002646,ECK1557
RNA-002647,ECK3097
RNA-002648,ECK4333
RNA-002649,ECK1419
RNA-002650,ECK0261
RNA-002650,trs5-4
RNA-002650,yi52_4
RNA-002651,ECK3603
RNA-002651,slm11
RNA-002651,yibP
RNA-002652,ECK0778
RNA-002652,ybhO
RNA-002653,ECK3761
RNA-002654,ECK0078
RNA-002655,ECK1766
RNA-002655,nam
RNA-002655,ydjB
RNA-002656,ECK1458
RNA-002657,ECK2393
RNA-002658,ECK3592
RNA-002659,ECK2952
RNA-002660,ECK4218
RNA-002661,ECK2576
RNA-002661,yfiK
RNA-002662,ECK4184
RNA-002663,ECK3881
RNA-002663,yiiD
RNA-002664,ECK2578
RNA-002665,ECK3715
RNA-002665,bglS
RNA-002666,ECK0299
RNA-002666,tra5-4
RNA-002667,ECK3717
RNA-002667,phoT
RNA-002667,pst
RNA-002668,ECK0381
RNA-002668,Pro2
RNA-002668,pro(3)
RNA-002668,pro3
RNA-002669,ECK2627
RNA-002669,yfjO
RNA-002670,ECK3526
RNA-002671,ECK2846
RNA-002672,ECK4236
RNA-002673,ECK4116
RNA-002673,genF
RNA-002674,ECK2884
RNA-002674,ygfV
RNA-002675,ECK0199
RNA-002675,abc
RNA-002675,metD
RNA-002676,ECK2678
RNA-002676,emrR
RNA-002677,ECK4232
RNA-002677,yjgE
RNA-002678,ECK2596
RNA-002679,ECK2325
RNA-002679,yfcN
RNA-002680,ECK0254
RNA-002681,ECK1670
RNA-002682,ECK1250
RNA-002682,yciD
RNA-002683,ECK1609
RNA-002684,ECK0261
RNA-002684,trs5-8
RNA-002684,yi52_8
RNA-002685,ECK3193
RNA-002685,rpoP
RNA-002685,yhbI
RNA-002686,ECK2570
RNA-002686,mclA
RNA-002686,yfiJ
RNA-002687,ECK1044
RNA-002688,ECK3825
RNA-002689,ECK1190
RNA-002690,ECK3389
RNA-002691,ECK3133
RNA-002692,ECK0094
RNA-002693,ECK1093
RNA-002693,ycfO
RNA-002694,ECK0125
RNA-002694,yadF
RNA-002695,ECK3310
RNA-002695,yheD
RNA-002696,ECK3933
RNA-002697,ECK0129
RNA-002698,ECK0856
RNA-002699,ECK0860
RNA-002700,ECK1242
RNA-002701,ECK3255
RNA-002702,ECK0294
RNA-002703,ECK1700
RNA-002703,pps
RNA-002704,ECK2942
RNA-002704,gsh-II
RNA-002705,ECK4220
RNA-002705,chpBI
RNA-002705,yjfB
RNA-002706,ECK1342
RNA-002706,ydaP
RNA-002707,ECK3211
RNA-002707,yhcI
RNA-002708,ECK1558
RNA-002708,RC
RNA-002709,ECK3331
RNA-002709,yheM
RNA-002710,ECK1602
RNA-002711,ECK2886
RNA-002711,supK
RNA-002712,ECK1114
RNA-002712,ycfD
RNA-002713,ECK1264
RNA-002713,cobA
RNA-002714,ECK3748
RNA-002714,yieO
RNA-002715,ECK0660
RNA-002715,feeB
RNA-002716,ECK4120
RNA-002717,ECK0198
RNA-002717,metD
RNA-002717,yaeE
RNA-002718,ECK0111
RNA-002718,aroR
RNA-002719,ECK4231
RNA-002719,cytochrome b562
RNA-002720,ECK3946
RNA-002720,yijP
RNA-002721,ECK0982
RNA-002721,sfa
RNA-002721,yccL
RNA-002722,ECK3444
RNA-002722,hrbB
RNA-002722,hrbC
RNA-002722,hrbD
RNA-002723,ECK1444
RNA-002723,yncC
RNA-002724,ECK0379
RNA-002725,ECK1850
RNA-002726,ECK1351
RNA-002727,ECK1613
RNA-002727,gusR
RNA-002728,ECK4023
RNA-002729,ECK0439
RNA-002730,ECK1424
RNA-002731,ECK1749
RNA-002732,ECK3210
RNA-002732,yhcH
RNA-002733,ECK3509
RNA-002733,yhjF
RNA-002734,ECK3520
RNA-002734,bcsR
RNA-002735,ECK1842
RNA-002736,ECK1684
RNA-002737,ECK0876
RNA-002737,ycaA
RNA-002738,ECK2919
RNA-002738,yggA
RNA-002739,ECK1179
RNA-002739,ycgO
RNA-002740,ECK2597
RNA-002741,ECK0537
RNA-002742,ECK0551
RNA-002743,ECK0780
RNA-002744,ECK1768
RNA-002745,ECK1903
RNA-002746,ECK0468
RNA-002746,dnaW
RNA-002746,plsA
RNA-002747,ECK4185
RNA-002747,yjfO
RNA-002748,ECK4338
RNA-002748,hsp
RNA-002748,hss
RNA-002748,rm
RNA-002749,ECK2912
RNA-002749,iciA
RNA-002750,ECK0617
RNA-002750,ybeI
RNA-002751,ECK1920
RNA-002751,yedH
RNA-002752,ECK2144
RNA-002752,mglD
RNA-002753,ECK4257
RNA-002753,gntH
RNA-002753,gntS
RNA-002753,yjgS
RNA-002754,ECK1011
RNA-002754,hmsS
RNA-002754,ycdP
RNA-002755,ECK1172
RNA-002755,uvm
RNA-002756,ECK0404
RNA-002757,ECK2323
RNA-002758,ECK1409
RNA-002758,b1416
RNA-002758,b1417
RNA-002759,ECK2252
RNA-002759,yfbJ
RNA-002760,ECK4045
RNA-002760,alr5
RNA-002761,ECK0289
RNA-002761,matE
RNA-002761,yagW
RNA-002762,ECK2365
RNA-002763,ECK3409
RNA-002764,ECK0299
RNA-002764,tra5-3
RNA-002765,ECK0280
RNA-002765,yagO
RNA-002766,ECK3511
RNA-002766,yhjI
RNA-002767,ECK3383
RNA-002767,ponA
RNA-002768,ECK3215
RNA-002768,yhcK
RNA-002769,ECK0630
RNA-002769,rsfA
RNA-002769,ybeB
RNA-002770,ECK1533
RNA-002770,ydfH
RNA-002771,ECK3580
RNA-002771,fdhA
RNA-002772,ECK1341
RNA-002772,ydaO
RNA-002773,ECK1956
RNA-002774,ECK2095
RNA-002775,ECK2392
RNA-002776,ECK2438
RNA-002777,ECK2609
RNA-002777,b2612
RNA-002777,b2613
RNA-002777,ypjE
RNA-002778,ECK1756
RNA-002779,ECK0191
RNA-002779,yaeJ
RNA-002780,ECK2970
RNA-002780,glc
RNA-002781,ECK0530
RNA-002781,int
RNA-002782,ECK0942
RNA-002782,pqi5
RNA-002782,pqi5B
RNA-002783,ECK2315
RNA-002783,div
RNA-002784,ECK3555
RNA-002784,xylT
RNA-002785,ECK3916
RNA-002785,flxR
RNA-002785,mvrA
RNA-002786,ECK2261
RNA-002786,yfbC
RNA-002787,ECK3593
RNA-002787,lct
RNA-002787,lctP
RNA-002788,ECK1616
RNA-002789,ECK0496
RNA-002789,mnmH
RNA-002789,ybbB
RNA-002790,ECK0568
RNA-002791,ECK4380
RNA-002792,ECK4432
RNA-002792,RyjC
RNA-002793,ECK3504
RNA-002794,ECK0761
RNA-002795,ECK1201
RNA-002795,sirB2
RNA-002796,ECK1407
RNA-002797,ECK1471
RNA-002798,ECK2489
RNA-002798,perM
RNA-002799,ECK2601
RNA-002799,yfiN
RNA-002800,ECK1175
RNA-002800,dec
RNA-002800,ole
RNA-002800,oleR
RNA-002800,thdB
RNA-002801,ECK1895
RNA-002802,ECK3519
RNA-002802,yhjQ
RNA-002803,ECK0157
RNA-002803,yadT
RNA-002804,ECK0164
RNA-002804,ssa
RNA-002805,ECK4107
RNA-002805,yjdB
RNA-002806,ECK1056
RNA-002807,ECK0645
RNA-002808,ECK2534
RNA-002808,phdR
RNA-002808,yfhT
RNA-002809,ECK2742
RNA-002809,ygbP
RNA-002810,ECK0100
RNA-002810,nudA
RNA-002811,ECK4465
RNA-002812,ECK2792
RNA-002813,ECK3271
RNA-002814,ECK4435
RNA-002814,ybcB
RNA-002815,ECK0554
RNA-002816,ECK0760
RNA-002817,ECK1157
RNA-002817,b1169
RNA-002817,b1170
RNA-002818,ECK1962
RNA-002818,b1964
RNA-002818,b1965
RNA-002818,b1966
RNA-002818,yedT
RNA-002819,ECK2635
RNA-002819,ECK2636
RNA-002819,ECK2637
RNA-002819,b2639
RNA-002819,b2640
RNA-002819,ypjL
RNA-002819,ypjM
RNA-002820,ECK2649
RNA-002820,G7391
RNA-002820,G7392
RNA-002820,G7393
RNA-002820,b2654
RNA-002820,b2655
RNA-002820,b2656
RNA-002820,b2657
RNA-002820,b2658
RNA-002820,ygaR
RNA-002820,yqaC
RNA-002820,yqaD
RNA-002821,ECK2312
RNA-002821,asuC
RNA-002821,hisT
RNA-002821,leuK
RNA-002822,ECK2308
RNA-002823,ECK3192
RNA-002823,yhbH
RNA-002824,ECK3763
RNA-002825,ECK0728
RNA-002825,cim
RNA-002825,excC
RNA-002825,lky
RNA-002825,tol-2
RNA-002826,ECK4011
RNA-002827,ECK3119
RNA-002827,yhaW
RNA-002828,ECK3709
RNA-002828,yieI
RNA-002829,ECK1067
RNA-002829,flaS
RNA-002830,ECK3358
RNA-002830,yhfM
RNA-002831,ECK3322
RNA-002831,hofD
RNA-002831,hopD
RNA-002831,hopO
RNA-002831,yheC
RNA-002832,ECK0079
RNA-002833,ECK4264
RNA-002833,int(P4)
RNA-002833,yjgC
RNA-002834,ECK1038
RNA-002834,yceE
RNA-002835,ECK3178
RNA-002835,mrbA
RNA-002835,murZ
RNA-002836,ECK0533
RNA-002836,ybcE
RNA-002837,ECK1233
RNA-002838,ECK0126
RNA-002839,ECK0809
RNA-002839,ybiS
RNA-002840,ECK0841
RNA-002841,ECK1270
RNA-002841,yciX_2
RNA-002842,ECK1835
RNA-002843,ECK2108
RNA-002843,b2116
RNA-002843,b2117
RNA-002843,molR
RNA-002843,yehG
RNA-002844,ECK3363
RNA-002845,ECK3534
RNA-002846,ECK4399
RNA-002847,ECK1403
RNA-002848,ECK1760
RNA-002849,ECK4205
RNA-002849,dnrN
RNA-002850,ECK4034
RNA-002851,ECK1971
RNA-002851,Su-1
RNA-002851,ftsM
RNA-002851,su1
RNA-002851,supD
RNA-002851,supH
RNA-002852,ECK3479
RNA-002852,yhiO
RNA-002853,ECK0422
RNA-002854,ECK0800
RNA-002855,ECK1105
RNA-002855,ycfX
RNA-002856,ECK1150
RNA-002856,ycgF
RNA-002857,ECK2189
RNA-002857,yejS
RNA-002858,ECK2891
RNA-002858,cptA
RNA-002859,ECK1893
RNA-002859,flbB
RNA-002860,ECK1601
RNA-002860,ydgB
RNA-002861,ECK3309
RNA-002861,pinO
RNA-002861,pioO
RNA-002862,ECK4258
RNA-002862,gntW
RNA-002862,yjgT
RNA-002863,ECK1796
RNA-002863,yeaS
RNA-002864,ECK0623
RNA-002864,cde
RNA-002864,lip
RNA-002865,ECK2572
RNA-002865,nic
RNA-002865,nicB
RNA-002866,ECK3117
RNA-002866,prlFA
RNA-002866,sohA
RNA-002867,ECK4240
RNA-002868,ECK0912
RNA-002868,smtA
RNA-002868,ycbD
RNA-002869,ECK1788
RNA-002869,yeaM
RNA-002870,ECK2101
RNA-002871,ECK2499
RNA-002871,yfgF
RNA-002872,ECK3201
RNA-002873,ECK3257
RNA-002874,ECK3489
RNA-002875,ECK3914
RNA-002876,ECK3736
RNA-002876,yieB
RNA-002877,ECK3839
RNA-002878,ECK1267
RNA-002879,ECK0458
RNA-002879,ybaH
RNA-002880,ECK1926
RNA-002880,yedC
RNA-002881,ECK3948
RNA-002882,ECK4314
RNA-002883,ECK3447
RNA-002884,ECK2194
RNA-002884,yejX
RNA-002885,ECK0661
RNA-002885,metTalpha
RNA-002886,ECK3777
RNA-002886,wzz
RNA-002886,yifC
RNA-002887,ECK1279
RNA-002887,deoT
RNA-002888,ECK2623
RNA-002888,yfjK
RNA-002889,ECK0089
RNA-002890,ECK2771
RNA-002890,ygcF
RNA-002891,ECK0884
RNA-002892,ECK1075
RNA-002893,ECK2569
RNA-002894,ECK3332
RNA-002894,yheN
RNA-002895,ECK0093
RNA-002895,ddl
RNA-002896,ECK4009
RNA-002896,arp
RNA-002896,yjaC
RNA-002897,ECK0990
RNA-002897,yccD
RNA-002898,ECK1032
RNA-002898,ymdC
RNA-002899,ECK3624
RNA-002899,kdtB
RNA-002899,yicA
RNA-002900,ECK3240
RNA-002900,yhdA
RNA-002901,ECK4351
RNA-002901,dnaD
RNA-002902,ECK0613
RNA-002902,citB
RNA-002902,criR
RNA-002902,mpdA
RNA-002903,ECK0290
RNA-002903,matD
RNA-002903,yagX
RNA-002904,ECK0558
RNA-002905,ECK3071
RNA-002905,ygjL
RNA-002906,ECK0029
RNA-002906,slpA
RNA-002906,yaaD
RNA-002907,ECK1936
RNA-002907,flaAII.1
RNA-002907,flaBI
RNA-002908,ECK1517
RNA-002908,yneH
RNA-002909,ECK3400
RNA-002909,gntX
RNA-002910,ECK3321
RNA-002910,hopZ
RNA-002910,pshM
RNA-002911,ECK1500
RNA-002912,ECK2748
RNA-002913,ECK4111
RNA-002914,ECK4301
RNA-002914,yjhT
RNA-002915,ECK0417
RNA-002915,nuvA
RNA-002915,yajK
RNA-002916,ECK4447
RNA-002917,ECK0904
RNA-002918,ECK0983
RNA-002919,ECK2316
RNA-002920,ECK2579
RNA-002921,ECK2977
RNA-002922,ECK3604
RNA-002923,ECK3913
RNA-002924,ECK3980
RNA-002924,htrC
RNA-002925,ECK4100
RNA-002925,phnB
RNA-002926,ECK4286
RNA-002927,ECK4433
RNA-002927,yciX_1
RNA-002928,ECK3430
RNA-002929,ECK4201
RNA-002930,ECK3472
RNA-002931,ECK2840
RNA-002931,ygeC
RNA-002931,yqeD
RNA-002932,ECK2293
RNA-002933,ECK3272
RNA-002933,b3285
RNA-002933,b3286
RNA-002933,smf1
RNA-002933,smf2
RNA-002934,ECK2014
RNA-002935,ECK0069
RNA-002935,sfuA
RNA-002935,tbpA
RNA-002935,yabL
RNA-002936,ECK3907
RNA-002936,yiiP
RNA-002937,ECK3144
RNA-002938,ECK3278
RNA-002938,yhdL
RNA-002939,ECK0312
RNA-002940,ECK4126
RNA-002941,ECK0035
RNA-002942,ECK3710
RNA-002942,yieJ
RNA-002943,ECK2307
RNA-002943,dedE
RNA-002944,ECK0575
RNA-002945,ECK1985
RNA-002945,erfK
RNA-002945,yeeG
RNA-002945,yzzT
RNA-002946,ECK3540
RNA-002946,tkrA
RNA-002946,yiaE
RNA-002947,ECK2535
RNA-002947,digA
RNA-002947,hcaA
RNA-002947,hcaA1
RNA-002947,phdC1
RNA-002947,yfhU
RNA-002948,ECK1197
RNA-002948,hemM
RNA-002948,ychC
RNA-002949,ECK2729
RNA-002949,prpB
RNA-002949,ygbH
RNA-002950,ECK3998
RNA-002951,ECK0438
RNA-002951,ybaX
RNA-002952,ECK1820
RNA-002952,rrmA
RNA-002952,yebH
RNA-002953,ECK2568
RNA-002954,ECK1604
RNA-002954,uspT
RNA-002955,ECK1862
RNA-002956,ECK2913
RNA-002956,sbm
RNA-002956,yliK
RNA-002957,ECK3490
RNA-002958,ECK0219
RNA-002959,ECK0314
RNA-002960,ECK0550
RNA-002961,ECK0597
RNA-002962,ECK0694
RNA-002963,ECK0797
RNA-002964,ECK2428
RNA-002965,ECK2559
RNA-002966,ECK2850
RNA-002967,ECK2997
RNA-002968,ECK3514
RNA-002968,yhjK
RNA-002969,ECK3647
RNA-002970,ECK4377
RNA-002971,ECK0387
RNA-002972,ECK0823
RNA-002972,yliE
RNA-002973,ECK1542
RNA-002974,ECK2870
RNA-002975,ECK2757
RNA-002976,ECK0945
RNA-002977,ECK4031
RNA-002978,ECK1578
RNA-002979,ECK4016
RNA-002979,apk
RNA-002980,ECK2615
RNA-002980,yfjG
RNA-002981,ECK4511
RNA-002981,RydA
RNA-002982,ECK0391
RNA-002983,ECK3787
RNA-002983,rff
RNA-002983,wecG
RNA-002984,ECK3621
RNA-002984,rfaG
RNA-002985,ECK0646
RNA-002986,ECK0917
RNA-002986,ycbK
RNA-002987,ECK4270
RNA-002987,yjhC
RNA-002988,ECK3253
RNA-002988,envD
RNA-002989,ECK0509
RNA-002989,glxB7
RNA-002989,ylbB
RNA-002990,Arg2
RNA-002990,ECK3949
RNA-002991,ECK1691
RNA-002992,ECK0855
RNA-002993,ECK0040
RNA-002993,yaaO
RNA-002994,ECK3801
RNA-002995,ECK0534
RNA-002995,eb
RNA-002995,mvrC
RNA-002996,ECK0437
RNA-002996,tesC
RNA-002996,ybaW
RNA-002997,ECK3312
RNA-002997,yheF
RNA-002998,ECK2533
RNA-002998,yfhS
RNA-002999,ECK3764
RNA-002999,ile
RNA-003000,ECK0080
RNA-003000,brnP
RNA-003001,ECK2528
RNA-003001,yfhP
RNA-003002,ECK0075
RNA-003003,ECK1617
RNA-003004,ECK0397
RNA-003005,ECK0262
RNA-003005,ykfD
RNA-003006,ECK1054
RNA-003006,mviN
RNA-003006,yceN
RNA-003007,ECK3767
RNA-003007,parvA
RNA-003008,ECK2949
RNA-003008,yggV
RNA-003009,ECK2702
RNA-003009,gutR
RNA-003010,ECK2530
RNA-003010,ssyA
RNA-003011,ECK4188
RNA-003011,yjfR
RNA-003012,ECK3644
RNA-003012,yicE
RNA-003013,ECK0888
RNA-003014,ECK1017
RNA-003015,ECK1338
RNA-003015,ydaM
RNA-003016,ECK1400
RNA-003017,ECK1411
RNA-003018,ECK1722
RNA-003019,ECK2341
RNA-003020,ECK2502
RNA-003021,ECK2756
RNA-003021,ygcB
RNA-003022,ECK2926
RNA-003022,yggK
RNA-003023,ECK3508
RNA-003024,ECK3584
RNA-003024,rhsJ
RNA-003025,ECK4135
RNA-003026,ECK4299
RNA-003027,ECK0303
RNA-003027,ykgC
RNA-003028,ECK1725
RNA-003028,yniC
RNA-003029,ECK1814
RNA-003030,ECK2608
RNA-003031,ECK2843
RNA-003032,ECK2895
RNA-003033,ECK2577
RNA-003033,yfiD
RNA-003034,ECK4341
RNA-003035,ECK0119
RNA-003036,ECK4315
RNA-003037,ECK0644
RNA-003037,ybeK
RNA-003038,ECK3538
RNA-003039,ECK3852
RNA-003039,dsf
RNA-003039,iarA
RNA-003039,ppfA
RNA-003040,ECK3614
RNA-003040,rfaZ
RNA-003041,ECK0418
RNA-003041,thiJ
RNA-003042,ECK1851
RNA-003042,hga
RNA-003042,kdgA
RNA-003042,kga
RNA-003043,ECK2193
RNA-003043,yejW
RNA-003044,ECK2408
RNA-003045,ECK2941
RNA-003045,yggJ
RNA-003046,ECK2901
RNA-003046,visC
RNA-003047,ECK0831
RNA-003048,ECK4320
RNA-003049,ECK0174
RNA-003049,cds
RNA-003050,ECK2024
RNA-003051,ECK1977
RNA-003052,ECK3268
RNA-003053,ECK1076
RNA-003054,ECK2246
RNA-003054,pmrH
RNA-003054,yfbE
RNA-003055,ECK4105
RNA-003055,dgkR
RNA-003055,pmrB
RNA-003056,ECK3530
RNA-003057,ECK2362
RNA-003058,ECK3431
RNA-003059,ECK1650
RNA-003059,ydhD
RNA-003060,ECK2984
RNA-003061,ECK2712
RNA-003062,ECK3637
RNA-003062,yicF
RNA-003063,ECK1608
RNA-003063,pmi
RNA-003064,ECK4215
RNA-003064,pms
RNA-003064,pmsR
RNA-003065,ECK2423
RNA-003065,yfeU
RNA-003066,ECK2197
RNA-003066,yojA
RNA-003066,yojB
RNA-003067,ECK2704
RNA-003067,ygaA
RNA-003068,ECK1488
RNA-003068,pqqE
RNA-003068,pqqM
RNA-003068,yddC
RNA-003069,ECK4043
RNA-003069,hcz
RNA-003069,hzc
RNA-003069,qor
RNA-003070,ECK3466
RNA-003071,ECK4295
RNA-003071,yjhO
RNA-003072,ECK2334
RNA-003072,yfcW
RNA-003073,ECK3103
RNA-003073,yhaS
RNA-003074,ECK1423
RNA-003075,ECK0986
RNA-003076,ECK2883
RNA-003076,ygfU
RNA-003077,ECK3657
RNA-003078,ECK3615
RNA-003078,rfaY
RNA-003079,ECK0213
RNA-003080,ECK0218
RNA-003081,ECK0351
RNA-003082,ECK0441
RNA-003082,cyuR
RNA-003082,ybaO
RNA-003083,ECK0569
RNA-003084,ECK0596
RNA-003085,ECK0699
RNA-003086,ECK0700
RNA-003086,ybgJ
RNA-003087,ECK1022
RNA-003087,nupT
RNA-003088,ECK1107
RNA-003089,ECK1247
RNA-003090,ECK1318
RNA-003091,ECK1827
RNA-003092,ECK1833
RNA-003092,yebT
RNA-003093,ECK1840
RNA-003094,ECK1960
RNA-003095,ECK2236
RNA-003095,yfaD
RNA-003096,ECK2442
RNA-003097,ECK2443
RNA-003098,ECK2859
RNA-003099,ECK2950
RNA-003099,yggW
RNA-003100,ECK3110
RNA-003101,ECK3209
RNA-003102,ECK3420
RNA-003103,ECK3469
RNA-003104,ECK3583
RNA-003105,ECK3945
RNA-003106,ECK4015
RNA-003107,ECK4071
RNA-003108,ECK4102
RNA-003108,crfC
RNA-003108,yjdA
RNA-003109,ECK4186
RNA-003110,ECK4354
RNA-003111,ECK3468
RNA-003112,ECK3995
RNA-003112,hydH
RNA-003113,ECK2611
RNA-003113,yfjB
RNA-003113,yfjE
RNA-003114,ECK4209
RNA-003115,ECK0161
RNA-003115,sdaR
RNA-003115,yaeG
RNA-003116,ECK4284
RNA-003117,ECK0190
RNA-003118,ECK2606
RNA-003119,ECK2525
RNA-003119,yfhF
RNA-003120,ECK2566
RNA-003120,lep
RNA-003121,ECK2574
RNA-003121,rbaB
RNA-003121,rhlA
RNA-003122,ECK2023
RNA-003122,UDG8
RNA-003122,pmrE
RNA-003122,udg
RNA-003122,yefA
RNA-003123,ECK3558
RNA-003124,ECK1928
RNA-003125,ECK3206
RNA-003126,ECK3512
RNA-003127,ECK0981
RNA-003128,ECK3333
RNA-003129,ECK2918
RNA-003130,ECK0820
RNA-003130,yliB
RNA-003131,ECK0177
RNA-003131,firA
RNA-003131,hlpA
RNA-003131,ompH
RNA-003132,ECK3956
RNA-003133,ECK0306
RNA-003134,ECK1588
RNA-003134,ynfK
RNA-003135,ECK0854
RNA-003136,ECK4136
RNA-003136,groES
RNA-003136,mopB
RNA-003137,ECK3797
RNA-003138,ECK1333
RNA-003138,ydaI
RNA-003139,ECK3577
RNA-003139,yiaX
RNA-003140,ECK0050
RNA-003140,cfcB
RNA-003141,Arg1
RNA-003141,ECK3347
RNA-003141,dapC
RNA-003141,dtu
RNA-003142,ECK1718
RNA-003142,b1720
RNA-003142,b1721
RNA-003142,ydiW
RNA-003142,ydiX
RNA-003143,ECK0853
RNA-003144,ECK2711
RNA-003144,sac
RNA-003145,ECK1592
RNA-003146,ECK0232
RNA-003146,dinP
RNA-003147,ECK0215
RNA-003147,mutD
RNA-003148,ECK4352
RNA-003149,ECK0698
RNA-003149,ybgH
RNA-003150,ECK1330
RNA-003150,nirA
RNA-003150,nirR
RNA-003150,ossA
RNA-003150,oxrA
RNA-003151,ECK3378
RNA-003151,hopQ
RNA-003152,ECK0965
RNA-003152,cybH
RNA-003153,ECK4484
RNA-003154,ECK3560
RNA-003155,ECK1524
RNA-003155,cfxB
RNA-003155,inaR
RNA-003155,nfxC
RNA-003155,norB
RNA-003155,soxQ
RNA-003156,ECK0832
RNA-003156,cmlA
RNA-003156,cmr
RNA-003157,ECK3183
RNA-003157,yrbE
RNA-003158,ECK3815
RNA-003159,ECK2158
RNA-003159,pscG
RNA-003159,yeiN
RNA-003160,ECK0936
RNA-003161,ECK1553
RNA-003161,quuQ
RNA-003162,ECK3818
RNA-003162,yigK
RNA-003163,ECK0997
RNA-003163,ycdG
RNA-003164,ECK3981
RNA-003164,thiB
RNA-003165,ECK2037
RNA-003165,yefK
RNA-003166,ECK0592
RNA-003167,ECK0678
RNA-003167,ECK0679
RNA-003167,b0690
RNA-003167,ybfH
RNA-003168,ECK1451
RNA-003169,ECK1559
RNA-003170,ECK1750
RNA-003171,ECK1782
RNA-003172,ECK1789
RNA-003172,yeaN
RNA-003173,ECK1847
RNA-003174,ECK1964
RNA-003174,yedV
RNA-003175,ECK1975
RNA-003175,b1979
RNA-003175,b1980
RNA-003175,yeeK
RNA-003176,ECK2081
RNA-003177,ECK2109
RNA-003178,ECK3095
RNA-003179,ECK3364
RNA-003180,ECK3455
RNA-003181,ECK3601
RNA-003182,ECK3650
RNA-003183,ECK3670
RNA-003184,ECK4030
RNA-003185,ECK4343
RNA-003186,ECK0300
RNA-003187,ECK1154
RNA-003188,ECK1452
RNA-003188,ECK1453
RNA-003188,b1458
RNA-003188,yncM
RNA-003189,ECK1516
RNA-003190,ECK1591
RNA-003190,yzyC
RNA-003191,ECK2784
RNA-003192,ECK2961
RNA-003193,ECK3270
RNA-003194,ECK3549
RNA-003195,ECK4038
RNA-003195,yjbK
RNA-003195,znuR
RNA-003196,ECK2225
RNA-003196,yfaF
RNA-003196,yfaJ
RNA-003196,yfaK
RNA-003197,ECK0877
RNA-003197,mdrA
RNA-003197,mdrH
RNA-003197,surB
RNA-003197,ycaB
RNA-003198,ECK3446
RNA-003198,ftsS
RNA-003199,ECK0192
RNA-003199,cutF
RNA-003200,ECK2294
RNA-003201,ECK2614
RNA-003201,ratB
RNA-003202,ECK4461
RNA-003203,ECK2845
RNA-003204,ECK2141
RNA-003204,mglP
RNA-003205,ECK3921
RNA-003205,menG
RNA-003205,yiiV
RNA-003206,ECK2388
RNA-003206,cru
RNA-003207,ECK1873
RNA-003207,bisZ
RNA-003208,ECK0918
RNA-003208,ycbL
RNA-003209,ECK1723
RNA-003210,ECK3189
RNA-003210,yhbN
RNA-003211,ECK2284
RNA-003211,yfbQ
RNA-003212,ECK2326
RNA-003213,ECK3688
RNA-003214,ECK3157
RNA-003214,ssyG
RNA-003215,ECK3021
RNA-003215,nfxD
RNA-003216,ECK2127
RNA-003216,yohB
RNA-003217,ECK3597
RNA-003218,ECK1857
RNA-003218,yebA
RNA-003219,ECK2592
RNA-003219,sfhB
RNA-003219,yfiI
RNA-003220,ECK3631
RNA-003220,ttk
RNA-003220,yicB
RNA-003221,ECK3622
RNA-003221,rfaQ
RNA-003222,ECK2125
RNA-003222,glh
RNA-003222,yohA
RNA-003223,ECK2752
RNA-003223,cas5e
RNA-003223,ygcI
RNA-003224,ECK4131
RNA-003224,cutA1
RNA-003225,ECK1909
RNA-003226,ECK0614
RNA-003227,ECK1186
RNA-003227,dhaH
RNA-003227,ptsD
RNA-003227,ycgC
RNA-003228,ECK1526
RNA-003228,ydeD
RNA-003229,ECK0932
RNA-003229,ycbT
RNA-003230,ECK4307
RNA-003230,pilB
RNA-003231,ECK1921
RNA-003231,flaD
RNA-003231,rpoF
RNA-003232,ECK1606
RNA-003233,ECK2656
RNA-003234,ECK2835
RNA-003234,Rgal
RNA-003235,ECK1910
RNA-003235,ins
RNA-003235,mutC
RNA-003235,suA58
RNA-003235,suA78
RNA-003236,ECK0106
RNA-003236,hopB
RNA-003237,ECK0138
RNA-003238,ECK2713
RNA-003238,hevH
RNA-003239,ECK1573
RNA-003240,ECK4518
RNA-003241,ECK3441
RNA-003241,hrbB
RNA-003241,hrbC
RNA-003241,hrbD
RNA-003242,ECK4112
RNA-003242,mel-7
RNA-003243,ECK2556
RNA-003243,yfhD
RNA-003244,ECK0754
RNA-003244,chlD
RNA-003244,narD
RNA-003245,ECK3625
RNA-003245,fpg
RNA-003246,ECK4302
RNA-003246,yjhA
RNA-003247,ECK2959
RNA-003247,gru
RNA-003248,ECK1397
RNA-003248,ydbZ
RNA-003249,ECK1538
RNA-003249,ydfL
RNA-003250,ECK1199
RNA-003250,sueB
RNA-003250,uar
RNA-003250,ups?
RNA-003251,ECK4176
RNA-003251,yjfH
RNA-003252,ECK0603
RNA-003253,ECK0960
RNA-003253,yccK
RNA-003254,ECK1906
RNA-003255,ECK3915
RNA-003255,yiiT
RNA-003256,ECK0208
RNA-003257,ECK0250
RNA-003258,ECK0494
RNA-003258,b0500
RNA-003259,ECK0622
RNA-003260,ECK0637
RNA-003261,ECK1352
RNA-003262,ECK1353
RNA-003262,gatA
RNA-003263,ECK1527
RNA-003263,ydeF
RNA-003264,ECK1543
RNA-003265,ECK1639
RNA-003266,ECK1663
RNA-003267,ECK1783
RNA-003267,yeaI
RNA-003268,ECK1929
RNA-003269,ECK2115
RNA-003270,ECK2172
RNA-003271,ECK2292
RNA-003272,ECK2425
RNA-003273,ECK2625
RNA-003274,ECK2665
RNA-003275,ECK2662
RNA-003276,ECK2945
RNA-003277,ECK3077
RNA-003278,ECK3081
RNA-003279,ECK3100
RNA-003279,dlsT
RNA-003279,yhaO
RNA-003280,ECK3473
RNA-003281,ECK3551
RNA-003282,ECK3768
RNA-003282,ECK3769
RNA-003282,yifO
RNA-003283,ECK3854
RNA-003284,ECK3889
RNA-003285,ECK4059
RNA-003286,ECK0255
RNA-003287,ECK0508
RNA-003287,glxB6
RNA-003287,ughY
RNA-003287,ylbA
RNA-003288,ECK0827
RNA-003289,ECK3279
RNA-003289,yhdM
RNA-003290,ECK1778
RNA-003290,yzzQ
RNA-003291,ECK2034
RNA-003291,rmlD
RNA-003292,ECK3951
RNA-003293,ECK2058
RNA-003293,yegA
RNA-003294,ECK3973
RNA-003295,ECK0702
RNA-003295,ybgL
RNA-003296,ECK1892
RNA-003296,flaI
RNA-003297,ECK3167
RNA-003297,hflB
RNA-003297,mrsC
RNA-003297,std
RNA-003297,tolZ
RNA-003298,ECK4117
RNA-003298,yjdG
RNA-003299,ECK2831
RNA-003299,ygeD
RNA-003300,ECK3000
RNA-003301,ECK3823
RNA-003301,metB12
RNA-003302,ECK0396
RNA-003302,yajM
RNA-003303,ECK0214
RNA-003303,cer
RNA-003303,dasF
RNA-003303,herA
RNA-003303,rnh
RNA-003303,sdrA
RNA-003303,sin
RNA-003304,ECK2359
RNA-003305,ECK2902
RNA-003305,acd
RNA-003305,visB
RNA-003306,ECK1747
RNA-003306,xth
RNA-003307,ECK0369
RNA-003307,b0371
RNA-003307,b0374
RNA-003307,yaiU
RNA-003308,ECK4084
RNA-003309,ECK3134
RNA-003309,yraL
RNA-003310,ECK3966
RNA-003310,panK
RNA-003310,rts
RNA-003310,ts-9
RNA-003311,ECK0016
RNA-003311,yi81-3
RNA-003312,ECK3848
RNA-003312,yihC
RNA-003313,ECK1203
RNA-003314,ECK3718
RNA-003314,phoT
RNA-003315,ECK2407
RNA-003316,ECK3222
RNA-003316,yhcB
RNA-003317,ECK2605
RNA-003317,yfjA
RNA-003318,ECK1472
RNA-003318,yddN
RNA-003319,ECK0858
RNA-003319,ybjR
RNA-003320,ECK2250
RNA-003320,pmrK
RNA-003320,yfbI
RNA-003321,ECK2709
RNA-003321,sac
RNA-003322,ECK0038
RNA-003322,yaaM
RNA-003323,ECK1479
RNA-003323,yddQ
RNA-003324,ECK0886
RNA-003325,ECK4124
RNA-003325,yjdL
RNA-003326,ECK0293
RNA-003326,ecpR
RNA-003326,ykgK
RNA-003327,ECK2363
RNA-003328,ECK4151
RNA-003328,genX
RNA-003328,poxA
RNA-003328,yjeA
RNA-003329,ECK0576
RNA-003329,cbr
RNA-003329,cbt
RNA-003329,fep
RNA-003329,feuB
RNA-003330,ECK4306
RNA-003331,ECK1937
RNA-003331,flaAII.2
RNA-003331,flaBII
RNA-003332,ECK0049
RNA-003332,tmr
RNA-003332,tmrA
RNA-003333,ECK2379
RNA-003333,ypdD
RNA-003334,ECK3314
RNA-003334,hofF
RNA-003334,hopF
RNA-003335,ECK2781
RNA-003335,ygcX
RNA-003336,ECK2703
RNA-003336,srlQ
RNA-003337,ECK1089
RNA-003337,ycfF
RNA-003338,ECK2015
RNA-003339,ECK1556
RNA-003339,relF
RNA-003340,ECK0968
RNA-003341,ECK4261
RNA-003341,gntV
RNA-003342,ECK4317
RNA-003342,yjiD
RNA-003343,ECK0682
RNA-003344,ECK2567
RNA-003345,ECK0738
RNA-003346,ECK0443
RNA-003346,mdl
RNA-003347,ECK4005
RNA-003348,ECK0719
RNA-003348,frx
RNA-003348,hrsA
RNA-003349,ECK1819
RNA-003349,yebN
RNA-003350,ECK0753
RNA-003350,chlJ
RNA-003350,tslJ
RNA-003351,ECK1645
RNA-003351,ydhM
RNA-003352,ECK3401
RNA-003352,gntY
RNA-003352,yhgI
RNA-003353,ECK1315
RNA-003354,ECK2821
RNA-003354,ygdC
RNA-003355,ECK2819
RNA-003355,ygdA
RNA-003356,ECK2159
RNA-003356,pscK
RNA-003356,yeiC
RNA-003357,ECK3899
RNA-003357,rhaC1
RNA-003358,ECK3900
RNA-003359,ECK1450
RNA-003360,ECK0188
RNA-003360,yaeO
RNA-003361,ECK3987
RNA-003361,yjaE
RNA-003362,ECK1603
RNA-003362,urpT
RNA-003363,ECK1285
RNA-003364,ECK0989
RNA-003365,ECK4187
RNA-003365,yjfQ
RNA-003366,ECK0360
RNA-003367,ECK0475
RNA-003368,ECK0504
RNA-003368,allP
RNA-003368,glxB2
RNA-003369,ECK0536
RNA-003370,ECK0696
RNA-003370,tkp
RNA-003371,ECK0705
RNA-003372,ECK0742
RNA-003373,ECK0892
RNA-003374,ECK0908
RNA-003375,ECK1048
RNA-003376,ECK1167
RNA-003377,ECK1304
RNA-003377,ggaP
RNA-003378,ECK1324
RNA-003379,ECK1427
RNA-003380,ECK1494
RNA-003381,ECK4410
RNA-003382,ECK1773
RNA-003383,ECK1787
RNA-003384,ECK1957
RNA-003385,ECK2150
RNA-003386,ECK2243
RNA-003387,ECK2285
RNA-003388,ECK2622
RNA-003389,ECK2634
RNA-003390,ECK2848
RNA-003391,ECK3094
RNA-003392,ECK3505
RNA-003393,ECK3537
RNA-003394,ECK4424
RNA-003395,ECK3708
RNA-003396,ECK1323
RNA-003397,ECK1809
RNA-003398,ECK2545
RNA-003399,ECK2547
RNA-003400,ECK2844
RNA-003401,ECK3005
RNA-003401,yqhF
RNA-003402,ECK4211
RNA-003403,ECK0826
RNA-003403,yliH
RNA-003404,ECK0691
RNA-003405,ECK2604
RNA-003406,ECK2437
RNA-003407,ECK2028
RNA-003407,yefG
RNA-003408,ECK0598
RNA-003408,ybdP
RNA-003409,ECK1049
RNA-003410,ECK4319
RNA-003410,yjiF
RNA-003411,ECK0057
RNA-003411,b4659
RNA-003412,ECK0842
RNA-003412,mda18
RNA-003412,mdaA
RNA-003412,ybjB
RNA-003413,ECK2498
RNA-003414,ECK1638
RNA-003415,ECK0919
RNA-003416,ECK3320
RNA-003416,yheK
RNA-003417,ECK0366
RNA-003417,ncf
RNA-003418,ECK3849
RNA-003418,chlB
RNA-003418,mob
RNA-003418,narB
RNA-003419,ECK1326
RNA-003419,ynaH
RNA-003420,ECK2195
RNA-003420,yejY
RNA-003421,ECK4156
RNA-003422,ECK2012
RNA-003423,ECK3912
RNA-003424,ECK4334
RNA-003424,b4343
RNA-003424,b4344
RNA-003424,mcrD
RNA-003424,yjiU
RNA-003425,ECK3031
RNA-003425,ygiE
RNA-003426,ECK0261
RNA-003426,trs5-6
RNA-003426,yi52_6
RNA-003427,ECK2027
RNA-003427,yefH
RNA-003428,ECK2488
RNA-003429,ECK0689
RNA-003430,ECK1748
RNA-003431,ECK2273
RNA-003432,ECK4344
RNA-003432,yjiY
RNA-003433,ECK2817
RNA-003433,ptr
RNA-003434,ECK1074
RNA-003435,ECK3908
RNA-003436,ECK3796
RNA-003437,ECK0124
RNA-003438,ECK1033
RNA-003438,mdoC
RNA-003438,ymdD
RNA-003439,ECK0518
RNA-003440,ECK0072
RNA-003440,yabM
RNA-003441,ECK0163
RNA-003442,ECK0769
RNA-003443,ECK3207
RNA-003443,b3217
RNA-003443,b4549
RNA-003444,ECK2416
RNA-003445,ECK3231
RNA-003445,yhcR
RNA-003446,ECK1335
RNA-003447,ECK3252
RNA-003447,envC
RNA-003448,ECK1447
RNA-003448,yncF
RNA-003449,ECK0866
RNA-003449,bniP
RNA-003450,ECK0385
RNA-003451,ECK2217
RNA-003452,ECK1405
RNA-003452,acpD
RNA-003453,ECK3399
RNA-003453,bioB
RNA-003454,ECK2753
RNA-003454,cas7
RNA-003454,cse4
RNA-003454,ygcJ
RNA-003455,ECK1731
RNA-003455,celG
RNA-003455,ydjC
RNA-003456,ECK2653
RNA-003456,csi-12
RNA-003456,csiD
RNA-003456,ygaT
RNA-003457,ECK1187
RNA-003457,dhaK2
RNA-003457,ycgS
RNA-003457,ysgS
RNA-003458,ECK0056
RNA-003458,yabH
RNA-003459,ECK1483
RNA-003459,dos
RNA-003459,pdeO
RNA-003459,yddU
RNA-003460,ECK2360
RNA-003461,ECK1088
RNA-003462,ECK0794
RNA-003462,ybiL
RNA-003463,ECK0507
RNA-003463,glxB5
RNA-003463,ybbZ
RNA-003464,ECK3485
RNA-003464,gorA
RNA-003465,ECK0828
RNA-003465,yliJ
RNA-003466,ECK2701
RNA-003466,gut
RNA-003466,srlM
RNA-003467,ECK0454
RNA-003468,ECK3073
RNA-003468,ygjN
RNA-003469,ECK2017
RNA-003470,ECK4363
RNA-003471,ECK0963
RNA-003472,ECK2716
RNA-003472,hevE
RNA-003473,ECK4259
RNA-003473,yjgU
RNA-003474,ECK3661
RNA-003475,ECK0023
RNA-003476,ECK0357
RNA-003476,yi21-1
RNA-003477,ECK0357
RNA-003477,yi21-4
RNA-003478,ECK0298
RNA-003479,ECK3125
RNA-003479,agaY
RNA-003479,kba
RNA-003479,yraC
RNA-003480,ECK1103
RNA-003480,ycfV
RNA-003481,ECK1615
RNA-003482,ECK0442
RNA-003482,mdl
RNA-003483,ECK4328
RNA-003483,yjiO
RNA-003484,ECK2257
RNA-003484,yfbB
RNA-003485,ECK0749
RNA-003485,chlD
RNA-003485,phrA
RNA-003486,ECK1983
RNA-003487,ECK0021
RNA-003487,antO
RNA-003487,yaaB
RNA-003488,ECK2669
RNA-003489,ECK4158
RNA-003489,yjeR
RNA-003490,ECK1010
RNA-003490,psiH
RNA-003491,ECK1369
RNA-003491,ynaD
RNA-003492,ECK0680
RNA-003493,ECK1303
RNA-003494,ECK0483
RNA-003494,ybbK
RNA-003495,ECK1354
RNA-003495,rarC
RNA-003495,ydaR
RNA-003496,ECK3156
RNA-003496,sdr-43
RNA-003496,yhbB
RNA-003497,ECK0836
RNA-003497,ybjK
RNA-003498,ECK1555
RNA-003499,ECK1071
RNA-003499,yceC
RNA-003500,ECK3649
RNA-003500,yicK
RNA-003501,ECK1255
RNA-003502,ECK2580
RNA-003502,yfiG
RNA-003503,ECK3050
RNA-003503,dan
RNA-003503,ygiP
RNA-003504,ECK3053
RNA-003504,ygjC
RNA-003504,ygjE
RNA-003505,ECK1611
RNA-003505,gusB
RNA-003505,uidP
RNA-003506,ECK1894
RNA-003506,yecG
RNA-003507,ECK0279
RNA-003508,ECK0316
RNA-003509,ECK0386
RNA-003509,yaiE
RNA-003510,ECK0421
RNA-003511,ECK0514
RNA-003511,arcC
RNA-003512,ECK0695
RNA-003513,ECK0793
RNA-003514,ECK1441
RNA-003515,ECK1465
RNA-003516,ECK1771
RNA-003517,ECK1905
RNA-003518,ECK1980
RNA-003519,ECK2066
RNA-003519,yegK
RNA-003520,ECK2082
RNA-003521,ECK2093
RNA-003522,ECK2114
RNA-003523,ECK2287
RNA-003523,yfbT
RNA-003524,ECK2288
RNA-003525,ECK2296
RNA-003526,ECK2337
RNA-003527,ECK2368
RNA-003528,ECK2404
RNA-003529,ECK2560
RNA-003530,ECK2677
RNA-003531,ECK2820
RNA-003532,ECK2976
RNA-003533,ECK3030
RNA-003534,ECK3143
RNA-003535,ECK3256
RNA-003536,ECK3458
RNA-003537,ECK3704
RNA-003538,ECK3867
RNA-003539,ECK3870
RNA-003540,ECK3882
RNA-003541,ECK4101
RNA-003541,phnA
RNA-003542,ECK4200
RNA-003543,ECK4329
RNA-003543,ECK4330
RNA-003543,b4338
RNA-003543,b4339
RNA-003543,yjiP
RNA-003543,yjiQ
RNA-003544,ECK0308
RNA-003545,ECK0495
RNA-003546,ECK1031
RNA-003547,ECK1370
RNA-003548,ECK2378
RNA-003549,ECK3003
RNA-003550,ECK4214
RNA-003550,ytfL
RNA-003551,ECK1299
RNA-003551,cog
RNA-003552,ECK0415
RNA-003553,ECK2775
RNA-003554,ECK2700
RNA-003554,gutD
RNA-003555,ECK0995
RNA-003556,ECK0261
RNA-003556,trs5-2
RNA-003556,yi52_2
RNA-003557,ECK1329
RNA-003557,ydaA
RNA-003558,ECK3515
RNA-003558,yhjL
RNA-003559,ECK0604
RNA-003559,rnsA
RNA-003560,ECK3188
RNA-003560,yrbK
RNA-003561,ECK0028
RNA-003561,lsp
RNA-003562,ECK0627
RNA-003562,rodA
RNA-003563,ECK3169
RNA-003564,ECK1281
RNA-003565,ECK3743
RNA-003565,rbsP
RNA-003565,rbsT
RNA-003566,ECK2465
RNA-003566,yffA
RNA-003567,ECK0931
RNA-003567,ycbS
RNA-003568,ECK2394
RNA-003568,gltM
RNA-003568,gluRS
RNA-003569,ECK0914
RNA-003569,kicA
RNA-003569,ycbA
RNA-003570,ECK1047
RNA-003571,ECK0843
RNA-003571,nek
RNA-003572,ECK0620
RNA-003572,ybeC
RNA-003573,ECK1978
RNA-003574,ECK3011
RNA-003575,ECK4040
RNA-003576,ECK0818
RNA-003576,spt
RNA-003576,ybiK
RNA-003577,ECK1669
RNA-003578,ECK0519
RNA-003578,syc
RNA-003579,ECK1913
RNA-003579,yecB
RNA-003580,ECK3386
RNA-003581,ECK0768
RNA-003581,dar-1
RNA-003581,dar-6
RNA-003582,ECK1798
RNA-003582,ttuC
RNA-003582,yeaU
RNA-003583,ECK4143
RNA-003583,yjeU
RNA-003584,ECK1775
RNA-003585,ECK0885
RNA-003586,ECK0084
RNA-003586,mraR
RNA-003586,yabD
RNA-003587,ECK3088
RNA-003588,ECK1829
RNA-003588,tsp
RNA-003589,ECK1537
RNA-003590,ECK1283
RNA-003590,envM
RNA-003590,gts
RNA-003590,qmeA
RNA-003591,ECK3925
RNA-003591,msgA
RNA-003592,ECK4394
RNA-003593,ECK3855
RNA-003593,resA
RNA-003594,ECK2938
RNA-003594,Pgal
RNA-003595,ECK3224
RNA-003595,hhoB
RNA-003595,htrH
RNA-003596,ECK4140
RNA-003596,yjeK
RNA-003597,ECK3165
RNA-003597,mrsA
RNA-003597,yhbF
RNA-003598,ECK1420
RNA-003599,ECK2399
RNA-003599,pRndR
RNA-003599,pndR
RNA-003599,yfeB
RNA-003600,ECK3553
RNA-003601,ECK0305
RNA-003602,ECK3232
RNA-003602,qseA
RNA-003602,yhcS
RNA-003603,ECK1332
RNA-003603,ydaH
RNA-003604,ECK3123
RNA-003604,yraA
RNA-003605,ECK3124
RNA-003605,yraB
RNA-003606,ECK4079
RNA-003606,yjcV
RNA-003607,ECK1153
RNA-003607,ymgB
RNA-003608,ECK0383
RNA-003609,ECK2710
RNA-003609,sac
RNA-003610,ECK3794
RNA-003610,atsA
RNA-003610,gppB
RNA-003611,ECK1745
RNA-003611,ydjV
RNA-003612,ECK2074
RNA-003613,ECK3516
RNA-003613,bcsC
RNA-003613,yhjM
RNA-003614,ECK0039
RNA-003614,yaaN
RNA-003615,ECK0041
RNA-003615,yaaP
RNA-003616,ECK1212
RNA-003617,ECK0611
RNA-003617,ybeO
RNA-003618,ECK0608
RNA-003618,ybdV
RNA-003619,ECK1478
RNA-003619,yddP
RNA-003620,ECK0579
RNA-003621,ECK1699
RNA-003621,ydiD
RNA-003622,ECK1470
RNA-003623,ECK4310
RNA-003624,ECK3891
RNA-003624,yiiI
RNA-003625,ECK3940
RNA-003625,yijJ
RNA-003626,ECK3944
RNA-003626,yijN
RNA-003627,ECK2795
RNA-003627,fucC
RNA-003627,prd
RNA-003628,ECK2969
RNA-003628,yghK
RNA-003629,ECK2975
RNA-003629,yghN
RNA-003630,ECK3411
RNA-003631,ECK3961
RNA-003631,tgtB
RNA-003632,ECK0143
RNA-003632,yadB
RNA-003633,ECK3675
RNA-003633,ptiC
RNA-003634,ECK3672
RNA-003634,ECK3673
RNA-003634,b3681
RNA-003634,yidM
RNA-003634,ysdC
RNA-003635,ECK2782
RNA-003635,ygcY
RNA-003636,ECK2539
RNA-003636,hcaa4
RNA-003636,phdA
RNA-003636,yfhY
RNA-003637,ECK2016
RNA-003638,ECK3382
RNA-003638,yrfD
RNA-003639,ECK0966
RNA-003640,ECK2481
RNA-003641,ECK0022
RNA-003642,ECK0299
RNA-003642,tra5-2
RNA-003643,ECK0016
RNA-003643,yi81-2
RNA-003644,ECK1234
RNA-003644,b1239
RNA-003644,b1240
RNA-003644,ychG
RNA-003645,ECK2343
RNA-003645,intC
RNA-003645,yfdB
RNA-003646,ECK0906
RNA-003646,ycaH
RNA-003647,ECK2836
RNA-003648,ECK0350
RNA-003648,yaiK
RNA-003649,ECK0720
RNA-003649,ybgG
RNA-003650,ECK0817
RNA-003650,bisB
RNA-003650,chlE
RNA-003650,narE
RNA-003651,ECK1457
RNA-003651,yddI
RNA-003652,ECK0539
RNA-003653,ECK3355
RNA-003654,ECK2670
RNA-003654,ygaD
RNA-003655,ECK1757
RNA-003655,orf135
RNA-003655,ynjG
RNA-003656,ECK1392
RNA-003656,hbdH
RNA-003656,ydbU
RNA-003657,ECK0615
RNA-003657,crcA
RNA-003657,ybeG
RNA-003658,ECK1438
RNA-003658,prr
RNA-003658,ydcW
RNA-003659,ECK1632
RNA-003659,ydgS
RNA-003660,ECK2962
RNA-003660,pheC
RNA-003661,ECK0847
RNA-003662,ECK4022
RNA-003662,yjbA
RNA-003663,ECK0515
RNA-003663,purE2
RNA-003664,ECK1291
RNA-003664,ycjJ
RNA-003665,ECK4239
RNA-003666,ECK2099
RNA-003666,yohM
RNA-003667,ECK3895
RNA-003668,ECK2240
RNA-003668,yfaW
RNA-003669,ECK4364
RNA-003670,ECK2779
RNA-003670,rumA
RNA-003670,ygcA
RNA-003671,ECK3074
RNA-003671,ygjO
RNA-003672,ECK4083
RNA-003672,alsI
RNA-003672,yjcA
RNA-003673,ECK1626
RNA-003673,ydgO
RNA-003674,ECK3408
RNA-003674,yhgB
RNA-003675,ECK0541
RNA-003675,rus
RNA-003675,ybcP
RNA-003676,ECK1288
RNA-003677,ECK1287
RNA-003678,ECK2663
RNA-003678,hnsB
RNA-003679,ECK0364
RNA-003679,ssiC
RNA-003679,yaiJ
RNA-003680,ECK0245
RNA-003681,ECK0987
RNA-003682,ECK3436
RNA-003682,psiB
RNA-003682,psiC
RNA-003682,ugp
RNA-003683,ECK1612
RNA-003683,gurA
RNA-003683,gusA
RNA-003684,ECK2493
RNA-003685,ECK3082
RNA-003685,ygjW
RNA-003686,ECK0046
RNA-003686,yabE
RNA-003687,ECK0011
RNA-003688,ECK0121
RNA-003689,ECK0224
RNA-003690,ECK0420
RNA-003691,ECK0436
RNA-003691,comEA
RNA-003692,ECK0492
RNA-003693,ECK0641
RNA-003694,ECK0692
RNA-003695,ECK0708
RNA-003696,ECK0776
RNA-003697,ECK0933
RNA-003698,ECK1041
RNA-003699,ECK1214
RNA-003699,ychP
RNA-003700,ECK1359
RNA-003701,ECK1421
RNA-003702,ECK1433
RNA-003703,ECK1521
RNA-003704,ECK1656
RNA-003704,ydhC
RNA-003705,ECK1665
RNA-003706,ECK1690
RNA-003707,ECK1694
RNA-003708,ECK1772
RNA-003709,ECK1863
RNA-003710,ECK1870
RNA-003711,ECK1967
RNA-003711,yedY
RNA-003712,ECK2153
RNA-003713,ECK2268
RNA-003714,ECK2552
RNA-003714,yfhG
RNA-003715,ECK2575
RNA-003716,ECK2599
RNA-003717,ECK2734
RNA-003718,ECK2750
RNA-003718,ygbT
RNA-003719,ECK2829
RNA-003720,ECK2925
RNA-003720,yggD
RNA-003721,ECK2951
RNA-003722,ECK2927
RNA-003722,b2931
RNA-003722,b2932
RNA-003723,ECK2964
RNA-003723,ecfB
RNA-003724,ECK3118
RNA-003725,ECK3474
RNA-003725,ECK3475
RNA-003725,b3489
RNA-003725,b3490
RNA-003725,yhiK
RNA-003726,ECK3666
RNA-003727,ECK3671
RNA-003728,ECK3758
RNA-003729,ECK3809
RNA-003729,b3814
RNA-003729,b3815
RNA-003730,ECK4004
RNA-003731,ECK4057
RNA-003731,yjcD
RNA-003732,ECK4076
RNA-003733,ECK4179
RNA-003734,ECK4324
RNA-003735,ECK4348
RNA-003735,yjjN
RNA-003736,ECK4346
RNA-003736,yjiZ
RNA-003736,yjjL
RNA-003737,ECK4386
RNA-003738,ECK4504
RNA-003739,ECK1515
RNA-003739,yneF
RNA-003740,ECK2377
RNA-003740,ypdB
RNA-003741,ECK2468
RNA-003742,ECK2546
RNA-003743,ECK2643
RNA-003744,ECK2944
RNA-003745,ECK0744
RNA-003745,gpm
RNA-003746,ECK3972
RNA-003746,mbrC
RNA-003746,prlG
RNA-003747,ECK1408
RNA-003747,ald
RNA-003748,ECK3047
RNA-003748,uppP
RNA-003749,ECK0165
RNA-003749,glnD5
RNA-003750,ECK0059
RNA-003750,yabO
RNA-003751,ECK1185
RNA-003751,osmA
RNA-003751,tre
RNA-003752,ECK3554
RNA-003753,ECK0156
RNA-003754,ECK1260
RNA-003754,trpH
RNA-003754,yciV
RNA-003755,ECK3096
RNA-003756,ECK2894
RNA-003757,ECK1812
RNA-003758,ECK3089
RNA-003759,ECK0730
RNA-003759,excC
RNA-003760,ECK3325
RNA-003760,yheB
RNA-003761,ECK1243
RNA-003761,cls
RNA-003761,nov
RNA-003761,yciJ
RNA-003762,ECK1986
RNA-003763,ECK0241
RNA-003764,ECK0830
RNA-003764,nucR
RNA-003765,ECK0258
RNA-003765,tra8-3
RNA-003766,ECK1463
RNA-003766,yddF
RNA-003767,ECK0482
RNA-003768,ECK0573
RNA-003769,ECK1378
RNA-003770,ECK1532
RNA-003771,ECK2427
RNA-003772,ECK3646
RNA-003773,ECK4021
RNA-003774,ECK3417
RNA-003775,ECK3771
RNA-003775,gppA
RNA-003776,ECK2374
RNA-003776,ddg
RNA-003777,ECK4166
RNA-003778,ECK3879
RNA-003778,rbn
RNA-003779,ECK1633
RNA-003780,ECK2989
RNA-003781,ECK3861
RNA-003781,glnT
RNA-003781,ntrC
RNA-003782,ECK0009
RNA-003782,bisD
RNA-003782,chlG
RNA-003782,mogA
RNA-003782,yaaG
RNA-003783,ECK3174
RNA-003783,rpz
RNA-003784,ECK3434
RNA-003785,ECK1090
RNA-003786,ECK1429
RNA-003786,ydcP
RNA-003787,ECK3878
RNA-003788,ECK3090
RNA-003789,ECK4379
RNA-003789,smp
RNA-003790,ECK3190
RNA-003790,yhbG
RNA-003791,ECK0715
RNA-003792,ECK3057
RNA-003792,alt
RNA-003793,ECK0910
RNA-003794,ECK4025
RNA-003795,ECK3392
RNA-003795,cry
RNA-003795,kmt
RNA-003795,ompB
RNA-003796,ECK3939
RNA-003796,frwA
RNA-003796,pt1A
RNA-003796,yijH
RNA-003797,ECK0474
RNA-003798,ECK4406
RNA-003798,deoL
RNA-003799,ECK4048
RNA-003800,ECK4266
RNA-003800,b4275
RNA-003800,b4276
RNA-003800,b4560
RNA-003800,yjgY
RNA-003801,ECK4118
RNA-003801,yjdH
RNA-003802,ECK1730
RNA-003803,ECK1213
RNA-003804,ECK0470
RNA-003804,ybaC
RNA-003805,ECK3121
RNA-003805,yhaY
RNA-003806,ECK4081
RNA-003806,yjcX
RNA-003807,ECK0556
RNA-003808,ECK4247
RNA-003809,ECK0310
RNA-003810,ECK0765
RNA-003811,ECK1708
RNA-003812,ECK0036
RNA-003813,ECK2191
RNA-003813,yejT
RNA-003813,yejU
RNA-003814,ECK1211
RNA-003815,ECK0103
RNA-003815,yacE
RNA-003816,ECK1988
RNA-003817,ECK2004
RNA-003817,phsE
RNA-003817,yeeC
RNA-003818,ECK2361
RNA-003818,dsdC
RNA-003818,yfdA
RNA-003818,yfdD
RNA-003819,ECK1008
RNA-003819,ycdO
RNA-003820,ECK3251
RNA-003820,acrS
RNA-003820,yhdK
RNA-003821,ECK4304
RNA-003821,hyp
RNA-003821,pilH
RNA-003822,ECK3248
RNA-003822,nbp
RNA-003823,ECK0044
RNA-003823,yaaS
RNA-003824,ECK0045
RNA-003824,yaaT
RNA-003825,ECK1066
RNA-003825,flaZ
RNA-003826,ECK1880
RNA-003826,flaH
RNA-003827,ECK1935
RNA-003827,fla
RNA-003827,flaAI
RNA-003827,flaN
RNA-003828,ECK3362
RNA-003828,yhfR
RNA-003829,ECK3893
RNA-003829,yiiK
RNA-003830,ECK0500
RNA-003831,ECK3862
RNA-003831,glnR
RNA-003831,ntrB
RNA-003832,ECK2551
RNA-003832,qseF
RNA-003832,yfhA
RNA-003833,ECK3203
RNA-003833,aspB
RNA-003833,ossB
RNA-003833,psiQ
RNA-003834,ECK2588
RNA-003835,ECK4312
RNA-003835,yjiB
RNA-003836,ECK0840
RNA-003836,grx
RNA-003837,ECK3319
RNA-003837,yheJ
RNA-003838,ECK2431
RNA-003838,popB
RNA-003838,sec
RNA-003839,ECK1118
RNA-003839,hslZ
RNA-003839,ycfC
RNA-003840,ECK3381
RNA-003840,yrfC
RNA-003841,ECK3379
RNA-003841,yrfA
RNA-003842,ECK2717
RNA-003842,hevD
RNA-003843,ECK2714
RNA-003843,hevG
RNA-003844,ECK2487
RNA-003845,ECK4480
RNA-003846,ECK4260
RNA-003846,yjgV
RNA-003847,ECK0357
RNA-003847,yi21-6
RNA-003848,ECK0298
RNA-003849,ECK0298
RNA-003850,ECK0299
RNA-003850,tra5-5
RNA-003851,ECK0261
RNA-003851,trs5-9
RNA-003851,yi52_9
RNA-003852,ECK0686
RNA-003852,kac
RNA-003853,ECK2841
RNA-003853,yqeE
RNA-003854,ECK3339
RNA-003854,yheR
RNA-003855,ECK1204
RNA-003856,ECK1208
RNA-003857,ECK0861
RNA-003857,ltaA
RNA-003857,ybjU
RNA-003858,ECK3569
RNA-003858,lyx
RNA-003858,sgbK
RNA-003858,xylK
RNA-003858,yiaP
RNA-003859,ECK1594
RNA-003859,ydgE
RNA-003860,ECK1442
RNA-003860,yncA
RNA-003861,ECK2202
RNA-003861,yojH
RNA-003862,ECK0913
RNA-003862,kicB
RNA-003863,ECK3354
RNA-003864,ECK1541
RNA-003864,nohQ
RNA-003865,ECK1012
RNA-003865,hmsR
RNA-003865,ycdQ
RNA-003866,ECK4098
RNA-003866,phn
RNA-003866,psiD
RNA-003867,ECK4086
RNA-003868,ECK0242
RNA-003868,ompE
RNA-003869,ECK3366
RNA-003869,yhfV
RNA-003870,ECK0107
RNA-003871,ECK2673
RNA-003871,osrA
RNA-003871,proU
RNA-003872,ECK2157
RNA-003872,pscT
RNA-003872,yeiM
RNA-003873,ECK2306
RNA-003873,ade
RNA-003873,purC
RNA-003874,ECK1292
RNA-003874,ycjK
RNA-003875,ECK2513
RNA-003875,yfgB
RNA-003876,ECK1518
RNA-003876,yneI
RNA-003877,ECK2005
RNA-003877,cpeA
RNA-003877,exoI
RNA-003877,rmuA
RNA-003877,xonA
RNA-003878,ECK0526
RNA-003879,ECK4294
RNA-003880,ECK4293
RNA-003880,yjhN
RNA-003881,ECK1337
RNA-003881,ydaL
RNA-003882,ECK3901
RNA-003883,ECK1642
RNA-003884,ECK4055
RNA-003884,marC
RNA-003885,ECK3831
RNA-003885,mttA2
RNA-003885,ysgB
RNA-003886,ECK1368
RNA-003886,ynaC
RNA-003887,ECK2347
RNA-003887,yfdJ
RNA-003888,ECK3984
RNA-003888,thiA
RNA-003889,ECK1596
RNA-003889,ydgG
RNA-003890,ECK2529
RNA-003890,yfhQ
RNA-003891,ECK2224
RNA-003891,pufX
RNA-003891,yfaB
RNA-003892,ECK3659
RNA-003893,ECK4192
RNA-003893,sgaH
RNA-003893,yjfV
RNA-003894,ECK2494
RNA-003894,uraP
RNA-003895,ECK1740
RNA-003895,ydjR
RNA-003896,ECK3605
RNA-003896,yibD
RNA-003897,ECK0128
RNA-003897,agaX
RNA-003898,ECK0139
RNA-003898,ecpD
RNA-003899,ECK0253
RNA-003900,ECK0281
RNA-003900,b4695
RNA-003900,ykgT
RNA-003901,ECK0318
RNA-003902,ECK0374
RNA-003903,ECK0450
RNA-003904,ECK0506
RNA-003904,glxB4
RNA-003905,ECK0538
RNA-003906,ECK0540
RNA-003907,ECK0571
RNA-003908,ECK0792
RNA-003909,ECK0835
RNA-003910,ECK0857
RNA-003911,ECK0897
RNA-003912,ECK1155
RNA-003912,ycgG
RNA-003913,ECK1148
RNA-003914,ECK1245
RNA-003915,ECK1491
RNA-003916,ECK1493
RNA-003917,ECK1667
RNA-003918,ECK1683
RNA-003918,ydiI
RNA-003919,ECK1696
RNA-003920,ECK1927
RNA-003921,ECK2105
RNA-003922,ECK2219
RNA-003923,ECK2299
RNA-003923,yfcI
RNA-003924,ECK2385
RNA-003925,ECK2628
RNA-003926,ECK2633
RNA-003927,ECK2853
RNA-003928,ECK2855
RNA-003928,ECK2856
RNA-003928,b2857
RNA-003928,ygeM
RNA-003929,ECK2993
RNA-003929,ECK2994
RNA-003929,b2999
RNA-003929,b3000
RNA-003929,orf_f136
RNA-003929,yghY
RNA-003930,ECK3034
RNA-003931,ECK3368
RNA-003932,ECK3467
RNA-003933,ECK3476
RNA-003934,ECK4450
RNA-003935,ECK3665
RNA-003936,ECK3676
RNA-003937,ECK3712
RNA-003938,ECK3859
RNA-003939,ECK3866
RNA-003940,ECK3869
RNA-003940,squO
RNA-003941,ECK3883
RNA-003942,ECK3935
RNA-003943,ECK4058
RNA-003944,ECK4103
RNA-003944,yjcZ
RNA-003945,ECK4182
RNA-003946,ECK4180
RNA-003947,ECK4316
RNA-003948,ECK4331
RNA-003949,ECK0304
RNA-003949,ykgD
RNA-003950,ECK0512
RNA-003950,G0-10554
RNA-003950,b0519
RNA-003950,b4507
RNA-003951,ECK1030
RNA-003952,ECK4488
RNA-003953,ECK1758
RNA-003954,ECK1955
RNA-003955,ECK2134
RNA-003956,ECK2376
RNA-003956,ypdA
RNA-003957,ECK2544
RNA-003958,ECK2647
RNA-003959,ECK2769
RNA-003959,yqcF
RNA-003960,ECK3092
RNA-003961,ECK3131
RNA-003962,ECK1860
RNA-003962,yebI
RNA-003963,ECK0993
RNA-003964,ECK2025
RNA-003964,b2031
RNA-003964,b4540
RNA-003964,yefJ
RNA-003965,ECK2090
RNA-003965,dhnA
RNA-003966,ECK3830
RNA-003966,mttA1
RNA-003966,yigT
RNA-003967,ECK0258
RNA-003967,tra8-1
RNA-003968,ECK0922
RNA-003969,ECK1502
RNA-003969,ECK1503
RNA-003969,b1509
RNA-003969,b1510
RNA-003969,orfT
RNA-003969,ydeK
RNA-003969,ydeU
RNA-003970,ECK0261
RNA-003970,trs5
RNA-003970,trs5-1
RNA-003970,yi52_1
RNA-003971,ECK4229
RNA-003972,ECK4036
RNA-003973,ECK2722
RNA-003973,hydB
RNA-003974,ECK3582
RNA-003975,ECK3618
RNA-003975,lps
RNA-003975,rfaB
RNA-003975,syn
RNA-003976,ECK3904
RNA-003976,ecf
RNA-003976,ecfB
RNA-003976,eup
RNA-003976,rssE
RNA-003976,ssd
RNA-003977,ECK3393
RNA-003978,ECK4171
RNA-003978,hflA
RNA-003979,ECK0031
RNA-003979,yaaF
RNA-003980,ECK4014
RNA-003980,yjbC
RNA-003981,ECK2730
RNA-003982,ECK2866
RNA-003983,ECK2887
RNA-003984,ECK0491
RNA-003985,ECK4051
RNA-003985,exrB
RNA-003985,lexC
RNA-003986,ECK3749
RNA-003987,ECK3884
RNA-003988,ECK2274
RNA-003989,ECK3470
RNA-003990,ECK3950
RNA-003991,ECK4106
RNA-003991,pmrA
RNA-003992,ECK0122
RNA-003992,yacK
RNA-003993,ECK2059
RNA-003993,dus
RNA-003993,paxA
RNA-003994,ECK3216
RNA-003994,yhcL
RNA-003995,ECK0639
RNA-003995,ybeS
RNA-003996,ECK3042
RNA-003996,gmhC
RNA-003996,rfaE
RNA-003996,waaE
RNA-003996,yqiF
RNA-003997,ECK0358
RNA-003997,yi22-4
RNA-003998,ECK0048
RNA-003998,trkC
RNA-003999,ECK1366
RNA-003999,b1369
RNA-003999,b1371
RNA-004000,ECK2254
RNA-004001,ECK2322
RNA-004002,ECK4300
RNA-004002,yjhS
RNA-004003,ECK1215
RNA-004003,frdR
RNA-004003,narR
RNA-004004,ECK2413
RNA-004004,pdxL
RNA-004004,yfeI
RNA-004005,ECK1597
RNA-004006,ECK0403
RNA-004007,ECK0145
RNA-004007,sfs
RNA-004007,sfs1
RNA-004008,ECK0924
RNA-004008,ycbE
RNA-004009,ECK3596
RNA-004009,yibK
RNA-004010,ECK1258
RNA-004010,anth
RNA-004010,tryD
RNA-004010,tryp-4
RNA-004011,ECK3433
RNA-004012,ECK2054
RNA-004013,ECK0134
RNA-004014,ECK0226
RNA-004015,ECK0651
RNA-004016,ECK3099
RNA-004016,b3108
RNA-004016,b3109
RNA-004016,yhaM
RNA-004016,yhaN
RNA-004017,ECK0064
RNA-004018,ECK4137
RNA-004018,groEL
RNA-004018,mopA
RNA-004019,ECK2462
RNA-004019,yffH
RNA-004020,ECK2463
RNA-004020,yffG
RNA-004021,ECK0257
RNA-004021,ECK4274
RNA-004021,ECK4275
RNA-004021,ECK4476
RNA-004021,b4283
RNA-004021,b4285
RNA-004021,b4562
RNA-004021,insN2
RNA-004021,insO2
RNA-004021,yi91
RNA-004021,yi91b
RNA-004021,yjhW
RNA-004022,ECK1196
RNA-004022,ipk
RNA-004022,ychB
RNA-004023,ECK3633
RNA-004024,ECK4349
RNA-004024,mdoB
RNA-004024,yjjO
RNA-004025,ECK2790
RNA-004025,ygdH
RNA-004026,ECK2813
RNA-004026,ygdN
RNA-004027,ECK0481
RNA-004027,copR
RNA-004027,ybbI
RNA-004028,ECK1922
RNA-004028,H
RNA-004028,flaF
RNA-004028,hag
RNA-004029,ECK2384
RNA-004030,ECK2724
RNA-004030,hydF
RNA-004031,ECK0022
RNA-004032,ECK1117
RNA-004032,ade
RNA-004032,ade(h)
RNA-004033,ECK1864
RNA-004034,ECK1036
RNA-004035,ECK3805
RNA-004036,ECK2275
RNA-004037,ECK0478
RNA-004037,ybaR
RNA-004038,ECK0829
RNA-004039,ECK1647
RNA-004040,ECK3194
RNA-004040,yhbJ
RNA-004041,ECK0183
RNA-004041,polC
RNA-004041,sdgC
RNA-004042,ECK0964
RNA-004043,ECK2106
RNA-004044,ECK1113
RNA-004045,ECK1599
RNA-004046,ECK3464
RNA-004046,hydC
RNA-004046,hydD
RNA-004047,ECK2116
RNA-004048,ECK2198
RNA-004048,yojC
RNA-004048,yojD
RNA-004048,yojE
RNA-004049,ECK2276
RNA-004050,ECK3234
RNA-004050,b3245
RNA-004050,b3246
RNA-004050,yhdQ
RNA-004050,yhdR
RNA-004051,ECK2184
RNA-004052,ECK3230
RNA-004052,yhcQ
RNA-004053,ECK2205
RNA-004054,ECK3062
RNA-004054,air
RNA-004054,yqjJ
RNA-004055,ECK0510
RNA-004055,glxB8
RNA-004055,ylbC
RNA-004056,ECK4080
RNA-004056,yjcW
RNA-004057,ECK2251
RNA-004057,yfbW
RNA-004058,ECK3488
RNA-004058,arsG
RNA-004059,ECK4244
RNA-004059,yjgJ
RNA-004060,ECK1475
RNA-004060,yddX
RNA-004061,ECK0311
RNA-004062,ECK1884
RNA-004063,ECK1883
RNA-004064,ECK1739
RNA-004064,ydjQ
RNA-004065,ECK0606
RNA-004065,ybdT
RNA-004066,ECK0605
RNA-004066,ybdS
RNA-004067,ECK0607
RNA-004067,ybdU
RNA-004068,ECK2928
RNA-004069,ECK2043
RNA-004069,manC
RNA-004069,mni
RNA-004069,rfbM
RNA-004070,ECK4392
RNA-004070,cet
RNA-004070,refII
RNA-004071,ECK1023
RNA-004072,ECK1552
RNA-004073,ECK0567
RNA-004073,ybdE
RNA-004074,ECK3356
RNA-004075,ECK3684
RNA-004075,b3692
RNA-004075,yidU
RNA-004076,ECK0227
RNA-004076,sosA
RNA-004077,ECK0288
RNA-004077,matF
RNA-004077,yagV
RNA-004078,ECK2940
RNA-004079,ECK0586
RNA-004079,fepF
RNA-004080,ECK2433
RNA-004080,yffI
RNA-004081,ECK4278
RNA-004082,ECK4282
RNA-004083,ECK0580
RNA-004084,ECK0150
RNA-004085,ECK0043
RNA-004085,yaaR
RNA-004086,ECK1059
RNA-004086,flaW
RNA-004087,ECK1065
RNA-004087,flaM
RNA-004088,ECK3166
RNA-004088,dhpS
RNA-004089,ECK0354
RNA-004089,yaiN
RNA-004090,ECK3892
RNA-004090,yiiJ
RNA-004091,ECK2796
RNA-004092,ECK2799
RNA-004093,ECK2657
RNA-004094,ECK2973
RNA-004094,b2978
RNA-004094,gox
RNA-004094,yghL
RNA-004095,ECK0799
RNA-004096,ECK0502
RNA-004096,glxB1
RNA-004096,ybbQ
RNA-004097,ECK0223
RNA-004097,lpcA
RNA-004097,tfrA
RNA-004097,yafI
RNA-004098,ECK1544
RNA-004098,ydfY
RNA-004099,ECK3313
RNA-004099,yheG
RNA-004100,ECK3315
RNA-004100,hofG
RNA-004100,hopG
RNA-004101,ECK0864
RNA-004101,priS
RNA-004101,ybjW
RNA-004102,ECK1501
RNA-004103,ECK2013
RNA-004104,ECK3380
RNA-004104,yrfB
RNA-004105,ECK1376
RNA-004105,ydbI
RNA-004106,ECK0967
RNA-004107,ECK2718
RNA-004107,hevC
RNA-004108,ECK2479
RNA-004109,ECK2483
RNA-004110,ECK2485
RNA-004111,ECK2723
RNA-004112,ECK0023
RNA-004113,ECK3546
RNA-004113,dinS
RNA-004113,t150
RNA-004113,yi5B
RNA-004114,ECK0266
RNA-004114,ECK4473
RNA-004114,ykgN
RNA-004115,ECK0684
RNA-004115,kac
RNA-004116,ECK3741
RNA-004116,trkD
RNA-004117,ECK0073
RNA-004118,ECK3163
RNA-004119,ECK0453
RNA-004119,ylaD
RNA-004120,ECK1523
RNA-004120,cfxB
RNA-004120,inaR
RNA-004120,soxQ
RNA-004121,ECK2070
RNA-004121,yegM
RNA-004122,ECK2073
RNA-004122,iceT
RNA-004122,yegB
RNA-004123,ECK4073
RNA-004123,sdsP
RNA-004123,yjcP
RNA-004124,ECK2131
RNA-004124,ECK2132
RNA-004124,b2138
RNA-004124,yohG
RNA-004124,yohH
RNA-004125,ECK0752
RNA-004126,ECK3214
RNA-004127,ECK1331
RNA-004128,ECK2852
RNA-004128,ygeJ
RNA-004129,ECK0256
RNA-004130,ECK3943
RNA-004130,yijM
RNA-004131,ECK1013
RNA-004131,hmsF
RNA-004131,ycdR
RNA-004132,ECK0756
RNA-004132,ybhE
RNA-004133,ECK4128
RNA-004133,pheR
RNA-004133,pheW
RNA-004134,ECK4091
RNA-004135,ECK4087
RNA-004136,ECK0543
RNA-004136,ybcQ
RNA-004137,ECK2818
RNA-004138,ECK3896
RNA-004139,ECK0850
RNA-004139,rumB
RNA-004139,ybjF
RNA-004140,ECK1263
RNA-004140,yciL
RNA-004141,ECK3406
RNA-004141,b3419
RNA-004141,b3420
RNA-004141,yhgJ
RNA-004141,yhgK
RNA-004142,ECK2137
RNA-004142,sfiXSt
RNA-004142,yeiF
RNA-004143,ECK1286
RNA-004143,trkE
RNA-004144,ECK2003
RNA-004144,dgi
RNA-004144,gyrI
RNA-004144,yeeB
RNA-004145,ECK2916
RNA-004145,ygfH
RNA-004146,ECK4054
RNA-004147,ECK1680
RNA-004147,ydiC
RNA-004148,ECK0362
RNA-004148,ssiA
RNA-004148,yaiR
RNA-004149,ECK0553
RNA-004149,ybcX
RNA-004150,ECK3983
RNA-004150,thiG1
RNA-004151,ECK1246
RNA-004151,T1rec
RNA-004151,exbA
RNA-004152,ECK3641
RNA-004152,spoU
RNA-004153,ECK2785
RNA-004153,yqcB
RNA-004154,ECK3454
RNA-004154,sirA
RNA-004154,yhhP
RNA-004155,ECK1171
RNA-004156,ECK1371
RNA-004156,UP03
RNA-004156,ynaF
RNA-004156,yzzL
RNA-004157,ECK2038
RNA-004157,yefL
RNA-004158,ECK2864
RNA-004158,ygeU
RNA-004159,ECK0135
RNA-004160,ECK0137
RNA-004161,ECK0193
RNA-004161,yaeK
RNA-004162,ECK0319
RNA-004163,ECK0406
RNA-004164,ECK0448
RNA-004164,atl
RNA-004165,ECK0595
RNA-004166,ECK0690
RNA-004167,ECK0759
RNA-004168,ECK0907
RNA-004168,alkZ
RNA-004169,ECK1020
RNA-004170,ECK1169
RNA-004171,ECK1308
RNA-004172,ECK1313
RNA-004173,ECK1428
RNA-004173,ydcN
RNA-004174,ECK1498
RNA-004174,fmlC
RNA-004175,ECK1565
RNA-004176,ECK1554
RNA-004177,ECK1643
RNA-004178,ECK1666
RNA-004179,ECK1703
RNA-004180,ECK1687
RNA-004181,ECK1868
RNA-004182,ECK1932
RNA-004182,ECK1933
RNA-004182,b1933
RNA-004182,b1934
RNA-004182,b1935
RNA-004182,yedM
RNA-004183,ECK4437
RNA-004184,ECK1995
RNA-004185,ECK2063
RNA-004186,ECK2067
RNA-004187,ECK2112
RNA-004187,yehN
RNA-004187,yehO
RNA-004188,ECK2113
RNA-004189,ECK2327
RNA-004190,ECK2367
RNA-004191,ECK2348
RNA-004192,ECK2414
RNA-004193,ECK2403
RNA-004194,ECK2440
RNA-004195,ECK2629
RNA-004196,ECK2749
RNA-004196,ygbF
RNA-004197,ECK2733
RNA-004198,ECK2763
RNA-004199,ECK2765
RNA-004200,ECK2857
RNA-004201,ECK2948
RNA-004202,ECK2992
RNA-004203,ECK3068
RNA-004204,ECK3142
RNA-004205,ECK3205
RNA-004206,ECK3249
RNA-004207,ECK3280
RNA-004208,ECK3250
RNA-004209,ECK3342
RNA-004210,ECK3585
RNA-004211,ECK3587
RNA-004212,ECK4440
RNA-004213,ECK3654
RNA-004214,ECK3668
RNA-004215,ECK3669
RNA-004216,ECK3807
RNA-004217,ECK3814
RNA-004218,ECK3936
RNA-004219,ECK4003
RNA-004220,ECK4428
RNA-004221,ECK4052
RNA-004222,ECK4154
RNA-004223,ECK4267
RNA-004224,ECK4271
RNA-004225,ECK4372
RNA-004225,yjjH
RNA-004226,ECK4358
RNA-004227,ECK0246
RNA-004228,ECK4397
RNA-004229,ECK4441
RNA-004230,ECK1016
RNA-004231,ECK1183
RNA-004231,tag
RNA-004232,ECK1365
RNA-004232,tmpR
RNA-004233,ECK1402
RNA-004234,ECK1545
RNA-004235,ECK1719
RNA-004236,ECK1791
RNA-004237,ECK1818
RNA-004238,ECK1970
RNA-004239,ECK2129
RNA-004240,ECK2380
RNA-004241,ECK2786
RNA-004242,ECK3091
RNA-004243,ECK3132
RNA-004244,ECK4442
RNA-004245,ECK4208
RNA-004246,ECK2375
RNA-004246,yfdZ
RNA-004247,ECK4047
RNA-004247,hobH
RNA-004247,yjbP
RNA-004248,ECK3910
RNA-004249,ECK3114
RNA-004249,yhaF
RNA-004250,ECK3989
RNA-004251,ECK3237
RNA-004252,ECK4292
RNA-004252,yjhM
RNA-004253,ECK3217
RNA-004254,ECK3832
RNA-004254,mttB
RNA-004254,yigU
RNA-004254,yigV
RNA-004255,ECK0066
RNA-004256,ECK0781
RNA-004257,ECK2061
RNA-004257,yegE
RNA-004258,ECK2171
RNA-004259,ECK2286
RNA-004260,ECK3044
RNA-004261,ECK3300
RNA-004262,ECK3739
RNA-004262,yieD
RNA-004262,yieD_1
RNA-004262,yieD_2
RNA-004262,yieM
RNA-004263,ECK1035
RNA-004263,mdoA
RNA-004263,mdoH
RNA-004264,ECK1320
RNA-004264,yzzJ
RNA-004265,ECK2310
RNA-004265,dedB
RNA-004265,usg
RNA-004266,ECK3403
RNA-004266,malA
RNA-004267,ECK4013
RNA-004268,ECK3404
RNA-004268,blu
RNA-004268,malA
RNA-004269,ECK2988
RNA-004270,ECK2445
RNA-004271,ECK4109
RNA-004272,ECK2549
RNA-004272,fsrB
RNA-004272,hmpA
RNA-004273,ECK0940
RNA-004273,ycbH
RNA-004273,ycbI
RNA-004274,ECK0859
RNA-004275,ECK2007
RNA-004275,yeeE
RNA-004276,ECK2838
RNA-004277,ECK0683
RNA-004277,kac
RNA-004278,ECK0003
RNA-004279,ECK3645
RNA-004280,ECK3803
RNA-004281,ECK3958
RNA-004281,bfe
RNA-004281,cer
RNA-004282,ECK3680
RNA-004282,ecfI
RNA-004283,ECK2223
RNA-004283,hisW
RNA-004283,nalA
RNA-004283,nfxA
RNA-004283,norA
RNA-004283,parD
RNA-004284,ECK3299
RNA-004285,ECK0062
RNA-004286,ECK0445
RNA-004286,ybaG
RNA-004287,ECK1707
RNA-004288,ECK2522
RNA-004289,ECK0152
RNA-004290,ECK3334
RNA-004290,yzzS
RNA-004291,ECK2297
RNA-004292,ECK4067
RNA-004292,yjcL
RNA-004293,ECK1846
RNA-004293,tlp
RNA-004294,ECK1051
RNA-004294,tcp
RNA-004295,ECK1257
RNA-004295,trpGD
RNA-004296,ECK1417
RNA-004297,ECK1577
RNA-004298,ECK1806
RNA-004299,ECK3035
RNA-004300,ECK1218
RNA-004300,chlC
RNA-004300,narC
RNA-004301,ECK2931
RNA-004301,yggG
RNA-004302,ECK1816
RNA-004302,pel
RNA-004302,ptsP
RNA-004302,ptsX
RNA-004303,ECK3607
RNA-004304,ECK3460
RNA-004304,hydC
RNA-004304,hydD
RNA-004305,ECK2211
RNA-004306,ECK4164
RNA-004306,yjeE
RNA-004307,ECK0063
RNA-004308,ECK0731
RNA-004308,ybgF
RNA-004309,ECK4173
RNA-004309,adeK
RNA-004310,ECK3298
RNA-004310,neaA
RNA-004311,ECK3414
RNA-004311,glgY
RNA-004312,ECK3707
RNA-004312,purP
RNA-004312,yieG
RNA-004313,ECK2815
RNA-004313,hopE
RNA-004314,ECK2035
RNA-004314,rmlB
RNA-004314,som
RNA-004315,ECK4388
RNA-004315,cbpB
RNA-004315,robA
RNA-004316,ECK3236
RNA-004317,ECK0257
RNA-004317,b0255
RNA-004317,b0257
RNA-004317,yi91a
RNA-004318,ECK2698
RNA-004318,gutA
RNA-004318,gutE
RNA-004318,sbl
RNA-004318,srlA
RNA-004318,srlA-2
RNA-004319,ECK0051
RNA-004320,ECK0852
RNA-004321,ECK2418
RNA-004322,ECK1560
RNA-004323,ECK2162
RNA-004323,fpr
RNA-004323,fruF
RNA-004324,ECK3890
RNA-004324,yiiH
RNA-004325,ECK0822
RNA-004325,yliD
RNA-004326,ECK3072
RNA-004326,ygjM
RNA-004327,ECK2482
RNA-004328,ECK0023
RNA-004329,ECK3182
RNA-004329,yrbD
RNA-004330,ECK3653
RNA-004330,yicM
RNA-004331,ECK0561
RNA-004332,ECK0410
RNA-004332,groNB
RNA-004332,ssaD
RNA-004332,ssyB
RNA-004333,ECK4515
RNA-004334,ECK1834
RNA-004334,yebU
RNA-004335,ECK3371
RNA-004336,ECK2740
RNA-004336,ygbO
RNA-004337,ECK0783
RNA-004338,ECK0814
RNA-004338,pflE
RNA-004339,ECK0839
RNA-004340,ECK0994
RNA-004341,ECK1619
RNA-004342,ECK2600
RNA-004343,ECK3628
RNA-004343,radC
RNA-004344,ECK3821
RNA-004344,yigM
RNA-004345,ECK0307
RNA-004346,ECK1108
RNA-004347,ECK1859
RNA-004347,yebM
RNA-004348,ECK4150
RNA-004349,ECK1531
RNA-004350,ECK0400
RNA-004350,vacC
RNA-004350,vacC(S.f.)
RNA-004351,ECK2933
RNA-004352,ECK3841
RNA-004353,ECK0353
RNA-004353,adhC
RNA-004354,ECK0657
RNA-004354,metT-beta
RNA-004354,metTbeta
RNA-004355,ECK2170
RNA-004355,rtn
RNA-004356,ECK1367
RNA-004356,ynaB
RNA-004357,ECK3785
RNA-004357,b4404
RNA-004357,b4405
RNA-004357,rff
RNA-004357,rffT
RNA-004357,yifM
RNA-004358,ECK0951
RNA-004359,ECK1052
RNA-004360,ECK1437
RNA-004361,ECK3146
RNA-004361,yhbU
RNA-004362,ECK4318
RNA-004362,qseD
RNA-004362,yjiE
RNA-004363,ECK3139
RNA-004364,ECK1877
RNA-004364,lov
RNA-004364,lov-1
RNA-004365,ECK3926
RNA-004366,ECK2839
RNA-004367,ECK3963
RNA-004368,ECK4110
RNA-004368,adi
RNA-004369,ECK3323
RNA-004370,ECK2679
RNA-004371,ECK2995
RNA-004371,mgrA
RNA-004371,yghZ
RNA-004372,ECK2258
RNA-004373,ECK1634
RNA-004374,ECK0220
RNA-004375,ECK1916
RNA-004375,yecC
RNA-004376,ECK2943
RNA-004377,ECK0054
RNA-004378,ECK2889
RNA-004378,xprB
RNA-004379,ECK4146
RNA-004379,ampA
RNA-004380,ECK0090
RNA-004381,ECK3643
RNA-004381,gltC
RNA-004382,ECK3975
RNA-004382,rpy
RNA-004383,ECK4387
RNA-004383,gpmB
RNA-004384,ECK2903
RNA-004385,ECK3953
RNA-004385,momR
RNA-004385,mor
RNA-004386,ECK2691
RNA-004386,zfiA
RNA-004387,ECK1709
RNA-004388,ECK2680
RNA-004389,ECK1845
RNA-004389,yobC
RNA-004390,ECK3372
RNA-004390,yhfE
RNA-004391,ECK1085
RNA-004392,ECK1721
RNA-004393,ECK3373
RNA-004393,dod
RNA-004393,yhfD
RNA-004394,ECK1092
RNA-004394,ycfN
RNA-004395,ECK0127
RNA-004396,ECK0701
RNA-004396,ybgK
RNA-004397,ECK4037
RNA-004398,ECK3459
RNA-004398,yhhU
RNA-004399,ECK0751
RNA-004399,ybhT
RNA-004400,ECK3122
RNA-004400,yhaZ
RNA-004401,ECK2914
RNA-004401,ygfD
RNA-004402,ECK0529
RNA-004402,dnaY
RNA-004402,pin
RNA-004403,ECK2689
RNA-004403,argValpha
RNA-004404,ECK1744
RNA-004404,ydjU
RNA-004405,ECK2216
RNA-004406,ECK0764
RNA-004407,ECK2755
RNA-004407,cse1
RNA-004407,ygcL
RNA-004408,ECK2751
RNA-004408,cas6e
RNA-004408,cse3
RNA-004408,ygcH
RNA-004409,ECK2192
RNA-004409,yejV
RNA-004410,ECK1210
RNA-004411,ECK1732
RNA-004411,celF
RNA-004411,ydjD
RNA-004412,ECK0670
RNA-004412,ybfN
RNA-004413,ECK3023
RNA-004413,icc
RNA-004414,ECK1029
RNA-004414,ycdE
RNA-004415,ECK1482
RNA-004415,vanX
RNA-004415,yddT
RNA-004416,ECK3693
RNA-004417,ECK3528
RNA-004418,ECK1950
RNA-004419,ECK3067
RNA-004420,ECK1007
RNA-004420,b1016
RNA-004420,b1017
RNA-004420,ycdN
RNA-004421,ECK0929
RNA-004421,ycbQ
RNA-004422,ECK0930
RNA-004422,ycbR
RNA-004423,ECK2364
RNA-004424,ECK0589
RNA-004425,ECK0584
RNA-004425,ybdA
RNA-004426,ECK0545
RNA-004426,vlyS
RNA-004426,ybcR
RNA-004427,ECK2446
RNA-004427,yffT
RNA-004428,ECK2435
RNA-004429,ECK2447
RNA-004429,yffU
RNA-004430,ECK2434
RNA-004430,yffJ
RNA-004431,ECK4280
RNA-004432,ECK0583
RNA-004433,ECK0582
RNA-004434,ECK0151
RNA-004435,ECK1058
RNA-004435,flbA
RNA-004436,ECK1060
RNA-004436,flaV
RNA-004437,ECK1063
RNA-004437,flaL
RNA-004438,ECK1938
RNA-004438,flaAII.3
RNA-004438,flaBIII
RNA-004439,ECK3941
RNA-004439,yijK
RNA-004440,ECK3113
RNA-004440,yhaE
RNA-004441,ECK2550
RNA-004442,ECK4000
RNA-004442,tgtE
RNA-004443,ECK4160
RNA-004443,glyVbeta
RNA-004444,ECK3316
RNA-004444,hofH
RNA-004444,hopH
RNA-004445,ECK3317
RNA-004445,yheH
RNA-004446,ECK2783
RNA-004446,gudT
RNA-004446,ygcZ
RNA-004447,ECK2536
RNA-004447,digB
RNA-004447,hcaA
RNA-004447,hcaA2
RNA-004447,hcaB
RNA-004447,phdC2
RNA-004447,yfhV
RNA-004448,ECK1966
RNA-004448,yedX
RNA-004449,ECK0574
RNA-004449,ybdY
RNA-004450,ECK1843
RNA-004451,ECK3388
RNA-004451,yrfI
RNA-004452,ECK2715
RNA-004452,hevF
RNA-004453,ECK2869
RNA-004453,ygeZ
RNA-004454,ECK1146
RNA-004455,ECK4273
RNA-004456,ECK1425
RNA-004456,b4530
RNA-004456,b4531
RNA-004456,insP
RNA-004457,ECK1934
RNA-004458,ECK3902
RNA-004459,ECK0231
RNA-004459,mbhA
RNA-004460,ECK0074
RNA-004461,ECK1508
RNA-004461,ydeZ
RNA-004462,ECK0795
RNA-004462,ybiM
RNA-004463,ECK1050
RNA-004463,yceL
RNA-004464,ECK4074
RNA-004464,sdsQ
RNA-004464,yjcQ
RNA-004465,ECK3822
RNA-004466,ECK0263
RNA-004466,yagD
RNA-004467,ECK3087
RNA-004467,ecfM
RNA-004467,yqjB
RNA-004468,ECK1461
RNA-004468,chlZ
RNA-004469,ECK3990
RNA-004469,yjaF
RNA-004470,ECK0552
RNA-004470,nohB
RNA-004471,ECK2705
RNA-004471,ygaI
RNA-004471,ygaJ
RNA-004471,ygaK
RNA-004472,ECK2706
RNA-004472,ygaL
RNA-004472,ygbD
RNA-004473,ECK4066
RNA-004473,yjcK
RNA-004474,ECK2244
RNA-004474,yfaO
RNA-004475,ECK1389
RNA-004475,ydbR
RNA-004476,ECK1390
RNA-004476,ydbR
RNA-004476,ydbS
RNA-004477,ECK1384
RNA-004477,maoC
RNA-004477,ydbN
RNA-004478,ECK4093
RNA-004479,ECK4092
RNA-004480,ECK4089
RNA-004481,ECK4088
RNA-004482,ECK0697
RNA-004482,phrB
RNA-004483,ECK3009
RNA-004483,parF
RNA-004484,ECK1112
RNA-004485,ECK0243
RNA-004485,pro(2)
RNA-004485,pro2
RNA-004486,ECK2672
RNA-004486,osrA
RNA-004486,proU
RNA-004487,ECK4042
RNA-004487,YjbO
RNA-004487,yjbO
RNA-004488,ECK3720
RNA-004488,phoW
RNA-004489,ECK3632
RNA-004490,ECK2760
RNA-004490,sscR
RNA-004490,ygcM
RNA-004491,ECK0229
RNA-004491,yafM
RNA-004492,ECK2262
RNA-004492,ecoZ
RNA-004492,elaC
RNA-004492,rnz
RNA-004492,zipD
RNA-004493,ECK0388
RNA-004493,yaiD
RNA-004494,ECK2563
RNA-004495,ECK1346
RNA-004496,ECK2693
RNA-004496,oraA
RNA-004497,ECK3897
RNA-004498,ECK3898
RNA-004498,rhaC2
RNA-004499,ECK0546
RNA-004499,lycV
RNA-004499,ybcS
RNA-004500,ECK4362
RNA-004500,yjjT
RNA-004501,ECK1576
RNA-004502,ECK1000
RNA-004502,ycdJ
RNA-004503,ECK1681
RNA-004503,IS082
RNA-004503,Tpe7
RNA-004504,ECK1360
RNA-004504,ydaX
RNA-004505,ECK2915
RNA-004505,ygfG
RNA-004506,ECK1915
RNA-004507,ECK3177
RNA-004507,nlp
RNA-004507,sfs7
RNA-004508,ECK0070
RNA-004508,yabN
RNA-004509,ECK3335
RNA-004510,ECK2699
RNA-004510,gutB
RNA-004511,ECK0925
RNA-004511,ycbM
RNA-004512,ECK0928
RNA-004512,ssi4
RNA-004512,ycbP
RNA-004513,ECK1540
RNA-004513,ydfN
RNA-004514,ECK1678
RNA-004514,ynhD
RNA-004515,ECK4337
RNA-004515,dinL
RNA-004515,sosC
RNA-004515,yjiW
RNA-004516,ECK1539
RNA-004516,ydfM
RNA-004517,ECK0555
RNA-004517,ylcE
RNA-004518,ECK3986
RNA-004519,ECK3985
RNA-004519,thiA
RNA-004520,ECK3982
RNA-004520,thiB
RNA-004521,ECK3970
RNA-004522,ECK4427
RNA-004522,ysdB
RNA-004523,ECK0726
RNA-004523,fii
RNA-004523,tolP
RNA-004524,ECK1254
RNA-004524,try
RNA-004524,tryp
RNA-004525,ECK0879
RNA-004525,trxR
RNA-004526,ECK2060
RNA-004527,ECK3435
RNA-004528,ECK4191
RNA-004528,ptxA
RNA-004528,sgaA
RNA-004528,yjfU
RNA-004529,ECK2051
RNA-004530,ECK2050
RNA-004531,ECK2041
RNA-004532,ECK2039
RNA-004533,ECK2055
RNA-004534,ECK2401
RNA-004534,pndA
RNA-004535,ECK2400
RNA-004536,ECK0013
RNA-004537,ECK0210
RNA-004538,ECK0268
RNA-004539,ECK0272
RNA-004540,ECK0277
RNA-004541,ECK0317
RNA-004542,ECK0370
RNA-004542,yaiV
RNA-004543,ECK0477
RNA-004544,ECK0484
RNA-004544,ybbL
RNA-004545,ECK0485
RNA-004545,ybbM
RNA-004546,ECK0640
RNA-004547,ECK4436
RNA-004548,ECK0693
RNA-004549,ECK0706
RNA-004550,ECK0762
RNA-004551,ECK0777
RNA-004552,ECK0804
RNA-004552,ybiP
RNA-004553,ECK0813
RNA-004553,pflF
RNA-004554,ECK0833
RNA-004555,ECK0844
RNA-004556,ECK0849
RNA-004557,ECK0868
RNA-004558,ECK0934
RNA-004559,ECK0952
RNA-004560,ECK1099
RNA-004560,ycfS
RNA-004561,ECK1312
RNA-004561,pgmB
RNA-004562,ECK1356
RNA-004563,ECK1364
RNA-004564,ECK1454
RNA-004565,ECK1440
RNA-004566,ECK1456
RNA-004567,ECK1566
RNA-004568,ECK1549
RNA-004569,ECK1689
RNA-004570,ECK1693
RNA-004571,ECK1774
RNA-004572,ECK1792
RNA-004572,yeaP
RNA-004573,ECK1799
RNA-004574,ECK1800
RNA-004575,ECK1869
RNA-004576,ECK1961
RNA-004576,yedR
RNA-004577,ECK1968
RNA-004577,yedZ
RNA-004578,ECK2080
RNA-004579,ECK2102
RNA-004580,ECK2173
RNA-004581,ECK2175
RNA-004582,ECK2264
RNA-004583,ECK2265
RNA-004584,ECK2266
RNA-004585,ECK2329
RNA-004586,ECK2354
RNA-004587,ECK2371
RNA-004588,ECK2439
RNA-004589,ECK2642
RNA-004590,ECK2674
RNA-004590,ECK2675
RNA-004590,b2680
RNA-004590,ygaX
RNA-004591,ECK2732
RNA-004592,ECK2768
RNA-004593,ECK2867
RNA-004594,ECK2979
RNA-004595,ECK2980
RNA-004596,ECK3109
RNA-004597,ECK3221
RNA-004597,yhcM
RNA-004598,ECK3337
RNA-004599,ECK3357
RNA-004600,ECK3367
RNA-004601,ECK3457
RNA-004602,ECK3510
RNA-004602,yhjH
RNA-004603,ECK3572
RNA-004603,yiaS
RNA-004604,ECK3578
RNA-004605,ECK3581
RNA-004606,ECK3586
RNA-004607,ECK4449
RNA-004608,ECK4456
RNA-004608,erhM
RNA-004608,rhuM
RNA-004609,ECK3667
RNA-004610,ECK3865
RNA-004611,ECK3872
RNA-004611,squR
RNA-004612,ECK3873
RNA-004612,squS
RNA-004613,ECK4121
RNA-004613,yjdK
RNA-004614,ECK4122
RNA-004614,yjdO
RNA-004615,ECK4152
RNA-004616,ECK4153
RNA-004617,ECK4172
RNA-004618,ECK4177
RNA-004619,ECK4181
RNA-004620,ECK4249
RNA-004621,ECK4272
RNA-004622,ECK4288
RNA-004623,ECK4332
RNA-004624,ECK4365
RNA-004625,ECK4355
RNA-004626,ECK4458
RNA-004627,ECK0513
RNA-004628,ECK1158
RNA-004629,ECK4403
RNA-004630,ECK1513
RNA-004631,ECK1581
RNA-004632,ECK4451
RNA-004633,ECK2135
RNA-004634,ECK2203
RNA-004634,yojJ
RNA-004635,ECK2405
RNA-004636,ECK2386
RNA-004637,ECK2469
RNA-004638,ECK2847
RNA-004639,ECK3060
RNA-004639,yqjH
RNA-004640,ECK3429
RNA-004641,ECK4430
RNA-004642,ECK3243
RNA-004642,fabG
RNA-004643,ECK2898
RNA-004644,ECK0173
RNA-004644,rth
RNA-004644,uppS
RNA-004644,yaeS
RNA-004645,ECK3932
RNA-004645,metM
RNA-004646,ECK2904
RNA-004647,ECK3835
RNA-004647,yigC
RNA-004647,yigY
RNA-004648,ECK1587
RNA-004648,mriT
RNA-004648,ynfJ
RNA-004649,ECK2801
RNA-004649,ygdE
RNA-004650,ECK2696
RNA-004650,slt
RNA-004651,ECK0789
RNA-004652,ECK3689
RNA-004653,ECK3241
RNA-004653,acuI
RNA-004654,ECK3226
RNA-004654,Rarg
RNA-004654,xerA
RNA-004655,ECK1230
RNA-004655,hnr
RNA-004655,sprE
RNA-004655,ychL
RNA-004656,ECK3579
RNA-004656,fdhA
RNA-004657,ECK1084
RNA-004657,ycfG
RNA-004658,ECK2031
RNA-004658,wzx
RNA-004658,wzxB
RNA-004659,ECK0490
RNA-004660,ECK2230
RNA-004661,ECK3152
RNA-004661,bfl
RNA-004662,ECK1871
RNA-004662,yecO
RNA-004663,ECK3497
RNA-004663,yhiU
RNA-004664,ECK2935
RNA-004665,ECK3931
RNA-004665,met-1
RNA-004666,ECK3692
RNA-004666,uvrF
RNA-004667,ECK0359
RNA-004667,b0359
RNA-004667,b0362
RNA-004667,yaiF
RNA-004668,ECK3683
RNA-004668,yidT
RNA-004669,ECK0642
RNA-004669,hsc56
RNA-004669,hscD
RNA-004669,ybeV
RNA-004670,ECK3004
RNA-004670,yqhE
RNA-004671,ECK2721
RNA-004672,ECK1180
RNA-004672,ycgQ
RNA-004673,ECK0882
RNA-004673,lplA
RNA-004673,yzzV
RNA-004674,ECK0954
RNA-004674,mgs
RNA-004674,yccG
RNA-004675,ECK0750
RNA-004675,chlD
RNA-004675,modR
RNA-004676,ECK2424
RNA-004676,yfeV
RNA-004677,ECK3353
RNA-004678,ECK0786
RNA-004679,ECK3482
RNA-004679,yhiQ
RNA-004680,ECK2878
RNA-004680,ygfO
RNA-004681,ECK1086
RNA-004682,ECK1253
RNA-004683,ECK1769
RNA-004684,ECK1779
RNA-004685,ECK1994
RNA-004686,ECK2880
RNA-004686,b2884
RNA-004686,b2885
RNA-004686,ygfQ
RNA-004686,ygfR
RNA-004687,ECK3147
RNA-004687,yhbV
RNA-004688,ECK4248
RNA-004688,yjgD
RNA-004689,ECK0787
RNA-004690,ECK3523
RNA-004690,yhjU
RNA-004691,ECK2987
RNA-004692,ECK1100
RNA-004693,ECK0921
RNA-004693,lcs
RNA-004693,tss
RNA-004694,ECK0413
RNA-004695,ECK3445
RNA-004695,fam
RNA-004695,hin
RNA-004695,htpR
RNA-004696,ECK0625
RNA-004696,pfv
RNA-004697,ECK3301
RNA-004698,ECK0825
RNA-004698,yliG
RNA-004699,ECK2990
RNA-004699,hydL
RNA-004700,ECK1474
RNA-004700,rpsV
RNA-004701,ECK3606
RNA-004702,ECK3010
RNA-004703,ECK0207
RNA-004703,yafB
RNA-004704,ECK2146
RNA-004705,ECK2794
RNA-004706,ECK0798
RNA-004707,ECK1412
RNA-004707,ydcB
RNA-004708,ECK2985
RNA-004709,ECK0022
RNA-004710,ECK0685
RNA-004710,kac
RNA-004711,ECK1413
RNA-004712,ECK0108
RNA-004713,ECK3988
RNA-004713,yjaD
RNA-004714,ECK0053
RNA-004715,ECK2562
RNA-004716,ECK1293
RNA-004716,ycjL
RNA-004717,ECK0052
RNA-004717,ksgA
RNA-004718,ECK1289
RNA-004719,ECK2863
RNA-004719,ygeT
RNA-004720,ECK0101
RNA-004721,ECK0559
RNA-004722,ECK0808
RNA-004723,ECK0935
RNA-004724,ECK0956
RNA-004725,ECK1316
RNA-004726,ECK2006
RNA-004726,yeeD
RNA-004727,ECK2009
RNA-004728,ECK3452
RNA-004729,ECK3566
RNA-004730,ECK3567
RNA-004731,ECK3652
RNA-004732,ECK2934
RNA-004733,ECK3036
RNA-004734,ECK2085
RNA-004735,ECK3191
RNA-004735,glnF
RNA-004735,ntrA
RNA-004736,ECK3066
RNA-004737,ECK1469
RNA-004738,ECK3329
RNA-004738,asuB
RNA-004738,strA
RNA-004739,ECK0148
RNA-004739,pbpF
RNA-004739,ponB
RNA-004740,ECK4391
RNA-004740,phoM
RNA-004741,ECK3247
RNA-004741,yhdG
RNA-004742,ECK4366
RNA-004742,miaD
RNA-004742,tos
RNA-004743,ECK3611
RNA-004743,rfa-2
RNA-004743,rfaC
RNA-004743,yibC
RNA-004744,ECK0401
RNA-004745,ECK3398
RNA-004745,yhgA
RNA-004746,ECK1989
RNA-004746,ECK1990
RNA-004746,b1995
RNA-004746,b1998
RNA-004746,yoeE
RNA-004747,ECK3734
RNA-004747,gidA
RNA-004747,trmF
RNA-004748,ECK3527
RNA-004748,dppE
RNA-004749,ECK4311
RNA-004749,pilE
RNA-004750,ECK2524
RNA-004750,yfhE
RNA-004751,ECK3924
RNA-004751,clpQ
RNA-004751,htpO
RNA-004751,yiiC
RNA-004752,ECK4255
RNA-004752,yjgQ
RNA-004753,ECK0771
RNA-004753,chlA2
RNA-004754,ECK2789
RNA-004754,yqcD
RNA-004755,ECK2098
RNA-004755,yohL
RNA-004756,ECK3484
RNA-004756,yhiR
RNA-004757,ECK3626
RNA-004758,ECK0525
RNA-004759,ECK0270
RNA-004760,ECK1854
RNA-004760,hexR
RNA-004760,hexR(P.a.)
RNA-004761,ECK2220
RNA-004761,b2227
RNA-004761,b2228
RNA-004761,yfaR
RNA-004762,ECK3341
RNA-004763,ECK3876
RNA-004763,squV
RNA-004764,ECK1815
RNA-004764,gptB
RNA-004764,mpt
RNA-004764,ptsL
RNA-004764,ptsX
RNA-004765,ECK3499
RNA-004765,yhiW
RNA-004766,ECK3591
RNA-004767,ECK0544
RNA-004767,phmA
RNA-004768,ECK3291
RNA-004769,ECK2517
RNA-004769,mstA
RNA-004770,ECK0358
RNA-004770,yi22-1
RNA-004771,ECK3463
RNA-004771,hydC
RNA-004771,hydD
RNA-004772,ECK2177
RNA-004772,yejD
RNA-004773,ECK0171
RNA-004773,rrf
RNA-004774,ECK2871
RNA-004775,ECK1987
RNA-004776,ECK2301
RNA-004777,ECK0665
RNA-004778,ECK1598
RNA-004779,ECK2932
RNA-004780,ECK0313
RNA-004780,yahA
RNA-004781,ECK1249
RNA-004782,ECK3634
RNA-004783,ECK4053
RNA-004783,yjcC
RNA-004784,ECK0923
RNA-004785,ECK0032
RNA-004786,ECK2726
RNA-004786,fhl
RNA-004787,ECK3806
RNA-004788,ECK2178
RNA-004788,yejH
RNA-004788,yejI
RNA-004788,yejJ
RNA-004789,ECK1711
RNA-004790,ECK2747
RNA-004791,ECK3213
RNA-004792,ECK4199
RNA-004793,ECK2697
RNA-004793,gutA
RNA-004793,sbl
RNA-004793,srlA-1
RNA-004794,ECK3162
RNA-004795,ECK2291
RNA-004796,ECK3303
RNA-004797,ECK2029
RNA-004797,rfc
RNA-004797,yefF
RNA-004798,ECK0025
RNA-004799,ECK2196
RNA-004799,yejZ
RNA-004800,ECK3294
RNA-004801,ECK0261
RNA-004801,trs5-11
RNA-004801,yi52_11
RNA-004802,ECK2805
RNA-004803,ECK3029
RNA-004804,ECK2922
RNA-004805,ECK1194
RNA-004805,ychM
RNA-004806,ECK1824
RNA-004806,yobG
RNA-004807,ECK2986
RNA-004808,ECK2168
RNA-004808,yeiU
RNA-004809,ECK2271
RNA-004809,nuoA
RNA-004810,ECK1821
RNA-004810,msmB
RNA-004811,ECK3186
RNA-004811,yrbH
RNA-004812,ECK3336
RNA-004813,ECK2659
RNA-004813,ygaU
RNA-004813,yzzM
RNA-004814,ECK3877
RNA-004814,yihW
RNA-004815,ECK1217
RNA-004816,ECK0022
RNA-004817,ECK1872
RNA-004817,yecP
RNA-004818,ECK3154
RNA-004818,secC
RNA-004819,ECK1825
RNA-004820,ECK2151
RNA-004821,ECK1248
RNA-004822,ECK3106
RNA-004822,tdc
RNA-004823,ECK0666
RNA-004823,glmD
RNA-004824,ECK2372
RNA-004825,ECK3664
RNA-004825,yicQ
RNA-004826,ECK1459
RNA-004826,chlZ
RNA-004827,ECK2429
RNA-004828,ECK3185
RNA-004829,ECK0653
RNA-004829,yleA
RNA-004830,ECK0773
RNA-004830,chlA4
RNA-004830,chlM
RNA-004831,ECK1963
RNA-004831,yedU
RNA-004831,yzzC
RNA-004832,ECK0909
RNA-004833,ECK2658
RNA-004833,csiR
RNA-004833,gabC
RNA-004833,ygaE
RNA-004834,ECK2496
RNA-004834,ade
RNA-004834,ade(c)
RNA-004835,ECK4075
RNA-004835,sdsR
RNA-004835,yjcR
RNA-004836,ECK3542
RNA-004837,ECK1653
RNA-004838,ECK0493
RNA-004838,rhsH
RNA-004839,ECK3025
RNA-004839,aspP
RNA-004839,trgB
RNA-004839,yqiE
RNA-004840,ECK2260
RNA-004840,yfbD
RNA-004841,ECK1380
RNA-004842,ECK2441
RNA-004843,ECK2478
RNA-004843,yffF
RNA-004844,ECK2707
RNA-004844,hydA
RNA-004845,ECK0875
RNA-004845,bypA1
RNA-004846,ECK3276
RNA-004847,ECK1751
RNA-004848,ECK3040
RNA-004849,ECK0015
RNA-004849,groP
RNA-004849,grpC
RNA-004850,ECK1595
RNA-004850,ydgF
RNA-004851,ECK1266
RNA-004852,ECK2727
RNA-004853,ECK3018
RNA-004854,ECK0016
RNA-004854,yi81-1
RNA-004855,ECK3920
RNA-004855,yiiU
RNA-004856,ECK1192
RNA-004856,rap
RNA-004857,ECK1654
RNA-004858,ECK1272
RNA-004859,ECK2122
RNA-004860,ECK4198
RNA-004861,ECK2890
RNA-004862,ECK2807
RNA-004862,ygdK
RNA-004863,ECK3048
RNA-004863,ygiG
RNA-004864,ECK3917
RNA-004865,ECK1198
RNA-004865,gtrA
RNA-004866,ECK0772
RNA-004866,chlA3
RNA-004867,ECK2314
RNA-004867,usg-2
RNA-004868,ECK0455
RNA-004868,ybaJ
RNA-004869,ECK3075
RNA-004870,ECK4147
RNA-004871,ECK0258
RNA-004871,ECK4564tra8-2
RNA-004872,ECK3180
RNA-004872,yrbB
RNA-004873,ECK4517
RNA-004873,G0-8881
RNA-004874,ECK1240
RNA-004875,ECK3049
RNA-004875,ygiH
RNA-004876,ECK0848
RNA-004877,ECK1302
RNA-004878,ECK3695
RNA-004878,rimA
RNA-004878,ssaF
RNA-004879,ECK1467
RNA-004880,ECK1641
RNA-004881,ECK1897
RNA-004881,b1898
RNA-004881,b1899
RNA-004882,ECK1095
RNA-004883,ECK2411
RNA-004883,ctr
RNA-004884,ECK0774
RNA-004884,chlA5
RNA-004885,ECK1733
RNA-004885,celD
RNA-004886,ECK1111
RNA-004887,ECK2495
RNA-004887,purG
RNA-004887,purI
RNA-004888,ECK2094
RNA-004889,ECK3370
RNA-004890,ECK1752
RNA-004891,ECK1753
RNA-004892,ECK4490
RNA-004893,ECK3105
RNA-004894,ECK4197
RNA-004895,ECK2464
RNA-004896,ECK1277
RNA-004897,ECK2190
RNA-004897,yojM
RNA-004898,ECK2999
RNA-004899,ECK0141
RNA-004900,ECK1019
RNA-004900,ycdW
RNA-004901,ECK4481
RNA-004902,ECK0023
RNA-004903,ECK4207
RNA-004903,ytfG
RNA-004904,ECK2155
RNA-004904,yeiK
RNA-004905,ECK1623
RNA-004905,ydgL
RNA-004906,ECK2860
RNA-004906,suA36
RNA-004906,sufD
RNA-004906,sumA
RNA-004906,sumB
RNA-004906,supT
RNA-004907,ECK2040
RNA-004907,wzx
RNA-004908,ECK0725
RNA-004909,ECK2138
RNA-004910,ECK2491
RNA-004911,ECK3076
RNA-004912,ECK2543
RNA-004913,ECK3918
RNA-004914,ECK3609
RNA-004914,hldD
RNA-004914,htrM
RNA-004914,nbsB
RNA-004914,waaD
RNA-004915,ECK0961
RNA-004916,ECK3610
RNA-004916,rfaF
RNA-004917,ECK2008
RNA-004917,yeeF
RNA-004918,ECK3172
RNA-004918,cgtA
RNA-004918,obg
RNA-004918,yhbZ
RNA-004919,ECK2057
RNA-004920,ECK4326
RNA-004921,ECK0398
RNA-004921,yajB
RNA-004922,ECK4077
RNA-004922,yjcT
RNA-004923,ECK2188
RNA-004923,yejR
RNA-004924,ECK2455
RNA-004924,ypfC
RNA-004925,ECK0239
RNA-004925,glyD
RNA-004925,gpp
RNA-004925,gxu
RNA-004926,ECK3440
RNA-004927,ECK3017
RNA-004927,ygiY
RNA-004928,ECK0673
RNA-004929,ECK1310
RNA-004930,ECK2946
RNA-004931,ECK4371
RNA-004932,ECK1448
RNA-004933,ECK4509
RNA-004934,ECK0102
RNA-004934,yacF
RNA-004935,ECK3104
RNA-004935,yhaA
RNA-004936,ECK4149
RNA-004937,ECK1589
RNA-004937,dgsA
RNA-004938,ECK2123
RNA-004939,ECK2744
RNA-004940,ECK3425
RNA-004941,ECK3850
RNA-004942,ECK0358
RNA-004942,yi22-5
RNA-004943,ECK1761
RNA-004943,mutR
RNA-004944,ECK3265
RNA-004945,ECK2587
RNA-004946,ECK0376
RNA-004947,ECK4123
RNA-004948,ECK3588
RNA-004948,mtlC
RNA-004949,ECK1276
RNA-004950,ECK2474
RNA-004951,ECK2930
RNA-004951,tkt
RNA-004952,ECK3262
RNA-004953,ECK2620
RNA-004954,ECK1484
RNA-004954,dgcO
RNA-004954,yddV
RNA-004955,ECK2564
RNA-004955,rbaA
RNA-004955,sdgE
RNA-004956,ECK2456
RNA-004956,ypfD
RNA-004957,ECK4283
RNA-004958,ECK3402
RNA-004958,gntM
RNA-004958,gntTalpha
RNA-004958,usgA
RNA-004958,yhgC
RNA-004959,ECK1631
RNA-004959,gst
RNA-004960,ECK2654
RNA-004960,lhgO
RNA-004960,ygaF
RNA-004961,ECK2256
RNA-004962,ECK0407
RNA-004962,ybaD
RNA-004963,ECK3627
RNA-004964,ECK1624
RNA-004964,ydgM
RNA-004965,ECK1886
RNA-004966,ECK2053
RNA-004967,ECK0408
RNA-004967,nusII
RNA-004967,ribG
RNA-004967,ybaE
RNA-004968,ECK1306
RNA-004969,ECK2640
RNA-004970,ECK3828
RNA-004970,yigP
RNA-004971,ECK3875
RNA-004971,squU
RNA-004972,ECK4353
RNA-004973,ECK1152
RNA-004974,ECK1379
RNA-004975,ECK2130
RNA-004975,yohE
RNA-004976,ECK2589
RNA-004977,ECK2410
RNA-004977,ctr
RNA-004977,hpr
RNA-004978,ECK3706
RNA-004978,chrR
RNA-004979,ECK0147
RNA-004979,yadO
RNA-004980,ECK0949
RNA-004980,sfiA
RNA-004980,suf
RNA-004981,ECK3453
RNA-004981,yhhO
RNA-004982,ECK1340
RNA-004982,rhlC
RNA-004983,ECK0240
RNA-004983,yafA
RNA-004984,ECK0732
RNA-004984,Su[beta]
RNA-004984,lysTalpha
RNA-004984,sua
RNA-004984,supG
RNA-004984,supL
RNA-004985,ECK3922
RNA-004985,yiiW
RNA-004986,ECK1082
RNA-004987,ECK2557
RNA-004987,yfhC
RNA-004988,ECK3039
RNA-004989,ECK0894
RNA-004989,pfl
RNA-004990,ECK3885
RNA-004991,ECK2725
RNA-004991,hydB
RNA-004992,ECK2521
RNA-004992,yfhJ
RNA-004993,ECK0380
RNA-004993,adrA
RNA-004993,yaiC
RNA-004994,ECK0663
RNA-004994,nagD
RNA-004995,ECK0650
RNA-004996,ECK4148
RNA-004997,ECK2777
RNA-004997,chpAI
RNA-004997,chpR
RNA-004998,ECK1301
RNA-004999,ECK3155
RNA-004999,yhbA
RNA-005000,ECK4439
RNA-005000,ylcF
RNA-005001,ECK0265
RNA-005001,fbpB
RNA-005002,ECK2245
RNA-005002,pagH
RNA-005002,pmrG
RNA-005003,ECK2249
RNA-005003,pmrJ
RNA-005003,yfbH
RNA-005004,ECK1620
RNA-005005,ECK1734
RNA-005005,celC
RNA-005006,ECK1888
RNA-005007,ECK4422
RNA-005008,ECK0297
RNA-005009,ECK0292
RNA-005009,matB
RNA-005009,yagZ
RNA-005010,ECK0588
RNA-005010,entG
RNA-005011,ECK2320
RNA-005011,yfcM
RNA-005012,ECK1941
RNA-005012,flaE
RNA-005013,ECK1993
RNA-005013,agn
RNA-005013,agn43
RNA-005013,yeeQ
RNA-005013,yzzX
RNA-005014,ECK2300
RNA-005015,ECK0023
RNA-005016,ECK0358
RNA-005016,yi22-6
RNA-005017,ECK0298
RNA-005018,ECK0047
RNA-005018,yabF
RNA-005019,ECK0230
RNA-005019,fhiA
RNA-005020,ECK3439
RNA-005020,hrbB
RNA-005020,hrbC
RNA-005020,hrbD
RNA-005021,ECK1507
RNA-005021,ydeY
RNA-005022,ECK3019
RNA-005022,mda66
RNA-005023,ECK0018
RNA-005023,gefL
RNA-005024,ECK0570
RNA-005024,dprA
RNA-005024,nfnB
RNA-005024,ntr
RNA-005025,ECK2183
RNA-005025,proW
RNA-005026,ECK3016
RNA-005026,ygiX
RNA-005027,ECK0399
RNA-005027,tsaA
RNA-005028,ECK1949
RNA-005028,cpsR
RNA-005029,ECK0796
RNA-005029,ybiN
RNA-005030,ECK4290
RNA-005030,yjhK
RNA-005031,ECK4289
RNA-005031,yjhJ
RNA-005032,ECK2875
RNA-005032,ygfL
RNA-005033,ECK0247
RNA-005034,ECK0269
RNA-005035,ECK0278
RNA-005036,ECK0638
RNA-005037,ECK0757
RNA-005038,ECK0782
RNA-005039,ECK1309
RNA-005039,dte
RNA-005040,ECK1358
RNA-005041,ECK1435
RNA-005042,ECK1695
RNA-005043,ECK2092
RNA-005044,ECK2319
RNA-005045,ECK2581
RNA-005045,tuaA
RNA-005045,yfiP
RNA-005046,ECK2630
RNA-005047,ECK2764
RNA-005048,ECK2849
RNA-005049,ECK3064
RNA-005050,ECK4429
RNA-005051,ECK4327
RNA-005052,ECK0301
RNA-005052,ykgB
RNA-005053,ECK0287
RNA-005054,ECK2237
RNA-005055,ECK2540
RNA-005056,ECK3413
RNA-005057,ECK3602
RNA-005057,gpmC
RNA-005057,gpmI
RNA-005057,pgmI
RNA-005057,yibO
RNA-005058,ECK0723
RNA-005058,ybgT
RNA-005059,ECK3843
RNA-005060,ECK3292
RNA-005061,ECK0896
RNA-005062,ECK1899
RNA-005063,ECK3328
RNA-005064,ECK3296
RNA-005065,ECK3289
RNA-005066,ECK1755
RNA-005067,ECK2893
RNA-005067,yzzW
RNA-005068,ECK2436
RNA-005069,ECK1912
RNA-005070,ECK3187
RNA-005070,yrbI
RNA-005070,yrbJ
RNA-005071,ECK2803
RNA-005072,ECK2201
RNA-005072,eti
RNA-005073,ECK3780
RNA-005073,rff
RNA-005074,ECK2107
RNA-005075,ECK1097
RNA-005075,ycfQ
RNA-005076,ECK0034
RNA-005076,pyrA
RNA-005077,ECK3302
RNA-005077,eryB
RNA-005078,ECK0463
RNA-005079,ECK0878
RNA-005079,htrD
RNA-005080,ECK4227
RNA-005080,fdp
RNA-005081,ECK3275
RNA-005081,fmu
RNA-005081,fmv
RNA-005081,rrmB
RNA-005081,sun
RNA-005081,yhdB
RNA-005082,ECK3826
RNA-005082,yigN
RNA-005083,ECK4383
RNA-005083,yjjK
RNA-005084,ECK0033
RNA-005084,arg
RNA-005084,pyrA
RNA-005085,ECK2174
RNA-005086,ECK0668
RNA-005087,ECK0153
RNA-005087,gsa
RNA-005087,popC
RNA-005088,ECK1715
RNA-005089,ECK0915
RNA-005090,ECK1191
RNA-005090,gtp1
RNA-005091,ECK2186
RNA-005091,yejP
RNA-005092,ECK0674
RNA-005093,ECK0634
RNA-005093,rlpB
RNA-005094,ECK1712
RNA-005094,phe-act
RNA-005095,ECK0010
RNA-005095,yaaH
RNA-005096,ECK0969
RNA-005096,cbdA
RNA-005096,cyxA
RNA-005097,ECK2504
RNA-005097,guaR
RNA-005098,ECK1785
RNA-005099,ECK2075
RNA-005100,ECK0740
RNA-005101,ECK0196
RNA-005102,ECK0487
RNA-005103,ECK3724
RNA-005103,papG
RNA-005103,uncC
RNA-005104,ECK4063
RNA-005105,ECK0547
RNA-005105,ybcT
RNA-005106,ECK3295
RNA-005107,ECK0181
RNA-005107,pgsB
RNA-005108,ECK3150
RNA-005108,csdA
RNA-005108,mssB
RNA-005108,rhlD
RNA-005109,ECK4226
RNA-005110,ECK3376
RNA-005111,ECK0006
RNA-005112,ECK0462
RNA-005113,ECK2745
RNA-005114,ECK0233
RNA-005115,ECK0938
RNA-005116,ECK4323
RNA-005117,ECK0149
RNA-005117,T1
RNA-005117,T5rec
RNA-005117,tonA
RNA-005118,ECK2020
RNA-005119,ECK3923
RNA-005119,clpY
RNA-005119,htpI
RNA-005120,ECK2842
RNA-005121,ECK2823
RNA-005122,ECK3246
RNA-005122,prm-1
RNA-005122,yhdI
RNA-005123,ECK4402
RNA-005123,cbdX
RNA-005123,yccB
RNA-005124,ECK2182
RNA-005124,pbgA
RNA-005124,yejM
RNA-005124,yejN
RNA-005125,ECK1069
RNA-005125,ams
RNA-005125,hmp1
RNA-005125,smbB
RNA-005126,ECK2476
RNA-005127,ECK2417
RNA-005128,ECK2475
RNA-005128,yffD
RNA-005129,ECK1805
RNA-005129,yeaZ
RNA-005130,ECK0460
RNA-005131,ECK1804
RNA-005132,ECK0902
RNA-005132,ssyF
RNA-005133,ECK3395
RNA-005134,ECK3423
RNA-005135,ECK0105
RNA-005135,hopC
RNA-005135,yacD
RNA-005136,ECK4252
RNA-005137,ECK3543
RNA-005138,ECK0412
RNA-005138,yajN
RNA-005139,ECK0378
RNA-005139,psiA
RNA-005140,ECK0632
RNA-005140,fusB
RNA-005140,ybeN
RNA-005141,ECK2565
RNA-005142,ECK2507
RNA-005142,engA
RNA-005142,yfgK
RNA-005143,ECK0548
RNA-005144,ECK2877
RNA-005144,ygfN
RNA-005145,ECK3635
RNA-005145,pcsA
RNA-005145,yicD
RNA-005146,ECK3557
RNA-005147,ECK2160
RNA-005147,ptsF
RNA-005148,ECK1583
RNA-005149,ECK3359
RNA-005149,yhfN
RNA-005150,ECK3937
RNA-005151,ECK1426
RNA-005151,tnpB
RNA-005151,ydcM
RNA-005152,ECK0664
RNA-005152,nagR
RNA-005153,ECK4500
RNA-005154,ECK0970
RNA-005154,cbdB
RNA-005154,cyxB
RNA-005155,ECK0516
RNA-005155,Pur2
RNA-005155,ade
RNA-005155,ade(f)
RNA-005155,ade3
RNA-005156,ECK0352
RNA-005156,yaiM
RNA-005157,ECK2199
RNA-005157,yojF
RNA-005158,ECK2555
RNA-005158,purI
RNA-005159,ECK3681
RNA-005160,ECK3037
RNA-005161,ECK0748
RNA-005161,galD
RNA-005162,ECK2163
RNA-005162,yeiO
RNA-005163,ECK2165
RNA-005164,ECK2321
RNA-005165,ECK1252
RNA-005166,ECK3556
RNA-005167,ECK3765
RNA-005168,ECK0244
RNA-005168,pro(1)
RNA-005168,pro1
RNA-005169,ECK1406
RNA-005170,ECK3725
RNA-005170,papB
RNA-005170,uncD
RNA-005171,ECK2583
RNA-005171,pss
RNA-005172,ECK1432
RNA-005172,ydcQ
RNA-005174,ECK0087
RNA-005174,mra
RNA-005175,ECK4313
RNA-005176,ECK0677
RNA-005177,ECK2939
RNA-005177,sprT
RNA-005178,ECK2473
RNA-005178,dapX
RNA-005178,nlpB
RNA-005179,ECK0807
RNA-005179,ybiQ
RNA-005180,ECK3782
RNA-005180,rff
RNA-005180,wecD
RNA-005180,yifH
RNA-005181,ECK2231
RNA-005182,ECK2991
RNA-005182,yghV
RNA-005183,ECK3728
RNA-005183,papE
RNA-005183,uncH
RNA-005184,ECK3375
RNA-005184,yhfB
RNA-005185,ECK1014
RNA-005185,hmsH
RNA-005185,ycdS
RNA-005186,ECK2506
RNA-005187,ECK1271
RNA-005187,acn
RNA-005188,ECK4108
RNA-005188,yjdD
RNA-005188,yjdE
RNA-005189,ECK0564
RNA-005189,ibeB
RNA-005189,ylcB
RNA-005190,ECK2232
RNA-005191,ECK0469
RNA-005191,popA
RNA-005191,visA
RNA-005192,ECK0486
RNA-005192,ybbN
RNA-005193,ECK2917
RNA-005194,ECK3929
RNA-005195,ECK1802
RNA-005196,ECK1468
RNA-005197,ECK1866
RNA-005197,ntpA
RNA-005197,yebD
RNA-005198,ECK3245
RNA-005199,ECK3834
RNA-005199,hlyT
RNA-005199,sfrB
RNA-005200,ECK1767
RNA-005201,ECK2117
RNA-005201,yehT
RNA-005202,ECK3574
RNA-005203,ECK1584
RNA-005204,ECK3002
RNA-005205,ECK3960
RNA-005206,ECK0201
RNA-005207,ECK0060
RNA-005207,hepA
RNA-005207,yabA
RNA-005208,ECK3535
RNA-005209,ECK2176
RNA-005209,bicA
RNA-005209,bicR
RNA-005209,sur
RNA-005209,suxA
RNA-005210,ECK3286
RNA-005210,secX
RNA-005211,ECK3999
RNA-005212,ECK2248
RNA-005212,SAF
RNA-005212,pmrI
RNA-005212,yfbG
RNA-005213,ECK3561
RNA-005214,ECK1889
RNA-005215,ECK3938
RNA-005215,talC
RNA-005215,yijG
RNA-005217,ECK4296
RNA-005218,ECK3196
RNA-005219,ECK0466
RNA-005220,ECK0464
RNA-005220,dnaZ
RNA-005221,ECK3083
RNA-005221,ygjX
RNA-005221,ygjY
RNA-005221,ygjZ
RNA-005222,ECK3451
RNA-005223,ECK0169
RNA-005224,ECK3171
RNA-005225,ECK3750
RNA-005226,ECK3590
RNA-005227,ECK1485
RNA-005227,yddW
RNA-005228,ECK1582
RNA-005229,ECK4373
RNA-005229,dra
RNA-005229,thyR
RNA-005229,tlr
RNA-005230,ECK0467
RNA-005231,ECK1174
RNA-005232,ECK3997
RNA-005232,adth
RNA-005232,adth(a)
RNA-005233,ECK1294
RNA-005233,ycjC
RNA-005234,ECK3783
RNA-005234,fcnA
RNA-005234,rff
RNA-005234,rffA
RNA-005234,yifI
RNA-005235,ECK0812
RNA-005236,ECK1754
RNA-005237,ECK2461
RNA-005238,ECK0746
RNA-005238,galA
RNA-005239,ECK0635
RNA-005239,syl
RNA-005240,ECK3829
RNA-005240,aarF
RNA-005240,yigQ
RNA-005240,yigR
RNA-005240,yigS
RNA-005241,ECK3305
RNA-005242,ECK1078
RNA-005242,tfpA
RNA-005243,ECK3181
RNA-005243,yrbC
RNA-005244,ECK0718
RNA-005244,farR
RNA-005244,ybgB
RNA-005245,ECK3532
RNA-005245,proV
RNA-005246,ECK1676
RNA-005246,csdB
RNA-005246,ynhB
RNA-005247,ECK0067
RNA-005247,sfuC
RNA-005247,yabJ
RNA-005248,ECK4046
RNA-005249,ECK0955
RNA-005250,ECK3093
RNA-005251,ECK4072
RNA-005251,chlF
RNA-005252,ECK1974
RNA-005253,ECK4376
RNA-005253,pup
RNA-005254,ECK3229
RNA-005254,yhcP
RNA-005255,ECK0704
RNA-005255,ybgN
RNA-005256,ECK3679
RNA-005256,hslT
RNA-005256,htpN
RNA-005257,ECK3348
RNA-005258,ECK1627
RNA-005258,ydgP
RNA-005259,ECK1547
RNA-005259,ydfP
RNA-005260,ECK0235
RNA-005261,ECK0980
RNA-005262,ECK0522
RNA-005262,ads
RNA-005263,ECK0461
RNA-005264,ECK3360
RNA-005264,b3372
RNA-005264,b3373
RNA-005264,yhfO
RNA-005264,yhfP
RNA-005265,ECK0022
RNA-005266,ECK2645
RNA-005266,ypjG
RNA-005267,ECK3696
RNA-005268,ECK4144
RNA-005268,sugE
RNA-005269,ECK2339
RNA-005270,ECK4453
RNA-005271,ECK2213
RNA-005272,ECK3306
RNA-005272,eryA
RNA-005273,ECK1028
RNA-005274,ECK3056
RNA-005274,dnaP
RNA-005274,parB
RNA-005274,sdgA
RNA-005275,ECK3838
RNA-005275,oldB
RNA-005276,ECK1120
RNA-005276,ymfB
RNA-005277,ECK4503
RNA-005278,ECK0365
RNA-005278,ssiD
RNA-005278,yaiG
RNA-005279,ECK4385
RNA-005279,rtrY
RNA-005280,ECK0784
RNA-005281,ECK1101
RNA-005282,ECK2500
RNA-005283,ECK2731
RNA-005284,ECK4485
RNA-005285,ECK0947
RNA-005285,ycbG
RNA-005286,ECK4390
RNA-005286,ORF2
RNA-005286,yjjE
RNA-005287,ECK2164
RNA-005288,ECK3043
RNA-005289,ECK3930
RNA-005290,ECK3837
RNA-005290,oldA
RNA-005291,ECK2797
RNA-005292,ECK0957
RNA-005292,yccV
RNA-005293,ECK3545
RNA-005293,yi5A
RNA-005294,ECK0355
RNA-005295,ECK1070
RNA-005296,ECK2876
RNA-005297,ECK0747
RNA-005297,galB
RNA-005298,ECK3752
RNA-005299,ECK3396
RNA-005300,ECK2954
RNA-005301,ECK3846
RNA-005302,ECK0767
RNA-005303,ECK4161
RNA-005303,glyVgamma
RNA-005304,ECK3422
RNA-005305,ECK1431
RNA-005305,yncN
RNA-005306,ECK0146
RNA-005306,ligT
RNA-005306,yadP
RNA-005307,ECK1635
RNA-005307,ydhA
RNA-005308,ECK1219
RNA-005308,chlC
RNA-005309,ECK4069
RNA-005309,aidC
RNA-005309,yjcN
RNA-005310,ECK0727
RNA-005311,ECK1184
RNA-005312,ECK2218
RNA-005313,ECK2353
RNA-005314,ECK2501
RNA-005315,ECK2947
RNA-005316,ECK3070
RNA-005317,ECK3575
RNA-005318,ECK3136
RNA-005319,ECK0204
RNA-005320,ECK2509
RNA-005321,ECK3962
RNA-005322,ECK3424
RNA-005323,ECK4001
RNA-005324,ECK1546
RNA-005324,cspJ
RNA-005325,ECK0489
RNA-005326,ECK0114
RNA-005327,ECK3450
RNA-005328,b1401
RNA-005328,b1405
RNA-005329,ECK3992
RNA-005330,ECK3129
RNA-005330,yraG
RNA-005331,ECK0309
RNA-005332,ECK1480
RNA-005332,yddR
RNA-005333,ECK2907
RNA-005333,ygfA
RNA-005334,ECK3397
RNA-005334,yhgG
RNA-005335,ECK3361
RNA-005335,yhfQ
RNA-005336,ECK2480
RNA-005337,ECK1462
RNA-005337,chlZ
RNA-005338,ECK0282
RNA-005338,yagQ
RNA-005339,ECK3833
RNA-005339,b3840
RNA-005339,b3841
RNA-005339,mttC
RNA-005339,yigW
RNA-005339,yigX
RNA-005340,ECK1226
RNA-005340,Su-3
RNA-005340,Su-4
RNA-005340,su(c)
RNA-005340,suIII
RNA-005340,supC
RNA-005340,supFsupO
RNA-005340,tyrTalpha
RNA-005341,ECK0618
RNA-005341,ECK0619
RNA-005341,b0625
RNA-005341,b0626
RNA-005341,ybeH
RNA-005342,ECK0707
RNA-005343,ECK1917
RNA-005343,yecS
RNA-005344,ECK1999
RNA-005345,ECK2466
RNA-005346,ECK3697
RNA-005347,ECK4325
RNA-005348,ECK4409
RNA-005348,yneM
RNA-005349,ECK1786
RNA-005350,ECK2000
RNA-005351,ECK0745
RNA-005352,ECK3137
RNA-005352,yraO
RNA-005353,ECK0521
RNA-005354,ECK3993
RNA-005355,ECK1882
RNA-005356,ECK0609
RNA-005356,ybdW
RNA-005357,ECK0631
RNA-005357,phpB
RNA-005358,ECK4357
RNA-005358,yjjS
RNA-005359,ECK2382
RNA-005359,ypdG
RNA-005360,ECK3318
RNA-005360,yheI
RNA-005361,ECK0394
RNA-005361,R1pho
RNA-005361,nmpB
RNA-005361,phoR1
RNA-005362,ECK0411
RNA-005362,thiJ
RNA-005363,ECK0195
RNA-005363,tsaA
RNA-005363,yaeB
RNA-005364,ECK4345
RNA-005364,cheD
RNA-005365,ECK3660
RNA-005366,ECK1958
RNA-005367,ECK2077
RNA-005367,yegQ
RNA-005368,ECK2156
RNA-005369,ECK2661
RNA-005370,ECK3568
RNA-005371,ECK4486
RNA-005372,ECK4487
RNA-005373,ECK4225
RNA-005374,ECK2161
RNA-005374,fpk
RNA-005375,ECK2187
RNA-005375,dsbE
RNA-005375,yejQ
RNA-005376,ECK2180
RNA-005376,ndpA
RNA-005377,ECK0168
RNA-005378,ECK1742
RNA-005378,ydjS
RNA-005379,ECK3686
RNA-005379,yidV
RNA-005380,ECK0511
RNA-005380,ylbD
RNA-005381,ECK4483
RNA-005382,ECK1890
RNA-005382,flaJ
RNA-005383,ECK3462
RNA-005383,hydC
RNA-005383,hydD
RNA-005384,ECK0285
RNA-005384,yagT
RNA-005385,ECK0283
RNA-005385,yagR
RNA-005386,ECK4096
RNA-005386,ECK4097
RNA-005386,b4103
RNA-005386,b4104
RNA-005387,ECK0182
RNA-005388,ECK4291
RNA-005388,yjhL
RNA-005389,ECK1874
RNA-005389,yecK
RNA-005390,ECK1311
RNA-005391,ECK1655
RNA-005391,ydhB
RNA-005392,ECK2766
RNA-005393,ECK3573
RNA-005394,ECK4297
RNA-005395,ECK1590
RNA-005396,ECK3006
RNA-005397,ECK0971
RNA-005398,ECK4375
RNA-005398,drm
RNA-005398,thyR
RNA-005398,tlr
RNA-005399,ECK1514
RNA-005400,ECK3028
RNA-005401,ECK3713
RNA-005401,yieC
RNA-005402,ECK1586
RNA-005402,ynfI
RNA-005403,ECK0167
RNA-005403,T44
RNA-005404,ECK3046
RNA-005405,ECK1844
RNA-005406,ECK0205
RNA-005407,ECK3886
RNA-005408,ECK3781
RNA-005408,yifG
RNA-005409,ECK2062
RNA-005409,aidA
RNA-005410,ECK0497
RNA-005410,glxA1
RNA-005410,ybbS
RNA-005411,ECK0763
RNA-005412,ECK1982
RNA-005413,ECK1062
RNA-005413,flaX
RNA-005414,ECK2047
RNA-005414,yefA
RNA-005414,yefN
RNA-005415,ECK2019
RNA-005416,ECK2079
RNA-005417,ECK3063
RNA-005417,oat
RNA-005417,pat
RNA-005417,ygjG
RNA-005418,ECK1298
RNA-005418,ycjB
RNA-005419,ECK1741
RNA-005420,ECK0267
RNA-005421,ECK1305
RNA-005422,ECK1439
RNA-005422,ydcX
RNA-005423,ECK1536
RNA-005423,ydfJ_2
RNA-005424,ECK1770
RNA-005425,ECK2330
RNA-005426,ECK2762
RNA-005427,ECK2767
RNA-005427,b2772
RNA-005427,b2773
RNA-005427,ygcT
RNA-005427,ygcV
RNA-005428,ECK3141
RNA-005429,ECK3564
RNA-005430,ECK3874
RNA-005430,squT
RNA-005431,ECK4455
RNA-005432,ECK3130
RNA-005433,ECK1319
RNA-005434,ECK1801
RNA-005435,ECK3562
RNA-005435,yiaI
RNA-005436,ECK0741
RNA-005436,ybgR
RNA-005437,ECK2021
RNA-005437,hisE
RNA-005437,hisIE
RNA-005438,ECK3127
RNA-005438,yraE
RNA-005439,ECK0274
RNA-005440,ECK1027
RNA-005441,ECK2452
RNA-005441,cchA
RNA-005441,yffZ
RNA-005442,ECK4279
RNA-005443,ECK0528
RNA-005443,ybcA
RNA-005444,ECK1943
RNA-005444,cheC2
RNA-005444,fla
RNA-005444,flaA
RNA-005444,flaAII
RNA-005444,flaQ
RNA-005444,flaQII
RNA-005445,ECK0974
RNA-005445,yccZ
RNA-005446,ECK2018
RNA-005447,ECK2484
RNA-005448,ECK1509
RNA-005448,yneA
RNA-005449,ECK2255
RNA-005450,ECK4064
RNA-005450,yjcI
RNA-005451,ECK4068
RNA-005451,yjcM
RNA-005452,ECK0237
RNA-005453,ECK0927
RNA-005453,ycbO
RNA-005454,ECK0234
RNA-005455,ECK0900
RNA-005456,ECK1043
RNA-005457,ECK1165
RNA-005458,ECK2065
RNA-005459,ECK2111
RNA-005460,ECK3148
RNA-005461,ECK3552
RNA-005462,ECK4019
RNA-005463,ECK1519
RNA-005464,ECK1520
RNA-005465,ECK4452
RNA-005466,ECK2128
RNA-005467,ECK4498
RNA-005468,ECK1551
RNA-005469,ECK2519
RNA-005470,ECK2874
RNA-005471,ECK3161
RNA-005472,ECK4002
RNA-005473,ECK1476
RNA-005474,ECK1729
RNA-005474,ydjP
RNA-005475,ECK1025
RNA-005476,ECK4374
RNA-005476,TP
RNA-005476,tpp
RNA-005476,ttg
RNA-005477,ECK4142
RNA-005478,ECK2453
RNA-005478,eutI
RNA-005478,ypfA
RNA-005479,ECK2432
RNA-005479,yfeG
RNA-005480,ECK4506
RNA-005481,ECK2370
RNA-005481,yfdW
RNA-005482,ECK2655
RNA-005483,ECK0977
RNA-005483,ymcC
RNA-005484,ECK0976
RNA-005484,ymcB
RNA-005485,ECK1170
RNA-005485,clyA
RNA-005485,hpr
RNA-005485,sheA
RNA-005485,ycgD
RNA-005486,ECK0017
RNA-005486,gef
RNA-005487,ECK1891
RNA-005487,flaJ
RNA-005488,ECK0703
RNA-005489,ECK4065
RNA-005489,yjcJ
RNA-005490,ECK1393
RNA-005490,ydbV
RNA-005491,ECK0284
RNA-005491,yagS
RNA-005492,ECK2967
RNA-005492,yghH
RNA-005493,ECK3753
RNA-005494,ECK4475
RNA-005494,yneN
RNA-005495,ECK0681
RNA-005496,ECK0363
RNA-005496,ssiB
RNA-005496,yaiQ
RNA-005497,ECK0315
RNA-005498,ECK0785
RNA-005498,ybiH
RNA-005499,ECK1160
RNA-005499,ECK1161
RNA-005499,b1173
RNA-005499,ymgH
RNA-005500,ECK1567
RNA-005501,ECK1878
RNA-005502,ECK2267
RNA-005503,ECK2639
RNA-005504,ECK3254
RNA-005505,ECK3506
RNA-005505,yhjC
RNA-005506,ECK0996
RNA-005507,ECK4443
RNA-005508,ECK3061
RNA-005508,yqjI
RNA-005509,ECK1969
RNA-005509,yodA
RNA-005510,ECK3994
RNA-005510,yjaI
RNA-005510,zra
RNA-005511,ECK0724
RNA-005512,ECK1251
RNA-005513,ECK1481
RNA-005513,yddS
RNA-005514,ECK2072
RNA-005514,yegO
RNA-005515,ECK3449
RNA-005515,yhhF
RNA-005516,ECK0260
RNA-005517,ECK2617
RNA-005517,SipB
RNA-005517,sipB
RNA-005518,ECK3678
RNA-005518,hslS
RNA-005518,htpE
RNA-005519,ECK2166
RNA-005520,ECK3349
RNA-005520,ficT
RNA-005521,ECK0505
RNA-005521,glxB3
RNA-005521,ybbX
RNA-005522,ECK2214
RNA-005523,ECK0766
RNA-005524,ECK1998
RNA-005524,yeeV
RNA-005525,ECK2136
RNA-005526,ECK0566
RNA-005526,ylcD
RNA-005527,ECK0563
RNA-005527,ylcA
RNA-005528,ECK0973
RNA-005528,yccY
RNA-005529,ECK0585
RNA-005530,ECK0581
RNA-005531,ECK1924
RNA-005532,ECK2383
RNA-005532,ypdH
RNA-005533,ECK0978
RNA-005533,ymcD
RNA-005534,ECK2719
RNA-005534,hevB
RNA-005535,ECK2486
RNA-005536,ECK0022
RNA-005537,ECK1221
RNA-005537,chlI
RNA-005538,ECK3461
RNA-005538,hydC
RNA-005538,hydD
RNA-005539,ECK2369
RNA-005539,yfdU
RNA-005540,ECK1388
RNA-005540,ydbQ
RNA-005541,ECK4464
RNA-005542,ECK1297
RNA-005542,goaG
RNA-005543,ECK4056
RNA-005543,PsrA24
RNA-005543,SraL
RNA-005544,ECK0524
RNA-005545,ECK3102
RNA-005545,yhaR
RNA-005546,ECK2056
RNA-005547,ECK0186
RNA-005548,ECK0228
RNA-005549,ECK1529
RNA-005550,ECK1562
RNA-005551,ECK1688
RNA-005552,ECK1697
RNA-005553,ECK1991
RNA-005554,ECK2356
RNA-005555,ECK2357
RNA-005556,ECK2881
RNA-005557,ECK3244
RNA-005558,ECK3565
RNA-005559,ECK3571
RNA-005559,yiaR
RNA-005560,ECK4020
RNA-005561,ECK4061
RNA-005562,ECK4242
RNA-005563,ECK0251
RNA-005564,ECK0236
RNA-005565,ECK0296
RNA-005566,ECK2641
RNA-005567,ECK3140
RNA-005568,ECK2541
RNA-005569,ECK3427
RNA-005570,ECK3350
RNA-005570,ficA
RNA-005571,ECK4519
RNA-005572,ECK0520
RNA-005573,ECK1334
RNA-005573,ydaJ
RNA-005574,ECK3716
RNA-005574,bglC
RNA-005575,ECK3682
RNA-005575,yidS
RNA-005576,ECK2929
RNA-005576,tolM
RNA-005577,ECK1563
RNA-005577,ftsT
RNA-005578,ECK2448
RNA-005578,yffV
RNA-005579,ECK1939
RNA-005579,fla
RNA-005579,flaAIII
RNA-005579,flaC
RNA-005580,ECK1942
RNA-005580,cheC1
RNA-005580,flaAI
RNA-005580,flaQI
RNA-005581,ECK1948
RNA-005581,flaP
RNA-005582,ECK0863
RNA-005582,ybjV
RNA-005583,ECK2708
RNA-005584,ECK4482
RNA-005585,ECK1147
RNA-005585,elb1
RNA-005585,elbA
RNA-005585,ycgW
RNA-005586,ECK1350
RNA-005586,kil
RNA-005586,ydaD
RNA-005587,ECK1220
RNA-005588,ECK1385
RNA-005588,ydbO
RNA-005589,ECK1387
RNA-005589,ydbP
RNA-005590,ECK1391
RNA-005590,ydbT
RNA-005591,ECK4094
RNA-005592,ECK0846
RNA-005593,ECK3153
RNA-005593,P3
RNA-005593,PsrA15
RNA-005593,PsrO
RNA-005594,ECK1548
RNA-005594,ydfQ
RNA-005595,ECK1223
RNA-005595,RtT
RNA-005596,ECK1002
RNA-005596,ycdL
RNA-005597,ECK2096
RNA-005597,thiA
RNA-005597,thiJ
RNA-005598,ECK3052
RNA-005598,ygjB
RNA-005599,ECK4193
RNA-005599,sgaU
RNA-005599,yjfW
RNA-005600,ECK2052
RNA-005601,ECK2048
RNA-005602,ECK2046
RNA-005602,wcaG
RNA-005602,yefB
RNA-005603,ECK0273
RNA-005603,yagI
RNA-005604,ECK0572
RNA-005605,ECK0811
RNA-005606,ECK1182
RNA-005607,ECK1349
RNA-005608,ECK1571
RNA-005609,ECK1535
RNA-005610,ECK1692
RNA-005611,ECK1728
RNA-005612,ECK1901
RNA-005613,ECK1930
RNA-005613,yedG
RNA-005614,ECK2103
RNA-005615,ECK2328
RNA-005616,ECK2349
RNA-005617,ECK2632
RNA-005618,ECK2963
RNA-005618,ecfC
RNA-005619,ECK2966
RNA-005620,ECK2978
RNA-005621,ECK3576
RNA-005622,ECK4457
RNA-005623,ECK4276
RNA-005624,ECK4446
RNA-005625,ECK1430
RNA-005626,ECK2120
RNA-005627,ECK2558
RNA-005627,yfhB
RNA-005628,ECK3847
RNA-005629,ECK1395
RNA-005630,ECK2097
RNA-005631,ECK2181
RNA-005665,gutA
RNA-005749,RS20695
RNA-005749,yiiD
RNA-005826,RS11095
RNA-005826,yehT
RNA-005839,RS14915
RNA-005839,sipF
RNA-005852,rfaI
RNA-005991,RS16410
RNA-005991,parF
RNA-006076,rfaB
RNA-006201,RS08735
RNA-006201,adhC
RNA-006203,RS10730
RNA-006203,rfbU
RNA-006251,dgcC
RNA-006430,RS10745
RNA-006430,rfbJ
RNA-006583,citB
RNA-006683,msbB
RNA-006737,RS04205
RNA-006737,pexB
RNA-006874,RS03445
RNA-006874,nagR
RNA-006885,RS03155
RNA-006885,citA
RNA-006950,RS03225
RNA-006950,rodA
RNA-007035,RS15815
RNA-007035,visB
RNA-007069,RS00250
RNA-007069,lytB
RNA-007136,RS13145
RNA-007136,purI
RNA-007178,thiJ
RNA-007330,RS20185
RNA-007330,wecD
RNA-007451,RS15810
RNA-007451,visC
RNA-007466,RS22575
RNA-007466,dagA
RNA-007524,RS01220
RNA-007524,cutF
RNA-007525,RS17920
RNA-007525,rotA
RNA-007811,wcaG
RNA-007811,yefB
RNA-007980,pexB
RNA-008015,ECK4398
RNA-008016,ECK0979
RNA-008016,cspK
RNA-008017,ECK0327
RNA-008018,ECK2381
RNA-008019,ECK1336
RNA-008019,IS061
RNA-008019,IsrA
RNA-008020,ECK0527
RNA-008020,ybcG
RNA-008021,ECK1125
RNA-008025,ECK1042
RNA-008027,ECK1455
RNA-008027,ydcE
RNA-008030,ECK4616
RNA-008074,RS20315
RNA-008074,mutU
RNA-008098,RS01120
RNA-008098,uppS
RNA-008127,RS21905
RNA-008127,yjcD
RNA-008142,RS03240
RNA-008142,rsfA
RNA-008252,RS12935
RNA-008252,gcpE
RNA-008321,RS09175
RNA-008321,gicA
RNA-008330,RS19085
RNA-008330,pgmI
RNA-008350,msaB
RNA-008406,ECK4574
RNA-008406,RyeF
RNA-008406,SlrA
RNA-008408,ECK2344
RNA-008408,gtrA
RNA-008409,ECK1079
RNA-008410,ECK0023
RNA-008411,ECK2595
RNA-008411,pheAE
RNA-008412,ECK1925
RNA-008413,ECK0341
RNA-008414,ECK1644
RNA-008415,ECK1879
RNA-008416,ECK1946
RNA-008416,flaR
RNA-008417,ECK3617
RNA-008417,rfaI
RNA-008417,waaI
RNA-008418,ECK4412
RNA-008418,IS096
RNA-008419,ECK2671
RNA-008419,osrA
RNA-008419,proU
RNA-008421,ECK2686
RNA-008421,argVdelta
RNA-008422,ECK3260
RNA-008423,ECK1129
RNA-008424,ECK4620
RNA-008424,HB_314
RNA-008425,ECK0806
RNA-008426,ECK4569
RNA-008427,IS118
RNA-008428,ECK2561
RNA-008428,dpj
RNA-008430,ECK0016
RNA-008430,yi81-1
RNA-008431,ECK1561
RNA-008431,intK
RNA-008433,ECK0755
RNA-008434,ECK2505
RNA-008434,xse
RNA-008435,ECK4127
RNA-008437,ECK3707
RNA-008437,purP
RNA-008437,yieG
RNA-008438,ECK1904
RNA-008438,ftn
RNA-008438,gen-165
RNA-008438,rsgA
RNA-008439,ECK1625
RNA-008439,ydgN
RNA-008440,ECK3612
RNA-008440,rfaL
RNA-008441,ECK3656
RNA-008441,ade
RNA-008441,adu
RNA-008441,yicP
RNA-008442,ECK1124
RNA-008443,ECK1259
RNA-008443,trpEE
RNA-008444,ECK0786
RNA-008445,P24
RNA-008446,ECK1222
RNA-008447,ECK1784
RNA-008447,yeaJ
RNA-008448,ECK4214
RNA-008448,ytfL
RNA-008449,ECK0258
RNA-008449,tra8-1
RNA-008450,ECK3834
RNA-008450,hlyT
RNA-008450,sfrB
RNA-008451,ECK1573
RNA-008452,ECK0326
RNA-008453,ECK2953
RNA-008453,ecfF
RNA-008454,ECK4062
RNA-008454,acsA
RNA-008454,yfaC
RNA-008455,ECK1347
RNA-008455,rac
RNA-008455,rmuB
RNA-008455,sbcA
RNA-008456,ECK1130
RNA-008457,AzuCR
RNA-008457,IS092
RNA-008458,ECK0010
RNA-008458,yaaH
RNA-008459,ECK1672
RNA-008460,ECK1128
RNA-008461,ECK0026
RNA-008461,yaaC
RNA-008462,ECK2779
RNA-008462,rumA
RNA-008462,ygcA
RNA-008463,ECK3390
RNA-008463,pckA
RNA-008464,ECK2801
RNA-008464,ygdE
RNA-008465,ECK1676
RNA-008465,csdB
RNA-008465,ynhB
RNA-008466,ECK2526
RNA-008466,nifU
RNA-008466,yfhN
RNA-008467,ECK2674
RNA-008467,ECK2675
RNA-008467,b2680
RNA-008467,ygaX
RNA-008468,ECK1898
RNA-008469,ECK4029
RNA-008469,molA
RNA-008470,ECK0666
RNA-008470,glmD
RNA-008471,ECK1251
RNA-008472,ECK3037
RNA-008473,ECK0462
RNA-008474,ECK1126
RNA-008474,int(Lambda)
RNA-008474,ycfI
RNA-008475,ECK2047
RNA-008475,yefA
RNA-008475,yefN
RNA-008476,ECK0204
RNA-008477,ECK3512
RNA-008478,ECK2573
RNA-008478,trmM
RNA-008479,ECK2806
RNA-008479,ygdJ
RNA-008480,ECK0911
RNA-008480,ycbC
RNA-008481,ECK0343
RNA-008482,ECK2011
RNA-008483,ECK1922
RNA-008483,H
RNA-008483,flaF
RNA-008483,hag
RNA-008484,ECK1338
RNA-008484,ydaM
RNA-008485,ECK0276
RNA-008486,ECK4222
RNA-008487,ECK3325
RNA-008487,yheB
RNA-008488,ECK3314
RNA-008488,hofF
RNA-008488,hopF
RNA-008489,ECK1523
RNA-008489,cfxB
RNA-008489,inaR
RNA-008489,soxQ
RNA-008490,ECK3076
RNA-008491,ECK0185
RNA-008491,ldc
RNA-008491,ldcH
RNA-008492,ECK3256
RNA-008493,ECK2874
RNA-008494,ECK1123
RNA-008495,ECK0698
RNA-008495,ybgH
RNA-008496,ECK2548
RNA-008497,ECK0340
RNA-008498,ECK2040
RNA-008498,wzx
RNA-008499,ECK3378
RNA-008499,hopQ
RNA-008500,ECK3343
RNA-008500,yhfF
RNA-008501,ECK0005
RNA-008502,ECK3442
RNA-008502,hrbB
RNA-008502,hrbC
RNA-008502,hrbD
RNA-008503,ECK3644
RNA-008503,yicE
RNA-008504,ECK0261
RNA-008504,trs5-7
RNA-008504,yi52_7
RNA-008505,ECK0653
RNA-008505,yleA
RNA-008506,ECK2109
RNA-008507,ECK2531
RNA-008508,ECK2480
RNA-008509,ECK4227
RNA-008509,fdp
RNA-008510,ECK4254
RNA-008510,yjgP
RNA-008511,ECK3087
RNA-008511,ecfM
RNA-008511,yqjB
RNA-008512,ECK3596
RNA-008512,yibK
RNA-008513,ECK3226
RNA-008513,Rarg
RNA-008513,xerA
RNA-008514,ECK3884
RNA-008515,ECK3320
RNA-008515,yheK
RNA-008516,ECK3733
RNA-008516,gidB
RNA-008517,ECK2913
RNA-008517,sbm
RNA-008517,yliK
RNA-008518,ECK0279
RNA-008519,ECK0812
RNA-008520,ECK1591
RNA-008520,yzyC
RNA-008521,ECK4571
RNA-008522,ECK2369
RNA-008522,yfdU
RNA-008523,ECK0434
RNA-008523,dbhB
RNA-008523,dpeA
RNA-008523,hopD
RNA-008524,ECK3414
RNA-008524,glgY
RNA-008525,ECK0117
RNA-008525,yacI
RNA-008525,yacJ
RNA-008526,ECK2209
RNA-008526,yojN
RNA-008526,yojP
RNA-008526,yojQ
RNA-008527,ECK1748
RNA-008528,ECK3319
RNA-008528,yheJ
RNA-008529,ECK4499
RNA-008530,ECK3919
RNA-008531,ECK2321
RNA-008532,ECK3424
RNA-008533,ECK1859
RNA-008533,yebM
RNA-008534,ECK2245
RNA-008534,pagH
RNA-008534,pmrG
RNA-008535,ECK0476
RNA-008536,ECK0062
RNA-008537,ECK0904
RNA-008538,ECK0613
RNA-008538,citB
RNA-008538,criR
RNA-008538,mpdA
RNA-008539,ECK3704
RNA-008540,ECK3774
RNA-008541,ECK0981
RNA-008542,ECK3200
RNA-008543,ECK1316
RNA-008544,ECK2269
RNA-008545,ECK0789
RNA-008546,ECK1576
RNA-008547,ECK0935
RNA-008548,ECK1172
RNA-008548,uvm
RNA-008549,ECK0325
RNA-008550,ECK0163
RNA-008551,ECK3635
RNA-008551,pcsA
RNA-008551,yicD
RNA-008552,ECK0058
RNA-008552,b4659
RNA-008553,ECK2611
RNA-008553,yfjB
RNA-008553,yfjE
RNA-008554,ECK0451
RNA-008554,ylaB
RNA-008555,ECK3915
RNA-008555,yiiT
RNA-008556,ECK2988
RNA-008557,ECK4372
RNA-008557,yjjH
RNA-008558,ECK0849
RNA-008559,ECK1116
RNA-008560,ECK0340
RNA-008561,ECK2210
RNA-008563,ECK4264
RNA-008563,int(P4)
RNA-008563,yjgC
RNA-008564,ECK3656
RNA-008564,ade
RNA-008564,adu
RNA-008564,yicP
RNA-008565,ECK4663
RNA-008566,ECK3924
RNA-008566,clpQ
RNA-008566,htpO
RNA-008566,yiiC
RNA-008567,ECK2182
RNA-008567,pbgA
RNA-008567,yejM
RNA-008567,yejN
RNA-008568,ECK0306
RNA-008569,ECK3748
RNA-008569,yieO
RNA-008570,ECK4316
RNA-008571,ECK2569
RNA-008572,ECK2111
RNA-008573,ECK1383
RNA-008573,feaA
RNA-008573,maoA
RNA-008574,ECK1989
RNA-008574,ECK1990
RNA-008574,b1995
RNA-008574,b1998
RNA-008574,yoeE
RNA-008575,ECK2144
RNA-008575,mglD
RNA-008576,ECK1575
RNA-008578,ECK4014
RNA-008578,yjbC
RNA-008579,ECK3389
RNA-008580,ECK1236
RNA-008581,ECK3100
RNA-008581,dlsT
RNA-008581,yhaO
RNA-008582,ECK0444
RNA-008582,ybaI
RNA-008583,ECK4570
RNA-008584,ECK3526
RNA-008585,ECK4113
RNA-008585,mel-4
RNA-008586,ECK1088
RNA-008587,ECK3747
RNA-008588,ECK1974
RNA-008589,ECK3271
RNA-008590,ECK1296
RNA-008590,ordL
RNA-008590,ycjA
RNA-008591,ECK2211
RNA-008592,ECK1339
RNA-008592,ydaN
RNA-008593,ECK1363
RNA-008594,ECK3031
RNA-008594,ygiE
RNA-008595,ECK0280
RNA-008595,yagO
RNA-008596,ECK2436
RNA-008597,ECK1076
RNA-008598,ECK0014
RNA-008598,groPAB
RNA-008598,groPC
RNA-008598,groPF
RNA-008598,grpC
RNA-008598,grpF
RNA-008598,seg
RNA-008599,ECK0287
RNA-008600,ECK1322
RNA-008600,ycjI
RNA-008601,ECK3300
RNA-008602,ECK3725
RNA-008602,papB
RNA-008602,uncD
RNA-008603,ECK1993
RNA-008603,agn
RNA-008603,agn43
RNA-008603,yeeQ
RNA-008603,yzzX
RNA-008604,ECK1021
RNA-008605,ECK3539
RNA-008606,ECK2574
RNA-008606,rbaB
RNA-008606,rhlA
RNA-008607,ECK3702
RNA-008607,tnaP
RNA-008607,trpP
RNA-008608,ECK2285
RNA-008609,ECK0114
RNA-008610,ECK0901
RNA-008610,mssA
RNA-008610,ycaF
RNA-008610,ycaG
RNA-008611,ECK3120
RNA-008611,agaZ
RNA-008611,yhaX
RNA-008612,ECK3458
RNA-008613,ECK3233
RNA-008613,yhdO
RNA-008614,ECK1582
RNA-008615,ECK0993
RNA-008616,ECK1566
RNA-008617,ECK3143
RNA-008619,ECK3681
RNA-008620,ECK2135
RNA-008621,ECK4141
RNA-008623,ECK3147
RNA-008623,yhbV
RNA-008624,ECK1416
RNA-008625,ECK0882
RNA-008625,lplA
RNA-008625,yzzV
RNA-008626,ECK3404
RNA-008626,blu
RNA-008626,malA
RNA-008627,ECK0299
RNA-008627,tra5-5
RNA-008628,ECK1757
RNA-008628,orf135
RNA-008628,ynjG
RNA-008631,RS23735
RNA-008631,SdsR
RNA-008631,YjcR
RNA-008639,RS00060
RNA-008639,yaaH
RNA-008641,RS00075
RNA-008641,groPAB
RNA-008641,groPC
RNA-008641,groPF
RNA-008641,grpC
RNA-008641,grpF
RNA-008641,seg
RNA-008644,RS00080
RNA-008644,groP
RNA-008644,grpC
RNA-008645,MicA
RNA-008645,RS17230
RNA-008648,RS00140
RNA-008648,slpA
RNA-008648,yaaD
RNA-008652,RS00200
RNA-008652,yaaM
RNA-008655,RS00280
RNA-008655,ksgA
RNA-008657,RS00450
RNA-008657,mraW
RNA-008657,yabC
RNA-008658,RS00475
RNA-008658,murX
RNA-008660,RS00500
RNA-008660,ddl
RNA-008663,RS00510
RNA-008663,divA
RNA-008664,RS00510
RNA-008664,divA
RNA-008665,RS00515
RNA-008665,sfiB
RNA-008665,sulB
RNA-008666,RS00520
RNA-008666,asmB
RNA-008666,envA
RNA-008668,RS00550
RNA-008668,yacE
RNA-008672,RS00595
RNA-008672,aroR
RNA-008674,RS00625
RNA-008674,yacI
RNA-008674,yacJ
RNA-008677,RS00695
RNA-008677,yadD
RNA-008678,RS00765
RNA-008678,msmA
RNA-008681,RS00810
RNA-008681,T1
RNA-008681,T5rec
RNA-008681,tonA
RNA-008684,RS00835
RNA-008684,eriC
RNA-008684,yadQ
RNA-008685,RS00840
RNA-008685,yadR
RNA-008686,RS26095
RNA-008690,RS00915
RNA-008690,rrf
RNA-008691,RS00935
RNA-008691,ecfE
RNA-008691,yaeL
RNA-008692,RS00945
RNA-008692,firA
RNA-008692,hlpA
RNA-008692,ompH
RNA-008693,RS00945
RNA-008693,firA
RNA-008693,hlpA
RNA-008693,ompH
RNA-008694,RS00955
RNA-008694,sabA1
RNA-008694,sefA
RNA-008694,sfhC21
RNA-008694,yaeA
RNA-008697,RS01055
RNA-008697,abc
RNA-008697,metD
RNA-008698,RS01115
RNA-008698,dniR
RNA-008698,yafG
RNA-008699,RS01120
RNA-008699,yafR
RNA-008700,RS01220
RNA-008700,pepH
RNA-008702,RS01325
RNA-008702,matA
RNA-008702,ykgK
RNA-008703,RS01460
RNA-008703,yahA
RNA-008706,RS01610
RNA-008706,ssiB
RNA-008706,yaiQ
RNA-008707,RS01640
RNA-008707,yaiH
RNA-008711,RS01675
RNA-008711,yaiB
RNA-008712,RS01680
RNA-008712,psiA
RNA-008714,RS01770
RNA-008714,hrbA
RNA-008715,RS01775
RNA-008715,yajM
RNA-008718,RS01820
RNA-008718,T6rec
RNA-008718,nupA
RNA-008719,RS01865
RNA-008719,yajP
RNA-008722,RS01970
RNA-008722,dbhB
RNA-008722,dpeA
RNA-008722,hopD
RNA-008723,RS01985
RNA-008723,tesC
RNA-008723,ybaW
RNA-008725,RS02005
RNA-008725,cyuR
RNA-008725,ybaO
RNA-008726,RS02020
RNA-008726,ybaI
RNA-008727,RS02025
RNA-008727,ybaG
RNA-008730,RS02075
RNA-008730,ybaJ
RNA-008731,RS02090
RNA-008731,ybaH
RNA-008732,RS02090
RNA-008732,ybaH
RNA-008735,RS02340
RNA-008735,glxB4
RNA-008736,RS02555
RNA-008736,cbr
RNA-008736,cbt
RNA-008736,fep
RNA-008736,feuB
RNA-008740,RS02595
RNA-008740,ybdA
RNA-008742,RS02630
RNA-008742,ybdC
RNA-008744,RS02670
RNA-008744,ssi8
RNA-008744,tpx
RNA-008747,RS02730
RNA-008747,citA
RNA-008747,mpdB
RNA-008747,ybeP
RNA-008748,RS02775
RNA-008748,lip
RNA-008750,RS02825
RNA-008750,rsfA
RNA-008750,ybeB
RNA-008751,RS02850
RNA-008751,syl
RNA-008754,RS02880
RNA-008754,ybeJ
RNA-008754,yzzK
RNA-008755,RS02910
RNA-008755,yleA
RNA-008757,RS03030
RNA-008757,ybfM
RNA-008759,RS03100
RNA-008759,kac
RNA-008762,RS03140
RNA-008762,ybgH
RNA-008763,RS03190
RNA-008763,cybA
RNA-008763,cybL
RNA-008763,dhsC
RNA-008765,RS03270
RNA-008765,cyd-1
RNA-008766,RS03275
RNA-008766,cyd-2
RNA-008767,RS03310
RNA-008767,lky
RNA-008767,lkyA
RNA-008767,tol-3
RNA-008769,RS03395
RNA-008769,gpm
RNA-008779,RS03930
RNA-008779,bisA
RNA-008779,chlA
RNA-008779,chlA1
RNA-008779,narA
RNA-008784,RS04095
RNA-008784,ybiF
RNA-008786,RS04115
RNA-008786,ybiP
RNA-008787,RS04115
RNA-008787,ybiP
RNA-008789,RS04215
RNA-008789,yliH
RNA-008794,RS04500
RNA-008794,grx
RNA-008795,RS04500
RNA-008795,grx
RNA-008797,RS04635
RNA-008797,bniP
RNA-008799,RS04665
RNA-008799,cspH
RNA-008799,ybjA
RNA-008800,RS04670
RNA-008800,yljA
RNA-008801,RS04675
RNA-008801,lopD
RNA-008802,RS04685
RNA-008802,bypA1
RNA-008803,RS04710
RNA-008803,alsB
RNA-008803,ihb
RNA-008803,livR
RNA-008803,lrs
RNA-008803,lss
RNA-008803,lstR
RNA-008803,mbf
RNA-008803,oppI
RNA-008803,rblA
RNA-008805,RS04765
RNA-008805,pfl
RNA-008806,RS04770
RNA-008806,ycaE
RNA-008808,RS04785
RNA-008808,pdxC
RNA-008808,pdxF
RNA-008811,RS04900
RNA-008811,cmlB
RNA-008811,cry
RNA-008811,nfxB
RNA-008811,tolF
RNA-008812,RS04965
RNA-008812,ycbH
RNA-008812,ycbI
RNA-008813,RS04985
RNA-008813,res
RNA-008813,rimF
RNA-008815,RS05000
RNA-008815,ycbG
RNA-008816,RS05005
RNA-008816,con
RNA-008816,tolG
RNA-008816,tut
RNA-008817,RS05035
RNA-008817,srjB
RNA-008818,RS05065
RNA-008818,yccW
RNA-008820,RS05155
RNA-008820,ymcA
RNA-008821,RS05160
RNA-008821,ymcB
RNA-008822,RS05165
RNA-008822,ymcC
RNA-008828,RS05560
RNA-008828,yccD
RNA-008836,RS06085
RNA-008836,mdoA
RNA-008839,RS06190
RNA-008839,mviN
RNA-008839,yceN
RNA-008841,RS06330
RNA-008841,cvc
RNA-008841,fabJ
RNA-008841,vtr
RNA-008841,vtrB
RNA-008842,RS06345
RNA-008842,ycfG
RNA-008844,RS06415
RNA-008844,comC
RNA-008844,ycfR
RNA-008845,RS06435
RNA-008845,ycfU
RNA-008846,RS06450
RNA-008846,ycfX
RNA-008848,RS06630
RNA-008848,elb1
RNA-008848,elbA
RNA-008848,ycgW
RNA-008852,RS06995
RNA-008852,tag
RNA-008854,RS07075
RNA-008854,ychM
RNA-008855,RS07095
RNA-008855,gtrA
RNA-008856,RS07155
RNA-008856,frdR
RNA-008856,narR
RNA-008858,RS07245
RNA-008858,ychK
RNA-008859,RS07250
RNA-008859,hnr
RNA-008859,sprE
RNA-008859,ychL
RNA-008860,RS07255
RNA-008860,ychD
RNA-008861,B1
RNA-008861,H1
RNA-008861,RS07260
RNA-008861,bglY
RNA-008861,cur
RNA-008861,drc
RNA-008861,drdX
RNA-008861,drs
RNA-008861,fimG
RNA-008861,hnsA
RNA-008861,irk
RNA-008861,msyA
RNA-008861,osmZ
RNA-008861,pilG
RNA-008861,topS
RNA-008861,topX
RNA-008861,virR
RNA-008863,RS07275
RNA-008863,adhC
RNA-008863,ana
RNA-008865,RS07355
RNA-008865,yciD
RNA-008871,RS07730
RNA-008871,anth
RNA-008871,tryD
RNA-008871,tryp-4
RNA-008874,RS07825
RNA-008874,yciS
RNA-008877,RS07850
RNA-008877,deoT
RNA-008883,RS08115
RNA-008883,ydaA
RNA-008884,RS08170
RNA-008884,ydaN
RNA-008885,RS08170
RNA-008885,ydaN
RNA-008886,RS08205
RNA-008886,UP03
RNA-008886,ynaF
RNA-008886,yzzL
RNA-008890,RS08365
RNA-008890,mdoD
RNA-008890,ydcG
RNA-008890,yzzZ
RNA-008891,RS08365
RNA-008891,mdoD
RNA-008891,ydcG
RNA-008891,yzzZ
RNA-008897,RS08495
RNA-008897,yncF
RNA-008899,RS08660
RNA-008899,acsA
RNA-008899,xasA
RNA-008901,RS08675
RNA-008901,pqqE
RNA-008901,pqqM
RNA-008901,yddC
RNA-008903,RS08845
RNA-008903,cfxB
RNA-008903,inaR
RNA-008903,soxQ
RNA-008904,RS08850
RNA-008904,cfxB
RNA-008904,inaR
RNA-008904,nfxC
RNA-008904,norB
RNA-008904,soxQ
RNA-008912,RS09115
RNA-008912,hsd
RNA-008912,hsdH
RNA-008913,RS09205
RNA-008913,tppB
RNA-008913,ydgR
RNA-008914,RS09230
RNA-008914,ydhA
RNA-008917,RS09305
RNA-008917,ydhD
RNA-008919,RS09340
RNA-008919,ydhC
RNA-008920,RS09345
RNA-008920,cdfA
RNA-008922,RS09355
RNA-008922,norE
RNA-008922,norM
RNA-008922,ydhE
RNA-008925,RS09425
RNA-008925,mlpA
RNA-008927,RS09430
RNA-008927,ynhG
RNA-008933,RS09975
RNA-008933,efg
RNA-008933,ntrL
RNA-008934,RS10020
RNA-008934,argM
RNA-008934,cstC
RNA-008934,ydjW
RNA-008937,RS10180
RNA-008937,gad
RNA-008937,gap1
RNA-008938,RS10185
RNA-008938,yzzQ
RNA-008940,RS10240
RNA-008940,yeaN
RNA-008943,RS10435
RNA-008943,yebP
RNA-008945,RS10590
RNA-008945,mlt
RNA-008945,msbB
RNA-008945,waaN
RNA-008946,RS10605
RNA-008946,yebM
RNA-008947,RS10610
RNA-008947,yebI
RNA-008948,RS10695
RNA-008948,lov
RNA-008948,lov-1
RNA-008949,RS10740
RNA-008949,cheM
RNA-008950,RS10770
RNA-008950,flbB
RNA-008951,RS10785
RNA-008951,otsP
RNA-008953,RS10915
RNA-008953,fliY
RNA-008953,ssi7
RNA-008953,yzzR
RNA-008954,RS11130
RNA-008954,yedU
RNA-008954,yzzC
RNA-008955,RS11175
RNA-008955,yeeI
RNA-008964,RS11400
RNA-008964,erfK
RNA-008964,yeeG
RNA-008964,yzzT
RNA-008965,RS11550
RNA-008965,cpeA
RNA-008965,exoI
RNA-008965,rmuA
RNA-008965,xonA
RNA-008968,RS11620
RNA-008968,cld
RNA-008968,rol
RNA-008968,wzz
RNA-008972,RS11730
RNA-008972,manC
RNA-008972,mni
RNA-008972,rfbM
RNA-008976,RS12055
RNA-008976,yohN
RNA-008980,RS12265
RNA-008980,yeiT
RNA-008982,RS12320
RNA-008982,cir
RNA-008982,feuA
RNA-008983,RS12330
RNA-008983,cadR
RNA-008987,RS12470
RNA-008987,yejD
RNA-008989,RS12610
RNA-008989,yojG
RNA-008990,RS12635
RNA-008990,aidD
RNA-008992,RS12735
RNA-008992,hisW
RNA-008992,nalA
RNA-008992,nfxA
RNA-008992,norA
RNA-008992,parD
RNA-008993,RS12770
RNA-008993,yfaG
RNA-008996,RS12790
RNA-008996,psi-51
RNA-009001,RS13000
RNA-009001,nuoD
RNA-009008,RS13140
RNA-009008,dedE
RNA-009009,RS13205
RNA-009009,yfcM
RNA-009010,RS13295
RNA-009010,vacJ
RNA-009018,RS13855
RNA-009018,yfeA
RNA-009019,RS13855
RNA-009019,yfeA
RNA-009020,RS13945
RNA-009020,dnaL
RNA-009020,lig
RNA-009020,lop
RNA-009020,pdeC
RNA-009021,RS13970
RNA-009021,ctr
RNA-009024,RS14450
RNA-009024,ypfF
RNA-009025,RS14450
RNA-009025,ypfF
RNA-009029,RS14570
RNA-009029,yfgC
RNA-009030,RS14590
RNA-009030,uraP
RNA-009039,RS15000
RNA-009039,yfgA
RNA-009042,RS15065
RNA-009042,nifU
RNA-009042,yfhN
RNA-009043,RS15070
RNA-009043,nuvC
RNA-009043,yfhO
RNA-009043,yzzO
RNA-009044,RS15075
RNA-009044,yfhP
RNA-009045,RS15080
RNA-009045,yfhQ
RNA-009046,RS15095
RNA-009046,csi-16
RNA-009049,RS15235
RNA-009049,ranA
RNA-009051,RS15265
RNA-009051,sigE
RNA-009052,RS15300
RNA-009052,yfiD
RNA-009053,RS15335
RNA-009053,pss
RNA-009055,RS15400
RNA-009055,ecfD
RNA-009055,yfiO
RNA-009056,RS15420
RNA-009056,pY
RNA-009056,urf1
RNA-009056,yfiA
RNA-009059,RS15580
RNA-009059,smpA
RNA-009059,smqA
RNA-009060,RS15595
RNA-009060,smqB
RNA-009064,RS15715
RNA-009064,ygaW
RNA-009067,RS15825
RNA-009067,ygaG
RNA-009068,RS15830
RNA-009068,gsh-I
RNA-009069,RS15875
RNA-009069,act
RNA-009069,ala-act
RNA-009069,lovB
RNA-009071,RS16050
RNA-009071,hevA
RNA-009072,RS16050
RNA-009072,hevA
RNA-009073,RS16075
RNA-009073,hydB
RNA-009074,RS16095
RNA-009074,ant
RNA-009074,fdv
RNA-009074,plm
RNA-009076,RS16190
RNA-009076,ygbQ
RNA-009078,RS16360
RNA-009078,chpAI
RNA-009078,chpR
RNA-009079,Arg1
RNA-009079,Arg2
RNA-009079,RS16565
RNA-009080,RS16625
RNA-009080,nudH
RNA-009080,ygdP
RNA-009085,RS16860
RNA-009085,ygfV
RNA-009086,RS16900
RNA-009086,cptB
RNA-009086,ygfY
RNA-009087,RS16930
RNA-009087,gcv
RNA-009090,RS16985
RNA-009090,iciA
RNA-009092,RS17130
RNA-009092,metX
RNA-009095,RS17240
RNA-009095,yggZ
RNA-009097,RS17495
RNA-009097,gox
RNA-009097,yghM
RNA-009098,RS17620
RNA-009098,yghV
RNA-009099,RS17730
RNA-009099,b3015
RNA-009099,b3016
RNA-009099,ygiR
RNA-009103,RS17870
RNA-009103,aspP
RNA-009103,trgB
RNA-009103,yqiE
RNA-009104,RS17875
RNA-009104,colE1-i
RNA-009104,mtcB
RNA-009104,mukA
RNA-009104,refI
RNA-009104,toc
RNA-009104,weeA
RNA-009105,RS17975
RNA-009105,ecfG
RNA-009105,htrG
RNA-009106,RS18055
RNA-009106,yqjH
RNA-009107,RS18155
RNA-009107,ygjU
RNA-009108,RS18185
RNA-009108,ecfL
RNA-009112,RS18255
RNA-009112,dlsT
RNA-009112,yhaO
RNA-009113,RS18255
RNA-009113,dlsT
RNA-009113,yhaO
RNA-009117,RS18450
RNA-009117,yhbU
RNA-009118,RS18485
RNA-009118,bfl
RNA-009120,RS18515
RNA-009120,yhbC
RNA-009121,RS18515
RNA-009121,yhbC
RNA-009122,RS18540
RNA-009122,prlH
RNA-009123,RS18560
RNA-009123,ftsJ
RNA-009123,mrsF
RNA-009123,rrmJ
RNA-009125,RS18655
RNA-009125,yrbI
RNA-009125,yrbJ
RNA-009126,RS18660
RNA-009126,yrbK
RNA-009128,RS18725
RNA-009128,aspB
RNA-009128,ossB
RNA-009128,psiQ
RNA-009135,RS19050
RNA-009135,rimN
RNA-009135,yrdC
RNA-009142,RS19310
RNA-009142,yzzS
RNA-009143,RS19370
RNA-009143,cap
RNA-009143,csm
RNA-009143,gurB
RNA-009144,RS19495
RNA-009144,yhfB
RNA-009148,RS19695
RNA-009148,glyD
RNA-009150,RS19750
RNA-009150,b3435
RNA-009150,b3436
RNA-009152,RS19815
RNA-009152,psiB
RNA-009152,psiC
RNA-009153,RS19845
RNA-009153,hrbB
RNA-009153,hrbC
RNA-009153,hrbD
RNA-009154,RS19860
RNA-009154,hrbB
RNA-009154,hrbC
RNA-009154,hrbD
RNA-009155,RS19860
RNA-009155,hrbB
RNA-009155,hrbC
RNA-009155,hrbD
RNA-009159,RS20015
RNA-009159,pit
RNA-009160,RS20020
RNA-009160,yhiO
RNA-009162,RS20030
RNA-009162,yhiP
RNA-009163,RS20040
RNA-009163,opdA
RNA-009164,RS20045
RNA-009164,yhiR
RNA-009166,RS20075
RNA-009166,yhiF
RNA-009168,RS20125
RNA-009168,yhhE
RNA-009169,RS20130
RNA-009169,yhhD
RNA-009169,yhiC
RNA-009170,RS20140
RNA-009170,yhiA
RNA-009171,RS20145
RNA-009171,yhiE
RNA-009171,yhiT
RNA-009172,RS20175
RNA-009172,gadS
RNA-009173,RS20180
RNA-009173,yhjA
RNA-009179,RS20355
RNA-009179,alu
RNA-009179,dpp
RNA-009179,fpp
RNA-009180,RS20370
RNA-009180,yhjW
RNA-009185,RS20670
RNA-009185,lct
RNA-009185,lctP
RNA-009188,RS20705
RNA-009188,yibM
RNA-009189,RS20770
RNA-009189,rfaZ
RNA-009191,RS20790
RNA-009191,lps
RNA-009191,rfaB
RNA-009191,syn
RNA-009192,RS20795
RNA-009192,rfaS
RNA-009199,RS21005
RNA-009199,yicE
RNA-009232,RS21415
RNA-009232,hslS
RNA-009232,htpE
RNA-009233,RS21420
RNA-009233,hslT
RNA-009233,htpN
RNA-009237,RS21545
RNA-009237,ind
RNA-009237,tnaR
RNA-009238,RS21550
RNA-009238,tnaP
RNA-009238,trpP
RNA-009240,RS21695
RNA-009240,papD
RNA-009240,uncB
RNA-009241,RS21700
RNA-009241,uncI
RNA-009243,RS21745
RNA-009243,rbsP
RNA-009244,RS21755
RNA-009244,rbsP
RNA-009244,rbsT
RNA-009245,RS21815
RNA-009245,b3762
RNA-009245,b3763
RNA-009245,yifA
RNA-009245,yifD
RNA-009248,RS21875
RNA-009248,dasC
RNA-009248,mbrA
RNA-009248,mmrA
RNA-009250,RS21950
RNA-009250,wzx
RNA-009250,yifJ
RNA-009251,RS21965
RNA-009251,rff
RNA-009251,wecG
RNA-009254,RS22025
RNA-009254,cya
RNA-009261,RS22300
RNA-009261,fadI
RNA-009261,flrD
RNA-009261,fsrC
RNA-009262,RS22300
RNA-009262,fadI
RNA-009262,flrD
RNA-009262,fsrC
RNA-009263,RS22360
RNA-009263,yihC
RNA-009264,RS22445
RNA-009264,yihK
RNA-009266,RS22665
RNA-009266,b3913
RNA-009266,yiiO
RNA-009267,RS22670
RNA-009267,yiiP
RNA-009268,RS22710
RNA-009268,yiiT
RNA-009271,RS22735
RNA-009271,yiiU
RNA-009272,RS22760
RNA-009272,msgA
RNA-009275,RS22925
RNA-009275,asp
RNA-009275,glu
RNA-009277,RS22965
RNA-009277,sth
RNA-009277,udhA
RNA-009278,RS22980
RNA-009278,yijC
RNA-009279,RS22995
RNA-009279,bfe
RNA-009279,cer
RNA-009280,RS23030
RNA-009280,bioR
RNA-009280,dhbB
RNA-009283,RS23105
RNA-009283,tabB
RNA-009287,RS23470
RNA-009287,exrA
RNA-009287,spr
RNA-009287,tsl
RNA-009287,umuA
RNA-009289,RS23510
RNA-009289,alr5
RNA-009291,RS23575
RNA-009291,hobH
RNA-009291,yjbP
RNA-009292,RS23605
RNA-009292,yjcC
RNA-009296,RS23865
RNA-009296,phnA
RNA-009297,RS23865
RNA-009297,phnA
RNA-009299,RS23945
RNA-009299,genF
RNA-009301,RS24020
RNA-009301,cutA3
RNA-009302,RS24035
RNA-009302,genA
RNA-009305,RS24060
RNA-009305,groEL
RNA-009305,mopA
RNA-009308,RS24150
RNA-009308,yjeQ
RNA-009309,RS24185
RNA-009309,yjeE
RNA-009310,RS24200
RNA-009310,trpX
RNA-009312,RS24210
RNA-009312,hflA
RNA-009312,hslX
RNA-009313,RS24215
RNA-009313,hflA
RNA-009313,hslY
RNA-009314,RS24235
RNA-009314,yjeB
RNA-009317,RS24435
RNA-009317,dagA
RNA-009317,ytfD
RNA-009319,RS24495
RNA-009319,ytfM
RNA-009321,RS24520
RNA-009321,b4228
RNA-009321,b4229
RNA-009321,ytfS
RNA-009322,RS24520
RNA-009322,b4228
RNA-009322,b4229
RNA-009322,ytfS
RNA-009325,RS24550
RNA-009325,mcb
RNA-009328,RS24650
RNA-009328,yjgD
RNA-009329,RS24675
RNA-009329,carP
RNA-009329,xerB
RNA-009330,RS24680
RNA-009330,yjgP
RNA-009336,RS25335
RNA-009336,cpxC
RNA-009336,dye
RNA-009336,fexA
RNA-009336,msp
RNA-009336,seg
RNA-009336,sfrA
RNA-009364,RS00615
RNA-009364,dhl
RNA-009364,lpdA
RNA-009373,RS00045
RNA-009373,yaaK
RNA-009376,RS12650
RNA-009376,meoA
RNA-009376,par
RNA-009379,RS19575
RNA-009379,pckA
RNA-009386,RS10560
RNA-009386,hga
RNA-009386,kdgA
RNA-009386,kga
RNA-009393,RS07800
RNA-009393,yciX_2
RNA-009394,RS01160
RNA-009394,lpcA
RNA-009394,tfrA
RNA-009394,yafI
RNA-009395,RS17460
RNA-009395,b2973
RNA-009395,b2974
RNA-009395,sslE
RNA-009398,RS05170
RNA-009398,ymcD
RNA-009409,RS17090
RNA-009409,tkt
RNA-009412,RS10405
RNA-009412,gicA
RNA-009412,msmB
RNA-009416,RS08215
RNA-009416,pfo
RNA-009418,RS21880
RNA-009418,gppA
RNA-009421,RS00920
RNA-009421,ispC
RNA-009421,yaeM
RNA-006022,RS04215
RNA-009472,RS24815
RNA-009540,RS03700
RNA-009540,cybA
RNA-009624,RS23145
RNA-009624,qseD
RNA-009704,RS24870
RNA-009714,RS05720
RNA-009714,yceP
RNA-009732,ECK2397
RNA-009732,valUgamma
RNA-009733,ECK4361
RNA-009733,leuVgamma
RNA-009734,ECK2342
RNA-009735,ECK2688
RNA-009735,argVbeta
RNA-009736,ECK1661
RNA-009737,ECK3369
RNA-009738,ECK3648
RNA-009738,fdhC
RNA-009739,ECK2687
RNA-009739,argVgamma
RNA-009740,ECK2398
RNA-009740,supN
RNA-009741,ECK0736
RNA-009741,lysTg
RNA-009741,lysTgamma
RNA-009742,ECK1477
RNA-009742,yddO
RNA-009743,ECK0734
RNA-009743,lysT-beta
RNA-009743,lysTbeta
RNA-009743,su
RNA-009744,ECK1224
RNA-009745,ECK4425
RNA-009745,IstR-1
RNA-009745,IstR-2
RNA-009745,PsrA19
RNA-009746,ECK1677
RNA-009746,ynhC
RNA-009747,ECK2667
RNA-009747,ygaN
RNA-009748,ECK3261
RNA-009784,RS02655
RNA-009784,cag26
RNA-009784,cai
RNA-009902,RS02530
RNA-009902,cag6
RNA-009928,RS07830
RNA-009928,tsaA
RNA-009931,RS03510
RNA-009931,omp17
RNA-009937,RS01220
RNA-009937,dps
RNA-009997,ECK3952
RNA-009998,ECK2726
RNA-009998,fhl
RNA-009999,ECK2736
RNA-009999,abrD
RNA-009999,appR
RNA-009999,csi2
RNA-009999,dpeB
RNA-009999,katF
RNA-009999,nur
RNA-009999,otsX
RNA-009999,sigS
RNA-010004,ECK0346
RNA-010021,ECK2833
RNA-010021,PAIR2a
RNA-010021,PsrA12
RNA-010021,RygA
RNA-010021,SraE
RNA-010021,T59
RNA-010022,ECK1056
RNA-010023,ECK2834
RNA-010023,PAIR2b
RNA-010023,RygB
RNA-010023,T59
RNA-010027,ECK1893
RNA-010027,flbB
RNA-010068,ECK2804
RNA-010068,IS145
RNA-010068,PsrA11
RNA-010069,ECK2033
RNA-010069,rmlA
RNA-010069,som
RNA-010070,ECK2032
RNA-010070,rfbD
RNA-010070,rmlC
RNA-010071,ECK4349
RNA-010071,mdoB
RNA-010071,yjjO
RNA-010072,ECK1235
RNA-010072,adhC
RNA-010072,ana
RNA-010073,ECK1759
RNA-010074,ECK2909
RNA-010075,ECK2029
RNA-010075,rfc
RNA-010075,yefF
RNA-010076,ECK2030
RNA-010076,yefE
RNA-010077,ECK3661
RNA-010078,ECK3662
RNA-010079,ECK3766
RNA-010080,ECK0928
RNA-010080,ssi4
RNA-010080,ycbP
RNA-010081,ECK2026
RNA-010081,yefI
RNA-010082,ECK2027
RNA-010082,yefH
RNA-010083,ECK3080
RNA-010083,ygjU
RNA-010084,ECK3531
RNA-010084,alu
RNA-010084,dpp
RNA-010084,fpp
RNA-010085,ECK3530
RNA-010086,ECK3529
RNA-010087,ECK3528
RNA-010088,ECK3527
RNA-010088,dppE
RNA-010089,ECK4204
RNA-010089,dagA
RNA-010089,ytfD
RNA-010090,ECK2304
RNA-010091,ECK3442
RNA-010091,hrbB
RNA-010091,hrbC
RNA-010091,hrbD
RNA-010092,ECK2031
RNA-010092,wzx
RNA-010092,wzxB
RNA-010093,ECK3788
RNA-010094,ECK2590
RNA-010094,htpM
RNA-010095,ECK3679
RNA-010095,hslT
RNA-010095,htpN
RNA-010096,ECK0014
RNA-010096,groPAB
RNA-010096,groPC
RNA-010096,groPF
RNA-010096,grpC
RNA-010096,grpF
RNA-010096,seg
RNA-010097,ECK0015
RNA-010097,groP
RNA-010097,grpC
RNA-010098,ECK0467
RNA-010099,ECK4136
RNA-010099,groES
RNA-010099,mopB
RNA-010100,ECK3490
RNA-010101,ECK2084
RNA-010102,ECK2088
RNA-010103,ECK2700
RNA-010103,gutD
RNA-010104,ECK0433
RNA-010104,capR
RNA-010104,deg
RNA-010104,dir
RNA-010104,lopA
RNA-010104,muc
RNA-010105,ECK2747
RNA-010106,ECK2087
RNA-010107,ECK2086
RNA-010108,ECK2085
RNA-010109,ECK2699
RNA-010109,gutB
RNA-010111,ECK3655
RNA-010111,yicO
RNA-010112,ECK0528
RNA-010112,ybcA
RNA-010113,ECK0218
RNA-010114,ECK0690
RNA-010115,ECK3493
RNA-010115,yhhD
RNA-010115,yhiC
RNA-010116,ECK0526
RNA-010117,ECK1666
RNA-010118,ECK2849
RNA-010119,ECK1466
RNA-010121,ECK1159
RNA-010122,ECK1449
RNA-010123,ECK1932
RNA-010123,ECK1933
RNA-010123,b1933
RNA-010123,b1934
RNA-010123,b1935
RNA-010123,yedM
RNA-010124,ECK2647
RNA-010125,ECK2752
RNA-010125,cas5e
RNA-010125,ygcI
RNA-010126,ECK2847
RNA-010127,ECK2848
RNA-010128,ECK2851
RNA-010129,ECK2854
RNA-010130,ECK2855
RNA-010130,ECK2856
RNA-010130,b2857
RNA-010130,ygeM
RNA-010131,ECK3110
RNA-010132,ECK3429
RNA-010133,ECK3474
RNA-010133,ECK3475
RNA-010133,b3489
RNA-010133,b3490
RNA-010133,yhiK
RNA-010134,ECK3585
RNA-010135,ECK4040
RNA-010136,ECK1863
RNA-010247,ALC86_RS03275
RNA-010247,RS03275
RNA-010247,VC_0620
RNA-010247,VC_RS03140
RNA-010248,ALC86_RS04980
RNA-010248,RS04980
RNA-010248,VC0972
RNA-010248,VC_0972
RNA-010248,VC_RS04810
RNA-010249,ALC86_RS19125
RNA-010249,RS19090
RNA-010249,VC_A1041
RNA-010249,VC_RS18255
RNA-010286,G-101
RNA-010286,P0162
RNA-010286,aad
RNA-010286,adhC
RNA-010287,G-104
RNA-010287,P0165
RNA-010288,G-106
RNA-010288,P0163
RNA-010289,G-105
RNA-010289,P0164
RNA-002540,SPA104
RNA-014031,Spa93
RNA-014062,Spa38
RNA-014080,Spa70
RNA-014086,Spa181
RNA-014090,IG_PA1370-1371
RNA-014124,AS_PA0714.1
RNA-014144,Spa101
RNA-014172,IG_PA2991-2992
RNA-014192,AS_PA2958.1
RNA-014194,AS_PA5013
RNA-014195,IG_PA0668_PA0668.1
RNA-014227,IG_PA2465_66
RNA-014255,AS_PA3654
RNA-014287,AS_PA4196
RNA-014300,AS_PA5143
RNA-014353,AS_PA4588
RNA-014354,IG_PA3708_PA3709
RNA-014357,IG_PA5300-PA5301
RNA-014372,AS_PA4527
RNA-014090,IG_PA3159_PA3160
RNA-014416,AS_PA3147
RNA-014472,IG_PA3384_PA3385
RNA-014486,AS_PA4315
RNA-014566,IG_PA5308-PA5309
RNA-014574,IG_PA4204-PA4205
RNA-014582,AS_PA5086
RNA-014584,AS_PA5087
RNA-014597,AS_PA5292
RNA-014619,AS_PA1552
RNA-014661,IG_PA4080-P4081
RNA-014672,IG_PA1584_1585
RNA-014680,sRNA1059
RNA-014687,IG_PA2372_PA2373
RNA-014730,IG_PA2570-PA2570.1
RNA-014067,BetT1-5'
RNA-014738,AS_PA1686
RNA-014744,AS_PA3559
RNA-014745,IG_PA0283_0824
RNA-014751,PA2770_5'
RNA-014782,AS_PA5060
RNA-014795,PA0788a
RNA-014800,AS_PA1637
RNA-014811,AS_PA3857
RNA-014062,Sr63
RNA-014816,IG_PA5338-5339
RNA-014821,IG_PA0844_0845
RNA-014825,AS_PA2743
RNA-014832,IG_PA2392_93
RNA-014841,AS_PA4647
RNA-014847,AS_PA1150
