locus_id,rna_id,genome_id,start_coord,end_coord,strand,span_length,coords_were_flipped,left_gene,right_gene,annotation_source,seq_id
LOC-000001,RNA-000001,GEN-0001,4300177,4300271,-,95,1,yhhX,ggt,Conserved sRNA from Escherichia coli K12 MG1655.,SEQ-7898032B32ED
LOC-000002,RNA-000002,GEN-0001,4398668,4399000,,333,0,,,,SEQ-50783BF11EC2
LOC-000003,RNA-000003,GEN-0001,1737691,1738104,,414,0,,,,SEQ-904DD11B9006
LOC-000004,RNA-000004,GEN-0001,4918703,4918942,,240,0,,,,SEQ-D6093042DC2C
LOC-000005,RNA-000005,GEN-0001,5112546,5112755,,210,0,,,,SEQ-68AA4D6AB329
LOC-000006,RNA-000006,GEN-0001,577331,578263,,933,0,,,,SEQ-D62C5CFD5E0A
LOC-000007,RNA-000007,GEN-0001,2090336,2091871,,1536,0,,,,SEQ-CBF8076E5A51
LOC-000008,RNA-000008,GEN-0001,1734388,1735332,,945,0,,,,SEQ-7D40F77FEC33
LOC-000009,RNA-000009,GEN-0001,277488,278258,,771,0,,,,SEQ-79321ED7E6B9
LOC-000010,RNA-000010,GEN-0001,2092027,2093427,,1401,0,,,,SEQ-7A78F6C9FF3A
LOC-000011,RNA-000011,GEN-0001,5234917,5236725,,1809,0,,,,SEQ-C17F4AFC6B85
LOC-000012,RNA-000012,GEN-0001,4986502,4986885,,384,0,,,,SEQ-2C7EA274C843
LOC-000013,RNA-000013,GEN-0001,5258540,5259838,,1299,0,,,,SEQ-E74D4FE318F0
LOC-000014,RNA-000014,GEN-0001,2863244,2864278,,1035,0,,,,SEQ-9532E1B9AA75
LOC-000015,RNA-000015,GEN-0001,1841087,1841395,,309,0,,,,SEQ-876958FBEC21
LOC-000016,RNA-000016,GEN-0001,2362370,2363857,,1488,0,,,,SEQ-994101DB291F
LOC-000017,RNA-000017,GEN-0001,758776,760203,,1428,0,,,,SEQ-A9D671F706D3
LOC-000018,RNA-000018,GEN-0001,5485507,5485674,,168,0,,,,SEQ-2EF3A2DEBCB5
LOC-000019,RNA-000019,GEN-0001,12180,14096,,1917,0,,,,SEQ-EA1CEC9829DB
LOC-000020,RNA-000020,GEN-0001,578266,579558,,1293,0,,,,SEQ-31476350255E
LOC-000021,RNA-000021,GEN-0001,4189253,4189729,,477,0,,,,SEQ-6235F0561F23
LOC-000022,RNA-000022,GEN-0001,1054340,1056616,,2277,0,,,,SEQ-8A5301D33597
LOC-000023,RNA-000023,GEN-0001,5032356,5036039,,3684,0,,,,SEQ-392A7A294737
LOC-000024,RNA-000024,GEN-0001,3633943,3636177,,2235,0,,,,SEQ-998111361D56
LOC-000025,RNA-000025,GEN-0001,205445,205900,,456,0,,,,SEQ-56FC584CA9F4
LOC-000026,RNA-000026,GEN-0001,4325126,4325752,,627,0,,,,SEQ-0E75A5807404
LOC-000027,RNA-000027,GEN-0001,3254761,3255759,,999,0,,,,SEQ-F25DD5DC61EC
LOC-000028,RNA-000028,GEN-0001,4821424,4822917,,1494,0,,,,SEQ-C1698F7E2619
LOC-000029,RNA-000029,GEN-0001,5463362,5464150,,789,0,,,,SEQ-FB21E9B43E00
LOC-000030,RNA-000030,GEN-0001,5201981,5203321,,1341,0,,,,SEQ-B93AAA8546D1
LOC-000031,RNA-000031,GEN-0001,1523343,1524368,,1026,0,,,,SEQ-C1AEA19D15BE
LOC-000032,RNA-000032,GEN-0001,3451852,3454425,,2574,0,,,,SEQ-58E22AFE4546
LOC-000033,RNA-000033,GEN-0001,94240,94698,,459,0,,,,SEQ-3E60BC3F707C
LOC-000034,RNA-000034,GEN-0001,1736639,1737547,,909,0,,,,SEQ-AEAED537A44F
LOC-000035,RNA-000035,GEN-0001,2996491,2997429,,939,0,,,,SEQ-1D38AE5417F1
LOC-000036,RNA-000036,GEN-0001,5221469,5222905,,1437,0,,,,SEQ-4724E59C05DD
LOC-000037,RNA-000037,GEN-0001,720416,720979,,564,0,,,,SEQ-D1B41786A132
LOC-000038,RNA-000038,GEN-0001,3861484,3863133,,1650,0,,,,SEQ-0283F1BF4E9F
LOC-000039,RNA-000039,GEN-0001,3998042,3999406,,1365,0,,,,SEQ-798FB5C151B4
LOC-000040,RNA-000040,GEN-0001,3258592,3260319,,1728,0,,,,SEQ-14823BAD4982
LOC-000041,RNA-000041,GEN-0001,4906556,4907458,,903,0,,,,SEQ-CCFA3845CBAE
LOC-000042,RNA-000042,GEN-0001,4132873,4133466,,594,0,,,,SEQ-6086E5AAE426
LOC-000043,RNA-000043,GEN-0001,1538786,1539607,,822,0,,,,SEQ-9E4756B9D96E
LOC-000044,RNA-000044,GEN-0001,3109996,3111291,,1296,0,,,,SEQ-3C182DABC4AF
LOC-000045,RNA-000045,GEN-0001,164472,164927,,456,0,,,,SEQ-B6C8CC68A665
LOC-000046,RNA-000046,GEN-0001,4677564,4678979,,1416,0,,,,SEQ-1EB495FFE4B4
LOC-000047,RNA-000047,GEN-0001,4903689,4905062,,1374,0,,,,SEQ-667466DE8869
LOC-000048,RNA-000048,GEN-0001,1845600,1847585,,1986,0,,,,SEQ-733F834A6A67
LOC-000049,RNA-000050,GEN-0001,5340158,5341669,,1512,0,,,,SEQ-B3CA610A43C2
LOC-000050,RNA-000051,GEN-0001,3990232,3990714,,483,0,,,,SEQ-D2896190D216
LOC-000051,RNA-000052,GEN-0001,1390630,1391328,,699,0,,,,SEQ-6A16D970F7C7
LOC-000052,RNA-000053,GEN-0001,2994783,2996474,,1692,0,,,,SEQ-FD3353B06CB6
LOC-000053,RNA-000054,GEN-0001,1058552,1060273,,1722,0,,,,SEQ-B162D3271EF2
LOC-000054,RNA-000055,GEN-0001,2524956,2525028,-,73,1,pphA_2,yebY,Conserved sRNA from Escherichia coli K12 MG1655.,SEQ-5EAE7CDE73AA
LOC-000055,RNA-000056,GEN-0001,573006,573077,+,72,0,ushA,ybaQ,Conserved sRNA from Escherichia coli K12 MG1655.,SEQ-43603E2CB19B
LOC-000056,RNA-000057,GEN-0001,2419505,2420863,,1359,0,,,,SEQ-3598589A4297
LOC-000057,RNA-000058,GEN-0001,3044768,3045871,,1104,0,,,,SEQ-FD9BE12DCAB0
LOC-000058,RNA-000059,GEN-0001,1053442,1053666,,225,0,,,,SEQ-1B83FF0BF7F6
LOC-000059,RNA-000060,GEN-0001,4406999,4407037,+,39,0,acrB_5,treF,Conserved sRNA from Escherichia coli K12 MG1655.,SEQ-33F80856B4D1
LOC-000060,RNA-000061,GEN-0001,3046610,3049282,,2673,0,,,,SEQ-551DA2B33238
LOC-000061,RNA-000062,GEN-0001,4989583,4989948,,366,0,,,,SEQ-65D6C4BE2EA6
LOC-000062,RNA-000063,GEN-0001,974757,975272,,516,0,,,,SEQ-C912967BC933
LOC-000063,RNA-000064,GEN-0001,472231,473139,,909,0,,,,SEQ-8CBA56DDB330
LOC-000064,RNA-000065,GEN-0001,94700,95641,,942,0,,,,SEQ-3306A1A7E4AD
LOC-000065,RNA-000066,GEN-0001,4177758,4177874,,117,0,,,,SEQ-DCE0CFD397E6
LOC-000066,RNA-000067,GEN-0001,972715,973218,,504,0,,,,SEQ-E3A4B628599D
LOC-000067,RNA-000068,GEN-0001,135988,138585,,2598,0,,,,SEQ-6B035CC8C726
LOC-000068,RNA-000069,GEN-0001,4229722,4230810,,1089,0,,,,SEQ-5520AF1902EC
LOC-000069,RNA-000070,GEN-0001,2395408,2397795,,2388,0,,,,SEQ-952F179D1F16
LOC-000070,RNA-000071,GEN-0001,3588264,3589403,,1140,0,,,,SEQ-FE39A1C55D52
LOC-000071,RNA-000072,GEN-0001,1479983,1480237,,255,0,,,,SEQ-8127A6739C8F
LOC-000072,RNA-000073,GEN-0001,3587209,3588201,,993,0,,,,SEQ-9671DE007232
LOC-000073,RNA-000074,GEN-0001,3589543,3590169,,627,0,,,,SEQ-23908D788266
LOC-000074,RNA-000075,GEN-0001,691911,694151,,2241,0,,,,SEQ-AECB9EDE15AC
LOC-000075,RNA-000076,GEN-0001,1148485,1149525,,1041,0,,,,SEQ-F13CE57FBAF8
LOC-000076,RNA-000077,GEN-0001,1739626,1742301,,2676,0,,,,SEQ-693CB34D8FD9
LOC-000077,RNA-000078,GEN-0001,3950440,3950655,,216,0,,,,SEQ-C24A31BCEB64
LOC-000078,RNA-000079,GEN-0001,3792868,3793197,,330,0,,,,SEQ-3AE16CA93DE8
LOC-000079,RNA-000080,GEN-0001,3470257,3470850,,594,0,,,,SEQ-C40951C25FC4
LOC-000080,RNA-000081,GEN-0001,3241309,3242511,,1203,0,,,,SEQ-B1EA6B748FE2
LOC-000081,RNA-000082,GEN-0001,3175825,3176667,,843,0,,,,SEQ-59A8FF2825B6
LOC-000082,RNA-000083,GEN-0001,2954092,2954679,,588,0,,,,SEQ-451D9090B0ED
LOC-000083,RNA-000084,GEN-0001,5225603,5227249,,1647,0,,,,SEQ-306535B5588D
LOC-000084,RNA-000085,GEN-0001,2464510,2465505,,996,0,,,,SEQ-906F81AA879C
LOC-000085,RNA-000086,GEN-0001,1500429,1503614,,3186,0,,,,SEQ-0943DF24712E
LOC-000086,RNA-000087,GEN-0001,4467177,4467467,,291,0,,,,SEQ-E4E56675F58D
LOC-000087,RNA-000088,GEN-0001,4373822,4374157,,336,0,,,,SEQ-5522555ED2E9
LOC-000088,RNA-000089,GEN-0001,4990268,4994296,,4029,0,,,,SEQ-F15A358C8B81
LOC-000089,RNA-000090,GEN-0001,403184,403459,,276,0,,,,SEQ-0EB37DB0A4F7
LOC-000090,RNA-000091,GEN-0001,4812867,4813628,,762,0,,,,SEQ-AB3D5174E999
LOC-000091,RNA-000092,GEN-0001,977490,977957,,468,0,,,,SEQ-D8A9DAB0E3E0
LOC-000092,RNA-000093,GEN-0001,3436398,3436781,,384,0,,,,SEQ-CFEDEEF2ACEA
LOC-000093,RNA-000094,GEN-0001,4182039,4182578,,540,0,,,,SEQ-CB5E37459FBF
LOC-000094,RNA-000095,GEN-0001,820240,820896,,657,0,,,,SEQ-2EB43B55C93D
LOC-000095,RNA-000096,GEN-0001,4177906,4179237,,1332,0,,,,SEQ-405DE7780E27
LOC-000096,RNA-000097,GEN-0001,3629169,3630467,,1299,0,,,,SEQ-B2F2B1011CE7
LOC-000097,RNA-000098,GEN-0001,4905907,4906407,,501,0,,,,SEQ-CC32A1CD7262
LOC-000098,RNA-000099,GEN-0001,4090933,4091565,,633,0,,,,SEQ-7C3577D02860
LOC-000099,RNA-000100,GEN-0001,1843953,1844171,,219,0,,,,SEQ-C38DFCCCC525
LOC-000100,RNA-000101,GEN-0001,1473089,1473463,,375,0,,,,SEQ-B1FC3320C710
LOC-000101,RNA-000102,GEN-0001,2148780,2148809,-,30,1,,,,SEQ-CE8A74BAB283
LOC-000102,RNA-000103,GEN-0001,3539168,3540724,,1557,0,,,,SEQ-7BBE7CDE884C
LOC-000103,RNA-000104,GEN-0001,695814,699695,,3882,0,,,,SEQ-7E9FEA75B72B
LOC-000104,RNA-000105,GEN-0001,4183899,4184309,,411,0,,,,SEQ-3BDB1F5D46F4
LOC-000105,RNA-000106,GEN-0001,705211,706167,,957,0,,,,SEQ-9E324122F231
LOC-000106,RNA-000107,GEN-0001,768177,768203,-,27,1,,,,SEQ-20AE5EFF80B8
LOC-000107,RNA-000108,GEN-0001,2357270,2357506,,237,0,,,,SEQ-8499A658A97F
LOC-000108,RNA-000109,GEN-0001,4181719,4182024,,306,0,,,,SEQ-C4DCEB2B380E
LOC-000109,RNA-000110,GEN-0001,2341261,2342409,,1149,0,,,,SEQ-658A3E2CD5B2
LOC-000110,RNA-000111,GEN-0001,1510851,1511087,,237,0,,,,SEQ-104B3F71ACC3
LOC-000111,RNA-000112,GEN-0001,4369448,4370500,,1053,0,,,,SEQ-6DCD96460AEE
LOC-000112,RNA-000113,GEN-0001,4994373,4998596,,4224,0,,,,SEQ-50EBE0D72367
LOC-000113,RNA-000114,GEN-0001,193361,194086,,726,0,,,,SEQ-59D818F5E98C
LOC-000114,RNA-000115,GEN-0001,101693,103009,,1317,0,,,,SEQ-9A2D9A719A8B
LOC-000115,RNA-000116,GEN-0001,1978697,1978963,,267,0,,,,SEQ-CB5591AB7763
LOC-000116,RNA-000117,GEN-0001,1877349,1877570,,222,0,,,,SEQ-B02937F9FEB3
LOC-000117,RNA-000118,GEN-0001,3377875,3379725,,1851,0,,,,SEQ-4F2E0CA88B9F
LOC-000118,RNA-000119,GEN-0001,5253104,5254054,,951,0,,,,SEQ-B9D54ABD12CB
LOC-000119,RNA-000120,GEN-0001,691116,691859,,744,0,,,,SEQ-068E831780FD
LOC-000120,RNA-000121,GEN-0001,4185683,4186504,,822,0,,,,SEQ-DD70A2F93162
LOC-000121,RNA-000122,GEN-0001,1529784,1533278,,3495,0,,,,SEQ-E232890761A8
LOC-000122,RNA-000123,GEN-0001,171807,174050,,2244,0,,,,SEQ-3A462E505E84
LOC-000123,RNA-000124,GEN-0001,4402674,4405787,,3114,0,,,,SEQ-9F409516CBCB
LOC-000124,RNA-000125,GEN-0001,1831892,1834489,,2598,0,,,,SEQ-C1D5EE52D8E3
LOC-000125,RNA-000126,GEN-0001,3977070,3978056,,987,0,,,,SEQ-191EFC66B5DF
LOC-000126,RNA-000127,GEN-0001,1717598,1717828,,231,0,,,,SEQ-EB6CDE75C248
LOC-000127,RNA-000128,GEN-0001,4188099,4188410,,312,0,,,,SEQ-297091CFF4E4
LOC-000128,RNA-000129,GEN-0001,109911,111062,,1152,0,,,,SEQ-618115BBD5E8
LOC-000129,RNA-000130,GEN-0001,4780136,4780173,+,38,0,aslB,cyaA,Conserved sRNA from Escherichia coli K12 MG1655.,SEQ-74FF05B3F7DB
LOC-000130,RNA-000131,GEN-0001,4907639,4908601,,963,0,,,,SEQ-00CA889A6FA5
LOC-000131,RNA-000132,GEN-0001,96019,97785,,1767,0,,,,SEQ-8AAFB041B441
LOC-000132,RNA-000133,GEN-0001,25221,25484,,264,0,,,,SEQ-EE9084863A15
LOC-000133,RNA-000134,GEN-0001,768200,769108,,909,0,,,,SEQ-BFE1BD33C4B3
LOC-000134,RNA-000135,GEN-0001,3260360,3260869,,510,0,,,,SEQ-52457F1DEA5E
LOC-000135,RNA-000136,GEN-0001,738648,738857,,210,0,,,,SEQ-0326C321FBAA
LOC-000136,RNA-000137,GEN-0001,4845878,4845913,+,36,0,,,,SEQ-F026A77186DA
LOC-000137,RNA-000138,GEN-0001,772500,773579,,1080,0,,,,SEQ-31C540FBD410
LOC-000138,RNA-000139,GEN-0001,4191434,4193548,,2115,0,,,,SEQ-314ED4CE8211
LOC-000139,RNA-000140,GEN-0001,1416614,1417189,,576,0,,,,SEQ-8CA20BCF3961
LOC-000140,RNA-000141,GEN-0001,2842548,2842613,+,66,0,yegQ,yegS,Conserved sRNA from Escherichia coli K12 MG1655.,SEQ-CAD475AD8E90
LOC-000141,RNA-000142,GEN-0001,706356,707531,,1176,0,,,,SEQ-2A5A9940AC25
LOC-000142,RNA-000143,GEN-0001,4092287,4092940,,654,0,,,,SEQ-B2DB14D58351
LOC-000143,RNA-000144,GEN-0001,3295895,3297898,,2004,0,,,,SEQ-3D95BA8A85A5
LOC-000144,RNA-000145,GEN-0001,4186821,4187426,,606,0,,,,SEQ-3499A36800D9
LOC-000145,RNA-000146,GEN-0001,5279692,5279919,,228,0,,,,SEQ-85BD2B8D7359
LOC-000146,RNA-000147,GEN-0001,4538313,4539509,,1197,0,,,,SEQ-8458FEFBE65D
LOC-000147,RNA-000148,GEN-0001,1876981,1877340,,360,0,,,,SEQ-0AD9FCF42B8D
LOC-000148,RNA-000149,GEN-0001,871670,872710,,1041,0,,,,SEQ-658610A930E6
LOC-000149,RNA-000150,GEN-0001,1245359,1245586,,228,0,,,,SEQ-395AA98036E4
LOC-000150,RNA-000151,GEN-0001,4211487,4211654,,168,0,,,,SEQ-D9865971140C
LOC-000151,RNA-000152,GEN-0001,4398226,4398564,,339,0,,,,SEQ-CE3F62BE069F
LOC-000152,RNA-000153,GEN-0001,772036,772503,,468,0,,,,SEQ-92E4C39C17A7
LOC-000153,RNA-000154,GEN-0001,4054040,4054309,,270,0,,,,SEQ-08589B9497B1
LOC-000154,RNA-000155,GEN-0001,3696382,3698541,,2160,0,,,,SEQ-7A387A06C1BC
LOC-000155,RNA-000156,GEN-0001,5255891,5257150,,1260,0,,,,SEQ-CCD6F0A5ABD0
LOC-000156,RNA-000157,GEN-0001,857549,858688,,1140,0,,,,SEQ-9BA76AB085FA
LOC-000157,RNA-000158,GEN-0001,1091639,1093312,,1674,0,,,,SEQ-324B230296B9
LOC-000158,RNA-000159,GEN-0001,5491367,5492236,,870,0,,,,SEQ-76CCD84C663B
LOC-000159,RNA-000160,GEN-0001,4670694,4670834,,141,0,,,,SEQ-9479B1307132
LOC-000160,RNA-000161,GEN-0001,3774484,3774558,,75,0,,,,SEQ-DC1759BD629E
LOC-000161,RNA-000162,GEN-0001,2730623,2731540,,918,0,,,,SEQ-61D83EE96D8A
LOC-000162,RNA-000163,GEN-0001,55350,56198,,849,0,,,,SEQ-91BFEA383602
LOC-000163,RNA-000164,GEN-0001,2660511,2661362,,852,0,,,,SEQ-A46B5F9C00CB
LOC-000164,RNA-000165,GEN-0001,3941547,3942785,,1239,0,,,,SEQ-EC6F01BD2B94
LOC-000165,RNA-000166,GEN-0001,4721721,4723172,,1452,0,,,,SEQ-F342C0505FBA
LOC-000166,RNA-000167,GEN-0001,878963,879736,,774,0,,,,SEQ-BCBBD6D023FE
LOC-000167,RNA-000168,GEN-0001,3897107,3897934,,828,0,,,,SEQ-BD8CA8F79F73
LOC-000168,RNA-000169,GEN-0001,16157,17323,,1167,0,,,,SEQ-7183B7B17E57
LOC-000169,RNA-000170,GEN-0001,2312633,2314135,,1503,0,,,,SEQ-4BEEF0594F17
LOC-000170,RNA-000171,GEN-0001,5484241,5485473,,1233,0,,,,SEQ-3872C418DA03
LOC-000171,RNA-000172,GEN-0001,3543436,3546066,,2631,0,,,,SEQ-C27CDF84BE6C
LOC-000172,RNA-000173,GEN-0001,3518651,3519100,,450,0,,,,SEQ-0796EB51CAAD
LOC-000173,RNA-000174,GEN-0001,1669338,1669631,,294,0,,,,SEQ-CAA85A44EE80
LOC-000174,RNA-000175,GEN-0001,2468650,2470584,,1935,0,,,,SEQ-E89217A56ADF
LOC-000175,RNA-000176,GEN-0001,5268129,5269754,,1626,0,,,,SEQ-48FB4D45F5BE
LOC-000176,RNA-000177,GEN-0001,488642,489712,,1071,0,,,,SEQ-40873A107DF6
LOC-000177,RNA-000178,GEN-0001,2966973,2967857,,885,0,,,,SEQ-2414EEF041C4
LOC-000178,RNA-000179,GEN-0001,4377577,4379619,,2043,0,,,,SEQ-F8C66D1DA66C
LOC-000179,RNA-000180,GEN-0001,2399946,2400488,,543,0,,,,SEQ-65AE090B6AF1
LOC-000180,RNA-000181,GEN-0001,2505861,2506712,,852,0,,,,SEQ-207FD11A1E93
LOC-000181,RNA-000182,GEN-0001,25819,26760,,942,0,,,,SEQ-B9B25D0147D2
LOC-000182,RNA-000183,GEN-0001,490917,491249,,333,0,,,,SEQ-30DED1C1F823
LOC-000183,RNA-000184,GEN-0001,4141005,4142354,,1350,0,,,,SEQ-665DD3D85197
LOC-000184,RNA-000185,GEN-0001,1117057,1118457,,1401,0,,,,SEQ-AAD557DB47CB
LOC-000185,RNA-000186,GEN-0001,773693,775117,,1425,0,,,,SEQ-738E83F334F0
LOC-000186,RNA-000187,GEN-0001,2442020,2443363,,1344,0,,,,SEQ-ABB8497367D9
LOC-000187,RNA-000188,GEN-0001,3525625,3527769,,2145,0,,,,SEQ-B4025A2DAAE7
LOC-000188,RNA-000189,GEN-0001,179307,180728,,1422,0,,,,SEQ-26199B795353
LOC-000189,RNA-000190,GEN-0001,95638,96003,,366,0,,,,SEQ-8C31CBF702AA
LOC-000190,RNA-000191,GEN-0001,283033,283773,,741,0,,,,SEQ-8D326787C6F1
LOC-000191,RNA-000192,GEN-0001,2731997,2732932,,936,0,,,,SEQ-54ED4097FE9B
LOC-000192,RNA-000193,GEN-0001,4087198,4088631,,1434,0,,,,SEQ-CFF70AEFD3CA
LOC-000193,RNA-000194,GEN-0001,3806550,3807410,,861,0,,,,SEQ-971BA88A2FE6
LOC-000194,RNA-000195,GEN-0001,2534761,2536572,,1812,0,,,,SEQ-F01DE654431F
LOC-000195,RNA-000196,GEN-0001,4957457,4960108,,2652,0,,,,SEQ-4E4FC4BBF757
LOC-000196,RNA-000197,GEN-0001,4759949,4761208,,1260,0,,,,SEQ-4164B636DD0B
LOC-000197,RNA-000198,GEN-0001,2016297,2016521,,225,0,,,,SEQ-795EE4A56075
LOC-000198,RNA-000199,GEN-0001,4169354,4170301,,948,0,,,,SEQ-A5381F1F48A1
LOC-000199,RNA-000200,GEN-0001,163509,164435,,927,0,,,,SEQ-8AE4CDED27AB
LOC-000200,RNA-000201,GEN-0001,4114234,4115361,,1128,0,,,,SEQ-EB9B835A6312
LOC-000201,RNA-000202,GEN-0001,1836675,1839350,,2676,0,,,,SEQ-FCF8E07606DD
LOC-000202,RNA-000203,GEN-0001,5297145,5297783,,639,0,,,,SEQ-0274199AAB1A
LOC-000203,RNA-000204,GEN-0001,2951233,2952948,,1716,0,,,,SEQ-0472C56CB082
LOC-000204,RNA-000205,GEN-0001,5116121,5116363,,243,0,,,,SEQ-BEC5C8FDF9C3
LOC-000205,RNA-000206,GEN-0001,4709562,4710944,,1383,0,,,,SEQ-5011F0C5CD4F
LOC-000206,RNA-000207,GEN-0001,1892068,1893465,,1398,0,,,,SEQ-1249A4800507
LOC-000207,RNA-000208,GEN-0001,3429274,3429912,,639,0,,,,SEQ-BF22E857F9E1
LOC-000208,RNA-000209,GEN-0001,5006668,5007732,,1065,0,,,,SEQ-C91CBD539393
LOC-000209,RNA-000210,GEN-0001,4705409,4707238,,1830,0,,,,SEQ-FF7508CADCE6
LOC-000210,RNA-000211,GEN-0001,2550817,2552589,,1773,0,,,,SEQ-A1CA7860A235
LOC-000211,RNA-000212,GEN-0001,3172885,3173970,,1086,0,,,,SEQ-0B68DC8588E2
LOC-000212,RNA-000213,GEN-0001,4591168,4592106,,939,0,,,,SEQ-84BF11B203DA
LOC-000213,RNA-000214,GEN-0001,1593521,1594642,,1122,0,,,,SEQ-8C627556D05C
LOC-000214,RNA-000215,GEN-0001,4133963,4135066,,1104,0,,,,SEQ-733A61A0488E
LOC-000215,RNA-000216,GEN-0001,3141052,3143196,,2145,0,,,,SEQ-32BE8DAA3263
LOC-000216,RNA-000217,GEN-0001,1666174,1666986,,813,0,,,,SEQ-564004DDF280
LOC-000217,RNA-000219,GEN-0001,1876035,1876703,,669,0,,,,SEQ-9B9030DFC66F
LOC-000218,RNA-000220,GEN-0001,3992062,3992427,,366,0,,,,SEQ-8F79462BDCBC
LOC-000219,RNA-000221,GEN-0001,5279373,5279687,,315,0,,,,SEQ-A5496938F8E1
LOC-000220,RNA-000222,GEN-0001,5036259,5037890,,1632,0,,,,SEQ-CE19681006C5
LOC-000221,RNA-000223,GEN-0001,3457406,3457747,,342,0,,,,SEQ-53F919B6DBD1
LOC-000222,RNA-000224,GEN-0001,1704810,1705088,,279,0,,,,SEQ-7A967E17648F
LOC-000223,RNA-000225,GEN-0001,3347235,3348812,,1578,0,,,,SEQ-6C1D27E8EAD6
LOC-000224,RNA-000226,GEN-0001,4211759,4212331,,573,0,,,,SEQ-2E8F2CE71BD7
LOC-000225,RNA-000227,GEN-0001,4185388,4185666,,279,0,,,,SEQ-615DD08C114E
LOC-000226,RNA-000228,GEN-0001,5119063,5120142,,1080,0,,,,SEQ-ECE51490866B
LOC-000227,RNA-000229,GEN-0001,4515361,4516509,,1149,0,,,,SEQ-44BFEE5C3B87
LOC-000228,RNA-000230,GEN-0001,3021453,3024044,,2592,0,,,,SEQ-34C9983501C8
LOC-000229,RNA-000231,GEN-0001,499890,500867,,978,0,,,,SEQ-D4CFCEEBCFEF
LOC-000230,RNA-000232,GEN-0001,2400492,2402420,,1929,0,,,,SEQ-8B4ED8F508B9
LOC-000231,RNA-000233,GEN-0001,2370170,2370189,+,20,0,ydiK,ydiL,Conserved sRNA from Escherichia coli K12 MG1655.,SEQ-42E525B1FA3E
LOC-000232,RNA-000234,GEN-0001,1461827,1462477,,651,0,,,,SEQ-6B0532AB0864
LOC-000233,RNA-000235,GEN-0001,5217311,5217886,,576,0,,,,SEQ-980E89FFB3B0
LOC-000234,RNA-000236,GEN-0001,1458160,1458897,,738,0,,,,SEQ-4755B9054AEC
LOC-000235,RNA-000237,GEN-0001,4664063,4666477,,2415,0,,,,SEQ-59F47AD2D69B
LOC-000236,RNA-000238,GEN-0001,947370,948476,,1107,0,,,,SEQ-2315404BD7CA
LOC-000237,RNA-000239,GEN-0001,2801733,2802698,,966,0,,,,SEQ-D8D22749A0ED
LOC-000238,RNA-000240,GEN-0001,199891,201243,,1353,0,,,,SEQ-C5E13C82D549
LOC-000239,RNA-000241,GEN-0001,2649813,2649832,-,20,1,dsrB,yedQ,Conserved sRNA from Escherichia coli K12 MG1655.,SEQ-1B390227E7DC
LOC-000240,RNA-000242,GEN-0001,1087297,1088385,,1089,0,,,,SEQ-00E05CA457B4
LOC-000241,RNA-000243,GEN-0001,2075352,2077049,,1698,0,,,,SEQ-4C0F34AEA4E6
LOC-000242,RNA-000244,GEN-0001,1915170,1915215,-,46,1,abgA,ydaM,Conserved sRNA from Escherichia coli K12 MG1655.,SEQ-D9258629625A
LOC-000243,RNA-000245,GEN-0001,3425845,3427644,,1800,0,,,,SEQ-3055F7B455BB
LOC-000244,RNA-000246,GEN-0001,608199,608657,,459,0,,,,SEQ-ACDCD5D10200
LOC-000245,RNA-000247,GEN-0001,1072072,1074516,,2445,0,,,,SEQ-AC7C61E920C8
LOC-000246,RNA-000248,GEN-0001,4513353,4515266,,1914,0,,,,SEQ-C0265FA5CDCF
LOC-000247,RNA-000249,GEN-0001,5487659,5489596,,1938,0,,,,SEQ-6F8559209331
LOC-000248,RNA-000250,GEN-0001,2134956,2136374,,1419,0,,,,SEQ-07BD4129A0B1
LOC-000249,RNA-000251,GEN-0001,30652,31602,,951,0,,,,SEQ-2BD6C1774CDE
LOC-000250,RNA-000252,GEN-0001,1076986,1078134,,1149,0,,,,SEQ-0FB877185AA8
LOC-000251,RNA-000253,GEN-0001,1105969,1110429,,4461,0,,,,SEQ-4B72273E0E8A
LOC-000252,RNA-000254,GEN-0001,3699127,3700158,,1032,0,,,,SEQ-0564721AC1B6
LOC-000253,RNA-000255,GEN-0001,5398788,5399285,,498,0,,,,SEQ-3681655254F0
LOC-000254,RNA-000256,GEN-0001,174101,174898,,798,0,,,,SEQ-B943E38D1508
LOC-000255,RNA-000257,GEN-0001,1006015,1007217,,1203,0,,,,SEQ-329803E2A388
LOC-000256,RNA-000258,GEN-0001,4400626,4401153,,528,0,,,,SEQ-01DE47DF117B
LOC-000257,RNA-000259,GEN-0001,746560,747672,,1113,0,,,,SEQ-5F7827C77F26
LOC-000258,RNA-000260,GEN-0001,232497,233300,,804,0,,,,SEQ-D775851C4940
LOC-000259,RNA-000261,GEN-0001,3698723,3698762,-,40,1,,,,SEQ-B46AC5C8BD50
LOC-000260,RNA-000262,GEN-0001,5310218,5311216,,999,0,,,,SEQ-1BD9091A3799
LOC-000261,RNA-000263,GEN-0001,2614677,2615225,,549,0,,,,SEQ-C081894321A8
LOC-000262,RNA-000264,GEN-0001,3375865,3377148,,1284,0,,,,SEQ-6DBB3D5B519A
LOC-000263,RNA-000265,GEN-0001,3877144,3879003,,1860,0,,,,SEQ-EBE38F97542D
LOC-000264,RNA-000266,GEN-0001,3310074,3312089,,2016,0,,,,SEQ-70A4B82BD162
LOC-000265,RNA-000267,GEN-0001,5087145,5088794,,1650,0,,,,SEQ-C2BD1270369B
LOC-000266,RNA-000268,GEN-0001,5400114,5402750,,2637,0,,,,SEQ-E58100A11812
LOC-000267,RNA-000269,GEN-0001,17389,18288,,900,0,,,,SEQ-5E37D22F8FCB
LOC-000268,RNA-000270,GEN-0001,675983,677431,,1449,0,,,,SEQ-137EF6ED60F1
LOC-000269,RNA-000271,GEN-0001,111163,112080,,918,0,,,,SEQ-77C672218EE9
LOC-000270,RNA-000272,GEN-0001,4175180,4176169,,990,0,,,,SEQ-8FA48ECE1CED
LOC-000271,RNA-000273,GEN-0001,524941,527295,,2355,0,,,,SEQ-757C71683B3E
LOC-000272,RNA-000274,GEN-0001,643980,645047,,1068,0,,,,SEQ-499C3C8E5C97
LOC-000273,RNA-000275,GEN-0001,4848122,4849495,,1374,0,,,,SEQ-68CA87040EFA
LOC-000274,RNA-000276,GEN-0001,4325826,4328024,,2199,0,,,,SEQ-1107BFAC9803
LOC-000275,RNA-000277,GEN-0001,694394,695596,,1203,0,,,,SEQ-11C5118AFC9F
LOC-000276,RNA-000278,GEN-0001,4092995,4093016,+,22,0,,,,SEQ-2A54E38E363F
LOC-000277,RNA-000279,GEN-0001,4438268,4438456,,189,0,,,,SEQ-8A497CFCB52D
LOC-000278,RNA-000280,GEN-0001,2590539,2590778,,240,0,,,,SEQ-A58EDAE85197
LOC-000279,RNA-000281,GEN-0001,1392043,1393746,,1704,0,,,,SEQ-D72A11C9094D
LOC-000280,RNA-000282,GEN-0001,5470584,5471657,,1074,0,,,,SEQ-2C1752B91CE4
LOC-000281,RNA-000283,GEN-0001,870716,871468,,753,0,,,,SEQ-9A398D18A08A
LOC-000282,RNA-000284,GEN-0001,4328592,4329257,,666,0,,,,SEQ-5476F2C34105
LOC-000283,RNA-000285,GEN-0001,2770646,2771812,,1167,0,,,,SEQ-0488ED9F93BF
LOC-000284,RNA-000286,GEN-0001,4901777,4902760,,984,0,,,,SEQ-8C2C835F5F07
LOC-000285,RNA-000287,GEN-0001,735939,737324,,1386,0,,,,SEQ-14A48455A39E
LOC-000286,RNA-000288,GEN-0001,3046114,3046164,+,51,0,,,,SEQ-8EB8A371032D
LOC-000287,RNA-000289,GEN-0001,3934712,3934766,-,55,1,,,,SEQ-231D5BACD374
LOC-000288,RNA-000290,GEN-0001,1060274,1062040,,1767,0,,,,SEQ-2FCA69033D15
LOC-000289,RNA-000291,GEN-0001,4955541,4957274,,1734,0,,,,SEQ-274EFA15D800
LOC-000290,RNA-000292,GEN-0001,112885,115590,,2706,0,,,,SEQ-10AC0AE3821C
LOC-000291,RNA-000293,GEN-0001,4809489,4811750,,2262,0,,,,SEQ-62A315037446
LOC-000292,RNA-000294,GEN-0001,2560587,2561333,,747,0,,,,SEQ-45921C25704B
LOC-000293,RNA-000295,GEN-0001,5460573,5461343,,771,0,,,,SEQ-9E541D07365D
LOC-000294,RNA-000296,GEN-0001,4951004,4953301,,2298,0,,,,SEQ-F307D0FC2F98
LOC-000295,RNA-000297,GEN-0001,4040837,4041472,,636,0,,,,SEQ-1ECF559095D3
LOC-000296,RNA-000298,GEN-0001,3538959,3538997,+,39,0,,,,SEQ-C34B8B1BCD3D
LOC-000297,RNA-000299,GEN-0001,527504,527776,,273,0,,,,SEQ-D26661E753E9
LOC-000298,RNA-000300,GEN-0001,4185041,4185373,,333,0,,,,SEQ-910CAC536914
LOC-000299,RNA-000301,GEN-0001,3665152,3665209,+,58,0,fucR,csdA,Conserved sRNA from Escherichia coli K12 MG1655.,SEQ-CA6852516A4D
LOC-000300,RNA-000302,GEN-0001,4751542,4753017,,1476,0,,,,SEQ-184611F0A941
LOC-000301,RNA-000303,GEN-0001,3698568,3698589,-,22,1,,,,SEQ-757B9D3ACA60
LOC-000302,RNA-000304,GEN-0001,3040094,3041737,,1644,0,,,,SEQ-F4D1C64D6A26
LOC-000303,RNA-000305,GEN-0001,1007264,1008022,,759,0,,,,SEQ-1FAC85995AF0
LOC-000304,RNA-000306,GEN-0001,1918805,1918835,+,31,0,,,,SEQ-0957E962C6EC
LOC-000305,RNA-000307,GEN-0001,3979704,3980948,,1245,0,,,,SEQ-F0A37D94AE7F
LOC-000306,RNA-000308,GEN-0001,3940863,3941483,,621,0,,,,SEQ-C5A94BBA2E5F
LOC-000307,RNA-000309,GEN-0001,4387921,4388451,,531,0,,,,SEQ-4595023338BA
LOC-000308,RNA-000310,GEN-0001,2073552,2073577,+,26,0,,,,SEQ-2549A9E8DE85
LOC-000309,RNA-000311,GEN-0001,5227933,5228802,,870,0,,,,SEQ-8533FC38AD55
LOC-000310,RNA-000312,GEN-0001,4195366,4195752,,387,0,,,,SEQ-7443D61CB2A6
LOC-000311,RNA-000313,GEN-0001,4999241,4999262,-,22,1,,,,SEQ-D549E3B691CE
LOC-000312,RNA-000314,GEN-0001,4492586,4493326,,741,0,,,,SEQ-B8241AB35D41
LOC-000313,RNA-000315,GEN-0001,4065359,4066696,,1338,0,,,,SEQ-B29CD0735799
LOC-000314,RNA-000316,GEN-0001,477732,478934,,1203,0,,,,SEQ-F68D85314648
LOC-000315,RNA-000317,GEN-0001,4171658,4173034,,1377,0,,,,SEQ-5D6CB30E08BB
LOC-000316,RNA-000318,GEN-0001,3794090,3794110,+,21,0,,,,SEQ-A82EA672DA6C
LOC-000317,RNA-000319,GEN-0001,335400,336014,,615,0,,,,SEQ-59195BA5102F
LOC-000318,RNA-000320,GEN-0001,1332959,1335382,,2424,0,,,,SEQ-FF4F99BA4043
LOC-000319,RNA-000321,GEN-0001,1489489,1490148,,660,0,,,,SEQ-4D93C972554E
LOC-000320,RNA-000322,GEN-0001,5131752,5133101,,1350,0,,,,SEQ-AAAC7BC68021
LOC-000321,RNA-000323,GEN-0001,733591,735249,,1659,0,,,,SEQ-71C9643E0004
LOC-000322,RNA-000324,GEN-0001,2274910,2276298,,1389,0,,,,SEQ-4E62265FC354
LOC-000323,RNA-000325,GEN-0001,3668608,3669705,,1098,0,,,,SEQ-9FA46DEFEEDB
LOC-000324,RNA-000326,GEN-0001,4182918,4183289,,372,0,,,,SEQ-14291E3CE259
LOC-000325,RNA-000327,GEN-0001,4179683,4179862,,180,0,,,,SEQ-6CF5413BF785
LOC-000326,RNA-000328,GEN-0001,2355547,2356959,,1413,0,,,,SEQ-C29A1F90142D
LOC-000327,RNA-000329,GEN-0001,3989443,3989847,,405,0,,,,SEQ-4EB5F500C60D
LOC-000328,RNA-000330,GEN-0001,3420904,3420924,+,21,0,yfhL,nadB,Conserved sRNA from Escherichia coli K12 MG1655.,SEQ-496225170877
LOC-000329,RNA-000331,GEN-0001,3590163,3590924,,762,0,,,,SEQ-FFE8B3D9AF2C
LOC-000330,RNA-000332,GEN-0001,1715754,1715773,+,20,0,,,,SEQ-2FF7E3545B83
LOC-000331,RNA-000333,GEN-0001,510737,511228,,492,0,,,,SEQ-A47138EF7C58
LOC-000332,RNA-000334,GEN-0001,4989019,4989516,,498,0,,,,SEQ-1C11B5CB207C
LOC-000333,RNA-000335,GEN-0001,4115555,4115953,,399,0,,,,SEQ-388A1AFC2DE5
LOC-000334,RNA-000336,GEN-0001,503340,504314,,975,0,,,,SEQ-C7420201C599
LOC-000335,RNA-000337,GEN-0001,1715253,1715279,+,27,0,,,,SEQ-AE9610433198
LOC-000336,RNA-000338,GEN-0001,4361405,4364140,,2736,0,,,,SEQ-E1A437315731
LOC-000337,RNA-000339,GEN-0001,5464842,5465873,,1032,0,,,,SEQ-F05858520D6F
LOC-000338,RNA-000340,GEN-0001,4573617,4575008,,1392,0,,,,SEQ-CB2F994AA365
LOC-000339,RNA-000341,GEN-0001,1611639,1612310,,672,0,,,,SEQ-4207E2739F80
LOC-000340,RNA-000342,GEN-0001,4179245,4179679,,435,0,,,,SEQ-233C9EE39FD5
LOC-000341,RNA-000343,GEN-0001,32749,33570,,822,0,,,,SEQ-7C6B09587DB4
LOC-000342,RNA-000344,GEN-0001,4774419,4775804,,1386,0,,,,SEQ-59D4A4C4111F
LOC-000343,RNA-000345,GEN-0001,3538503,3539018,,516,0,,,,SEQ-292FC8AF1C55
LOC-000344,RNA-000346,GEN-0001,4870437,4871333,,897,0,,,,SEQ-BE09CF74F9B3
LOC-000345,RNA-000347,GEN-0001,534935,536707,,1773,0,,,,SEQ-304C11E4B492
LOC-000346,RNA-000348,GEN-0001,2828751,2828769,+,19,0,,,,SEQ-24329914A782
LOC-000347,RNA-000349,GEN-0001,1093963,1096227,,2265,0,,,,SEQ-DDF3FE5082C4
LOC-000348,RNA-000350,GEN-0001,2545382,2546167,,786,0,,,,SEQ-6E7FFB2AB494
LOC-000349,RNA-000351,GEN-0001,1135424,1135966,,543,0,,,,SEQ-B3938BBD94C3
LOC-000350,RNA-000352,GEN-0001,4257925,4258500,,576,0,,,,SEQ-87EB4686CAF1
LOC-000351,RNA-000353,GEN-0001,977271,977291,-,21,1,,,,SEQ-8CF9E7F00BC3
LOC-000352,RNA-000354,GEN-0001,4971562,4972662,,1101,0,,,,SEQ-5089435F5A9E
LOC-000353,RNA-000355,GEN-0001,2790018,2791412,,1395,0,,,,SEQ-B9306E6BC67D
LOC-000354,RNA-000356,GEN-0001,3454381,3454410,-,30,1,clpB,yfiH,Conserved sRNA from Escherichia coli K12 MG1655.,SEQ-7191FEFD3927
LOC-000355,RNA-000357,GEN-0001,5495104,5496456,,1353,0,,,,SEQ-F3DA4DB1B457
LOC-000356,RNA-000358,GEN-0001,1225122,1227218,,2097,0,,,,SEQ-3127619A372B
LOC-000357,RNA-000359,GEN-0001,4964915,4964979,-,65,1,,,,SEQ-4039DCE3C3C4
LOC-000358,RNA-000360,GEN-0001,2320253,2320687,,435,0,,,,SEQ-6DF4045258F8
LOC-000359,RNA-000361,GEN-0001,2489861,2489883,-,23,1,rnd,fadD,Conserved sRNA from Escherichia coli K12 MG1655.,SEQ-193EA889F840
LOC-000360,RNA-000362,GEN-0001,4060180,4060632,,453,0,,,,SEQ-2A206314414D
LOC-000361,RNA-000363,GEN-0001,5131177,5131196,-,20,1,EspX5,soxS,Conserved sRNA from Escherichia coli K12 MG1655.,SEQ-E78479BDA3DB
LOC-000362,RNA-000364,GEN-0001,2549478,2550218,,741,0,,,,SEQ-EBF8EB90988B
LOC-000363,RNA-000365,GEN-0001,4726920,4727339,,420,0,,,,SEQ-B36B71C9A2DF
LOC-000364,RNA-000366,GEN-0001,3007429,3009243,,1815,0,,,,SEQ-AED209B1AD47
LOC-000365,RNA-000367,GEN-0001,3036691,3037185,,495,0,,,,SEQ-4C86158A3274
LOC-000366,RNA-000368,GEN-0001,2621992,2622849,,858,0,,,,SEQ-3F2758E90687
LOC-000367,RNA-000369,GEN-0001,1013315,1013344,-,30,1,ybjJ,ybjL,Conserved sRNA from Escherichia coli K12 MG1655.,SEQ-3CBBA6B2B49F
LOC-000368,RNA-000370,GEN-0001,4387199,4387765,,567,0,,,,SEQ-DCD79AF7A5B2
LOC-000369,RNA-000371,GEN-0001,4558478,4559074,,597,0,,,,SEQ-EA75A664AA24
LOC-000370,RNA-000372,GEN-0001,3692189,3692878,,690,0,,,,SEQ-3A5450CB59FB
LOC-000371,RNA-000373,GEN-0001,1674800,1676341,,1542,0,,,,SEQ-1B903165E3ED
LOC-000372,RNA-000374,GEN-0001,2078005,2078436,,432,0,,,,SEQ-197E6B7BF5EA
LOC-000373,RNA-000375,GEN-0001,3429945,3430520,,576,0,,,,SEQ-CEAB40A98E0D
LOC-000374,RNA-000376,GEN-0001,117934,118977,,1044,0,,,,SEQ-FFE3F9992FD4
LOC-000375,RNA-000377,GEN-0001,4415624,4416637,,1014,0,,,,SEQ-6AE93A30091A
LOC-000376,RNA-000378,GEN-0001,1528338,1528595,,258,0,,,,SEQ-93092DDAF28D
LOC-000377,RNA-000379,GEN-0001,3331098,3332159,,1062,0,,,,SEQ-E029455641F9
LOC-000378,RNA-000380,GEN-0001,4442295,4442321,+,27,0,,,,SEQ-22967D5E14F6
LOC-000379,RNA-000381,GEN-0001,943910,944866,,957,0,,,,SEQ-2D25F26F6776
LOC-000380,RNA-000382,GEN-0001,83311,83332,+,22,0,,,,SEQ-7399998926EF
LOC-000381,RNA-000383,GEN-0001,2788865,2789860,,996,0,,,,SEQ-85E9351A3FFD
LOC-000382,RNA-000384,GEN-0001,4113179,4113571,,393,0,,,,SEQ-231D62E01315
LOC-000383,RNA-000385,GEN-0001,2643069,2644196,,1128,0,,,,SEQ-4A264ABDE53B
LOC-000384,RNA-000386,GEN-0001,4549932,4551056,,1125,0,,,,SEQ-424124A389B0
LOC-000385,RNA-000387,GEN-0001,4537278,4538303,,1026,0,,,,SEQ-59ED373C69CA
LOC-000386,RNA-000388,GEN-0001,433658,434869,,1212,0,,,,SEQ-DE757879251A
LOC-000387,RNA-000389,GEN-0001,15631,15648,+,18,0,,,,SEQ-F2BB7CB2CD03
LOC-000388,RNA-000390,GEN-0001,5101372,5102712,,1341,0,,,,SEQ-FC8D465CF65F
LOC-000389,RNA-000391,GEN-0001,4438741,4440300,,1560,0,,,,SEQ-B166FE857CDA
LOC-000390,RNA-000392,GEN-0001,4365570,4367192,,1623,0,,,,SEQ-00B09FC660A7
LOC-000391,RNA-000393,GEN-0001,561016,562890,,1875,0,,,,SEQ-29B904BDE2F3
LOC-000392,RNA-000394,GEN-0001,4935681,4936841,,1161,0,,,,SEQ-D1FA7775448B
LOC-000393,RNA-000395,GEN-0001,2144786,2145685,,900,0,,,,SEQ-0C6EC3FFCB23
LOC-000394,RNA-000396,GEN-0001,3252675,3254690,,2016,0,,,,SEQ-6EF27DF13BD7
LOC-000395,RNA-000397,GEN-0001,4699680,4700750,,1071,0,,,,SEQ-DA39AE5AD8F8
LOC-000396,RNA-000399,GEN-0001,3930647,3930679,-,33,1,,,,SEQ-9EAC306A1CB3
LOC-000397,RNA-000400,GEN-0001,3255989,3256750,,762,0,,,,SEQ-F005E9772AFE
LOC-000398,RNA-000401,GEN-0001,193281,193338,+,58,0,,,,SEQ-FD51C71CE87E
LOC-000399,RNA-000402,GEN-0001,835352,838153,,2802,0,,,,SEQ-705ABA93B154
LOC-000400,RNA-000403,GEN-0001,4859529,4860287,,759,0,,,,SEQ-D7AD6408D531
LOC-000401,RNA-000404,GEN-0001,4181293,4181685,,393,0,,,,SEQ-1AC005B14C9D
LOC-000402,RNA-000405,GEN-0001,654772,655779,,1008,0,,,,SEQ-B75E7C1F16DF
LOC-000403,RNA-000406,GEN-0001,2525088,2525113,+,26,0,,,,SEQ-A77816795B3F
LOC-000404,RNA-000407,GEN-0001,194344,195195,,852,0,,,,SEQ-1A352CCD67E8
LOC-000405,RNA-000408,GEN-0001,4711885,4713426,,1542,0,,,,SEQ-5E6D5583D65D
LOC-000406,RNA-000409,GEN-0001,337583,339226,,1644,0,,,,SEQ-A07AF8627D5C
LOC-000407,RNA-000410,GEN-0001,3984984,3986282,,1299,0,,,,SEQ-FA725E4E6594
LOC-000408,RNA-000411,GEN-0001,5305569,5306525,,957,0,,,,SEQ-AF9AF873CFA2
LOC-000409,RNA-000412,GEN-0001,3891734,3892468,,735,0,,,,SEQ-2C5B1CA2C116
LOC-000410,RNA-000413,GEN-0001,2364440,2364464,-,25,1,,,,SEQ-8EF85396EB1E
LOC-000411,RNA-000414,GEN-0001,4908920,4909909,,990,0,,,,SEQ-B149FA35F4CB
LOC-000412,RNA-000415,GEN-0001,5186757,5187857,,1101,0,,,,SEQ-4BEF114BDF15
LOC-000413,RNA-000416,GEN-0001,4843045,4845831,,2787,0,,,,SEQ-1CC1C4C9C5E3
LOC-000414,RNA-000417,GEN-0001,4406150,4406878,,729,0,,,,SEQ-C63BD908E6C8
LOC-000415,RNA-000418,GEN-0001,777677,779341,,1665,0,,,,SEQ-C8AE194F1ED4
LOC-000416,RNA-000419,GEN-0001,5311392,5312765,,1374,0,,,,SEQ-A6033D81ECAA
LOC-000417,RNA-000420,GEN-0001,3411661,3411689,-,29,1,,,,SEQ-53A8514834FC
LOC-000418,RNA-000421,GEN-0001,2288514,2289689,,1176,0,,,,SEQ-8A7229BD94DC
LOC-000419,RNA-000422,GEN-0001,2588999,2589058,-,60,1,yecJ,yecH,Conserved sRNA from Escherichia coli K12 MG1655.,SEQ-05FD24D6430F
LOC-000420,RNA-000423,GEN-0001,3926643,3927803,,1161,0,,,,SEQ-A73D10B5787A
LOC-000421,RNA-000424,GEN-0001,4376817,4377569,,753,0,,,,SEQ-61F16719C14A
LOC-000422,RNA-000425,GEN-0001,4399255,4399827,,573,0,,,,SEQ-174A50460856
LOC-000423,RNA-000426,GEN-0001,5312921,5313472,,552,0,,,,SEQ-F0907AB8820D
LOC-000424,RNA-000427,GEN-0001,2496771,2498132,,1362,0,,,,SEQ-1B8B9D6ED8AD
LOC-000425,RNA-000428,GEN-0001,2314241,2314846,,606,0,,,,SEQ-E1DBA0BA2663
LOC-000426,RNA-000429,GEN-0001,4482560,4483384,,825,0,,,,SEQ-67D0468AC57A
LOC-000427,RNA-000430,GEN-0001,4217862,4219235,,1374,0,,,,SEQ-C9B07DA9ECEA
LOC-000428,RNA-000431,GEN-0001,2250670,2250697,+,28,0,ECs_2283,ECs_2284,Conserved sRNA from Escherichia coli K12 MG1655.,SEQ-0B7204FC7ADB
LOC-000429,RNA-000432,GEN-0001,2649669,2649896,,228,0,,,,SEQ-6645796FCC23
LOC-000430,RNA-000433,GEN-0001,5192830,5195100,,2271,0,,,,SEQ-F596A8C7C1D2
LOC-000431,RNA-000434,GEN-0001,4925050,4926075,,1026,0,,,,SEQ-08553E8BB3F1
LOC-000432,RNA-000435,GEN-0001,4206837,4208927,,2091,0,,,,SEQ-75130D7D6236
LOC-000433,RNA-000436,GEN-0001,2416025,2416783,,759,0,,,,SEQ-2A666960932E
LOC-000434,RNA-000437,GEN-0001,4446130,4447032,,903,0,,,,SEQ-DF5E29C7220F
LOC-000435,RNA-000438,GEN-0001,1918600,1918620,+,21,0,ydaN,dbpA,Conserved sRNA from Escherichia coli K12 MG1655.,SEQ-D317D5196321
LOC-000436,RNA-000439,GEN-0001,467208,467885,,678,0,,,,SEQ-427E0EE3ED78
LOC-000437,RNA-000440,GEN-0001,5295177,5295383,,207,0,,,,SEQ-F42F3E170108
LOC-000438,RNA-000441,GEN-0001,3894746,3895702,,957,0,,,,SEQ-E07A6E796595
LOC-000439,RNA-000442,GEN-0001,3749919,3750851,,933,0,,,,SEQ-AE8BF9ECD1C9
LOC-000440,RNA-000443,GEN-0001,1744118,1745794,,1677,0,,,,SEQ-F4AF60118DB7
LOC-000441,RNA-000444,GEN-0001,130185,132077,,1893,0,,,,SEQ-8F232498D430
LOC-000442,RNA-000445,GEN-0001,4179866,4180369,,504,0,,,,SEQ-0FF8D9A25C6D
LOC-000443,RNA-000446,GEN-0001,722794,723222,,429,0,,,,SEQ-6E409C4A1BF5
LOC-000444,RNA-000447,GEN-0001,1120094,1122706,,2613,0,,,,SEQ-BC406F1CC52E
LOC-000445,RNA-000448,GEN-0001,2828538,2828557,+,20,0,,,,SEQ-7BC032C9263E
LOC-000446,RNA-000449,GEN-0001,538662,539000,,339,0,,,,SEQ-A930D0C3BD79
LOC-000447,RNA-000450,GEN-0001,4745773,4746036,,264,0,,,,SEQ-D6E6A4F6CB6E
LOC-000448,RNA-000451,GEN-0001,4187437,4188066,,630,0,,,,SEQ-DEEF41A15578
LOC-000449,RNA-000452,GEN-0001,5214974,5216512,,1539,0,,,,SEQ-509421F0E851
LOC-000450,RNA-000453,GEN-0001,4917426,4918271,,846,0,,,,SEQ-CF38AD94AC40
LOC-000451,RNA-000454,GEN-0001,5450134,5451798,,1665,0,,,,SEQ-38996E2647A0
LOC-000452,RNA-000455,GEN-0001,2971872,2972882,,1011,0,,,,SEQ-079DF32648F0
LOC-000453,RNA-000456,GEN-0001,4407246,4408070,,825,0,,,,SEQ-CF3565008513
LOC-000454,RNA-000457,GEN-0001,2813413,2814996,,1584,0,,,,SEQ-A093ACC9FBB7
LOC-000455,RNA-000458,GEN-0001,735218,735898,,681,0,,,,SEQ-38E15AC0C6C3
LOC-000456,RNA-000459,GEN-0001,3950766,3952511,,1746,0,,,,SEQ-0ABAA020092E
LOC-000457,RNA-000460,GEN-0001,3111370,3111675,,306,0,,,,SEQ-B2E8F9190094
LOC-000458,RNA-000462,GEN-0001,3633282,3633617,,336,0,,,,SEQ-ED47D0CFDAE1
LOC-000459,RNA-000467,GEN-0001,1816427,1816927,,501,0,,,,SEQ-849343F5DDF3
LOC-000460,RNA-000468,GEN-0001,573077,573871,,795,0,,,,SEQ-9CD22336B2FD
LOC-000461,RNA-000470,GEN-0001,3443059,3444414,,1356,0,,,,SEQ-AD589D8FEC8E
LOC-000462,RNA-000476,GEN-0001,1721305,1723101,,1797,0,,,,SEQ-3B7F66DA413F
LOC-000463,RNA-000479,GEN-0001,1840174,1840938,,765,0,,,,SEQ-9939E769AD51
LOC-000464,RNA-000480,GEN-0001,4067627,4069570,,1944,0,,,,SEQ-36C3F99D4EDC
LOC-000465,RNA-000481,GEN-0001,1113991,1115181,,1191,0,,,,SEQ-63A32640A5AA
LOC-000466,RNA-000482,GEN-0001,5225266,5225559,,294,0,,,,SEQ-845FD1BDB51E
LOC-000467,RNA-000483,GEN-0001,2651006,2652700,,1695,0,,,,SEQ-20F0A10A57C7
LOC-000468,RNA-000484,GEN-0001,4089059,4089550,,492,0,,,,SEQ-30512CEE551E
LOC-000469,RNA-000485,GEN-0001,2840758,2841090,,333,0,,,,SEQ-B01B2214AA3D
LOC-000470,RNA-000486,GEN-0001,3239735,3240973,,1239,0,,,,SEQ-0CBB47E0D570
LOC-000471,RNA-000487,GEN-0001,3580904,3583465,,2562,0,,,,SEQ-CFD179C1E116
LOC-000472,RNA-000488,GEN-0001,2034927,2035964,,1038,0,,,,SEQ-DAD3D2D6E945
LOC-000473,RNA-000489,GEN-0001,1876757,1876981,,225,0,,,,SEQ-08CF5CCF386A
LOC-000474,RNA-000490,GEN-0001,4174756,4175139,,384,0,,,,SEQ-A12B7C815BFB
LOC-000475,RNA-000492,GEN-0001,4881535,4884585,,3051,0,,,,SEQ-0B379D8F288B
LOC-000476,RNA-000495,GEN-0001,2267282,2268502,,1221,0,,,,SEQ-C8CE642687E7
LOC-000477,RNA-000496,GEN-0001,5278971,5279366,,396,0,,,,SEQ-A155761E1850
LOC-000478,RNA-000497,GEN-0001,3315112,3315990,,879,0,,,,SEQ-0958F1C305BE
LOC-000479,RNA-000499,GEN-0001,2997429,2998559,,1131,0,,,,SEQ-FD5F6858D3E1
LOC-000480,RNA-000500,GEN-0001,1509906,1510640,,735,0,,,,SEQ-80C9CB6535CD
LOC-000481,RNA-000501,GEN-0001,546156,546374,,219,0,,,,SEQ-D5717FC9CA59
LOC-000482,RNA-000502,GEN-0001,4289703,4290806,,1104,0,,,,SEQ-721C6A6D0F10
LOC-000483,RNA-000503,GEN-0001,863493,864014,,522,0,,,,SEQ-8A3F980A402D
LOC-000484,RNA-000504,GEN-0001,4923376,4923906,,531,0,,,,SEQ-0087FDC07CFC
LOC-000485,RNA-000505,GEN-0001,1076045,1076671,,627,0,,,,SEQ-9E0E777E3852
LOC-000486,RNA-000506,GEN-0001,4837494,4838078,,585,0,,,,SEQ-A2FB23BCB2CD
LOC-000487,RNA-000507,GEN-0001,5476198,5477520,,1323,0,,,,SEQ-EDB3233D84EC
LOC-000488,RNA-000508,GEN-0001,745461,746549,,1089,0,,,,SEQ-491207139308
LOC-000489,RNA-000511,GEN-0001,5266882,5268045,,1164,0,,,,SEQ-6A02271F0CF3
LOC-000490,RNA-000513,GEN-0001,2513662,2514543,,882,0,,,,SEQ-3E30FDDFE80A
LOC-000491,RNA-000514,GEN-0001,509658,510569,,912,0,,,,SEQ-D0C0A68FE75B
LOC-000492,RNA-000515,GEN-0001,1506887,1507927,,1041,0,,,,SEQ-EA1788EE95C7
LOC-000493,RNA-000516,GEN-0001,4985088,4986272,,1185,0,,,,SEQ-9C6D8242B73F
LOC-000494,RNA-000517,GEN-0001,152536,153387,,852,0,,,,SEQ-B66BEC35932F
LOC-000495,RNA-000519,GEN-0001,1974899,1978423,,3525,0,,,,SEQ-A80AC53EE294
LOC-000496,RNA-000521,GEN-0001,2151367,2153412,,2046,0,,,,SEQ-F0B60B2F6ED1
LOC-000497,RNA-000522,GEN-0001,2724671,2726125,,1455,0,,,,SEQ-C5FAE01ED8AB
LOC-000498,RNA-000523,GEN-0001,2581477,2582901,,1425,0,,,,SEQ-C398898E3F54
LOC-000499,RNA-000524,GEN-0001,3355577,3356851,,1275,0,,,,SEQ-AC87E511DDCB
LOC-000500,RNA-000525,GEN-0001,1145187,1145354,,168,0,,,,SEQ-428BF78A312F
LOC-000501,RNA-000526,GEN-0001,3466575,3467936,,1362,0,,,,SEQ-A345E3758C70
LOC-000502,RNA-000528,GEN-0001,1137316,1139424,,2109,0,,,,SEQ-CC70EA80B650
LOC-000503,RNA-000529,GEN-0001,5496516,5497232,,717,0,,,,SEQ-AE5416D0A2A9
LOC-000504,RNA-000531,GEN-0001,2105589,2107868,,2280,0,,,,SEQ-1CF5E7F2A7FF
LOC-000505,RNA-000533,GEN-0001,4680449,4681624,,1176,0,,,,SEQ-AA0D52BB5764
LOC-000506,RNA-000535,GEN-0001,3410172,3411554,,1383,0,,,,SEQ-023225142F4D
LOC-000507,RNA-000536,GEN-0001,1834699,1835673,,975,0,,,,SEQ-7768E20283AA
LOC-000508,RNA-000537,GEN-0001,399581,400630,,1050,0,,,,SEQ-A7E23C0EDC6D
LOC-000509,RNA-000539,GEN-0001,3955386,3956150,,765,0,,,,SEQ-CE5D349D38BD
LOC-000510,RNA-000540,GEN-0001,97772,99259,,1488,0,,,,SEQ-B84296FFDFA6
LOC-000511,RNA-000541,GEN-0001,3427842,3428321,,480,0,,,,SEQ-EB71B74E1CE2
LOC-000512,RNA-000542,GEN-0001,2739492,2741639,,2148,0,,,,SEQ-ABDCCC851143
LOC-000513,RNA-000544,GEN-0001,138761,139123,,363,0,,,,SEQ-694D61C9600C
LOC-000514,RNA-000546,GEN-0001,4080947,4081729,,783,0,,,,SEQ-4A8F448275E7
LOC-000515,RNA-000547,GEN-0001,4242096,4242974,,879,0,,,,SEQ-CEA058296A90
LOC-000516,RNA-000549,GEN-0001,4408441,4409841,,1401,0,,,,SEQ-6595954B6A98
LOC-000517,RNA-000551,GEN-0001,1472861,1473088,,228,0,,,,SEQ-8C51C88D61BC
LOC-000518,RNA-000553,GEN-0001,4450732,4452423,,1692,0,,,,SEQ-DF43254F2DD4
LOC-000519,RNA-000555,GEN-0001,928595,929293,,699,0,,,,SEQ-7C545AD11FC5
LOC-000520,RNA-000558,GEN-0001,3788370,3789572,,1203,0,,,,SEQ-858F0A821EF6
LOC-000521,RNA-000559,GEN-0001,3470973,3471851,,879,0,,,,SEQ-C7730C4B538D
LOC-000522,RNA-000561,GEN-0001,3678523,3681411,,2889,0,,,,SEQ-C2D5BBE79E7B
LOC-000523,RNA-000562,GEN-0001,3759593,3762463,,2871,0,,,,SEQ-F83C0724C391
LOC-000524,RNA-000564,GEN-0001,3999881,4002175,,2295,0,,,,SEQ-75BDB7989570
LOC-000525,RNA-000565,GEN-0001,2278365,2279309,,945,0,,,,SEQ-425E953DE1D8
LOC-000526,RNA-000566,GEN-0001,497258,497707,,450,0,,,,SEQ-2C5F3B753199
LOC-000527,RNA-000568,GEN-0001,946104,946865,,762,0,,,,SEQ-AEDA12506B08
LOC-000528,RNA-000569,GEN-0001,5013573,5014862,,1290,0,,,,SEQ-C70BE7C551DA
LOC-000529,RNA-000570,GEN-0001,2652871,2653053,,183,0,,,,SEQ-10653BEB0AA6
LOC-000530,RNA-000571,GEN-0001,3809062,3810225,,1164,0,,,,SEQ-4DF5C0DF9881
LOC-000531,RNA-000572,GEN-0001,84072,85472,,1401,0,,,,SEQ-04ED48875A9B
LOC-000532,RNA-000574,GEN-0001,180810,181154,,345,0,,,,SEQ-85143CA983A6
LOC-000533,RNA-000575,GEN-0001,1391730,1392050,,321,0,,,,SEQ-D80B15D27DD9
LOC-000534,RNA-000576,GEN-0001,2578317,2579204,,888,0,,,,SEQ-44E666A11A3D
LOC-000535,RNA-000577,GEN-0001,3954626,3955132,,507,0,,,,SEQ-CAEECCE5D974
LOC-000536,RNA-000578,GEN-0001,1858683,1859846,,1164,0,,,,SEQ-36D83D41E708
LOC-000537,RNA-000579,GEN-0001,3825548,3827524,,1977,0,,,,SEQ-083CBCF6AB09
LOC-000538,RNA-000580,GEN-0001,4966154,4967554,,1401,0,,,,SEQ-23767A65AD65
LOC-000539,RNA-000581,GEN-0001,3522459,3522788,,330,0,,,,SEQ-2A89B4E44827
LOC-000540,RNA-000582,GEN-0001,1511175,1512416,,1242,0,,,,SEQ-9E9A3D5DA3FA
LOC-000541,RNA-000583,GEN-0001,764838,765773,,936,0,,,,SEQ-91B0C17055BA
LOC-000542,RNA-000585,GEN-0001,4655721,4657382,,1662,0,,,,SEQ-BB3816B8B67F
LOC-000543,RNA-000588,GEN-0001,865950,866993,,1044,0,,,,SEQ-27CBAF805F07
LOC-000544,RNA-000590,GEN-0001,3774649,3776382,,1734,0,,,,SEQ-73F577E759E6
LOC-000545,RNA-000591,GEN-0001,3190985,3191740,,756,0,,,,SEQ-3DFA3D5D8E74
LOC-000546,RNA-000592,GEN-0001,5467587,5469176,,1590,0,,,,SEQ-771FBB4BA579
LOC-000547,RNA-000593,GEN-0001,1525333,1526637,,1305,0,,,,SEQ-6F812028123C
LOC-000548,RNA-000594,GEN-0001,3328178,3330190,,2013,0,,,,SEQ-7495827F6108
LOC-000549,RNA-000595,GEN-0001,649328,650194,,867,0,,,,SEQ-C76AAE7D092C
LOC-000550,RNA-000596,GEN-0001,4305157,4305900,,744,0,,,,SEQ-83F9C30B9B2A
LOC-000551,RNA-000597,GEN-0001,5254525,5255805,,1281,0,,,,SEQ-0C8E04091712
LOC-000552,RNA-000598,GEN-0001,449756,450730,,975,0,,,,SEQ-87121422B6FD
LOC-000553,RNA-000599,GEN-0001,4453213,4454268,,1056,0,,,,SEQ-A0DF101180B2
LOC-000554,RNA-000600,GEN-0001,739387,740175,,789,0,,,,SEQ-240CF4345ADF
LOC-000555,RNA-000601,GEN-0001,4496431,4497969,,1539,0,,,,SEQ-01720745C8AA
LOC-000556,RNA-000602,GEN-0001,360441,361034,,594,0,,,,SEQ-89514AA76EEE
LOC-000557,RNA-000603,GEN-0001,2470697,2471980,,1284,0,,,,SEQ-439693F8F250
LOC-000558,RNA-000604,GEN-0001,1268078,1268347,,270,0,,,,SEQ-0E6DC24B34FD
LOC-000559,RNA-000605,GEN-0001,5485507,5485674,,168,0,,,,SEQ-2EF3A2DEBCB5
LOC-000560,RNA-000606,GEN-0001,2010116,2011756,,1641,0,,,,SEQ-150015DB52EC
LOC-000561,RNA-000607,GEN-0001,691116,691859,,744,0,,,,SEQ-068E831780FD
LOC-000562,RNA-000608,GEN-0001,5207777,5209294,,1518,0,,,,SEQ-13AD6DCC4DDC
LOC-000563,RNA-000609,GEN-0001,4075620,4075931,,312,0,,,,SEQ-2C45394A7087
LOC-000564,RNA-000610,GEN-0001,4193645,4194115,,471,0,,,,SEQ-FD1A599F259D
LOC-000565,RNA-000611,GEN-0001,465544,466002,,459,0,,,,SEQ-AF94FCFC0F0D
LOC-000566,RNA-000612,GEN-0001,5128744,5130330,,1587,0,,,,SEQ-144AED0A796E
LOC-000567,RNA-000613,GEN-0001,34026,35174,,1149,0,,,,SEQ-DD2C78D03EFE
LOC-000568,RNA-000614,GEN-0001,1070541,1071833,,1293,0,,,,SEQ-1E7B410A8BD2
LOC-000569,RNA-000615,GEN-0001,3700165,3701427,,1263,0,,,,SEQ-F9886BD4F77D
LOC-000570,RNA-000617,GEN-0001,2787729,2788622,,894,0,,,,SEQ-6F408572406F
LOC-000571,RNA-000618,GEN-0001,162052,163449,,1398,0,,,,SEQ-8402AADA9BFD
LOC-000572,RNA-000619,GEN-0001,4663425,4663823,,399,0,,,,SEQ-7BAE85DF044C
LOC-000573,RNA-000620,GEN-0001,51661,52191,,531,0,,,,SEQ-1D985CE4F464
LOC-000574,RNA-000621,GEN-0001,3546762,3547823,,1062,0,,,,SEQ-6628286F492A
LOC-000575,RNA-000622,GEN-0001,1332959,1335382,,2424,0,,,,SEQ-FF4F99BA4043
LOC-000576,RNA-000624,GEN-0001,3037592,3038080,,489,0,,,,SEQ-56E915949628
LOC-000577,RNA-000625,GEN-0001,2448486,2450342,,1857,0,,,,SEQ-91DC9D196CD3
LOC-000578,RNA-000626,GEN-0001,5313566,5314918,,1353,0,,,,SEQ-2284C55E4F41
LOC-000579,RNA-000627,GEN-0001,4653096,4654712,,1617,0,,,,SEQ-06C5A0417262
LOC-000580,RNA-000628,GEN-0001,4061263,4062606,,1344,0,,,,SEQ-99891A2D9702
LOC-000581,RNA-000629,GEN-0001,2532002,2532358,,357,0,,,,SEQ-89A230A1D972
LOC-000582,RNA-000630,GEN-0001,123223,123774,,552,0,,,,SEQ-EB81363B4777
LOC-000583,RNA-000631,GEN-0001,720416,720979,,564,0,,,,SEQ-D1B41786A132
LOC-000584,RNA-000632,GEN-0001,889779,891062,,1284,0,,,,SEQ-C23A3FFA2B47
LOC-000585,RNA-000633,GEN-0001,150687,151067,,381,0,,,,SEQ-353BC38259F3
LOC-000586,RNA-000634,GEN-0001,1122749,1123516,,768,0,,,,SEQ-DAABB308E4FD
LOC-000587,RNA-000635,GEN-0001,2855703,2856449,,747,0,,,,SEQ-D71AEA92640D
LOC-000588,RNA-000636,GEN-0001,3155026,3156543,,1518,0,,,,SEQ-F69E2AEF0E87
LOC-000589,RNA-000637,GEN-0001,2955557,2956318,,762,0,,,,SEQ-00E553186DB0
LOC-000590,RNA-000638,GEN-0001,1103962,1105284,,1323,0,,,,SEQ-F2716A8FD148
LOC-000591,RNA-000639,GEN-0001,4121222,4121494,,273,0,,,,SEQ-02E0585E236C
LOC-000592,RNA-000641,GEN-0001,1080916,1083198,,2283,0,,,,SEQ-18EA8F63E1B6
LOC-000593,RNA-000642,GEN-0001,5263129,5263860,,732,0,,,,SEQ-927D5810697F
LOC-000594,RNA-000643,GEN-0001,4071589,4073022,,1434,0,,,,SEQ-51550362DCB6
LOC-000595,RNA-000644,GEN-0001,3996436,3997767,,1332,0,,,,SEQ-42A2BA0C5704
LOC-000596,RNA-000645,GEN-0001,2118114,2122145,,4032,0,,,,SEQ-0B7FBDC07AD6
LOC-000597,RNA-000646,GEN-0001,3151535,3152221,,687,0,,,,SEQ-5D9678CE830C
LOC-000598,RNA-000647,GEN-0001,3018005,3019012,,1008,0,,,,SEQ-6A8526637BD2
LOC-000599,RNA-000648,GEN-0001,5334559,5335062,,504,0,,,,SEQ-8780A5B09277
LOC-000600,RNA-000649,GEN-0001,2979906,2981885,,1980,0,,,,SEQ-BC504588172D
LOC-000601,RNA-000650,GEN-0001,1508964,1509893,,930,0,,,,SEQ-03E5EF3620B0
LOC-000602,RNA-000651,GEN-0001,3260912,3261763,,852,0,,,,SEQ-74490C1789D9
LOC-000603,RNA-000653,GEN-0001,4839497,4840123,,627,0,,,,SEQ-0E42A178160D
LOC-000604,RNA-000654,GEN-0001,3245369,3245728,,360,0,,,,SEQ-40DECC7B2BC9
LOC-000605,RNA-000655,GEN-0001,2888909,2891146,,2238,0,,,,SEQ-CEA26372D904
LOC-000606,RNA-000656,GEN-0001,4717313,4719202,,1890,0,,,,SEQ-21CC7B2C5A64
LOC-000607,RNA-000658,GEN-0001,5485781,5487448,,1668,0,,,,SEQ-859390988F45
LOC-000608,RNA-000659,GEN-0001,862166,863458,,1293,0,,,,SEQ-8E89034284C3
LOC-000609,RNA-000660,GEN-0001,189465,192137,,2673,0,,,,SEQ-6E786E5F688B
LOC-000610,RNA-000661,GEN-0001,4505009,4509238,,4230,0,,,,SEQ-714636B5B9B2
LOC-000611,RNA-000663,GEN-0001,498903,499373,,471,0,,,,SEQ-9AD84434DF89
LOC-000612,RNA-000664,GEN-0001,204315,205340,,1026,0,,,,SEQ-62DE1372E171
LOC-000613,RNA-000666,GEN-0001,4849907,4851316,,1410,0,,,,SEQ-2F7E164AD4CB
LOC-000614,RNA-000667,GEN-0001,5485507,5485674,,168,0,,,,SEQ-2EF3A2DEBCB5
LOC-000615,RNA-000668,GEN-0001,4769810,4771060,,1251,0,,,,SEQ-0CF9550D99EA
LOC-000616,RNA-000669,GEN-0001,4189253,4189729,,477,0,,,,SEQ-6235F0561F23
LOC-000617,RNA-000670,GEN-0002,4049899,4050009,+,111,0,polA,CsrC,NCBI,SEQ-A4838CAD02CF
LOC-000618,RNA-000673,GEN-0002,3350577,3350697,+,121,0,yrbL,gltB,NCBI,SEQ-D010FF1C4A32
LOC-000619,RNA-000675,GEN-0002,2814802,2814874,+,73,0,emrB,srlA,NCBI,SEQ-06EB8BE50FB5
LOC-000620,RNA-000677,GEN-0002,3657985,3658054,-,70,0,gadW,hdeA,NCBI,SEQ-41B3ABB98C15
LOC-000621,RNA-000679,GEN-0002,2942696,2942901,+,206,0,fucR,csdA,NCBI,SEQ-31A65D348AFB
LOC-000622,RNA-000684,GEN-0002,1923066,1923337,+,272,0,yebW,holE,NCBI,SEQ-5E6300F20F24
LOC-000623,RNA-000686,GEN-0002,507204,507287,+,84,0,ushA,ybaQ,NCBI,SEQ-CB61D4754031
LOC-000624,RNA-000694,GEN-0002,2167114,2167200,+,87,0,trhP,yegS,NCBI,SEQ-C174C75D3307
LOC-000625,RNA-000709,GEN-0002,4190327,4190487,-,161,0,thiH,coaA,NCBI,SEQ-81391AC0E873
LOC-000626,RNA-000712,GEN-0002,1622817,1622914,-,98,0,dgcZ,eamA,NCBI,SEQ-A23F0CCA78D3
LOC-000627,RNA-000716,GEN-0002,2924156,2924524,-,369,0,syd,yqcC,NCBI,SEQ-ADCE38473C8B
LOC-000628,RNA-000718,GEN-0002,2976304,2976385,-,82,0,lysA,OmrA,NCBI,SEQ-EC89891F69FD
LOC-000629,RNA-000723,GEN-0002,887979,888057,-,79,0,ybjL,ybjJ,NCBI,SEQ-AFA5B95A7753
LOC-000630,RNA-000733,GEN-0002,3055983,3056165,+,183,0,zapA,fau,NCBI,SEQ-588FC62D3228
LOC-000631,RNA-000749,GEN-0002,3664864,3664969,+,106,0,mdtF,treF,NCBI,SEQ-7E860A7F9E7B
LOC-000632,RNA-000755,GEN-0002,1770372,1770477,+,106,0,ydiK,ydiL,NCBI,SEQ-9A370B90EDFB
LOC-000633,RNA-000758,GEN-0002,4158278,4158394,-,117,0,sthA,argE,NCBI,SEQ-F5D404F60205
LOC-000634,RNA-000770,GEN-0002,2025223,2025313,-,91,0,dgcQ,dsrB,NCBI,SEQ-45D316A65F35
LOC-000635,RNA-000781,GEN-0002,3580922,3581016,-,95,0,ggt,yhhX,NCBI,SEQ-7898032B32ED
LOC-000636,RNA-000811,GEN-0002,1491442,1491506,-,65,0,hokB,gapC,NCBI,SEQ-631A51919005
LOC-000637,RNA-000828,GEN-0002,1923104,1923207,-,104,0,yebY,pphA,NCBI,SEQ-7F9C2F835456
LOC-000638,RNA-000837,GEN-0002,3986432,3986603,+,172,0,aslB,cyaA,NCBI,SEQ-A34D081C991C
LOC-000639,RNA-000850,GEN-0002,2976102,2976189,-,88,0,OmrB,aas,NCBI,SEQ-426E83D6E969
LOC-000640,RNA-000903,GEN-0002,1269858,1269923,+,66,0,rdlA,rdlC,NCBI,SEQ-E77C734D4400
LOC-000641,RNA-000929,GEN-0002,77367,77593,+,227,0,yabI,sgrT,NCBI,SEQ-6B8A5F139A2F
LOC-000642,RNA-000937,GEN-0002,1437121,1437231,+,111,0,tfaR,ydbJ,NCBI,SEQ-9F5CD32ADCBF
LOC-000643,RNA-000961,GEN-0002,476448,476561,+,114,0,ybaY,ybaA,NCBI,SEQ-32CBA8A2D6EB
LOC-000644,RNA-001000,GEN-0002,4527977,4528066,+,90,0,insB7,yjhR,NCBI,SEQ-872A528996DF
LOC-000645,RNA-001011,GEN-0002,2700520,2700598,+,79,0,yfhL,nadB,NCBI,SEQ-1E56DA691588
LOC-000646,RNA-001060,GEN-0002,2153646,2153781,+,136,0,SibA,mdtA,NCBI,SEQ-39296E105C10
LOC-000647,RNA-001156,GEN-0002,2313084,2313176,+,93,0,eco,rcsD,NCBI,SEQ-BDC1231CD0D0
LOC-000648,RNA-001173,GEN-0002,1649382,1649434,+,53,0,ydfC,dicB,NCBI,SEQ-2312C7743F43
LOC-000649,RNA-001179,GEN-0002,2691157,2691340,-,184,0,purL,glrK,NCBI,SEQ-B5C2D3058136
LOC-000650,RNA-001248,GEN-0002,2734153,2734295,-,143,0,yfiH,clpB,NCBI,SEQ-6CCA7430A0AE
LOC-000651,RNA-001308,GEN-0002,3056851,3056991,+,141,0,fau,argP,NCBI,SEQ-08B16E293767
LOC-000652,RNA-001384,GEN-0002,1269323,1269389,+,67,0,kdsA,rdlB,NCBI,SEQ-F7436F17725E
LOC-000653,RNA-001385,GEN-0002,1270393,1270460,+,68,0,rdlB,chaB,NCBI,SEQ-B28C5B0C5985
LOC-000654,RNA-001386,GEN-0002,1146589,1146757,+,169,0,rluC,yceD,NCBI,SEQ-3DACDC7A648A
LOC-000655,RNA-001461,GEN-0002,3700136,3700199,+,64,0,bcsG,yhjV,NCBI,SEQ-A4D9E65D7D44
LOC-000656,RNA-001492,GEN-0002,2887353,2887411,+,59,0,iap,queD,NCBI,SEQ-DE94E7259B7D
LOC-000657,RNA-001553,GEN-0002,2071317,2071511,+,195,0,yeeP,flu,NCBI,SEQ-245AA4F5E17B
LOC-000658,RNA-001706,GEN-0002,3270216,3270592,-,377,0,garK,tdcA,NCBI,SEQ-C0B7C1CE0744
LOC-000659,RNA-001742,GEN-0002,16952,17010,+,59,0,insL1,nhaA,NCBI,SEQ-1348E9AF4A7E
LOC-000660,RNA-001754,GEN-0002,2153311,2153454,+,144,0,yegJ,SibB,NCBI,SEQ-1C76A445C041
LOC-000661,RNA-001759,GEN-0002,3195097,3195240,-,144,0,hldE,SibD,NCBI,SEQ-02BB757F7ED1
LOC-000662,RNA-001764,GEN-0002,3194721,3194865,-,145,0,SibE,glgS,NCBI,SEQ-34AC9713AEE8
LOC-000663,RNA-001783,GEN-0002,1492119,1492175,+,57,0,yncP,trg,NCBI,SEQ-F27161AF9BFC
LOC-000664,RNA-001833,GEN-0003,5283960,5284110,+,151,0,cbpA,PrrF2,NCBI,SEQ-173A522608FD
LOC-000665,RNA-002443,GEN-0003,184211,184458,+,248,0,PA0160,opdC,28976035,SEQ-8DBE5595F660
LOC-000666,RNA-002445,GEN-0003,182570,182693,-,124,0,PA0145,PA0163,28976035,SEQ-5322232CA48B
LOC-000667,RNA-002447,GEN-0003,6183530,6183661,-,132,0,PA5491,polA,25186153,SEQ-FF2476EF9465
LOC-000668,RNA-002457,GEN-0004,1483557,1483640,+,84,0,ykuI,ykuJ,NCBI,SEQ-070951D7C597
LOC-000669,RNA-002492,GEN-0004,1233405,1233543,+,139,0,pepF,yjbL,NCBI,SEQ-CD41D7942FE2
LOC-000670,RNA-002524,GEN-0002,4366814,4366947,-,134,0,dcuA,fxsA,33622723,SEQ-5A56CA132AD5
LOC-000671,RNA-002526,GEN-0002,3658992,3659082,+,91,0,gadE,mdtE,NCBI,SEQ-53487A2542CE
LOC-000672,RNA-002527,GEN-0002,4106330,4106387,+,58,0,cpxP,fieF,NCBI,SEQ-3D1F6AB3C20D
LOC-000673,RNA-002528,GEN-0002,1996921,1997057,+,137,0,yecF,fliD,NCBI,SEQ-AC4B39208085
LOC-000674,RNA-002529,GEN-0003,6183497,6183661,-,165,0,PA5492,PA5493,33622723,SEQ-C53CA21143CD
LOC-000675,RNA-002531,GEN-0003,4102445,4102549,+,105,0,PA3661,PA3662,33622723,SEQ-9C7D57C727A5
LOC-000676,RNA-002532,GEN-0003,3958049,3958210,+,162,0,PA3535,PA3536,33622723,SEQ-C873DD1C348C
LOC-000677,RNA-002533,GEN-0003,252832,253061,-,230,0,PA0222,PA0224,33622723,SEQ-4AF152411492
LOC-000678,RNA-001834,GEN-0003,5308587,5308993,+,407,0,PA4726.2,pcnB,NCBI,SEQ-E19847960F3F
LOC-000679,RNA-002534,GEN-0003,3414619,3414733,+,115,0,PA3049,PA3052,33622723,SEQ-6B41FBFA17B8
LOC-000680,RNA-002535,GEN-0003,4063810,4064000,-,191,0,PA3628,PA3633,33622723,SEQ-CA95A7077BB0
LOC-000681,RNA-002540,GEN-0003,1651796,1651866,+,71,0,sdiA,rhlI,35273147,SEQ-B7DB110868F4
LOC-000682,RNA-002541,GEN-0006,1651796,1651866,+,71,0,sdiA,rhlI,35273147,SEQ-B7DB110868F4
LOC-000683,RNA-002543,GEN-0007,1651796,1651866,+,71,0,sdiA,rhlI,35273147,SEQ-B7DB110868F4
LOC-000684,RNA-002545,GEN-0008,637111,637250,+,140,0,BSR30_RS03165,BSR30_RS03170,19786493,SEQ-A3173A95AB62
LOC-000685,RNA-005632,GEN-0009,4580485,4580565,+,81,0,SL1344_RS22130,SL1344_RS22135,33535041,SEQ-37CF4E3EC962
LOC-000686,RNA-005633,GEN-0009,3439374,3440945,,1572,0,,,,SEQ-78D7267B1E09
LOC-000687,RNA-005634,GEN-0009,3341698,3342885,,1188,0,,,,SEQ-78050BB76D7E
LOC-000688,RNA-005635,GEN-0009,4135385,4136929,,1545,0,,,,SEQ-2139A4842380
LOC-000689,RNA-005636,GEN-0009,1602344,1602487,,144,0,,,,SEQ-5805033D709C
LOC-000690,RNA-005637,GEN-0009,3985802,3986497,,696,0,,,,SEQ-6E88EBFBF9DF
LOC-000691,RNA-005638,GEN-0009,1113963,1114130,,168,0,,,,SEQ-AFEF82255B14
LOC-000692,RNA-005639,GEN-0009,2779841,2780416,,576,0,,,,SEQ-FDA8495F72BE
LOC-000693,RNA-005640,GEN-0009,316169,316615,,447,0,,,,SEQ-B1F8BA456C33
LOC-000694,RNA-005642,GEN-0009,341687,342199,,513,0,,,,SEQ-7C16EEB68427
LOC-000695,RNA-005643,GEN-0009,3644998,3647541,,2544,0,,,,SEQ-49D7CF0A697A
LOC-000696,RNA-005645,GEN-0009,2696253,2697584,,1332,0,,,,SEQ-21D3569C30A3
LOC-000697,RNA-005646,GEN-0009,1815266,1819009,,3744,0,,,,SEQ-57F941E697E8
LOC-000698,RNA-005647,GEN-0009,2387952,2389580,,1629,0,,,,SEQ-F22945DCB182
LOC-000699,RNA-005648,GEN-0009,4562489,4563421,,933,0,,,,SEQ-26153F4B4DDC
LOC-000700,RNA-005649,GEN-0009,4421536,4421973,,438,0,,,,SEQ-9B86E69B2E53
LOC-000701,RNA-005650,GEN-0009,660762,662867,,2106,0,,,,SEQ-A2F9A6DE7145
LOC-000702,RNA-005651,GEN-0009,4013556,4014872,,1317,0,,,,SEQ-84F0EDD78B06
LOC-000703,RNA-005652,GEN-0009,3437158,3438048,,891,0,,,,SEQ-DF61BD360297
LOC-000704,RNA-005653,GEN-0009,573174,574268,,1095,0,,,,SEQ-370091A56964
LOC-000705,RNA-005655,GEN-0009,3315122,3316426,,1305,0,,,,SEQ-23FFD9ECF25E
LOC-000706,RNA-005656,GEN-0009,2688791,2690068,,1278,0,,,,SEQ-4B71EE158B2D
LOC-000707,RNA-005657,GEN-0009,2808081,2808419,,339,0,,,,SEQ-578AD9C0C266
LOC-000708,RNA-005658,GEN-0009,3647538,3647864,,327,0,,,,SEQ-59A2E46970F4
LOC-000709,RNA-005661,GEN-0009,4642267,4642596,,330,0,,,,SEQ-95D38F387EA6
LOC-000710,RNA-005662,GEN-0009,3698422,3701127,,2706,0,,,,SEQ-3207E83BDD97
LOC-000711,RNA-005663,GEN-0009,1607295,1610342,,3048,0,,,,SEQ-BFB771A9B09F
LOC-000712,RNA-005664,GEN-0009,3438074,3438844,,771,0,,,,SEQ-B3F8CBC553CB
LOC-000713,RNA-005665,GEN-0009,3000884,3001447,,564,0,,,,SEQ-B417C6BB3E7A
LOC-000714,RNA-005666,GEN-0009,3380019,3380228,,210,0,,,,SEQ-BE04D8A64A06
LOC-000715,RNA-005667,GEN-0009,4472172,4473281,,1110,0,,,,SEQ-E2EDED735BAA
LOC-000716,RNA-005668,GEN-0009,2389570,2390829,,1260,0,,,,SEQ-73F06077B091
LOC-000717,RNA-005669,GEN-0009,2697667,2699811,,2145,0,,,,SEQ-9186A0B9471C
LOC-000718,RNA-005670,GEN-0009,511917,513617,,1701,0,,,,SEQ-614FF1B16B57
LOC-000719,RNA-005671,GEN-0009,486266,487177,,912,0,,,,SEQ-44C559F182AB
LOC-000720,RNA-005673,GEN-0009,1648099,1648497,,399,0,,,,SEQ-D93AD39B16F4
LOC-000721,RNA-005674,GEN-0009,1329763,1331619,,1857,0,,,,SEQ-952DB6CE483E
LOC-000722,RNA-005676,GEN-0009,4552262,4553764,,1503,0,,,,SEQ-C58EEA4B0C39
LOC-000723,RNA-005678,GEN-0009,1010628,1011587,,960,0,,,,SEQ-8E79AA077A15
LOC-000724,RNA-005681,GEN-0009,3531970,3532608,,639,0,,,,SEQ-53F2C587452B
LOC-000725,RNA-005682,GEN-0009,2139285,2141633,,2349,0,,,,SEQ-1E866CCCB934
LOC-000726,RNA-005683,GEN-0009,1287685,1287897,,213,0,,,,SEQ-A1EB963B1D42
LOC-000727,RNA-005684,GEN-0009,1415909,1416148,,240,0,,,,SEQ-9FB9A6E229F1
LOC-000728,RNA-005685,GEN-0009,2103714,2104439,,726,0,,,,SEQ-51CAD12D0261
LOC-000729,RNA-005686,GEN-0009,3515940,3520400,,4461,0,,,,SEQ-04B776EDE38A
LOC-000730,RNA-005687,GEN-0009,4728965,4729897,,933,0,,,,SEQ-B8179F016BA3
LOC-000731,RNA-005688,GEN-0009,4713136,4715274,,2139,0,,,,SEQ-7E4E2C40F439
LOC-000732,RNA-005690,GEN-0009,3789918,3791270,,1353,0,,,,SEQ-328647819049
LOC-000733,RNA-005691,GEN-0009,49288,52332,,3045,0,,,,SEQ-E2025820D72E
LOC-000734,RNA-005692,GEN-0009,3830256,3831554,,1299,0,,,,SEQ-2022783EAF8E
LOC-000735,RNA-005693,GEN-0009,3626353,3627171,,819,0,,,,SEQ-070503FF3FBE
LOC-000736,RNA-005695,GEN-0009,4051948,4053096,,1149,0,,,,SEQ-4372585FD047
LOC-000737,RNA-005696,GEN-0009,22617,25265,,2649,0,,,,SEQ-4ACF1044BF84
LOC-000738,RNA-005697,GEN-0009,755805,756257,,453,0,,,,SEQ-656BDC39C2A9
LOC-000739,RNA-005698,GEN-0009,301353,302108,,756,0,,,,SEQ-64A0F7732BC2
LOC-000740,RNA-005699,GEN-0009,3059253,3060548,,1296,0,,,,SEQ-262E16A539B3
LOC-000741,RNA-005700,GEN-0009,65930,66655,,726,0,,,,SEQ-A7D36387CE33
LOC-000742,RNA-005701,GEN-0009,1433019,1433657,,639,0,,,,SEQ-8B0F2BF569D9
LOC-000743,RNA-005702,GEN-0009,1161545,1162141,,597,0,,,,SEQ-FEDEAFDE3F9A
LOC-000744,RNA-005703,GEN-0009,3577682,3577978,,297,0,,,,SEQ-25F67B87670E
LOC-000745,RNA-005704,GEN-0009,2863004,2863726,,723,0,,,,SEQ-01D2BB39C8A2
LOC-000746,RNA-005705,GEN-0009,2365024,2367693,,2670,0,,,,SEQ-1010231FCB85
LOC-000747,RNA-005707,GEN-0009,3429465,3430673,,1209,0,,,,SEQ-72EFE685D998
LOC-000748,RNA-005708,GEN-0009,3040412,3041341,,930,0,,,,SEQ-E5EAA0C0BBED
LOC-000749,RNA-005709,GEN-0009,1845336,1845932,,597,0,,,,SEQ-514E37EB9B96
LOC-000750,RNA-005712,GEN-0009,729583,731121,,1539,0,,,,SEQ-FB97D6356A37
LOC-000751,RNA-005713,GEN-0009,4570469,4571188,,720,0,,,,SEQ-A0E7E191DDA4
LOC-000752,RNA-005714,GEN-0009,1356584,1356826,,243,0,,,,SEQ-D50B5ACE992C
LOC-000753,RNA-005715,GEN-0009,3375206,3377002,,1797,0,,,,SEQ-06DAC79FE3D0
LOC-000754,RNA-005716,GEN-0009,3120208,3121845,,1638,0,,,,SEQ-3C2059650D43
LOC-000755,RNA-005719,GEN-0009,4280503,4281339,,837,0,,,,SEQ-DA6631025297
LOC-000756,RNA-005720,GEN-0009,4281492,4282340,,849,0,,,,SEQ-7AB2A4B3832F
LOC-000757,RNA-005721,GEN-0009,526889,527440,,552,0,,,,SEQ-CDBF11BDA8D9
LOC-000758,RNA-005722,GEN-0009,655743,656918,,1176,0,,,,SEQ-9C2252590ABD
LOC-000759,RNA-005723,GEN-0009,4313815,4314561,,747,0,,,,SEQ-BD6BFB3F2156
LOC-000760,RNA-005724,GEN-0009,134572,135516,,945,0,,,,SEQ-E4FFCD0585CA
LOC-000761,RNA-005725,GEN-0009,3681128,3681847,,720,0,,,,SEQ-30683610612D
LOC-000762,RNA-005726,GEN-0009,211027,211407,,381,0,,,,SEQ-C3D07CD3AA97
LOC-000763,RNA-005727,GEN-0009,3260239,3261159,,921,0,,,,SEQ-4CA01AEBDFBC
LOC-000764,RNA-005728,GEN-0009,957195,957926,,732,0,,,,SEQ-AB8645AECDB5
LOC-000765,RNA-005729,GEN-0009,2102926,2103717,,792,0,,,,SEQ-7663C4253C06
LOC-000766,RNA-005730,GEN-0009,3399077,3399583,,507,0,,,,SEQ-74725A08C2C6
LOC-000767,RNA-005731,GEN-0009,1468554,1469201,,648,0,,,,SEQ-1807457BCF98
LOC-000768,RNA-005733,GEN-0009,4459759,4461108,,1350,0,,,,SEQ-250A4097072B
LOC-000769,RNA-005734,GEN-0009,3060545,3060952,,408,0,,,,SEQ-15000AFBC127
LOC-000770,RNA-005735,GEN-0009,2258889,2261186,,2298,0,,,,SEQ-F0B96D912BFD
LOC-000771,RNA-005736,GEN-0009,4226273,4227181,,909,0,,,,SEQ-0A1F0B32E932
LOC-000772,RNA-005737,GEN-0009,468186,468725,,540,0,,,,SEQ-407AB5B3D44B
LOC-000773,RNA-005738,GEN-0009,3022799,3023671,,873,0,,,,SEQ-01C489BB10D3
LOC-000774,RNA-005739,GEN-0009,1098888,1099574,,687,0,,,,SEQ-3EE3B9FAC7FC
LOC-000775,RNA-005740,GEN-0009,1184165,1184998,,834,0,,,,SEQ-0A8433412D4A
LOC-000776,RNA-005741,GEN-0009,1445606,1446295,,690,0,,,,SEQ-CEB8B4FB0EBB
LOC-000777,RNA-005742,GEN-0009,2112114,2113025,,912,0,,,,SEQ-92A7F600BFCC
LOC-000778,RNA-005744,GEN-0009,2154547,2155530,,984,0,,,,SEQ-7E046F62880F
LOC-000779,RNA-005745,GEN-0009,4820282,4822573,,2292,0,,,,SEQ-780EA021C846
LOC-000780,RNA-005746,GEN-0009,3318126,3319598,,1473,0,,,,SEQ-B04DD9BA7421
LOC-000781,RNA-005747,GEN-0009,1096293,1097261,,969,0,,,,SEQ-AF51E1862214
LOC-000782,RNA-005748,GEN-0009,1455596,1456243,,648,0,,,,SEQ-892503DEDC2A
LOC-000783,RNA-005749,GEN-0009,4260131,4261072,,942,0,,,,SEQ-2F2935CA73B9
LOC-000784,RNA-005751,GEN-0009,3226154,3226675,,522,0,,,,SEQ-E20C93809FD2
LOC-000785,RNA-005753,GEN-0009,3848764,3849288,,525,0,,,,SEQ-099E7B0D1403
LOC-000786,RNA-005755,GEN-0009,3749258,3749626,,369,0,,,,SEQ-3C695033228F
LOC-000787,RNA-005756,GEN-0009,4687550,4688470,,921,0,,,,SEQ-2ED2AE72F2D8
LOC-000788,RNA-005757,GEN-0009,978339,978560,,222,0,,,,SEQ-E1A5D1E703A6
LOC-000789,RNA-005758,GEN-0009,230653,231213,,561,0,,,,SEQ-5B5BD6A17545
LOC-000790,RNA-005759,GEN-0009,4007492,4008883,,1392,0,,,,SEQ-B3A3E7D54051
LOC-000791,RNA-005760,GEN-0009,1341295,1342773,,1479,0,,,,SEQ-F8F67C103596
LOC-000792,RNA-005761,GEN-0009,1999618,2000604,,987,0,,,,SEQ-8C9FD68CF825
LOC-000793,RNA-005762,GEN-0009,3152978,3153400,,423,0,,,,SEQ-061CE2940666
LOC-000794,RNA-005763,GEN-0009,327706,328494,,789,0,,,,SEQ-E53F5E5BB5BC
LOC-000795,RNA-005764,GEN-0009,3331190,3332368,,1179,0,,,,SEQ-ED76836324E4
LOC-000796,RNA-005765,GEN-0009,3058832,3059275,,444,0,,,,SEQ-AD3F02425BFE
LOC-000797,RNA-005766,GEN-0009,4042124,4044676,,2553,0,,,,SEQ-CA29FA773A84
LOC-000798,RNA-005767,GEN-0009,756539,757069,,531,0,,,,SEQ-D43DA0EB267D
LOC-000799,RNA-005769,GEN-0009,1570654,1571757,,1104,0,,,,SEQ-A88210642B97
LOC-000800,RNA-005771,GEN-0009,4847047,4849455,,2409,0,,,,SEQ-D8D5ACFBCF03
LOC-000801,RNA-005772,GEN-0009,1523952,1525241,,1290,0,,,,SEQ-AE053CFA7B4D
LOC-000802,RNA-005773,GEN-0009,1464772,1465797,,1026,0,,,,SEQ-827D87490715
LOC-000803,RNA-005774,GEN-0009,345576,346046,,471,0,,,,SEQ-36E5A61AA368
LOC-000804,RNA-005776,GEN-0009,3427137,3429431,,2295,0,,,,SEQ-0F504927B72C
LOC-000805,RNA-005777,GEN-0009,3746732,3747619,,888,0,,,,SEQ-85B1AFE39262
LOC-000806,RNA-005778,GEN-0009,19688,20326,,639,0,,,,SEQ-BC11B1BC2ABA
LOC-000807,RNA-005779,GEN-0009,2136390,2138666,,2277,0,,,,SEQ-EB07F74E1A84
LOC-000808,RNA-005780,GEN-0009,32467,33315,,849,0,,,,SEQ-498FA58C5DA0
LOC-000809,RNA-005782,GEN-0009,2960417,2961394,,978,0,,,,SEQ-2C00CA791FC1
LOC-000810,RNA-005783,GEN-0009,1444827,1445609,,783,0,,,,SEQ-D1D1EB1BB880
LOC-000811,RNA-005785,GEN-0009,866199,868496,,2298,0,,,,SEQ-075D05D7BE70
LOC-000812,RNA-005786,GEN-0009,1071777,1072229,,453,0,,,,SEQ-2AB2EB535254
LOC-000813,RNA-005787,GEN-0009,3240360,3241676,,1317,0,,,,SEQ-C58CF7EA8699
LOC-000814,RNA-005788,GEN-0009,944335,944598,,264,0,,,,SEQ-A9EEABDC29F9
LOC-000815,RNA-005789,GEN-0009,2811888,2812958,,1071,0,,,,SEQ-20509398718E
LOC-000816,RNA-005791,GEN-0009,1457283,1458341,,1059,0,,,,SEQ-4BCC308A2E6F
LOC-000817,RNA-005792,GEN-0009,3046265,3046657,,393,0,,,,SEQ-582830835E9E
LOC-000818,RNA-005793,GEN-0009,3319610,3321022,,1413,0,,,,SEQ-1393491F8AF6
LOC-000819,RNA-005794,GEN-0009,1450155,1450523,,369,0,,,,SEQ-51C5BD9F35A1
LOC-000820,RNA-005795,GEN-0009,4601060,4601206,,147,0,,,,SEQ-16481F4EEF73
LOC-000821,RNA-005796,GEN-0009,1678146,1679372,,1227,0,,,,SEQ-389FD010DF86
LOC-000822,RNA-005797,GEN-0009,2417376,2418293,,918,0,,,,SEQ-EDB92698D502
LOC-000823,RNA-005798,GEN-0009,1456507,1457286,,780,0,,,,SEQ-0810AA0D93B4
LOC-000824,RNA-005799,GEN-0009,3732817,3733350,,534,0,,,,SEQ-843FAA1A6622
LOC-000825,RNA-005800,GEN-0009,3032477,3033382,,906,0,,,,SEQ-91AEF868D5A0
LOC-000826,RNA-005801,GEN-0009,1187770,1188225,,456,0,,,,SEQ-7EBBF9E92F56
LOC-000827,RNA-005802,GEN-0009,3648130,3648939,,810,0,,,,SEQ-039AAC98897B
LOC-000828,RNA-005803,GEN-0009,2810757,2811878,,1122,0,,,,SEQ-EF06CC5DE955
LOC-000829,RNA-005804,GEN-0009,3038918,3040096,,1179,0,,,,SEQ-FE2F733AF915
LOC-000830,RNA-005805,GEN-0009,3333347,3334465,,1119,0,,,,SEQ-59F73754D407
LOC-000831,RNA-005806,GEN-0009,4435285,4435974,,690,0,,,,SEQ-F1FE57E035EC
LOC-000832,RNA-005807,GEN-0009,4601237,4601824,,588,0,,,,SEQ-03BE8BD0F0CB
LOC-000833,RNA-005808,GEN-0009,4602081,4602398,,318,0,,,,SEQ-0263215E01F1
LOC-000834,RNA-005809,GEN-0009,1623513,1624193,,681,0,,,,SEQ-A71424AA9F50
LOC-000835,RNA-005810,GEN-0009,2916251,2916886,,636,0,,,,SEQ-CA5830B23BF6
LOC-000836,RNA-005811,GEN-0009,3005941,3007461,,1521,0,,,,SEQ-D001C30C5921
LOC-000837,RNA-005812,GEN-0009,4047765,4050500,,2736,0,,,,SEQ-F0F32722A75A
LOC-000838,RNA-005813,GEN-0009,636516,637169,,654,0,,,,SEQ-CEEB4C5AFB52
LOC-000839,RNA-005814,GEN-0009,650273,651067,,795,0,,,,SEQ-E756E15E184B
LOC-000840,RNA-005815,GEN-0009,1224496,1227699,,3204,0,,,,SEQ-63AA7699298D
LOC-000841,RNA-005816,GEN-0009,1278442,1279548,,1107,0,,,,SEQ-62C5F677CDF3
LOC-000842,RNA-005817,GEN-0009,2205274,2205915,,642,0,,,,SEQ-5BD186A75435
LOC-000843,RNA-005818,GEN-0009,3178270,3178833,,564,0,,,,SEQ-95AD6389C0F8
LOC-000844,RNA-005820,GEN-0009,3593964,3594518,,555,0,,,,SEQ-81805E25D250
LOC-000845,RNA-005821,GEN-0009,4160965,4162350,,1386,0,,,,SEQ-7A5E43EF7BD5
LOC-000846,RNA-005822,GEN-0009,2867446,2867805,,360,0,,,,SEQ-3BCCB5FE0501
LOC-000847,RNA-005823,GEN-0009,3796899,3798548,,1650,0,,,,SEQ-27BBB123FA98
LOC-000848,RNA-005824,GEN-0009,4263723,4264652,,930,0,,,,SEQ-F400FDD2F5C4
LOC-000849,RNA-005825,GEN-0009,4294934,4295923,,990,0,,,,SEQ-377AA57393AB
LOC-000850,RNA-005826,GEN-0009,2251460,2252179,,720,0,,,,SEQ-6B340B5FE2CE
LOC-000851,RNA-005827,GEN-0009,4291184,4291882,,699,0,,,,SEQ-057F5CE65A43
LOC-000852,RNA-005829,GEN-0009,332062,332508,,447,0,,,,SEQ-1910CE60D057
LOC-000853,RNA-005830,GEN-0009,625123,626370,,1248,0,,,,SEQ-481CB54D5ED4
LOC-000854,RNA-005831,GEN-0009,2935199,2935738,,540,0,,,,SEQ-DBF9F06AF2E8
LOC-000855,RNA-005833,GEN-0009,4209682,4210845,,1164,0,,,,SEQ-643699114A0E
LOC-000856,RNA-005835,GEN-0009,4712263,4712547,,285,0,,,,SEQ-9992AAB11533
LOC-000857,RNA-005837,GEN-0009,2602783,2603355,,573,0,,,,SEQ-CD7082A812A5
LOC-000858,RNA-005838,GEN-0009,4539507,4540178,,672,0,,,,SEQ-B7827B2908BF
LOC-000859,RNA-005839,GEN-0009,3046988,3047236,,249,0,,,,SEQ-EA48B97084DB
LOC-000860,RNA-005840,GEN-0009,2344418,2345065,,648,0,,,,SEQ-7D93CF98B721
LOC-000861,RNA-005841,GEN-0009,1568849,1570651,,1803,0,,,,SEQ-0D582C0890A3
LOC-000862,RNA-005842,GEN-0009,2682152,2682955,,804,0,,,,SEQ-6A4ED13E9035
LOC-000863,RNA-005843,GEN-0009,3510304,3511032,,729,0,,,,SEQ-D8D4CFD5A30F
LOC-000864,RNA-005844,GEN-0009,365793,366896,,1104,0,,,,SEQ-B9784400099C
LOC-000865,RNA-005845,GEN-0009,597956,598450,,495,0,,,,SEQ-CB44A4CB9971
LOC-000866,RNA-005847,GEN-0009,2165334,2166335,,1002,0,,,,SEQ-344C25A9AA88
LOC-000867,RNA-005849,GEN-0009,3753715,3754824,,1110,0,,,,SEQ-E5F1C1C9F404
LOC-000868,RNA-005850,GEN-0009,4491975,4492688,,714,0,,,,SEQ-AFEBD6253F8F
LOC-000869,RNA-005851,GEN-0009,3293476,3295611,,2136,0,,,,SEQ-F599029B7320
LOC-000870,RNA-005852,GEN-0009,3934829,3935842,,1014,0,,,,SEQ-523D70E9C967
LOC-000871,RNA-005853,GEN-0009,2247455,2249488,,2034,0,,,,SEQ-C4EB8AD2CB06
LOC-000872,RNA-005854,GEN-0009,3800793,3801395,,603,0,,,,SEQ-0C869514D78A
LOC-000873,RNA-005855,GEN-0009,3635451,3636320,,870,0,,,,SEQ-9713FC76D2C9
LOC-000874,RNA-005856,GEN-0009,362157,362615,,459,0,,,,SEQ-F7423FD7DBB3
LOC-000875,RNA-005857,GEN-0009,2175210,2176295,,1086,0,,,,SEQ-B32726378C06
LOC-000876,RNA-005858,GEN-0009,2937418,2937990,,573,0,,,,SEQ-11E86457BA21
LOC-000877,RNA-005859,GEN-0009,3859989,3860456,,468,0,,,,SEQ-3B498412DE16
LOC-000878,RNA-005860,GEN-0009,2155673,2156839,,1167,0,,,,SEQ-B0028C05FAB0
LOC-000879,RNA-005861,GEN-0009,1795419,1796339,,921,0,,,,SEQ-765D487BDA68
LOC-000880,RNA-005862,GEN-0009,3802998,3804026,,1029,0,,,,SEQ-7A173D07A3C7
LOC-000881,RNA-005863,GEN-0009,1443909,1444325,,417,0,,,,SEQ-BC6546244298
LOC-000882,RNA-005865,GEN-0009,2672948,2673724,,777,0,,,,SEQ-1936DFC67680
LOC-000883,RNA-005866,GEN-0009,1444377,1444811,,435,0,,,,SEQ-8D241D1C31EC
LOC-000884,RNA-005867,GEN-0009,1439947,1440189,,243,0,,,,SEQ-1A72CA6BB61F
LOC-000885,RNA-005868,GEN-0009,1995815,1996471,,657,0,,,,SEQ-9E2492596C34
LOC-000886,RNA-005869,GEN-0009,1440453,1440779,,327,0,,,,SEQ-BA9888C6E14B
LOC-000887,RNA-005870,GEN-0009,500487,500804,,318,0,,,,SEQ-7E1FB21B3EB3
LOC-000888,RNA-005871,GEN-0009,2265718,2266479,,762,0,,,,SEQ-C43B09AD0A97
LOC-000889,RNA-005872,GEN-0009,3505827,3507260,,1434,0,,,,SEQ-E24B7555D7E8
LOC-000890,RNA-005873,GEN-0009,3637128,3637760,,633,0,,,,SEQ-2573309F5617
LOC-000891,RNA-005874,GEN-0009,1132772,1133647,,876,0,,,,SEQ-9F6860EDAAFC
LOC-000892,RNA-005875,GEN-0009,553122,554774,,1653,0,,,,SEQ-A98E13C05801
LOC-000893,RNA-005876,GEN-0009,1131870,1132550,,681,0,,,,SEQ-D801AC16FCB0
LOC-000894,RNA-005877,GEN-0009,1456240,1456506,,267,0,,,,SEQ-0E7DEF084575
LOC-000895,RNA-005878,GEN-0009,4607879,4609381,,1503,0,,,,SEQ-47F53BA57389
LOC-000896,RNA-005882,GEN-0009,1048046,1049446,,1401,0,,,,SEQ-1635E02663B4
LOC-000897,RNA-005883,GEN-0009,663164,664252,,1089,0,,,,SEQ-816E95D13572
LOC-000898,RNA-005884,GEN-0009,1376424,1377404,,981,0,,,,SEQ-4826FBF6E4BF
LOC-000899,RNA-005885,GEN-0009,545529,546173,,645,0,,,,SEQ-2270D66EA68D
LOC-000900,RNA-005887,GEN-0009,944768,945058,,291,0,,,,SEQ-7C1B39E04CB6
LOC-000901,RNA-005888,GEN-0009,3549448,3549918,,471,0,,,,SEQ-082F146532B3
LOC-000902,RNA-005889,GEN-0009,1211144,1212679,,1536,0,,,,SEQ-F99CE9220320
LOC-000903,RNA-005890,GEN-0009,1327968,1328624,,657,0,,,,SEQ-EF439D591B45
LOC-000904,RNA-005891,GEN-0009,3164304,3165635,,1332,0,,,,SEQ-7B0F19687395
LOC-000905,RNA-005893,GEN-0009,3194157,3195419,,1263,0,,,,SEQ-06F840C49583
LOC-000906,RNA-005894,GEN-0009,1742178,1743143,,966,0,,,,SEQ-0459D6570B30
LOC-000907,RNA-005895,GEN-0009,3022374,3022730,,357,0,,,,SEQ-68F4B7B3163F
LOC-000908,RNA-005896,GEN-0009,3875924,3876724,,801,0,,,,SEQ-73D240CAE05C
LOC-000909,RNA-005897,GEN-0009,1917075,1917989,,915,0,,,,SEQ-C730A1FE3465
LOC-000910,RNA-005898,GEN-0009,4202049,4202303,,255,0,,,,SEQ-F58A56D24454
LOC-000911,RNA-005899,GEN-0009,773872,774078,,207,0,,,,SEQ-2D20974FF870
LOC-000912,RNA-005900,GEN-0009,1737327,1737641,,315,0,,,,SEQ-ACF42D0BFB8A
LOC-000913,RNA-005902,GEN-0009,750782,752086,,1305,0,,,,SEQ-20CEF1AE821A
LOC-000914,RNA-005903,GEN-0009,1954775,1955341,,567,0,,,,SEQ-31CAC7CC2179
LOC-000915,RNA-005904,GEN-0009,4133532,4135382,,1851,0,,,,SEQ-9F3F6DEBFE95
LOC-000916,RNA-005905,GEN-0009,1747010,1748383,,1374,0,,,,SEQ-89C12900C756
LOC-000917,RNA-005906,GEN-0009,3252597,3253643,,1047,0,,,,SEQ-846C83B2D680
LOC-000918,RNA-005907,GEN-0009,2720902,2721630,,729,0,,,,SEQ-5E48BD6446CD
LOC-000919,RNA-005908,GEN-0009,3161221,3162318,,1098,0,,,,SEQ-E548370C305F
LOC-000920,RNA-005909,GEN-0009,4090346,4092175,,1830,0,,,,SEQ-F605EDFD14D3
LOC-000921,RNA-005910,GEN-0009,3394760,3394975,,216,0,,,,SEQ-F1B9223B159F
LOC-000922,RNA-005911,GEN-0009,3943352,3943519,,168,0,,,,SEQ-7825E3EA7C0A
LOC-000923,RNA-005913,GEN-0009,4651496,4651810,,315,0,,,,SEQ-924FFF134857
LOC-000924,RNA-005914,GEN-0009,4652084,4652533,,450,0,,,,SEQ-85853AF93090
LOC-000925,RNA-005915,GEN-0009,3943540,3943776,,237,0,,,,SEQ-15540168B136
LOC-000926,RNA-005917,GEN-0009,1231988,1232161,,174,0,,,,SEQ-59AC11990970
LOC-000927,RNA-005919,GEN-0009,4103209,4105098,,1890,0,,,,SEQ-3B42EE99B043
LOC-000928,RNA-005922,GEN-0009,1335489,1336832,,1344,0,,,,SEQ-1D17B294791A
LOC-000929,RNA-005923,GEN-0009,704482,705090,,609,0,,,,SEQ-D5D98A48B641
LOC-000930,RNA-005924,GEN-0009,678832,679242,,411,0,,,,SEQ-909F329673ED
LOC-000931,RNA-005926,GEN-0009,765750,766427,,678,0,,,,SEQ-11B3115379B7
LOC-000932,RNA-005927,GEN-0009,4651094,4651489,,396,0,,,,SEQ-6FB218335029
LOC-000933,RNA-005928,GEN-0009,638504,638845,,342,0,,,,SEQ-E9E7794DF25C
LOC-000934,RNA-005929,GEN-0009,4384436,4384864,,429,0,,,,SEQ-0137A6D03010
LOC-000935,RNA-005930,GEN-0009,1136960,1138429,,1470,0,,,,SEQ-178F8B60D726
LOC-000936,RNA-005931,GEN-0009,933888,934514,,627,0,,,,SEQ-331E9877C80A
LOC-000937,RNA-005932,GEN-0009,1236577,1237818,,1242,0,,,,SEQ-AC9B2AD6FE6C
LOC-000938,RNA-005933,GEN-0009,4651815,4652042,,228,0,,,,SEQ-6D337343ECA5
LOC-000939,RNA-005934,GEN-0009,4331151,4332311,,1161,0,,,,SEQ-F43E03525843
LOC-000940,RNA-005935,GEN-0009,4782409,4783422,,1014,0,,,,SEQ-C1B8AF277BE0
LOC-000941,RNA-005936,GEN-0009,4345929,4348430,,2502,0,,,,SEQ-D5944A7B6FE2
LOC-000942,RNA-005937,GEN-0009,4426367,4428118,,1752,0,,,,SEQ-9CFF49A65EED
LOC-000943,RNA-005938,GEN-0009,3926630,3927562,,933,0,,,,SEQ-9A33C6379FC6
LOC-000944,RNA-005939,GEN-0009,404785,407757,,2973,0,,,,SEQ-C8601DF78D83
LOC-000945,RNA-005940,GEN-0009,3165738,3167573,,1836,0,,,,SEQ-C87EF6ACF4F1
LOC-000946,RNA-005941,GEN-0009,4486418,4486660,,243,0,,,,SEQ-6325EEB01CCB
LOC-000947,RNA-005944,GEN-0009,854223,855908,,1686,0,,,,SEQ-158AFB79D870
LOC-000948,RNA-005946,GEN-0009,2002315,2003034,,720,0,,,,SEQ-D015AAB17CD8
LOC-000949,RNA-005947,GEN-0009,3874047,3875297,,1251,0,,,,SEQ-CEE6E6249E6F
LOC-000950,RNA-005948,GEN-0009,1974221,1974724,,504,0,,,,SEQ-8575EDA67429
LOC-000951,RNA-005949,GEN-0009,1672732,1674357,,1626,0,,,,SEQ-36953037669C
LOC-000952,RNA-005950,GEN-0009,3604359,3604742,,384,0,,,,SEQ-266520232C08
LOC-000953,RNA-005951,GEN-0009,2445655,2446857,,1203,0,,,,SEQ-CBB77BB9BEE0
LOC-000954,RNA-005952,GEN-0009,428341,429498,,1158,0,,,,SEQ-F6DABFD4577E
LOC-000955,RNA-005953,GEN-0009,870904,871416,,513,0,,,,SEQ-043DD56FE027
LOC-000956,RNA-005954,GEN-0009,2573259,2574275,,1017,0,,,,SEQ-C528F831517D
LOC-000957,RNA-005955,GEN-0009,3180280,3181155,,876,0,,,,SEQ-9133B3886559
LOC-000958,RNA-005956,GEN-0009,694061,694264,,204,0,,,,SEQ-5A68355D1047
LOC-000959,RNA-005957,GEN-0009,4223122,4223637,,516,0,,,,SEQ-211FD32A1458
LOC-000960,RNA-005958,GEN-0009,415573,417198,,1626,0,,,,SEQ-05F4054D7CF0
LOC-000961,RNA-005960,GEN-0009,2720159,2720890,,732,0,,,,SEQ-B65EDEEF6229
LOC-000962,RNA-005961,GEN-0009,443452,444360,,909,0,,,,SEQ-44E75CF5F3B6
LOC-000963,RNA-005962,GEN-0009,523445,523834,,390,0,,,,SEQ-D705881D930B
LOC-000964,RNA-005963,GEN-0009,4383733,4384278,,546,0,,,,SEQ-68533FB04E93
LOC-000965,RNA-005964,GEN-0009,1031231,1031977,,747,0,,,,SEQ-4DE5C30B14B0
LOC-000966,RNA-005965,GEN-0009,4033634,4034677,,1044,0,,,,SEQ-937CCFDFA3DC
LOC-000967,RNA-005966,GEN-0009,1945758,1946543,,786,0,,,,SEQ-F73070FE25FC
LOC-000968,RNA-005967,GEN-0009,4383348,4383731,,384,0,,,,SEQ-D92B11A8768A
LOC-000969,RNA-005968,GEN-0009,4187405,4188421,,1017,0,,,,SEQ-C3A231293794
LOC-000970,RNA-005969,GEN-0009,575491,575973,,483,0,,,,SEQ-B0A0D0A81989
LOC-000971,RNA-005970,GEN-0009,4381934,4383118,,1185,0,,,,SEQ-BE17279E6D5B
LOC-000972,RNA-005971,GEN-0009,3469952,3472087,,2136,0,,,,SEQ-05B2B218C936
LOC-000973,RNA-005975,GEN-0009,3668172,3670724,,2553,0,,,,SEQ-8E6C21488272
LOC-000974,RNA-005977,GEN-0009,2836766,2837056,,291,0,,,,SEQ-4624ACB595B4
LOC-000975,RNA-005978,GEN-0009,3484442,3485290,,849,0,,,,SEQ-E62556BED188
LOC-000976,RNA-005979,GEN-0009,3947993,3948709,,717,0,,,,SEQ-E657AD07A4CD
LOC-000977,RNA-005980,GEN-0009,4150835,4151965,,1131,0,,,,SEQ-3007499824F1
LOC-000978,RNA-005981,GEN-0009,2600708,2601742,,1035,0,,,,SEQ-A03117A41A79
LOC-000979,RNA-005982,GEN-0009,2031897,2033327,,1431,0,,,,SEQ-7360E725C57F
LOC-000980,RNA-005983,GEN-0009,3940652,3941929,,1278,0,,,,SEQ-82D9D64DF16F
LOC-000981,RNA-005984,GEN-0009,2285831,2286853,,1023,0,,,,SEQ-79101F1A4E7C
LOC-000982,RNA-005985,GEN-0009,4319014,4319499,,486,0,,,,SEQ-0DC18E7C3020
LOC-000983,RNA-005986,GEN-0009,3946033,3946491,,459,0,,,,SEQ-A6CA1D1D7063
LOC-000984,RNA-005987,GEN-0009,728320,729228,,909,0,,,,SEQ-37DB2014DABA
LOC-000985,RNA-005988,GEN-0009,1564527,1564868,,342,0,,,,SEQ-D16C225C160D
LOC-000986,RNA-005990,GEN-0009,1612026,1613114,,1089,0,,,,SEQ-DD9C90F61132
LOC-000987,RNA-005991,GEN-0009,3356657,3357394,,738,0,,,,SEQ-965EA6CF13B4
LOC-000988,RNA-005992,GEN-0009,895525,896271,,747,0,,,,SEQ-3E43512C6506
LOC-000989,RNA-005993,GEN-0009,3987006,3987908,,903,0,,,,SEQ-C756546FF4CA
LOC-000990,RNA-005994,GEN-0009,609744,610376,,633,0,,,,SEQ-EC75D7A19D0E
LOC-000991,RNA-005996,GEN-0009,1850435,1851709,,1275,0,,,,SEQ-38D737A66326
LOC-000992,RNA-005997,GEN-0009,1554350,1554784,,435,0,,,,SEQ-70EA473F3244
LOC-000993,RNA-005999,GEN-0009,3939173,3940243,,1071,0,,,,SEQ-0FE725EC385E
LOC-000994,RNA-006004,GEN-0009,1655215,1655811,,597,0,,,,SEQ-5977AF8630B1
LOC-000995,RNA-006006,GEN-0009,1001888,1004332,,2445,0,,,,SEQ-B8663D1A1803
LOC-000996,RNA-006007,GEN-0009,3343025,3343684,,660,0,,,,SEQ-1A6731E45FC2
LOC-000997,RNA-006008,GEN-0009,3946599,3947195,,597,0,,,,SEQ-EACD114EF77D
LOC-000998,RNA-006009,GEN-0009,894722,895381,,660,0,,,,SEQ-860649519FB8
LOC-000999,RNA-006011,GEN-0009,2249729,2250187,,459,0,,,,SEQ-2E7CFE3C8D0F
LOC-001000,RNA-006012,GEN-0009,2524274,2526463,,2190,0,,,,SEQ-C0BC11A33289
LOC-001001,RNA-006013,GEN-0009,1348660,1348980,,321,0,,,,SEQ-87E6F42CB0FF
LOC-001002,RNA-006014,GEN-0009,3937262,3938059,,798,0,,,,SEQ-99EE4E3C6D68
LOC-001003,RNA-006015,GEN-0009,2952171,2953067,,897,0,,,,SEQ-0C706E4149B7
LOC-001004,RNA-006016,GEN-0009,936835,937443,,609,0,,,,SEQ-395E58538F49
LOC-001005,RNA-006018,GEN-0009,849574,850857,,1284,0,,,,SEQ-979BF2E1A650
LOC-001006,RNA-006021,GEN-0009,4822856,4823317,,462,0,,,,SEQ-FC2DDF3FF081
LOC-001007,RNA-006022,GEN-0009,898795,899310,,516,0,,,,SEQ-2956457A1B84
LOC-001008,RNA-006023,GEN-0009,1269559,1270788,,1230,0,,,,SEQ-E763368CBDE6
LOC-001009,RNA-006024,GEN-0009,3171108,3173996,,2889,0,,,,SEQ-C926A772B52B
LOC-001010,RNA-006025,GEN-0009,4551459,4551794,,336,0,,,,SEQ-946BE46DECB6
LOC-001011,RNA-006027,GEN-0009,820557,821276,,720,0,,,,SEQ-DB1D2CBA7C35
LOC-001012,RNA-006029,GEN-0009,1447129,1447878,,750,0,,,,SEQ-982B9411E5D8
LOC-001013,RNA-006031,GEN-0009,1466265,1466846,,582,0,,,,SEQ-96CDB1134175
LOC-001014,RNA-006032,GEN-0009,2282680,2284200,,1521,0,,,,SEQ-EDDA4EF57189
LOC-001015,RNA-006033,GEN-0009,1117287,1118339,,1053,0,,,,SEQ-C0F7BFAF4A2A
LOC-001016,RNA-006034,GEN-0009,4132442,4133371,,930,0,,,,SEQ-53919A5D9236
LOC-001017,RNA-006035,GEN-0009,2006970,2008373,,1404,0,,,,SEQ-81596E8D274C
LOC-001018,RNA-006036,GEN-0009,2504977,2506224,,1248,0,,,,SEQ-F63F64F716E1
LOC-001019,RNA-006037,GEN-0009,1306706,1307251,,546,0,,,,SEQ-78449B678B3F
LOC-001020,RNA-006038,GEN-0009,691643,692215,,573,0,,,,SEQ-6A4052EF9A60
LOC-001021,RNA-006039,GEN-0009,2983697,2984227,,531,0,,,,SEQ-E7D76909C97A
LOC-001022,RNA-006040,GEN-0009,3044111,3044593,,483,0,,,,SEQ-63173F26A308
LOC-001023,RNA-006042,GEN-0009,28346,28846,,501,0,,,,SEQ-1A5E51C9F891
LOC-001024,RNA-006043,GEN-0009,1890275,1891084,,810,0,,,,SEQ-74601F19AC87
LOC-001025,RNA-006044,GEN-0009,3274042,3275436,,1395,0,,,,SEQ-72AB3D8C5A6D
LOC-001026,RNA-006046,GEN-0009,3578064,3578948,,885,0,,,,SEQ-511DD479B010
LOC-001027,RNA-006047,GEN-0009,795365,796648,,1284,0,,,,SEQ-ABC54E3E9A93
LOC-001028,RNA-006048,GEN-0009,2780841,2782463,,1623,0,,,,SEQ-0B2CA1FE1AF6
LOC-001029,RNA-006049,GEN-0009,2946165,2948339,,2175,0,,,,SEQ-1B581F779892
LOC-001030,RNA-006050,GEN-0009,80672,81739,,1068,0,,,,SEQ-EFA52A3C1597
LOC-001031,RNA-006051,GEN-0009,1952678,1954450,,1773,0,,,,SEQ-7CCC2A01A73C
LOC-001032,RNA-006052,GEN-0009,1103283,1104293,,1011,0,,,,SEQ-7B721AD62F87
LOC-001033,RNA-006053,GEN-0009,993908,997993,,4086,0,,,,SEQ-F19BDEE202E0
LOC-001034,RNA-006054,GEN-0009,2837672,2838154,,483,0,,,,SEQ-9C6AF494CD5C
LOC-001035,RNA-006055,GEN-0009,70758,71006,,249,0,,,,SEQ-208B6CAAD615
LOC-001036,RNA-006056,GEN-0009,586187,587335,,1149,0,,,,SEQ-B9F9436307F5
LOC-001037,RNA-006057,GEN-0009,2500111,2501418,,1308,0,,,,SEQ-F789CD231194
LOC-001038,RNA-006058,GEN-0009,1046348,1047439,,1092,0,,,,SEQ-581D575E81A2
LOC-001039,RNA-006060,GEN-0009,3932121,3932930,,810,0,,,,SEQ-AB2CA333C653
LOC-001040,RNA-006061,GEN-0009,993279,993773,,495,0,,,,SEQ-D97E3AAC4315
LOC-001041,RNA-006062,GEN-0009,1796461,1798092,,1632,0,,,,SEQ-5E03E42233AD
LOC-001042,RNA-006063,GEN-0009,4720271,4722979,,2709,0,,,,SEQ-AC5149AA830F
LOC-001043,RNA-006065,GEN-0009,3834571,3835590,,1020,0,,,,SEQ-607306BBD781
LOC-001044,RNA-006066,GEN-0009,4258780,4259652,,873,0,,,,SEQ-7279DCD7BFC1
LOC-001045,RNA-006067,GEN-0009,1006175,1007323,,1149,0,,,,SEQ-762D337E3578
LOC-001046,RNA-006068,GEN-0009,4084896,4085936,,1041,0,,,,SEQ-ECC6A06526CE
LOC-001047,RNA-006069,GEN-0009,3747683,3748999,,1317,0,,,,SEQ-DF001CF901F3
LOC-001048,RNA-006070,GEN-0009,3401507,3403072,,1566,0,,,,SEQ-BD55DACEE9EC
LOC-001049,RNA-006072,GEN-0009,1655798,1656811,,1014,0,,,,SEQ-EEB8035C45D1
LOC-001050,RNA-006073,GEN-0009,4045980,4046672,,693,0,,,,SEQ-A16AD90763B5
LOC-001051,RNA-006074,GEN-0009,3367167,3367994,,828,0,,,,SEQ-9D10641676BE
LOC-001052,RNA-006075,GEN-0009,4587351,4587926,,576,0,,,,SEQ-0B201FF1CA5C
LOC-001053,RNA-006076,GEN-0009,3935848,3936927,,1080,0,,,,SEQ-A5AE381E9944
LOC-001054,RNA-006078,GEN-0009,4502472,4503749,,1278,0,,,,SEQ-F8810E480893
LOC-001055,RNA-006079,GEN-0009,1454560,1455528,,969,0,,,,SEQ-F861A81B1091
LOC-001056,RNA-006080,GEN-0009,3124343,3126577,,2235,0,,,,SEQ-9457F74AB67F
LOC-001057,RNA-006081,GEN-0009,62341,62892,,552,0,,,,SEQ-67BDE5CA72FA
LOC-001058,RNA-006082,GEN-0009,4499149,4499781,,633,0,,,,SEQ-6ABEDC391FA7
LOC-001059,RNA-006083,GEN-0009,3327905,3328153,,249,0,,,,SEQ-36480F9D65D9
LOC-001060,RNA-006084,GEN-0009,4146381,4146710,,330,0,,,,SEQ-976A6FE63A43
LOC-001061,RNA-006085,GEN-0009,3378556,3379209,,654,0,,,,SEQ-26A5F2E327E7
LOC-001062,RNA-006087,GEN-0009,1909580,1910302,,723,0,,,,SEQ-090532D6ADEF
LOC-001063,RNA-006088,GEN-0009,2204602,2205183,,582,0,,,,SEQ-FAFB1F21FBCC
LOC-001064,RNA-006089,GEN-0009,83430,83996,,567,0,,,,SEQ-C47BCA8E8B05
LOC-001065,RNA-006090,GEN-0009,3930875,3932020,,1146,0,,,,SEQ-A5BD42840F74
LOC-001066,RNA-006091,GEN-0009,3290856,3291941,,1086,0,,,,SEQ-849C5716B13E
LOC-001067,RNA-006092,GEN-0009,1937235,1938710,,1476,0,,,,SEQ-CA47D200C6BB
LOC-001068,RNA-006093,GEN-0009,4448208,4448570,,363,0,,,,SEQ-DFCA7D369A61
LOC-001069,RNA-006094,GEN-0009,1553947,1554330,,384,0,,,,SEQ-D4D8EB607253
LOC-001070,RNA-006095,GEN-0009,1255037,1258483,,3447,0,,,,SEQ-46095E7CD93F
LOC-001071,RNA-006097,GEN-0009,2993947,2996577,,2631,0,,,,SEQ-C51908D2D3AC
LOC-001072,RNA-006098,GEN-0009,4559989,4562256,,2268,0,,,,SEQ-4AB8698D34EF
LOC-001073,RNA-006099,GEN-0009,2166340,2167632,,1293,0,,,,SEQ-D0875E0A6E95
LOC-001074,RNA-006100,GEN-0009,3055961,3056221,,261,0,,,,SEQ-75E57D66A84D
LOC-001075,RNA-006102,GEN-0009,2612653,2614719,,2067,0,,,,SEQ-28F915257CF2
LOC-001076,RNA-006103,GEN-0009,4520485,4522551,,2067,0,,,,SEQ-0EFFC7128AA5
LOC-001077,RNA-006104,GEN-0009,888587,889561,,975,0,,,,SEQ-C4E50406415C
LOC-001078,RNA-006105,GEN-0009,4257193,4257996,,804,0,,,,SEQ-99554856C330
LOC-001079,RNA-006107,GEN-0009,2284334,2285332,,999,0,,,,SEQ-3713E45B54DE
LOC-001080,RNA-006108,GEN-0009,1900770,1901456,,687,0,,,,SEQ-CDB518C5227D
LOC-001081,RNA-006109,GEN-0009,3053474,3053971,,498,0,,,,SEQ-CF421972F218
LOC-001082,RNA-006110,GEN-0009,1686676,1687206,,531,0,,,,SEQ-A04DDEEE03C8
LOC-001083,RNA-006111,GEN-0009,4183168,4184037,,870,0,,,,SEQ-FAF669FB476D
LOC-001084,RNA-006112,GEN-0009,3094035,3094346,,312,0,,,,SEQ-C58F246C13DE
LOC-001085,RNA-006113,GEN-0009,2956337,2957011,,675,0,,,,SEQ-5B0C1B8B775F
LOC-001086,RNA-006114,GEN-0009,3034683,3035570,,888,0,,,,SEQ-ABE48E86D81C
LOC-001087,RNA-006115,GEN-0009,4604563,4606353,,1791,0,,,,SEQ-E87F2C925F99
LOC-001088,RNA-006116,GEN-0009,3183630,3184160,,531,0,,,,SEQ-9D65751FB825
LOC-001089,RNA-006117,GEN-0009,4798189,4799598,,1410,0,,,,SEQ-F6078893ECDE
LOC-001090,RNA-006118,GEN-0009,4173807,4174631,,825,0,,,,SEQ-3B5139DF0E3A
LOC-001091,RNA-006119,GEN-0009,1640926,1643070,,2145,0,,,,SEQ-2642D0831F48
LOC-001092,RNA-006121,GEN-0009,2171835,2172827,,993,0,,,,SEQ-B41CF117B17F
LOC-001093,RNA-006122,GEN-0009,4196409,4197170,,762,0,,,,SEQ-1A6C10D08C7C
LOC-001094,RNA-006124,GEN-0009,2303940,2305070,,1131,0,,,,SEQ-E45AEBF1A11A
LOC-001095,RNA-006125,GEN-0009,4746376,4747695,,1320,0,,,,SEQ-7F8BDCC485DD
LOC-001096,RNA-006126,GEN-0009,4537396,4538832,,1437,0,,,,SEQ-4F5222D73E58
LOC-001097,RNA-006127,GEN-0009,2490620,2491429,,810,0,,,,SEQ-F9011645AEA0
LOC-001098,RNA-006129,GEN-0009,2492257,2493342,,1086,0,,,,SEQ-5FC102A7F613
LOC-001099,RNA-006131,GEN-0009,2463227,2464009,,783,0,,,,SEQ-2C1CC58CD21C
LOC-001100,RNA-006133,GEN-0009,3056247,3056921,,675,0,,,,SEQ-E5AF6C210C08
LOC-001101,RNA-006136,GEN-0009,1971303,1972169,,867,0,,,,SEQ-7F9C297CA425
LOC-001102,RNA-006137,GEN-0009,4657714,4658679,,966,0,,,,SEQ-8F69A5C6F689
LOC-001103,RNA-006139,GEN-0009,2989511,2991067,,1557,0,,,,SEQ-6819DC08909D
LOC-001104,RNA-006141,GEN-0009,1895239,1896030,,792,0,,,,SEQ-EBA3E0FF285A
LOC-001105,RNA-006142,GEN-0009,1285042,1285830,,789,0,,,,SEQ-044D69148640
LOC-001106,RNA-006144,GEN-0009,2089022,2090476,,1455,0,,,,SEQ-236488775D76
LOC-001107,RNA-006145,GEN-0009,1825609,1825839,,231,0,,,,SEQ-211A6C89F437
LOC-001108,RNA-006146,GEN-0009,3406960,3408978,,2019,0,,,,SEQ-72B29847AD46
LOC-001109,RNA-006149,GEN-0009,1378873,1379337,,465,0,,,,SEQ-E74D3A96AE19
LOC-001110,RNA-006150,GEN-0009,89117,89875,,759,0,,,,SEQ-2B68B538402F
LOC-001111,RNA-006151,GEN-0009,1837970,1838554,,585,0,,,,SEQ-7F62F2B89179
LOC-001112,RNA-006152,GEN-0009,2684160,2685203,,1044,0,,,,SEQ-3DA0A47B2EA5
LOC-001113,RNA-006153,GEN-0009,4317309,4318154,,846,0,,,,SEQ-F64460704FEE
LOC-001114,RNA-006154,GEN-0009,1185868,1186518,,651,0,,,,SEQ-8FAEB0B25AFA
LOC-001115,RNA-006155,GEN-0009,2325190,2326197,,1008,0,,,,SEQ-E5F8319E4F2D
LOC-001116,RNA-006156,GEN-0009,3630498,3631049,,552,0,,,,SEQ-8C61B020F4DD
LOC-001117,RNA-006157,GEN-0009,1449081,1450097,,1017,0,,,,SEQ-05A4A116C1A9
LOC-001118,RNA-006159,GEN-0009,4486835,4487818,,984,0,,,,SEQ-7E2023FFB200
LOC-001119,RNA-006160,GEN-0009,20638,21630,,993,0,,,,SEQ-06B4D69C55CF
LOC-001120,RNA-006161,GEN-0009,1463843,1464775,,933,0,,,,SEQ-2895E3908414
LOC-001121,RNA-006162,GEN-0009,981703,982161,,459,0,,,,SEQ-D3923A0F82F0
LOC-001122,RNA-006164,GEN-0009,72295,72951,,657,0,,,,SEQ-C14E834E3B8A
LOC-001123,RNA-006165,GEN-0009,2827828,2828076,,249,0,,,,SEQ-F4C9FD33CCF7
LOC-001124,RNA-006166,GEN-0009,2024995,2025618,,624,0,,,,SEQ-3E02AA064786
LOC-001125,RNA-006167,GEN-0009,2003942,2005147,,1206,0,,,,SEQ-CF5502E472A7
LOC-001126,RNA-006168,GEN-0009,937756,938988,,1233,0,,,,SEQ-C7C9DF69EDDD
LOC-001127,RNA-006170,GEN-0009,4663081,4663638,,558,0,,,,SEQ-EA5F5D568520
LOC-001128,RNA-006171,GEN-0009,1433688,1436450,,2763,0,,,,SEQ-4343F0633700
LOC-001129,RNA-006173,GEN-0009,2298263,2299126,,864,0,,,,SEQ-8BAC81E179C1
LOC-001130,RNA-006175,GEN-0009,3675996,3677705,,1710,0,,,,SEQ-6FC301DF18DC
LOC-001131,RNA-006176,GEN-0009,4664256,4665599,,1344,0,,,,SEQ-2F39E2573FAB
LOC-001132,RNA-006177,GEN-0009,1450508,1452553,,2046,0,,,,SEQ-BC7C0652B1F0
LOC-001133,RNA-006178,GEN-0009,3802026,3802925,,900,0,,,,SEQ-AFD737187D09
LOC-001134,RNA-006179,GEN-0009,4258187,4258786,,600,0,,,,SEQ-4A53418C5B1B
LOC-001135,RNA-006180,GEN-0009,1440786,1441376,,591,0,,,,SEQ-38E089EDFD52
LOC-001136,RNA-006181,GEN-0009,1627502,1628995,,1494,0,,,,SEQ-960CA00A2BB6
LOC-001137,RNA-006185,GEN-0009,3184843,3185538,,696,0,,,,SEQ-CA189EC37919
LOC-001138,RNA-006186,GEN-0009,4356691,4359342,,2652,0,,,,SEQ-CCCF1E221706
LOC-001139,RNA-006187,GEN-0009,3729950,3731056,,1107,0,,,,SEQ-746999FC9424
LOC-001140,RNA-006188,GEN-0009,2176672,2177565,,894,0,,,,SEQ-3978EA5DD67C
LOC-001141,RNA-006189,GEN-0009,3781454,3781789,,336,0,,,,SEQ-F05E127F0AE2
LOC-001142,RNA-006190,GEN-0009,1289104,1289661,,558,0,,,,SEQ-24E2C2E7380F
LOC-001143,RNA-006191,GEN-0009,1428201,1429979,,1779,0,,,,SEQ-08767D869667
LOC-001144,RNA-006193,GEN-0009,3391272,3392093,,822,0,,,,SEQ-218C1B6ED7A2
LOC-001145,RNA-006194,GEN-0009,4006848,4007300,,453,0,,,,SEQ-E97783B00FD3
LOC-001146,RNA-006195,GEN-0009,1441849,1443303,,1455,0,,,,SEQ-EC966538F897
LOC-001147,RNA-006196,GEN-0009,4499778,4501166,,1389,0,,,,SEQ-E5C0D831B450
LOC-001148,RNA-006198,GEN-0009,4023262,4024185,,924,0,,,,SEQ-51DD22E69546
LOC-001149,RNA-006199,GEN-0009,4725524,4725625,,102,0,,,,SEQ-82B3BF63DE60
LOC-001150,RNA-006200,GEN-0009,1460404,1461045,,642,0,,,,SEQ-B5976B4646EB
LOC-001151,RNA-006201,GEN-0009,1799981,1802659,,2679,0,,,,SEQ-579B439BEA46
LOC-001152,RNA-006202,GEN-0009,2723498,2724472,,975,0,,,,SEQ-EB99A69601B9
LOC-001153,RNA-006203,GEN-0009,2163953,2165014,,1062,0,,,,SEQ-3A678FE735B9
LOC-001154,RNA-006204,GEN-0009,1232295,1233374,,1080,0,,,,SEQ-AC2998938180
LOC-001155,RNA-006205,GEN-0009,2296604,2298073,,1470,0,,,,SEQ-46B1E37F1FCA
LOC-001156,RNA-006206,GEN-0009,853301,854026,,726,0,,,,SEQ-554B0F622464
LOC-001157,RNA-006207,GEN-0009,3044647,3046278,,1632,0,,,,SEQ-5B3E0BBDEBF8
LOC-001158,RNA-006208,GEN-0009,2477470,2478129,,660,0,,,,SEQ-060E56A198D9
LOC-001159,RNA-006209,GEN-0009,2288160,2288828,,669,0,,,,SEQ-4F6D813F5090
LOC-001160,RNA-006210,GEN-0009,2478990,2480003,,1014,0,,,,SEQ-58DDA0778597
LOC-001161,RNA-006212,GEN-0009,4480540,4481148,,609,0,,,,SEQ-0110D8A0EFAD
LOC-001162,RNA-006213,GEN-0009,4877302,4877988,,687,0,,,,SEQ-6023C87143D2
LOC-001163,RNA-006214,GEN-0009,903158,904078,,921,0,,,,SEQ-6BA50FFE7857
LOC-001164,RNA-006215,GEN-0009,3026281,3028359,,2079,0,,,,SEQ-C2B9E6E0E76C
LOC-001165,RNA-006216,GEN-0009,2400783,2401388,,606,0,,,,SEQ-485963B02E24
LOC-001166,RNA-006217,GEN-0009,3933801,3934811,,1011,0,,,,SEQ-51CD99F7C742
LOC-001167,RNA-006218,GEN-0009,4237037,4238446,,1410,0,,,,SEQ-6285DCDE243A
LOC-001168,RNA-006219,GEN-0009,3042432,3044093,,1662,0,,,,SEQ-25E667CAE118
LOC-001169,RNA-006220,GEN-0009,2950949,2951878,,930,0,,,,SEQ-8DABF75E8ED3
LOC-001170,RNA-006221,GEN-0009,1986959,1987456,,498,0,,,,SEQ-B82D0252A7DE
LOC-001171,RNA-006222,GEN-0009,2938953,2940068,,1116,0,,,,SEQ-12B4A582D396
LOC-001172,RNA-006223,GEN-0009,4215218,4216669,,1452,0,,,,SEQ-7E289BF0D5B1
LOC-001173,RNA-006225,GEN-0009,1960164,1961897,,1734,0,,,,SEQ-79A6FBE79E51
LOC-001174,RNA-006226,GEN-0009,1491200,1491781,,582,0,,,,SEQ-803B3F18AFA2
LOC-001175,RNA-006227,GEN-0009,82413,82865,,453,0,,,,SEQ-7559F930977E
LOC-001176,RNA-006230,GEN-0009,1775403,1776965,,1563,0,,,,SEQ-80894EA40129
LOC-001177,RNA-006231,GEN-0009,1688187,1692089,,3903,0,,,,SEQ-5FBAA2EC1AE6
LOC-001178,RNA-006232,GEN-0009,4476501,4477373,,873,0,,,,SEQ-F24BD39C1B90
LOC-001179,RNA-006233,GEN-0009,4677252,4678631,,1380,0,,,,SEQ-666E9691042D
LOC-001180,RNA-006234,GEN-0009,87304,88203,,900,0,,,,SEQ-959E2731C4B4
LOC-001181,RNA-006235,GEN-0009,1728851,1730464,,1614,0,,,,SEQ-6DB0D3527076
LOC-001182,RNA-006238,GEN-0009,3060976,3063033,,2058,0,,,,SEQ-A1C7CFD12D71
LOC-001183,RNA-006239,GEN-0009,959554,960285,,732,0,,,,SEQ-826A501B223C
LOC-001184,RNA-006240,GEN-0009,2143542,2144900,,1359,0,,,,SEQ-9F1010603560
LOC-001185,RNA-006241,GEN-0009,1160022,1161263,,1242,0,,,,SEQ-7999DD0381F9
LOC-001186,RNA-006242,GEN-0009,2000758,2001558,,801,0,,,,SEQ-E4BF019EEBA0
LOC-001187,RNA-006243,GEN-0009,2001705,2002256,,552,0,,,,SEQ-35707F996C87
LOC-001188,RNA-006244,GEN-0009,2461338,2462024,,687,0,,,,SEQ-56B11615C26B
LOC-001189,RNA-006245,GEN-0009,82908,83162,,255,0,,,,SEQ-6C322B3B340D
LOC-001190,RNA-006246,GEN-0009,958163,958831,,669,0,,,,SEQ-4940185369C3
LOC-001191,RNA-006247,GEN-0009,3534231,3534659,,429,0,,,,SEQ-3384C20A6165
LOC-001192,RNA-006250,GEN-0009,1982263,1983066,,804,0,,,,SEQ-27B1A1BE738B
LOC-001193,RNA-006252,GEN-0009,3835747,3837354,,1608,0,,,,SEQ-B3139BD9AFAE
LOC-001194,RNA-006255,GEN-0009,2023641,2023910,,270,0,,,,SEQ-E7C994C6325D
LOC-001195,RNA-006256,GEN-0009,3981153,3981833,,681,0,,,,SEQ-58F78AE230E5
LOC-001196,RNA-006257,GEN-0009,4064938,4066338,,1401,0,,,,SEQ-9F3837C5DD63
LOC-001197,RNA-006258,GEN-0009,2031446,2031916,,471,0,,,,SEQ-FB62E8EF9309
LOC-001198,RNA-006259,GEN-0009,2018869,2019312,,444,0,,,,SEQ-85488A73EFDD
LOC-001199,RNA-006260,GEN-0009,1372531,1373514,,984,0,,,,SEQ-8364C6E56752
LOC-001200,RNA-006261,GEN-0009,3289388,3290440,,1053,0,,,,SEQ-25D5018B21A2
LOC-001201,RNA-006262,GEN-0009,10679,11173,,495,0,,,,SEQ-4B89F0C875BA
LOC-001202,RNA-006263,GEN-0009,2276033,2276728,,696,0,,,,SEQ-BFD37A57803C
LOC-001203,RNA-006265,GEN-0009,3033543,3034298,,756,0,,,,SEQ-1727DBC6A92E
LOC-001204,RNA-006266,GEN-0009,4733928,4734740,,813,0,,,,SEQ-E4DB0F7EE4F0
LOC-001205,RNA-006267,GEN-0009,4282337,4283371,,1035,0,,,,SEQ-A9E6FCB4755E
LOC-001206,RNA-006268,GEN-0009,3494764,3495735,,972,0,,,,SEQ-E29773DBD6DF
LOC-001207,RNA-006269,GEN-0009,2977213,2978172,,960,0,,,,SEQ-93F514EA455B
LOC-001208,RNA-006270,GEN-0009,53206,53394,,189,0,,,,SEQ-DDD050718E94
LOC-001209,RNA-006272,GEN-0009,15468,16442,,975,0,,,,SEQ-59C06A20057F
LOC-001210,RNA-006273,GEN-0009,2827261,2827809,,549,0,,,,SEQ-576B0E9B5A93
LOC-001211,RNA-006274,GEN-0009,3979512,3980369,,858,0,,,,SEQ-9FC8A1FEBC1D
LOC-001212,RNA-006275,GEN-0009,67938,68762,,825,0,,,,SEQ-C26F002D1B9C
LOC-001213,RNA-006276,GEN-0009,1204337,1204582,,246,0,,,,SEQ-F77ECD4EC915
LOC-001214,RNA-006277,GEN-0009,2710114,2711658,,1545,0,,,,SEQ-BE891B0CAC07
LOC-001215,RNA-006278,GEN-0009,4866984,4868333,,1350,0,,,,SEQ-C2FE20CE8CF0
LOC-001216,RNA-006279,GEN-0009,1436851,1437252,,402,0,,,,SEQ-2412B3825D08
LOC-001217,RNA-006280,GEN-0009,1446884,1447132,,249,0,,,,SEQ-8410593748D9
LOC-001218,RNA-006281,GEN-0009,1139959,1140639,,681,0,,,,SEQ-2B46A95A7B63
LOC-001219,RNA-006282,GEN-0009,1100463,1103075,,2613,0,,,,SEQ-312A875E1376
LOC-001220,RNA-006283,GEN-0009,1738601,1739269,,669,0,,,,SEQ-4C31D8EBFC1B
LOC-001221,RNA-006285,GEN-0009,5163,5657,,495,0,,,,SEQ-25134F2BF709
LOC-001222,RNA-006287,GEN-0009,4429628,4433311,,3684,0,,,,SEQ-F71279B42CA8
LOC-001223,RNA-006288,GEN-0009,2281654,2282664,,1011,0,,,,SEQ-6E332D6B7741
LOC-001224,RNA-006290,GEN-0009,27212,27808,,597,0,,,,SEQ-443A30FC24E1
LOC-001225,RNA-006292,GEN-0009,1197388,1198602,,1215,0,,,,SEQ-3ACCEBCC5391
LOC-001226,RNA-006293,GEN-0009,4480063,4480431,,369,0,,,,SEQ-5A65187F1728
LOC-001227,RNA-006295,GEN-0009,1458814,1460187,,1374,0,,,,SEQ-D7C4AC4A6640
LOC-001228,RNA-006296,GEN-0009,4198836,4199591,,756,0,,,,SEQ-F849000CB771
LOC-001229,RNA-006297,GEN-0009,4625156,4625464,,309,0,,,,SEQ-35CB3A2249AD
LOC-001230,RNA-006298,GEN-0009,4501156,4502475,,1320,0,,,,SEQ-D0E0F4E71543
LOC-001231,RNA-006299,GEN-0009,2158646,2160076,,1431,0,,,,SEQ-9ACC79EB57B7
LOC-001232,RNA-006300,GEN-0009,3583693,3586806,,3114,0,,,,SEQ-2E49DAD4D353
LOC-001233,RNA-006302,GEN-0009,2172833,2173384,,552,0,,,,SEQ-AA2282E674F7
LOC-001234,RNA-006303,GEN-0009,3054109,3055179,,1071,0,,,,SEQ-B73899578019
LOC-001235,RNA-006304,GEN-0009,1848802,1849938,,1137,0,,,,SEQ-956F775A0527
LOC-001236,RNA-006305,GEN-0009,1007541,1008962,,1422,0,,,,SEQ-6700D66A555A
LOC-001237,RNA-006306,GEN-0009,4384868,4385572,,705,0,,,,SEQ-15E163698882
LOC-001238,RNA-006309,GEN-0009,4523673,4525274,,1602,0,,,,SEQ-9D8FD358B60D
LOC-001239,RNA-006311,GEN-0009,1377496,1378047,,552,0,,,,SEQ-FF19E952A816
LOC-001240,RNA-006313,GEN-0009,916410,917351,,942,0,,,,SEQ-06C2EDAFFA9C
LOC-001241,RNA-006314,GEN-0009,1228273,1229232,,960,0,,,,SEQ-9804982A55F5
LOC-001242,RNA-006315,GEN-0009,11189,14011,,2823,0,,,,SEQ-98A11B946D6F
LOC-001243,RNA-006318,GEN-0009,3138730,3139275,,546,0,,,,SEQ-9507A86105AA
LOC-001244,RNA-006319,GEN-0009,4315780,4317288,,1509,0,,,,SEQ-CEEFF6CB08A8
LOC-001245,RNA-006320,GEN-0009,2721642,2722547,,906,0,,,,SEQ-989EEE1AECD0
LOC-001246,RNA-006323,GEN-0009,1050425,1051639,,1215,0,,,,SEQ-9E51382CD5BA
LOC-001247,RNA-006324,GEN-0009,1523301,1523996,,696,0,,,,SEQ-C1BD5D6DBDF7
LOC-001248,RNA-006330,GEN-0009,4050526,4051863,,1338,0,,,,SEQ-183F10A08C5A
LOC-001249,RNA-006331,GEN-0009,2294268,2296259,,1992,0,,,,SEQ-FA5F004E1431
LOC-001250,RNA-006333,GEN-0009,4662351,4663091,,741,0,,,,SEQ-86A922D3303B
LOC-001251,RNA-006334,GEN-0009,952373,953503,,1131,0,,,,SEQ-8E9F0BB78EB2
LOC-001252,RNA-006336,GEN-0009,46066,46488,,423,0,,,,SEQ-FE96CD78E168
LOC-001253,RNA-006337,GEN-0009,4179720,4180670,,951,0,,,,SEQ-F50C5FAA349D
LOC-001254,RNA-006338,GEN-0009,2382644,2382898,,255,0,,,,SEQ-BA1ADE9E9274
LOC-001255,RNA-006339,GEN-0009,1212761,1213183,,423,0,,,,SEQ-89B3D3F462D3
LOC-001256,RNA-006341,GEN-0009,1443319,1443906,,588,0,,,,SEQ-0995FF98FC33
LOC-001257,RNA-006342,GEN-0009,2886495,2886743,,249,0,,,,SEQ-99CE4FF2D2EA
LOC-001258,RNA-006343,GEN-0009,3944835,3946055,,1221,0,,,,SEQ-0B50A531E48B
LOC-001259,RNA-006344,GEN-0009,3063058,3064176,,1119,0,,,,SEQ-F881A10E85A8
LOC-001260,RNA-006347,GEN-0009,1870875,1872002,,1128,0,,,,SEQ-90B4A57A1C67
LOC-001261,RNA-006349,GEN-0009,3096952,3097860,,909,0,,,,SEQ-0AA3243681C0
LOC-001262,RNA-006350,GEN-0009,4322551,4323525,,975,0,,,,SEQ-B18F56791A8B
LOC-001263,RNA-006351,GEN-0009,2462207,2462989,,783,0,,,,SEQ-EF6A4FD4A9DF
LOC-001264,RNA-006353,GEN-0009,3573686,3575137,,1452,0,,,,SEQ-857274B0BD33
LOC-001265,RNA-006354,GEN-0009,84010,84693,,684,0,,,,SEQ-0DC6CC990DA8
LOC-001266,RNA-006355,GEN-0009,1943983,1944927,,945,0,,,,SEQ-A08110D43591
LOC-001267,RNA-006356,GEN-0009,1426262,1427284,,1023,0,,,,SEQ-D8A948DA30F2
LOC-001268,RNA-006357,GEN-0009,21,584,,564,0,,,,SEQ-B81F92CAB825
LOC-001269,RNA-006358,GEN-0009,4617810,4618949,,1140,0,,,,SEQ-FCE8E19998DD
LOC-001270,RNA-006359,GEN-0009,3727417,3729603,,2187,0,,,,SEQ-11D4B2A3E60F
LOC-001271,RNA-006360,GEN-0009,4550310,4550744,,435,0,,,,SEQ-1D4D6FB0D43D
LOC-001272,RNA-006361,GEN-0009,2094011,2094940,,930,0,,,,SEQ-FE479315251B
LOC-001273,RNA-006362,GEN-0009,979235,981511,,2277,0,,,,SEQ-14D8B026F3E6
LOC-001274,RNA-006363,GEN-0009,1185468,1185863,,396,0,,,,SEQ-D28B09E33F48
LOC-001275,RNA-006364,GEN-0009,1009255,1010052,,798,0,,,,SEQ-DF9F1CF1DB62
LOC-001276,RNA-006365,GEN-0009,66007,66591,,585,0,,,,SEQ-0F8B0290C4DF
LOC-001277,RNA-006366,GEN-0009,991765,992733,,969,0,,,,SEQ-700BDF943404
LOC-001278,RNA-006367,GEN-0009,4062612,4063685,,1074,0,,,,SEQ-27613206D427
LOC-001279,RNA-006368,GEN-0009,1518912,1519160,,249,0,,,,SEQ-4ECC49A04592
LOC-001280,RNA-006369,GEN-0009,2610789,2611826,,1038,0,,,,SEQ-2985065F91BB
LOC-001281,RNA-006371,GEN-0009,2478178,2478990,,813,0,,,,SEQ-0E79CAA779FC
LOC-001282,RNA-006373,GEN-0009,2985543,2987081,,1539,0,,,,SEQ-01674E2A5CB9
LOC-001283,RNA-006374,GEN-0009,3036364,3037044,,681,0,,,,SEQ-D89F356141EC
LOC-001284,RNA-006375,GEN-0009,2783316,2784650,,1335,0,,,,SEQ-27130A12C0EF
LOC-001285,RNA-006376,GEN-0009,3947,4420,,474,0,,,,SEQ-395CD1B0B4F5
LOC-001286,RNA-006377,GEN-0009,2940149,2943802,,3654,0,,,,SEQ-B7E7768962CF
LOC-001287,RNA-006378,GEN-0009,1349063,1350421,,1359,0,,,,SEQ-340A5436732B
LOC-001288,RNA-006380,GEN-0009,4110905,4112773,,1869,0,,,,SEQ-3E58446499B8
LOC-001289,RNA-006381,GEN-0009,2402829,2403812,,984,0,,,,SEQ-659601FA85F4
LOC-001290,RNA-006382,GEN-0009,3869467,3870645,,1179,0,,,,SEQ-2DBBF5C29B89
LOC-001291,RNA-006383,GEN-0009,1370987,1371529,,543,0,,,,SEQ-CD8A0E06C7D7
LOC-001292,RNA-006384,GEN-0009,2322264,2324024,,1761,0,,,,SEQ-416076C15AD0
LOC-001293,RNA-006388,GEN-0009,3674582,3674983,,402,0,,,,SEQ-C9C68EDF68AB
LOC-001294,RNA-006389,GEN-0009,3731480,3732820,,1341,0,,,,SEQ-4D5208423743
LOC-001295,RNA-006391,GEN-0009,3147132,3147779,,648,0,,,,SEQ-C732F210956C
LOC-001296,RNA-006392,GEN-0009,66916,67566,,651,0,,,,SEQ-059B12A4B4F6
LOC-001297,RNA-006393,GEN-0009,1303449,1304237,,789,0,,,,SEQ-6DB6C8F86274
LOC-001298,RNA-006394,GEN-0009,2141976,2143406,,1431,0,,,,SEQ-593F785D4A6C
LOC-001299,RNA-006395,GEN-0009,3947273,3947914,,642,0,,,,SEQ-4C5C92C7F576
LOC-001300,RNA-006396,GEN-0009,4380025,4380975,,951,0,,,,SEQ-AD699E9F03D4
LOC-001301,RNA-006397,GEN-0009,2202707,2204563,,1857,0,,,,SEQ-0C01EB02D604
LOC-001302,RNA-006399,GEN-0009,4409767,4411164,,1398,0,,,,SEQ-CB50D9C50F81
LOC-001303,RNA-006400,GEN-0009,1340264,1341298,,1035,0,,,,SEQ-9863FD3CC0CA
LOC-001304,RNA-006401,GEN-0009,2013576,2013890,,315,0,,,,SEQ-2EB723CF92F4
LOC-001305,RNA-006404,GEN-0009,4525672,4526130,,459,0,,,,SEQ-EA42757414FD
LOC-001306,RNA-006408,GEN-0009,46892,47476,,585,0,,,,SEQ-2212E8F6A611
LOC-001307,RNA-006409,GEN-0009,1220595,1221545,,951,0,,,,SEQ-CA573C5E8325
LOC-001308,RNA-006410,GEN-0009,72936,73496,,561,0,,,,SEQ-052AAC4197DA
LOC-001309,RNA-006411,GEN-0009,4558930,4559691,,762,0,,,,SEQ-2246BBE0A99D
LOC-001310,RNA-006413,GEN-0009,3230027,3231460,,1434,0,,,,SEQ-03909A2C3321
LOC-001311,RNA-006414,GEN-0009,17183,17398,,216,0,,,,SEQ-712021F40C7D
LOC-001312,RNA-006418,GEN-0009,2171065,2171838,,774,0,,,,SEQ-3E538D4223DC
LOC-001313,RNA-006419,GEN-0009,4593838,4595079,,1242,0,,,,SEQ-B4002253620A
LOC-001314,RNA-006421,GEN-0009,3596717,3597190,,474,0,,,,SEQ-18062702933E
LOC-001315,RNA-006422,GEN-0009,2608372,2609661,,1290,0,,,,SEQ-0F3687192682
LOC-001316,RNA-006424,GEN-0009,2201041,2202621,,1581,0,,,,SEQ-21AEF9DBB4FB
LOC-001317,RNA-006426,GEN-0009,1802856,1803473,,618,0,,,,SEQ-B9A0785AE332
LOC-001318,RNA-006427,GEN-0009,92242,92487,,246,0,,,,SEQ-B30D8C544EDD
LOC-001319,RNA-006428,GEN-0009,3568431,3569405,,975,0,,,,SEQ-4A457EC96FBC
LOC-001320,RNA-006429,GEN-0009,3925231,3926427,,1197,0,,,,SEQ-9B5379BA3D28
LOC-001321,RNA-006430,GEN-0009,2167714,2168613,,900,0,,,,SEQ-A8F005862306
LOC-001322,RNA-006431,GEN-0009,3269629,3271605,,1977,0,,,,SEQ-429D70F1DC42
LOC-001323,RNA-006432,GEN-0009,1441373,1441846,,474,0,,,,SEQ-626025780ED7
LOC-001324,RNA-006434,GEN-0009,1872787,1874472,,1686,0,,,,SEQ-99C84AAEAE09
LOC-001325,RNA-006435,GEN-0009,1512549,1514078,,1530,0,,,,SEQ-91488CA389FA
LOC-001326,RNA-006436,GEN-0009,3964078,3965787,,1710,0,,,,SEQ-3FDA58FEA04A
LOC-001327,RNA-006438,GEN-0009,3057822,3058832,,1011,0,,,,SEQ-B2587967902E
LOC-001328,RNA-006440,GEN-0009,1812350,1813027,,678,0,,,,SEQ-429B6F04AE29
LOC-001329,RNA-006441,GEN-0009,2315750,2316844,,1095,0,,,,SEQ-2FF7A4E50EA9
LOC-001330,RNA-006442,GEN-0009,4717385,4718802,,1418,0,,,,SEQ-F387FD3A1517
LOC-001331,RNA-006444,GEN-0009,3511909,3514245,,2337,0,,,,SEQ-4DAD0C1D74F4
LOC-001332,RNA-006445,GEN-0009,2287003,2288145,,1143,0,,,,SEQ-7E5343F9B2D0
LOC-001333,RNA-006446,GEN-0009,2501479,2502234,,756,0,,,,SEQ-9C5229D716C6
LOC-001334,RNA-006447,GEN-0009,4808148,4810298,,2151,0,,,,SEQ-0DF02C1CD0D0
LOC-001335,RNA-006448,GEN-0009,3663746,3664267,,522,0,,,,SEQ-99B64A3288F7
LOC-001336,RNA-006449,GEN-0009,3055166,3055957,,792,0,,,,SEQ-7888AC43350F
LOC-001337,RNA-006452,GEN-0009,10192,10539,,348,0,,,,SEQ-3F0BA7EC9066
LOC-001338,RNA-006453,GEN-0009,2815382,2816431,,1050,0,,,,SEQ-62FCBD30B8A6
LOC-001339,RNA-006454,GEN-0009,2303002,2303940,,939,0,,,,SEQ-2F1AA4B95F5A
LOC-001340,RNA-006456,GEN-0009,1792476,1793480,,1005,0,,,,SEQ-D4D24D9A8896
LOC-001341,RNA-006457,GEN-0009,4330569,4330886,,318,0,,,,SEQ-AD4D776735E5
LOC-001342,RNA-006458,GEN-0009,1213188,1213481,,294,0,,,,SEQ-57EF3D1CA36A
LOC-001343,RNA-006459,GEN-0009,3072855,3075422,,2568,0,,,,SEQ-8F423AE7E3D5
LOC-001344,RNA-006461,GEN-0009,2022894,2023631,,738,0,,,,SEQ-F06E017E9198
LOC-001345,RNA-006462,GEN-0009,3245497,3246156,,660,0,,,,SEQ-0C8CFCF71493
LOC-001346,RNA-006463,GEN-0009,3328181,3328522,,342,0,,,,SEQ-34A39588F39F
LOC-001347,RNA-006464,GEN-0009,3855002,3855976,,975,0,,,,SEQ-791A1881F502
LOC-001348,RNA-006465,GEN-0009,3741784,3743526,,1743,0,,,,SEQ-F6904EB10EC4
LOC-001349,RNA-006467,GEN-0009,3666276,3666749,,474,0,,,,SEQ-EB9210CD947D
LOC-001350,RNA-006468,GEN-0009,1993986,1995818,,1833,0,,,,SEQ-94FC9167351B
LOC-001351,RNA-006469,GEN-0009,1649034,1649984,,951,0,,,,SEQ-B7F3CFEADD68
LOC-001352,RNA-006471,GEN-0009,4666633,4668366,,1734,0,,,,SEQ-46F8CE12275E
LOC-001353,RNA-006472,GEN-0009,4314658,4315668,,1011,0,,,,SEQ-FBBEA16156CB
LOC-001354,RNA-006473,GEN-0009,1740532,1742181,,1650,0,,,,SEQ-2B86B9EE6413
LOC-001355,RNA-006475,GEN-0009,1987968,1989179,,1212,0,,,,SEQ-EAE12CF83550
LOC-001356,RNA-006476,GEN-0009,4101487,4101867,,381,0,,,,SEQ-E1678D9A3D03
LOC-001357,RNA-006478,GEN-0009,2677776,2678291,,516,0,,,,SEQ-B55615EE9E81
LOC-001358,RNA-006479,GEN-0009,2161568,2163007,,1440,0,,,,SEQ-CEB707810B98
LOC-001359,RNA-006480,GEN-0009,2181676,2183154,,1479,0,,,,SEQ-5F0126C9BC54
LOC-001360,RNA-006481,GEN-0009,7851,8654,,804,0,,,,SEQ-EAF11A9A2BF2
LOC-001361,RNA-006482,GEN-0009,4864813,4865502,,690,0,,,,SEQ-03339DD726D6
LOC-001362,RNA-006483,GEN-0009,2813909,2815129,,1221,0,,,,SEQ-EAC80268C425
LOC-001363,RNA-006485,GEN-0009,1366940,1368163,,1224,0,,,,SEQ-A60FE5EFAA90
LOC-001364,RNA-006488,GEN-0009,3938052,3939176,,1125,0,,,,SEQ-5FDF2084F7DF
LOC-001365,RNA-006490,GEN-0009,2601759,2602637,,879,0,,,,SEQ-9E7312A469AB
LOC-001366,RNA-006491,GEN-0009,1920747,1920947,,201,0,,,,SEQ-7E4F91FD81D9
LOC-001367,RNA-006492,GEN-0009,3602771,3603184,,414,0,,,,SEQ-046675E47A38
LOC-001368,RNA-006493,GEN-0009,3961133,3962338,,1206,0,,,,SEQ-589D38D668EA
LOC-001369,RNA-006495,GEN-0009,2611826,2612464,,639,0,,,,SEQ-89359D0C87F0
LOC-001370,RNA-006496,GEN-0009,3587042,3587263,,222,0,,,,SEQ-3741D353EEA5
LOC-001371,RNA-006498,GEN-0009,3328515,3329003,,489,0,,,,SEQ-9249A88292AA
LOC-001372,RNA-006499,GEN-0009,4379028,4379990,,963,0,,,,SEQ-BDFFCA479758
LOC-001373,RNA-006500,GEN-0009,2160148,2161581,,1434,0,,,,SEQ-3C199AF8EB0F
LOC-001374,RNA-006502,GEN-0009,2975058,2977202,,2145,0,,,,SEQ-47B75AAEB2B9
LOC-001375,RNA-006503,GEN-0009,3614990,3615268,,279,0,,,,SEQ-41968277E120
LOC-001376,RNA-006504,GEN-0009,1826106,1827206,,1101,0,,,,SEQ-66F3C4F2F414
LOC-001377,RNA-006508,GEN-0009,1616060,1617448,,1389,0,,,,SEQ-7B2E1B603C32
LOC-001378,RNA-006509,GEN-0009,3080608,3081369,,762,0,,,,SEQ-50511252D048
LOC-001379,RNA-006510,GEN-0009,53913,54440,,528,0,,,,SEQ-88BD940C28F9
LOC-001380,RNA-006513,GEN-0009,1479556,1480212,,657,0,,,,SEQ-A2B0FCD1B704
LOC-001381,RNA-006514,GEN-0009,2694348,2695892,,1545,0,,,,SEQ-D1E238AD11F7
LOC-001382,RNA-006517,GEN-0009,3340280,3340705,,426,0,,,,SEQ-0750A558C6E4
LOC-001383,RNA-006518,GEN-0009,4399483,4400253,,771,0,,,,SEQ-0DC4CB0C6420
LOC-001384,RNA-006519,GEN-0009,2021103,2022107,,1005,0,,,,SEQ-9D290CF08299
LOC-001385,RNA-006521,GEN-0009,1748989,1749777,,789,0,,,,SEQ-6285D67F2FE6
LOC-001386,RNA-006523,GEN-0009,4834471,4836060,,1590,0,,,,SEQ-6A94757FB496
LOC-001387,RNA-006524,GEN-0009,3755824,3756927,,1104,0,,,,SEQ-840706918D86
LOC-001388,RNA-006525,GEN-0009,3637809,3639896,,2088,0,,,,SEQ-A31EF5B82009
LOC-001389,RNA-006526,GEN-0009,2252176,2253861,,1686,0,,,,SEQ-30FCAD549231
LOC-001390,RNA-006527,GEN-0009,4665782,4666420,,639,0,,,,SEQ-F96052A2B8BE
LOC-001391,RNA-006528,GEN-0009,1250596,1251900,,1305,0,,,,SEQ-4450508C15FB
LOC-001392,RNA-006530,GEN-0009,1927622,1927852,,231,0,,,,SEQ-C796F9CEB776
LOC-001393,RNA-006532,GEN-0009,1908257,1908907,,651,0,,,,SEQ-F0914E5BEE7B
LOC-001394,RNA-006533,GEN-0009,1696882,1697871,,990,0,,,,SEQ-05B7DAE9CE19
LOC-001395,RNA-006534,GEN-0009,1865367,1865897,,531,0,,,,SEQ-84CF3B378206
LOC-001396,RNA-006535,GEN-0009,71003,72295,,1293,0,,,,SEQ-50EBF42C82B8
LOC-001397,RNA-006536,GEN-0009,2823088,2823573,,486,0,,,,SEQ-2175B5810D98
LOC-001398,RNA-006537,GEN-0009,1452543,1453844,,1302,0,,,,SEQ-605B3AE2223C
LOC-001399,RNA-006538,GEN-0009,1897627,1898508,,882,0,,,,SEQ-F84804C1B460
LOC-001400,RNA-006543,GEN-0009,4046645,4047685,,1041,0,,,,SEQ-74E7EADE20A6
LOC-001401,RNA-006546,GEN-0009,3929604,3930818,,1215,0,,,,SEQ-40D266CE2A99
LOC-001402,RNA-006547,GEN-0009,2984354,2985526,,1173,0,,,,SEQ-0515E62FBC58
LOC-001403,RNA-006548,GEN-0009,2427514,2428068,,555,0,,,,SEQ-A460F1CB5B8E
LOC-001404,RNA-006549,GEN-0009,4332314,4334746,,2433,0,,,,SEQ-38A661859102
LOC-001405,RNA-006550,GEN-0009,2022104,2022517,,414,0,,,,SEQ-EE47A4109307
LOC-001406,RNA-006552,GEN-0009,4897,5163,,267,0,,,,SEQ-C6138C6AC4AA
LOC-001407,RNA-006553,GEN-0009,3432091,3433080,,990,0,,,,SEQ-C1E7FC6FE5C4
LOC-001408,RNA-006554,GEN-0009,4063833,4064933,,1101,0,,,,SEQ-0A4B545A869D
LOC-001409,RNA-006555,GEN-0009,1636624,1637943,,1320,0,,,,SEQ-844116BF506F
LOC-001410,RNA-006556,GEN-0009,2587331,2589292,,1962,0,,,,SEQ-1388F4E79A84
LOC-001411,RNA-006558,GEN-0009,63194,64342,,1149,0,,,,SEQ-6C0EF539BF9B
LOC-001412,RNA-006560,GEN-0009,4859582,4861552,,1971,0,,,,SEQ-5256C6C69540
LOC-001413,RNA-006561,GEN-0009,1469302,1469709,,408,0,,,,SEQ-5BF75640AE19
LOC-001414,RNA-006562,GEN-0009,3710052,3711560,,1509,0,,,,SEQ-7561641F3A53
LOC-001415,RNA-006563,GEN-0009,1429954,1430574,,621,0,,,,SEQ-30BCA0720EF0
LOC-001416,RNA-006564,GEN-0009,3639939,3641156,,1218,0,,,,SEQ-CDD119522E77
LOC-001417,RNA-006565,GEN-0009,4148618,4149721,,1104,0,,,,SEQ-67544D1D82BB
LOC-001418,RNA-006566,GEN-0009,3486106,3488040,,1935,0,,,,SEQ-4F8BD1EF8590
LOC-001419,RNA-006568,GEN-0009,3357651,3359909,,2259,0,,,,SEQ-42B57E929AD0
LOC-001420,RNA-006569,GEN-0009,1710516,1711031,,516,0,,,,SEQ-94E31D18EB10
LOC-001421,RNA-006571,GEN-0009,2530110,2530994,,885,0,,,,SEQ-3A191904F04E
LOC-001422,RNA-006572,GEN-0009,3779818,3781314,,1497,0,,,,SEQ-EEEF93B5B4FE
LOC-001423,RNA-006573,GEN-0009,1602664,1604361,,1698,0,,,,SEQ-F85C7D408E55
LOC-001424,RNA-006574,GEN-0009,2192034,2192780,,747,0,,,,SEQ-6FE777BD6E92
LOC-001425,RNA-006575,GEN-0009,3670820,3671383,,564,0,,,,SEQ-7B0A3A39425A
LOC-001426,RNA-006576,GEN-0009,3433178,3434116,,939,0,,,,SEQ-4C047BF323FE
LOC-001427,RNA-006577,GEN-0009,4823375,4824112,,738,0,,,,SEQ-D478EB8FD54B
LOC-001428,RNA-006578,GEN-0009,3056911,3057822,,912,0,,,,SEQ-783A8B9A1B70
LOC-001429,RNA-006579,GEN-0009,3971323,3972513,,1191,0,,,,SEQ-848084A2A141
LOC-001430,RNA-006580,GEN-0009,3286184,3287230,,1047,0,,,,SEQ-7B5E04A62F98
LOC-001431,RNA-006582,GEN-0009,3928611,3929564,,954,0,,,,SEQ-7A8B511D91A4
LOC-001432,RNA-006584,GEN-0009,4749794,4750324,,531,0,,,,SEQ-934E3C486065
LOC-001433,RNA-006585,GEN-0009,61520,62413,,894,0,,,,SEQ-BA4BC2EDA36F
LOC-001434,RNA-006586,GEN-0009,3682073,3682546,,474,0,,,,SEQ-0F5926E4A62E
LOC-001435,RNA-006588,GEN-0009,15915,16208,,294,0,,,,SEQ-7DCFED7C02BD
LOC-001436,RNA-006589,GEN-0009,2023919,2024713,,795,0,,,,SEQ-308523572861
LOC-001437,RNA-006590,GEN-0009,1606397,1607281,,885,0,,,,SEQ-AD46609121A2
LOC-001438,RNA-006591,GEN-0009,2712285,2712920,,636,0,,,,SEQ-DA1E655AFBA7
LOC-001439,RNA-006592,GEN-0009,4197310,4198740,,1431,0,,,,SEQ-4F87A44C58E2
LOC-001440,RNA-006593,GEN-0009,16446,16838,,393,0,,,,SEQ-8896C72F1866
LOC-001441,RNA-006595,GEN-0009,3299429,3300271,,843,0,,,,SEQ-3F8413B197AD
LOC-001442,RNA-006596,GEN-0009,3702885,3704099,,1215,0,,,,SEQ-2A9CE42E212C
LOC-001443,RNA-006597,GEN-0009,3181371,3183617,,2247,0,,,,SEQ-79AB9AA61D14
LOC-001444,RNA-006602,GEN-0009,1546541,1548583,,2043,0,,,,SEQ-E09729B18945
LOC-001445,RNA-006603,GEN-0009,2521435,2522676,,1242,0,,,,SEQ-E7830B026FAE
LOC-001446,RNA-006605,GEN-0009,2100685,2101422,,738,0,,,,SEQ-978647EB7B62
LOC-001447,RNA-006606,GEN-0009,2826449,2827216,,768,0,,,,SEQ-FEA1EEEDE3A0
LOC-001448,RNA-006607,GEN-0009,3701862,3702881,,1020,0,,,,SEQ-0B202821377D
LOC-001449,RNA-006608,GEN-0009,3014281,3014751,,471,0,,,,SEQ-3AD1E4A2599D
LOC-001450,RNA-006610,GEN-0009,2980856,2981851,,996,0,,,,SEQ-2556302BB7BE
LOC-001451,RNA-006611,GEN-0009,1859542,1860840,,1299,0,,,,SEQ-2962A971062A
LOC-001452,RNA-006612,GEN-0009,3064173,3065861,,1689,0,,,,SEQ-8EEFE9F32AE6
LOC-001453,RNA-006613,GEN-0009,1462525,1463730,,1206,0,,,,SEQ-4615BA57548B
LOC-001454,RNA-006614,GEN-0009,3110201,3110935,,735,0,,,,SEQ-DC610A9BB822
LOC-001455,RNA-006615,GEN-0009,3619405,3619599,,195,0,,,,SEQ-A8BCBE0A48A6
LOC-001456,RNA-006618,GEN-0009,2108538,2109170,,633,0,,,,SEQ-194AD614A44F
LOC-001457,RNA-006620,GEN-0009,4872675,4873358,,684,0,,,,SEQ-B8F09CBD0CE8
LOC-001458,RNA-006621,GEN-0009,2609749,2610375,,627,0,,,,SEQ-707A7C4BEB8F
LOC-001459,RNA-006622,GEN-0009,4640194,4641816,,1623,0,,,,SEQ-145E1F1A6E20
LOC-001460,RNA-006623,GEN-0009,4597582,4597935,,354,0,,,,SEQ-DA15B85A42DD
LOC-001461,RNA-006625,GEN-0009,4130518,4132164,,1647,0,,,,SEQ-3A9FFC3045CC
LOC-001462,RNA-006626,GEN-0009,3493918,3494175,,258,0,,,,SEQ-E20EAED7BAAE
LOC-001463,RNA-006627,GEN-0009,2009235,2010719,,1485,0,,,,SEQ-86739CB2D457
LOC-001464,RNA-006628,GEN-0009,4712031,4712273,,243,0,,,,SEQ-BC6D928AB82D
LOC-001465,RNA-006629,GEN-0009,4703860,4704246,,387,0,,,,SEQ-F7CCF71A74C1
LOC-001466,RNA-006631,GEN-0009,3364666,3366558,,1893,0,,,,SEQ-767F6F31C00D
LOC-001467,RNA-006632,GEN-0009,2508217,2509410,,1194,0,,,,SEQ-5D812A1045DE
LOC-001468,RNA-006635,GEN-0009,4718940,4719887,,948,0,,,,SEQ-659F1FDF382C
LOC-001469,RNA-006636,GEN-0009,2480071,2481207,,1137,0,,,,SEQ-FC725A2D2B3A
LOC-001470,RNA-006639,GEN-0009,2885953,2886462,,510,0,,,,SEQ-4E3DECAB9275
LOC-001471,RNA-006641,GEN-0009,1998929,1999597,,669,0,,,,SEQ-7CDF5457125B
LOC-001472,RNA-006642,GEN-0009,2777727,2778206,,480,0,,,,SEQ-B5C0F1A57F7D
LOC-001473,RNA-006643,GEN-0009,4724553,4725488,,936,0,,,,SEQ-014C38A17A25
LOC-001474,RNA-006644,GEN-0009,2363159,2364295,,1137,0,,,,SEQ-E309C203DAF2
LOC-001475,RNA-006646,GEN-0009,3384745,3387588,,2844,0,,,,SEQ-12116A0F6087
LOC-001476,RNA-006648,GEN-0009,1666680,1668335,,1656,0,,,,SEQ-4A40233B7CF9
LOC-001477,RNA-006649,GEN-0009,4477472,4479892,,2421,0,,,,SEQ-98C2F0859B8B
LOC-001478,RNA-006650,GEN-0009,4475990,4476487,,498,0,,,,SEQ-E0E1AB0EA0B0
LOC-001479,RNA-006652,GEN-0009,1940045,1941487,,1443,0,,,,SEQ-C200DBA2CF5F
LOC-001480,RNA-006655,GEN-0009,2523019,2524221,,1203,0,,,,SEQ-220D8ABAC764
LOC-001481,RNA-006656,GEN-0009,2503771,2504709,,939,0,,,,SEQ-7837575702D8
LOC-001482,RNA-006657,GEN-0009,2794788,2796089,,1302,0,,,,SEQ-AF4AEE58B1A1
LOC-001483,RNA-006658,GEN-0009,2599820,2600533,,714,0,,,,SEQ-46782BA55C9E
LOC-001484,RNA-006659,GEN-0009,2038731,2039150,,420,0,,,,SEQ-88FE53CEA58F
LOC-001485,RNA-006660,GEN-0009,2422070,2423527,,1458,0,,,,SEQ-D9DF9BD51E0B
LOC-001486,RNA-006661,GEN-0009,3221466,3222564,,1099,0,,,,SEQ-8A4EFA13B404
LOC-001487,RNA-006663,GEN-0009,3609286,3609465,,180,0,,,,SEQ-72A3D5FAB4FB
LOC-001488,RNA-006665,GEN-0009,4584169,4584921,,753,0,,,,SEQ-B2054F994486
LOC-001489,RNA-006668,GEN-0009,2722544,2723224,,681,0,,,,SEQ-896F1EE67573
LOC-001490,RNA-006670,GEN-0009,4339966,4340856,,891,0,,,,SEQ-6364192E04FA
LOC-001491,RNA-006672,GEN-0009,1739440,1740420,,981,0,,,,SEQ-D212A3BA1F7F
LOC-001492,RNA-006674,GEN-0009,4433578,4435209,,1632,0,,,,SEQ-D5670A3F9AAB
LOC-001493,RNA-006675,GEN-0009,1637948,1640929,,2982,0,,,,SEQ-BF99FDB86509
LOC-001494,RNA-006676,GEN-0009,1664211,1664648,,438,0,,,,SEQ-49DFC6DA6071
LOC-001495,RNA-006677,GEN-0009,4748546,4749577,,1032,0,,,,SEQ-5A69C9A859B4
LOC-001496,RNA-006678,GEN-0009,1834614,1835561,,948,0,,,,SEQ-80243032658E
LOC-001497,RNA-006679,GEN-0009,3666733,3667272,,540,0,,,,SEQ-AD3D1C118D1A
LOC-001498,RNA-006680,GEN-0009,2316844,2317869,,1026,0,,,,SEQ-053B2D4B9F78
LOC-001499,RNA-006682,GEN-0009,4195338,4196150,,813,0,,,,SEQ-AA5CDEC3D77E
LOC-001500,RNA-006683,GEN-0009,1941560,1942531,,972,0,,,,SEQ-4D3FE4334F0C
LOC-001501,RNA-006685,GEN-0009,3618392,3618859,,468,0,,,,SEQ-EF5AE281932A
LOC-001502,RNA-006686,GEN-0009,2434204,2436006,,1803,0,,,,SEQ-D0FA64BC4E10
LOC-001503,RNA-006687,GEN-0009,2428079,2428621,,543,0,,,,SEQ-966D8601183A
LOC-001504,RNA-006689,GEN-0009,2386321,2387679,,1359,0,,,,SEQ-BAC5A97BC75D
LOC-001505,RNA-006693,GEN-0009,3329490,3331193,,1704,0,,,,SEQ-D0F431081D01
LOC-001506,RNA-006694,GEN-0009,3896582,3898498,,1917,0,,,,SEQ-6FA1118318FB
LOC-001507,RNA-006696,GEN-0009,2553141,2554157,,1017,0,,,,SEQ-387D0A341070
LOC-001508,RNA-006700,GEN-0009,4648019,4648669,,651,0,,,,SEQ-37FFB65963CA
LOC-001509,RNA-006701,GEN-0009,4039909,4041309,,1401,0,,,,SEQ-A9058852C56E
LOC-001510,RNA-006704,GEN-0009,3607361,3607477,,117,0,,,,SEQ-E60803B08C78
LOC-001511,RNA-006705,GEN-0009,4106619,4107611,,993,0,,,,SEQ-27086B8ED8D8
LOC-001512,RNA-006706,GEN-0009,46488,47762,,1275,0,,,,SEQ-07BB0744039B
LOC-001513,RNA-006708,GEN-0009,1858458,1859528,,1071,0,,,,SEQ-5D4A4ED15174
LOC-001514,RNA-006709,GEN-0009,4615378,4615923,,546,0,,,,SEQ-95E48494C85F
LOC-001515,RNA-006710,GEN-0009,3606858,3607214,,357,0,,,,SEQ-236334FC4147
LOC-001516,RNA-006712,GEN-0009,3031530,3032378,,849,0,,,,SEQ-6CE04E6CFB9C
LOC-001517,RNA-006713,GEN-0009,1946622,1947632,,1011,0,,,,SEQ-2D5ECFA62BB9
LOC-001518,RNA-006714,GEN-0009,2163008,2163952,,945,0,,,,SEQ-70051E544BC3
LOC-001519,RNA-006716,GEN-0009,3618856,3619332,,477,0,,,,SEQ-DEAD0623157A
LOC-001520,RNA-006717,GEN-0009,3047255,3049312,,2058,0,,,,SEQ-F05F9593D575
LOC-001521,RNA-006718,GEN-0009,1508142,1508873,,732,0,,,,SEQ-1E88ED618865
LOC-001522,RNA-006722,GEN-0009,3917350,3917817,,468,0,,,,SEQ-A6C0F18556E9
LOC-001523,RNA-006723,GEN-0009,3915432,3916253,,822,0,,,,SEQ-DC431C00849C
LOC-001524,RNA-006724,GEN-0009,3377022,3377693,,672,0,,,,SEQ-22052B38E453
LOC-001525,RNA-006726,GEN-0009,3749623,3749844,,222,0,,,,SEQ-7F615EE183D2
LOC-001526,RNA-006727,GEN-0009,3671706,3673838,,2133,0,,,,SEQ-70FDEED34EFC
LOC-001527,RNA-006731,GEN-0009,1646807,1647577,,771,0,,,,SEQ-A1ED04E8B320
LOC-001528,RNA-006733,GEN-0009,3657766,3658770,,1005,0,,,,SEQ-B8AA816EFA9B
LOC-001529,RNA-006734,GEN-0009,1567541,1568149,,609,0,,,,SEQ-26E8BD5806C3
LOC-001530,RNA-006736,GEN-0009,3968220,3969602,,1383,0,,,,SEQ-966678D9559C
LOC-001531,RNA-006738,GEN-0009,2542302,2542559,,258,0,,,,SEQ-5D2B46D431CF
LOC-001532,RNA-006739,GEN-0009,2554315,2555106,,792,0,,,,SEQ-7730397FC60E
LOC-001533,RNA-006740,GEN-0009,2832775,2833365,,591,0,,,,SEQ-4FF183C76D0F
LOC-001534,RNA-006741,GEN-0009,3038327,3038632,,306,0,,,,SEQ-6A92B85B3856
LOC-001535,RNA-006742,GEN-0009,4021002,4022186,,1185,0,,,,SEQ-9AE4D1FE1EC0
LOC-001536,RNA-006744,GEN-0009,2476406,2477320,,915,0,,,,SEQ-784689A19F4D
LOC-001537,RNA-006745,GEN-0009,3219318,3219863,,546,0,,,,SEQ-A5378EFDC4E7
LOC-001538,RNA-006746,GEN-0009,4786676,4787848,,1173,0,,,,SEQ-2AD8764548A7
LOC-001539,RNA-006748,GEN-0009,82902,83594,,693,0,,,,SEQ-84F2A72B1907
LOC-001540,RNA-006749,GEN-0009,3851226,3851666,,441,0,,,,SEQ-90AAACAFC965
LOC-001541,RNA-006750,GEN-0009,2265100,2265669,,570,0,,,,SEQ-7409FA23803D
LOC-001542,RNA-006753,GEN-0009,3155734,3156651,,918,0,,,,SEQ-0B38A5C659EB
LOC-001543,RNA-006755,GEN-0009,4364518,4365435,,918,0,,,,SEQ-A0FA0A8E4061
LOC-001544,RNA-006760,GEN-0009,1898702,1900750,,2049,0,,,,SEQ-D174FFB7054A
LOC-001545,RNA-006761,GEN-0009,3551420,3553387,,1968,0,,,,SEQ-D57755C549C0
LOC-001546,RNA-006762,GEN-0009,1891150,1892895,,1746,0,,,,SEQ-18B6A855ABF6
LOC-001547,RNA-006764,GEN-0009,2460634,2461341,,708,0,,,,SEQ-9C8F4DB3FCE5
LOC-001548,RNA-006766,GEN-0009,2338601,2340967,,2367,0,,,,SEQ-1CB719192A5C
LOC-001549,RNA-006770,GEN-0009,4494505,4497330,,2826,0,,,,SEQ-094DABB1295C
LOC-001550,RNA-006771,GEN-0009,2246181,2247290,,1110,0,,,,SEQ-8C496BB1A08D
LOC-001551,RNA-006773,GEN-0009,52422,53222,,801,0,,,,SEQ-E8F285A1D22A
LOC-001552,RNA-006776,GEN-0009,3392191,3392550,,360,0,,,,SEQ-25F891468D7D
LOC-001553,RNA-006777,GEN-0009,5713,6315,,603,0,,,,SEQ-F20E952EEEA4
LOC-001554,RNA-006778,GEN-0009,3757249,3758103,,855,0,,,,SEQ-D4CC0FC86AEC
LOC-001555,RNA-006781,GEN-0009,4546642,4548789,,2148,0,,,,SEQ-3EDA7D8E1571
LOC-001556,RNA-006782,GEN-0009,8294,10174,,1881,0,,,,SEQ-4862DB3535A8
LOC-001557,RNA-006783,GEN-0009,2766788,2767693,,906,0,,,,SEQ-959A70BBD7EB
LOC-001558,RNA-006784,GEN-0009,3174174,3177545,,3372,0,,,,SEQ-EC4F9A3FE435
LOC-001559,RNA-006785,GEN-0009,2830728,2832014,,1287,0,,,,SEQ-17CF8D49A96B
LOC-001560,RNA-006787,GEN-0009,4227569,4230355,,2787,0,,,,SEQ-D536A9EEBDBC
LOC-001561,RNA-006788,GEN-0009,4649533,4650219,,687,0,,,,SEQ-7F721A982DE6
LOC-001562,RNA-006790,GEN-0009,2290398,2291765,,1368,0,,,,SEQ-0F1FB285FE02
LOC-001563,RNA-006796,GEN-0009,73506,74120,,615,0,,,,SEQ-0B127C19179C
LOC-001564,RNA-006798,GEN-0009,2446934,2449078,,2145,0,,,,SEQ-A7D9FA7CBA17
LOC-001565,RNA-006799,GEN-0009,3598418,3598927,,510,0,,,,SEQ-341841744C6D
LOC-001566,RNA-006802,GEN-0009,4856389,4857621,,1233,0,,,,SEQ-9B3E97393BBC
LOC-001567,RNA-006803,GEN-0009,1952123,1952575,,453,0,,,,SEQ-AE9BF7A293E5
LOC-001568,RNA-006804,GEN-0009,3323050,3324906,,1857,0,,,,SEQ-3542568AF95E
LOC-001569,RNA-006805,GEN-0009,2767785,2768159,,375,0,,,,SEQ-5C456F7B7492
LOC-001570,RNA-006806,GEN-0009,3014744,3015154,,411,0,,,,SEQ-9C9CFC48996F
LOC-001571,RNA-006807,GEN-0009,4292681,4293583,,903,0,,,,SEQ-5C99D57406CF
LOC-001572,RNA-006811,GEN-0009,27,842,,816,0,,,,SEQ-945B6869A171
LOC-001573,RNA-006812,GEN-0009,3706190,3707773,,1584,0,,,,SEQ-F773830B1F70
LOC-001574,RNA-006813,GEN-0009,3531464,3531964,,501,0,,,,SEQ-05ACEF63BEFD
LOC-001575,RNA-006815,GEN-0009,2371427,2374063,,2637,0,,,,SEQ-C24F80401813
LOC-001576,RNA-006816,GEN-0009,26989,27234,,246,0,,,,SEQ-70830BE1C7CB
LOC-001577,RNA-006817,GEN-0009,2022517,2022894,,378,0,,,,SEQ-8B961244BC95
LOC-001578,RNA-006818,GEN-0009,3843810,3844337,,528,0,,,,SEQ-CDB745B9B479
LOC-001579,RNA-006820,GEN-0009,3594748,3595566,,819,0,,,,SEQ-8C59867D0013
LOC-001580,RNA-006821,GEN-0009,3605798,3606418,,621,0,,,,SEQ-F9301C48C440
LOC-001581,RNA-006824,GEN-0009,2381514,2382644,,1131,0,,,,SEQ-CECDE2AB3005
LOC-001582,RNA-006826,GEN-0009,2988846,2989361,,516,0,,,,SEQ-9AC90FC4FF66
LOC-001583,RNA-006832,GEN-0009,3292158,3293414,,1257,0,,,,SEQ-6C9DD7653C1F
LOC-001584,RNA-006834,GEN-0009,1808421,1809263,,843,0,,,,SEQ-627E760DEF0E
LOC-001585,RNA-006836,GEN-0009,2969801,2970202,,402,0,,,,SEQ-B21BFDDF4774
LOC-001586,RNA-006837,GEN-0009,76217,77206,,990,0,,,,SEQ-2DF8993C5332
LOC-001587,RNA-006839,GEN-0009,2423534,2425063,,1530,0,,,,SEQ-5E02E8B2F643
LOC-001588,RNA-006840,GEN-0009,3916331,3917350,,1020,0,,,,SEQ-A08FBDBCC573
LOC-001589,RNA-006841,GEN-0009,3028947,3029864,,918,0,,,,SEQ-941B4BC9C391
LOC-001590,RNA-006845,GEN-0009,4369548,4371392,,1845,0,,,,SEQ-390E832EF631
LOC-001591,RNA-006846,GEN-0009,3403460,3404980,,1521,0,,,,SEQ-D4682102A792
LOC-001592,RNA-006847,GEN-0009,2685207,2686025,,819,0,,,,SEQ-6C31D7CA6CD3
LOC-001593,RNA-006848,GEN-0009,2679253,2680467,,1215,0,,,,SEQ-421BEA6A2145
LOC-001594,RNA-006849,GEN-0009,4271759,4272859,,1101,0,,,,SEQ-E8C548BB3ED3
LOC-001595,RNA-006850,GEN-0009,1950795,1951316,,522,0,,,,SEQ-49E584350FD2
LOC-001596,RNA-006852,GEN-0009,4846478,4847050,,573,0,,,,SEQ-1CDE9F8AF6A1
LOC-001597,RNA-006854,GEN-0009,4223634,4224218,,585,0,,,,SEQ-559BB355B68B
LOC-001598,RNA-006856,GEN-0009,1933232,1934410,,1179,0,,,,SEQ-0DA792A74AC6
LOC-001599,RNA-006858,GEN-0009,4543343,4543963,,621,0,,,,SEQ-3FF27EDD69C8
LOC-001600,RNA-006861,GEN-0009,4368074,4369174,,1101,0,,,,SEQ-BCFA3AD9A99C
LOC-001601,RNA-006862,GEN-0009,33969,34301,,333,0,,,,SEQ-EC7F05775191
LOC-001602,RNA-006863,GEN-0009,1751199,1753133,,1935,0,,,,SEQ-F60FB31B9C09
LOC-001603,RNA-006865,GEN-0009,2701376,2701714,,339,0,,,,SEQ-79F7283D4CD6
LOC-001604,RNA-006866,GEN-0009,54440,55144,,705,0,,,,SEQ-8C2A2F9075F9
LOC-001605,RNA-006867,GEN-0009,1965387,1965779,,393,0,,,,SEQ-46353A28A7AB
LOC-001606,RNA-006869,GEN-0009,2244074,2244757,,684,0,,,,SEQ-38EBDF1EA5CE
LOC-001607,RNA-006870,GEN-0009,3866228,3867682,,1455,0,,,,SEQ-E65312F298DB
LOC-001608,RNA-006875,GEN-0009,3224408,3225121,,714,0,,,,SEQ-1CCA109E3677
LOC-001609,RNA-006879,GEN-0009,2649173,2650645,,1473,0,,,,SEQ-26451EA43865
LOC-001610,RNA-006880,GEN-0009,71594,72376,,783,0,,,,SEQ-34BBC968DBD0
LOC-001611,RNA-006882,GEN-0009,3494195,3494506,,312,0,,,,SEQ-D623D98FCED4
LOC-001612,RNA-006884,GEN-0009,2096115,2096858,,744,0,,,,SEQ-594A003B546F
LOC-001613,RNA-006887,GEN-0009,1786152,1786895,,744,0,,,,SEQ-5E0F63D75D0E
LOC-001614,RNA-006888,GEN-0009,3541466,3543241,,1776,0,,,,SEQ-C65B9C4CA200
LOC-001615,RNA-006890,GEN-0009,3659514,3660191,,678,0,,,,SEQ-D31FF2769AA8
LOC-001616,RNA-006891,GEN-0009,2062519,2063004,,486,0,,,,SEQ-188D829AF03B
LOC-001617,RNA-006892,GEN-0009,2030537,2031457,,921,0,,,,SEQ-037521096E2D
LOC-001618,RNA-006893,GEN-0009,4060169,4062583,,2415,0,,,,SEQ-B497FE6DCE37
LOC-001619,RNA-006898,GEN-0009,26477,26992,,516,0,,,,SEQ-2418F286ED41
LOC-001620,RNA-006899,GEN-0009,4637897,4638295,,399,0,,,,SEQ-18DCB3CC84A2
LOC-001621,RNA-006900,GEN-0009,4038630,4039289,,660,0,,,,SEQ-8E27A0483BBC
LOC-001622,RNA-006901,GEN-0009,2789067,2789486,,420,0,,,,SEQ-09F019CF53C9
LOC-001623,RNA-006902,GEN-0009,2793068,2794423,,1356,0,,,,SEQ-0BD71A9D1D87
LOC-001624,RNA-006903,GEN-0009,2261453,2263183,,1731,0,,,,SEQ-40CF05520856
LOC-001625,RNA-006904,GEN-0009,4321929,4322459,,531,0,,,,SEQ-B976A22FF330
LOC-001626,RNA-006905,GEN-0009,3243999,3245231,,1233,0,,,,SEQ-A803EF670D50
LOC-001627,RNA-006906,GEN-0009,2222253,2222975,,723,0,,,,SEQ-C43C73D0F191
LOC-001628,RNA-006907,GEN-0009,3038651,3038893,,243,0,,,,SEQ-698A25BFCA23
LOC-001629,RNA-006908,GEN-0009,4436768,4437637,,870,0,,,,SEQ-C422CA0A260D
LOC-001630,RNA-006910,GEN-0009,2436093,2436755,,663,0,,,,SEQ-5029BC37AAF2
LOC-001631,RNA-006912,GEN-0009,4571185,4572816,,1632,0,,,,SEQ-261470B5DD6C
LOC-001632,RNA-006913,GEN-0009,2360197,2360847,,651,0,,,,SEQ-47D475874959
LOC-001633,RNA-006918,GEN-0009,4206707,4207408,,702,0,,,,SEQ-2ECA28F23730
LOC-001634,RNA-006920,GEN-0009,3760068,3761543,,1476,0,,,,SEQ-E6975C60B5BE
LOC-001635,RNA-006921,GEN-0009,2379116,2381401,,2286,0,,,,SEQ-8272E2062468
LOC-001636,RNA-006925,GEN-0009,3606452,3606841,,390,0,,,,SEQ-5281460E272E
LOC-001637,RNA-006928,GEN-0009,2978527,2979729,,1203,0,,,,SEQ-02333B3EAC05
LOC-001638,RNA-006930,GEN-0009,2515680,2516645,,966,0,,,,SEQ-86C2FA92D1B4
LOC-001639,RNA-006933,GEN-0009,2779159,2779809,,651,0,,,,SEQ-BC3BCFB6F992
LOC-001640,RNA-006934,GEN-0009,2614724,2616265,,1542,0,,,,SEQ-8B8872DFBBED
LOC-001641,RNA-006935,GEN-0009,3660209,3661045,,837,0,,,,SEQ-8548ED831C71
LOC-001642,RNA-006936,GEN-0009,4191307,4193571,,2265,0,,,,SEQ-229A13954237
LOC-001643,RNA-006937,GEN-0009,2133740,2134912,,1173,0,,,,SEQ-6529A5A5F408
LOC-001644,RNA-006938,GEN-0009,86518,87171,,654,0,,,,SEQ-0DBEF57C846F
LOC-001645,RNA-006939,GEN-0009,2645308,2646267,,960,0,,,,SEQ-16DD3A98D51B
LOC-001646,RNA-006942,GEN-0009,3225145,3226041,,897,0,,,,SEQ-3714086EFEAB
LOC-001647,RNA-006943,GEN-0009,4232609,4233982,,1374,0,,,,SEQ-3AF1D36521C5
LOC-001648,RNA-006944,GEN-0009,2358478,2360121,,1644,0,,,,SEQ-C85F91E38B52
LOC-001649,RNA-006946,GEN-0009,2622168,2623634,,1467,0,,,,SEQ-61AB73EBB23E
LOC-001650,RNA-006953,GEN-0009,4132161,4132424,,264,0,,,,SEQ-1D2F394A5907
LOC-001651,RNA-006954,GEN-0009,4799595,4801184,,1590,0,,,,SEQ-6E7FE7219D17
LOC-001652,RNA-006955,GEN-0009,1932390,1932743,,354,0,,,,SEQ-CABBCDA0FB2C
LOC-001653,RNA-006958,GEN-0009,3452174,3452947,,774,0,,,,SEQ-3FC4C3256925
LOC-001654,RNA-006959,GEN-0009,66651,67853,,1203,0,,,,SEQ-2440FF146F5C
LOC-001655,RNA-006960,GEN-0009,4590110,4591411,,1302,0,,,,SEQ-CC8DC82E94C2
LOC-001656,RNA-006962,GEN-0009,4563690,4565045,,1356,0,,,,SEQ-985B7913E1B9
LOC-001657,RNA-006965,GEN-0009,2406684,2408330,,1647,0,,,,SEQ-221E49A49EC1
LOC-001658,RNA-006967,GEN-0009,2436771,2437214,,444,0,,,,SEQ-A80556B4145E
LOC-001659,RNA-006968,GEN-0009,2313935,2315740,,1806,0,,,,SEQ-FCEC791101C0
LOC-001660,RNA-006971,GEN-0009,2305439,2306620,,1182,0,,,,SEQ-CD42F9C0F112
LOC-001661,RNA-006972,GEN-0009,2350761,2351378,,618,0,,,,SEQ-9DF3B784C573
LOC-001662,RNA-006973,GEN-0009,2017477,2018847,,1371,0,,,,SEQ-88628A6BB58E
LOC-001663,RNA-006976,GEN-0009,3134700,3136058,,1359,0,,,,SEQ-7FAA2AC22670
LOC-001664,RNA-006978,GEN-0009,1993381,1993929,,549,0,,,,SEQ-985D9207A115
LOC-001665,RNA-006979,GEN-0009,3523255,3524508,,1254,0,,,,SEQ-3FF006981410
LOC-001666,RNA-006981,GEN-0009,3246310,3247203,,894,0,,,,SEQ-934B46970DBB
LOC-001667,RNA-006983,GEN-0009,2982,3830,,849,0,,,,SEQ-8017D142C82D
LOC-001668,RNA-006984,GEN-0009,4447282,4448211,,930,0,,,,SEQ-DA69C754A8C2
LOC-001669,RNA-006985,GEN-0009,4213234,4214565,,1332,0,,,,SEQ-0093BC73491D
LOC-001670,RNA-006986,GEN-0009,3012699,3013244,,546,0,,,,SEQ-1332AA43713A
LOC-001671,RNA-006988,GEN-0009,2411715,2412572,,858,0,,,,SEQ-C5E30E07392F
LOC-001672,RNA-006990,GEN-0009,4863246,4864115,,870,0,,,,SEQ-C02BFCE625C3
LOC-001673,RNA-006993,GEN-0009,3617701,3618012,,312,0,,,,SEQ-565485DD10EF
LOC-001674,RNA-006995,GEN-0009,4609814,4613140,,3327,0,,,,SEQ-320FA7A7C701
LOC-001675,RNA-006996,GEN-0009,1965779,1967857,,2079,0,,,,SEQ-4F9954952772
LOC-001676,RNA-007002,GEN-0009,3627391,3627609,,219,0,,,,SEQ-A30057F0C409
LOC-001677,RNA-007004,GEN-0009,2954935,2956350,,1416,0,,,,SEQ-9670A7BFE985
LOC-001678,RNA-007007,GEN-0009,3538294,3539364,,1071,0,,,,SEQ-87682E8F34A1
LOC-001679,RNA-007009,GEN-0009,2664,2942,,279,0,,,,SEQ-6A32C01F7D40
LOC-001680,RNA-007012,GEN-0009,4216681,4217226,,546,0,,,,SEQ-B2B425CE7634
LOC-001681,RNA-007013,GEN-0009,2826061,2826408,,348,0,,,,SEQ-7B6E027EA51F
LOC-001682,RNA-007014,GEN-0009,4361963,4362739,,777,0,,,,SEQ-E1A6984208A5
LOC-001683,RNA-007015,GEN-0009,17409,19235,,1827,0,,,,SEQ-B99A61DA5F0F
LOC-001684,RNA-007016,GEN-0009,30860,31222,,363,0,,,,SEQ-866D844A1709
LOC-001685,RNA-007017,GEN-0009,1980867,1982288,,1422,0,,,,SEQ-35A46B10C9F7
LOC-001686,RNA-007018,GEN-0009,3037572,3038330,,759,0,,,,SEQ-9FBEF4BC3CB5
LOC-001687,RNA-007019,GEN-0009,3804377,3805699,,1323,0,,,,SEQ-97C9CF05DF13
LOC-001688,RNA-007020,GEN-0009,2691398,2692651,,1254,0,,,,SEQ-FF971C127C9D
LOC-001689,RNA-007023,GEN-0009,2979722,2980786,,1065,0,,,,SEQ-C88D4324B3F3
LOC-001690,RNA-007025,GEN-0009,3235893,3236282,,390,0,,,,SEQ-F622CF1C9A34
LOC-001691,RNA-007026,GEN-0009,3251412,3252575,,1164,0,,,,SEQ-F164DB57E7E2
LOC-001692,RNA-007027,GEN-0009,3089110,3090192,,1083,0,,,,SEQ-BC3CEFE43183
LOC-001693,RNA-007028,GEN-0009,9912,10643,,732,0,,,,SEQ-346B1D8F9A8F
LOC-001694,RNA-007030,GEN-0009,3841901,3843592,,1692,0,,,,SEQ-C1CB6D0FF39F
LOC-001695,RNA-007031,GEN-0009,4016935,4017225,,291,0,,,,SEQ-FFA81EC07D73
LOC-001696,RNA-007034,GEN-0009,2589478,2591178,,1701,0,,,,SEQ-5A08225B7F5F
LOC-001697,RNA-007035,GEN-0009,3239185,3240363,,1179,0,,,,SEQ-9D19967976D3
LOC-001698,RNA-007038,GEN-0009,4503766,4520445,,16680,0,,,,SEQ-AF9235834365
LOC-001699,RNA-007040,GEN-0009,2238764,2239561,,798,0,,,,SEQ-65C041BCF279
LOC-001700,RNA-007043,GEN-0009,4587963,4589666,,1704,0,,,,SEQ-A30AB79D1DA0
LOC-001701,RNA-007044,GEN-0009,4385992,4386489,,498,0,,,,SEQ-53727EBFA3A1
LOC-001702,RNA-007046,GEN-0009,3127982,3130738,,2757,0,,,,SEQ-B92401F89624
LOC-001703,RNA-007047,GEN-0009,2107399,2108538,,1140,0,,,,SEQ-5B84796AFB39
LOC-001704,RNA-007049,GEN-0009,2828390,2829751,,1362,0,,,,SEQ-A639E1522CD6
LOC-001705,RNA-007050,GEN-0009,2241571,2244060,,2490,0,,,,SEQ-AEEBAFF4D0C8
LOC-001706,RNA-007052,GEN-0009,4202307,4202855,,549,0,,,,SEQ-848E188246BE
LOC-001707,RNA-007053,GEN-0009,4360951,4361955,,1005,0,,,,SEQ-A73BBB53ED38
LOC-001708,RNA-007059,GEN-0009,4099299,4099832,,534,0,,,,SEQ-5B9994A08E8B
LOC-001709,RNA-007061,GEN-0009,3679779,3681131,,1353,0,,,,SEQ-20F738171D86
LOC-001710,RNA-007063,GEN-0009,2943912,2945156,,1245,0,,,,SEQ-8A7ED7F8A5AA
LOC-001711,RNA-007064,GEN-0009,4367017,4367652,,636,0,,,,SEQ-AF16DBECB5CF
LOC-001712,RNA-007067,GEN-0009,3355171,3356583,,1413,0,,,,SEQ-7AD79E26772D
LOC-001713,RNA-007068,GEN-0009,3603447,3603872,,426,0,,,,SEQ-3E4C5C163701
LOC-001714,RNA-007071,GEN-0009,3691912,3693228,,1317,0,,,,SEQ-3EC6C20C51CE
LOC-001715,RNA-007072,GEN-0009,2563383,2564042,,660,0,,,,SEQ-5284101402FF
LOC-001716,RNA-007075,GEN-0009,4143372,4144853,,1482,0,,,,SEQ-BBA60B6CE247
LOC-001717,RNA-007077,GEN-0009,3750691,3751458,,768,0,,,,SEQ-A3250ACA05BB
LOC-001718,RNA-007078,GEN-0009,3910906,3911379,,474,0,,,,SEQ-E65B1C955186
LOC-001719,RNA-007082,GEN-0009,3010313,3012553,,2241,0,,,,SEQ-F0ECBF8F91A8
LOC-001720,RNA-007084,GEN-0009,4039286,4039903,,618,0,,,,SEQ-9DF3B784C573
LOC-001721,RNA-007087,GEN-0009,4105477,4105920,,444,0,,,,SEQ-C20C954099F6
LOC-001722,RNA-007090,GEN-0009,4102483,4103106,,624,0,,,,SEQ-53AF02CD43E8
LOC-001723,RNA-007092,GEN-0009,4668363,4672142,,3780,0,,,,SEQ-B0C4F99CE47B
LOC-001724,RNA-007093,GEN-0009,4293768,4294730,,963,0,,,,SEQ-B73C05E15867
LOC-001725,RNA-007097,GEN-0009,2829917,2830708,,792,0,,,,SEQ-C35EEC1D781F
LOC-001726,RNA-007099,GEN-0009,2531263,2532519,,1257,0,,,,SEQ-5413B5C6A264
LOC-001727,RNA-007100,GEN-0009,4606676,4607653,,978,0,,,,SEQ-78A75C5BCF59
LOC-001728,RNA-007102,GEN-0009,3430739,3432070,,1332,0,,,,SEQ-86BACBAF5FF4
LOC-001729,RNA-007103,GEN-0009,4028840,4030501,,1662,0,,,,SEQ-EF8F3D2B1C20
LOC-001730,RNA-007104,GEN-0009,3272395,3273549,,1155,0,,,,SEQ-D6A609C77396
LOC-001731,RNA-007107,GEN-0009,4481327,4482652,,1326,0,,,,SEQ-34F0277B1CFE
LOC-001732,RNA-007108,GEN-0009,3395211,3396956,,1746,0,,,,SEQ-807BA740950E
LOC-001733,RNA-007110,GEN-0009,2967727,2968176,,450,0,,,,SEQ-A79E74E98181
LOC-001734,RNA-007111,GEN-0009,3942445,3943254,,810,0,,,,SEQ-BC6D160A29F6
LOC-001735,RNA-007113,GEN-0009,3088055,3089047,,993,0,,,,SEQ-A98DF817CD08
LOC-001736,RNA-007114,GEN-0009,2527879,2529294,,1416,0,,,,SEQ-73CBC4D7735B
LOC-001737,RNA-007115,GEN-0009,3197264,3198682,,1419,0,,,,SEQ-76B50B6E0B62
LOC-001738,RNA-007118,GEN-0009,2275638,2276036,,399,0,,,,SEQ-CD9919C50FC1
LOC-001739,RNA-007123,GEN-0009,4483092,4483607,,516,0,,,,SEQ-594F1400C882
LOC-001740,RNA-007127,GEN-0009,47505,48707,,1203,0,,,,SEQ-16D1CEE11891
LOC-001741,RNA-007128,GEN-0009,3867782,3869104,,1323,0,,,,SEQ-71E2411434FD
LOC-001742,RNA-007129,GEN-0009,16422,17171,,750,0,,,,SEQ-791F202B39DE
LOC-001743,RNA-007130,GEN-0009,4100663,4101478,,816,0,,,,SEQ-07E2F45ECD0C
LOC-001744,RNA-007132,GEN-0009,2620521,2622098,,1578,0,,,,SEQ-910D5ED44879
LOC-001745,RNA-007134,GEN-0009,4715683,4717335,,1653,0,,,,SEQ-D266CC8117EF
LOC-001746,RNA-007136,GEN-0009,2705971,2709858,,3888,0,,,,SEQ-DAEA0D617DEE
LOC-001747,RNA-007142,GEN-0009,3023934,3025055,,1122,0,,,,SEQ-CEF2858DE321
LOC-001748,RNA-007143,GEN-0009,4292033,4292533,,501,0,,,,SEQ-FA2E1E356A72
LOC-001749,RNA-007146,GEN-0009,4175332,4176234,,903,0,,,,SEQ-D2D58B52902C
LOC-001750,RNA-007148,GEN-0009,63874,65649,,1776,0,,,,SEQ-98A1AC281CC8
LOC-001751,RNA-007151,GEN-0009,2264354,2264941,,588,0,,,,SEQ-8EDA37ECAD12
LOC-001752,RNA-007153,GEN-0009,3148334,3149650,,1317,0,,,,SEQ-E7B58C8E2888
LOC-001753,RNA-007154,GEN-0009,4497578,4498108,,531,0,,,,SEQ-6CD0C15162A2
LOC-001754,RNA-007155,GEN-0009,3377708,3378385,,678,0,,,,SEQ-8C4D9896C26E
LOC-001755,RNA-007156,GEN-0009,2701791,2703125,,1335,0,,,,SEQ-4A4171ED9A2E
LOC-001756,RNA-007157,GEN-0009,80501,82909,,2409,0,,,,SEQ-1A9022679746
LOC-001757,RNA-007158,GEN-0009,64339,65157,,819,0,,,,SEQ-99793047781A
LOC-001758,RNA-007159,GEN-0009,2623795,2625144,,1350,0,,,,SEQ-4A8450964139
LOC-001759,RNA-007160,GEN-0009,4354747,4356480,,1734,0,,,,SEQ-3E05463C8F8B
LOC-001760,RNA-007165,GEN-0009,4595355,4595648,,294,0,,,,SEQ-1E851916B8D7
LOC-001761,RNA-007166,GEN-0009,4401822,4403717,,1896,0,,,,SEQ-627BA905EC33
LOC-001762,RNA-007168,GEN-0009,3924196,3925221,,1026,0,,,,SEQ-921A171B872A
LOC-001763,RNA-007169,GEN-0009,4069527,4070891,,1365,0,,,,SEQ-894E061B9D35
LOC-001764,RNA-007170,GEN-0009,2542608,2544335,,1728,0,,,,SEQ-03854FF2B14B
LOC-001765,RNA-007172,GEN-0009,2724489,2726288,,1800,0,,,,SEQ-20A1C4B2C695
LOC-001766,RNA-007173,GEN-0009,3548096,3549034,,939,0,,,,SEQ-13001D402F7F
LOC-001767,RNA-007174,GEN-0009,79755,80273,,519,0,,,,SEQ-C313BFC620D5
LOC-001768,RNA-007177,GEN-0009,3276107,3276814,,708,0,,,,SEQ-511EE200C107
LOC-001769,RNA-007178,GEN-0009,2545270,2546136,,867,0,,,,SEQ-B34BE71D5FA9
LOC-001770,RNA-007181,GEN-0009,3809888,3811375,,1488,0,,,,SEQ-C0AFCCB37472
LOC-001771,RNA-007183,GEN-0009,3308212,3309513,,1302,0,,,,SEQ-C4BA3800D5C3
LOC-001772,RNA-007184,GEN-0009,3865700,3866053,,354,0,,,,SEQ-8A051BABE068
LOC-001773,RNA-007185,GEN-0009,3604783,3605772,,990,0,,,,SEQ-0755133FB501
LOC-001774,RNA-007186,GEN-0009,3049331,3050362,,1032,0,,,,SEQ-E108E354AB1D
LOC-001775,RNA-007188,GEN-0009,3955090,3955365,,276,0,,,,SEQ-BF027E2BBBCB
LOC-001776,RNA-007189,GEN-0009,4613159,4614127,,969,0,,,,SEQ-AA6AE5424A9E
LOC-001777,RNA-007191,GEN-0009,3850667,3851248,,582,0,,,,SEQ-C2F19A0D6D5C
LOC-001778,RNA-007192,GEN-0009,3236308,3237402,,1095,0,,,,SEQ-6CC3BAD71326
LOC-001779,RNA-007194,GEN-0009,3614643,3614975,,333,0,,,,SEQ-9FAA9DB48139
LOC-001780,RNA-007203,GEN-0009,3025052,3026062,,1011,0,,,,SEQ-2B6C967B0848
LOC-001781,RNA-007208,GEN-0009,3066965,3067408,,444,0,,,,SEQ-F48F29209B28
LOC-001782,RNA-007209,GEN-0009,2581216,2583216,,2001,0,,,,SEQ-8766DE50F4E9
LOC-001783,RNA-007211,GEN-0009,3524495,3525775,,1281,0,,,,SEQ-19DDBAC6967B
LOC-001784,RNA-007213,GEN-0009,2540947,2541918,,972,0,,,,SEQ-4E2500BAB10D
LOC-001785,RNA-007214,GEN-0009,4422130,4423059,,930,0,,,,SEQ-1962F92EEC2F
LOC-001786,RNA-007221,GEN-0009,3222669,3224402,,1734,0,,,,SEQ-8874036F2F70
LOC-001787,RNA-007225,GEN-0009,31264,31491,,228,0,,,,SEQ-37B08BC74141
LOC-001788,RNA-007227,GEN-0009,2595410,2596537,,1128,0,,,,SEQ-FB55EC7ACD25
LOC-001789,RNA-007229,GEN-0009,30434,31360,,927,0,,,,SEQ-F2BE906E2700
LOC-001790,RNA-007231,GEN-0009,4076544,4077503,,960,0,,,,SEQ-8159DD0CCCAC
LOC-001791,RNA-007235,GEN-0009,4238822,4240645,,1824,0,,,,SEQ-F1B6F99AE9AE
LOC-001792,RNA-007236,GEN-0009,4202858,4203637,,780,0,,,,SEQ-2A253254F125
LOC-001793,RNA-007240,GEN-0009,75248,76801,,1554,0,,,,SEQ-673A0D5DB208
LOC-001794,RNA-007242,GEN-0009,3917861,3918112,,252,0,,,,SEQ-268281B5D722
LOC-001795,RNA-007243,GEN-0009,2836262,2836600,,339,0,,,,SEQ-B983D55FAC3B
LOC-001796,RNA-007244,GEN-0009,14008,15390,,1383,0,,,,SEQ-9FB7F3DAEB2F
LOC-001797,RNA-007246,GEN-0009,3608848,3609282,,435,0,,,,SEQ-D8C3B8375992
LOC-001798,RNA-007247,GEN-0009,3489346,3489822,,477,0,,,,SEQ-AF63F4C1BB68
LOC-001799,RNA-007249,GEN-0009,3575149,3576030,,882,0,,,,SEQ-18ACE00C9884
LOC-001800,RNA-007251,GEN-0009,2675913,2677763,,1851,0,,,,SEQ-B7999D3D8C85
LOC-001801,RNA-007252,GEN-0009,4153224,4154291,,1068,0,,,,SEQ-9DF843436E97
LOC-001802,RNA-007254,GEN-0009,4724079,4724540,,462,0,,,,SEQ-D073D36AD938
LOC-001803,RNA-007258,GEN-0009,4833234,4833680,,447,0,,,,SEQ-EEAE9B40099E
LOC-001804,RNA-007263,GEN-0009,2785670,2786257,,588,0,,,,SEQ-0DCD9BB6872A
LOC-001805,RNA-007264,GEN-0009,73528,73746,,219,0,,,,SEQ-CF06B88BFB07
LOC-001806,RNA-007268,GEN-0009,2965586,2966986,,1401,0,,,,SEQ-EFC1D97353A0
LOC-001807,RNA-007270,GEN-0009,3664732,3665970,,1239,0,,,,SEQ-B38242FBF9AA
LOC-001808,RNA-007271,GEN-0009,3142234,3143523,,1290,0,,,,SEQ-86DB9BD7AB31
LOC-001809,RNA-007275,GEN-0009,2472052,2473569,,1518,0,,,,SEQ-17D442263C2B
LOC-001810,RNA-007280,GEN-0009,2657786,2658217,,432,0,,,,SEQ-0DD6C555250A
LOC-001811,RNA-007282,GEN-0009,4624123,4625073,,951,0,,,,SEQ-74BE63D23878
LOC-001812,RNA-007285,GEN-0009,4309589,4310464,,876,0,,,,SEQ-599D8A40DF39
LOC-001813,RNA-007286,GEN-0009,3496312,3497571,,1260,0,,,,SEQ-969D914EFBA7
LOC-001814,RNA-007287,GEN-0009,2437841,2438779,,939,0,,,,SEQ-FAC7528A0C5E
LOC-001815,RNA-007288,GEN-0009,2678839,2679225,,387,0,,,,SEQ-1566EAF1B3D4
LOC-001816,RNA-007289,GEN-0009,4869517,4870074,,558,0,,,,SEQ-AD3C8F1C768A
LOC-001817,RNA-007291,GEN-0009,4307508,4308509,,1002,0,,,,SEQ-72242F6FF503
LOC-001818,RNA-007297,GEN-0009,4037841,4038578,,738,0,,,,SEQ-60997CEB3D2A
LOC-001819,RNA-007300,GEN-0009,3772665,3773066,,402,0,,,,SEQ-F458833D7ED6
LOC-001820,RNA-007302,GEN-0009,3192086,3193114,,1029,0,,,,SEQ-1B9185DD307D
LOC-001821,RNA-007303,GEN-0009,7373,9535,,2163,0,,,,SEQ-9D7F3F6637F4
LOC-001822,RNA-007304,GEN-0009,3695435,3697828,,2394,0,,,,SEQ-DC10DB89D228
LOC-001823,RNA-007305,GEN-0009,4019024,4019122,,99,0,,,,SEQ-959BF02D6FAC
LOC-001824,RNA-007306,GEN-0009,3709527,3709853,,327,0,,,,SEQ-0485208E5863
LOC-001825,RNA-007307,GEN-0009,3001444,3002415,,972,0,,,,SEQ-1917781003A9
LOC-001826,RNA-007308,GEN-0009,4367668,4368027,,360,0,,,,SEQ-A107DDADCAB1
LOC-001827,RNA-007309,GEN-0009,4287977,4288597,,621,0,,,,SEQ-ACFC325BA4AF
LOC-001828,RNA-007310,GEN-0009,3662601,3663689,,1089,0,,,,SEQ-AB983252C890
LOC-001829,RNA-007313,GEN-0009,3383264,3384697,,1434,0,,,,SEQ-69210419F47A
LOC-001830,RNA-007316,GEN-0009,2771095,2774295,,3201,0,,,,SEQ-DC512F2B12CF
LOC-001831,RNA-007318,GEN-0009,4140489,4140770,,282,0,,,,SEQ-4EF74A5FA091
LOC-001832,RNA-007324,GEN-0009,4836462,4837079,,618,0,,,,SEQ-D8FEDAA1C95C
LOC-001833,RNA-007326,GEN-0009,3833659,3834561,,903,0,,,,SEQ-2C2B697A90EF
LOC-001834,RNA-007328,GEN-0009,3091039,3091800,,762,0,,,,SEQ-316A4E48A106
LOC-001835,RNA-007329,GEN-0009,4832852,4833289,,438,0,,,,SEQ-14F3D2BA0E41
LOC-001836,RNA-007330,GEN-0009,4154526,4155203,,678,0,,,,SEQ-381ECD40CE19
LOC-001837,RNA-007332,GEN-0009,4302044,4303636,,1593,0,,,,SEQ-8CFE08ECFADB
LOC-001838,RNA-007334,GEN-0009,4353735,4354586,,852,0,,,,SEQ-A7D20B020673
LOC-001839,RNA-007338,GEN-0009,4541124,4543346,,2223,0,,,,SEQ-2710CEC51557
LOC-001840,RNA-007341,GEN-0009,4864327,4864800,,474,0,,,,SEQ-108196672014
LOC-001841,RNA-007343,GEN-0009,3065858,3066508,,651,0,,,,SEQ-223B0E3BCB94
LOC-001842,RNA-007344,GEN-0009,2686036,2687049,,1014,0,,,,SEQ-DE548C57CDC5
LOC-001843,RNA-007346,GEN-0009,78539,80221,,1683,0,,,,SEQ-EDC5A3FB9868
LOC-001844,RNA-007347,GEN-0009,2395,2664,,270,0,,,,SEQ-BAE4AAFAB193
LOC-001845,RNA-007352,GEN-0009,2787826,2788863,,1038,0,,,,SEQ-56EAA78D6A50
LOC-001846,RNA-007355,GEN-0009,2580246,2581196,,951,0,,,,SEQ-CCBE625DF2AC
LOC-001847,RNA-007357,GEN-0009,4359711,4360862,,1152,0,,,,SEQ-8D846C458116
LOC-001848,RNA-007358,GEN-0009,3509076,3509348,,273,0,,,,SEQ-903CDA81D96C
LOC-001849,RNA-007360,GEN-0009,48818,50023,,1206,0,,,,SEQ-9F90295F9908
LOC-001850,RNA-007363,GEN-0009,3613924,3614625,,702,0,,,,SEQ-3205E7587C61
LOC-001851,RNA-007365,GEN-0009,3982062,3982541,,480,0,,,,SEQ-7415475D0F55
LOC-001852,RNA-007366,GEN-0009,68913,70067,,1155,0,,,,SEQ-99F90E8B265E
LOC-001853,RNA-007368,GEN-0009,4165857,4166597,,741,0,,,,SEQ-C0E9297C7778
LOC-001854,RNA-007373,GEN-0009,3907227,3908882,,1656,0,,,,SEQ-703F1B39BFC7
LOC-001855,RNA-007374,GEN-0009,3673903,3674571,,669,0,,,,SEQ-95753120A3A2
LOC-001856,RNA-007375,GEN-0009,4861610,4861936,,327,0,,,,SEQ-50985788BD77
LOC-001857,RNA-007376,GEN-0009,3599942,3601231,,1290,0,,,,SEQ-AF3AABF0AA9B
LOC-001858,RNA-007380,GEN-0009,3533823,3534215,,393,0,,,,SEQ-4B2F5C48B4F0
LOC-001859,RNA-007385,GEN-0009,4853804,4854772,,969,0,,,,SEQ-67747EAD8C9C
LOC-001860,RNA-007386,GEN-0009,4203679,4204461,,783,0,,,,SEQ-93DE63854D78
LOC-001861,RNA-007388,GEN-0009,3889288,3890826,,1539,0,,,,SEQ-77EA15F31580
LOC-001862,RNA-007390,GEN-0009,3720234,3722681,,2448,0,,,,SEQ-82E6639F45F9
LOC-001863,RNA-007392,GEN-0009,3091781,3092830,,1050,0,,,,SEQ-3F243BB7AD75
LOC-001864,RNA-007395,GEN-0009,4675322,4675852,,531,0,,,,SEQ-ADB7A5EFE248
LOC-001865,RNA-007399,GEN-0009,4555011,4555679,,669,0,,,,SEQ-0CEC7A65F50F
LOC-001866,RNA-007401,GEN-0009,4323619,4324644,,1026,0,,,,SEQ-5181D6EE3D3B
LOC-001867,RNA-007403,GEN-0009,29219,29959,,741,0,,,,SEQ-8F9BC2231CAB
LOC-001868,RNA-007405,GEN-0009,3661226,3662503,,1278,0,,,,SEQ-14BE4328BA04
LOC-001869,RNA-007406,GEN-0009,4684521,4686026,,1506,0,,,,SEQ-11345B490A0D
LOC-001870,RNA-007409,GEN-0009,3153458,3154168,,711,0,,,,SEQ-404D7FB788DB
LOC-001871,RNA-007412,GEN-0009,3631315,3633222,,1908,0,,,,SEQ-2C06D5520343
LOC-001872,RNA-007414,GEN-0009,3894008,3895399,,1392,0,,,,SEQ-17C480AA8BF1
LOC-001873,RNA-007415,GEN-0009,4099847,4100317,,471,0,,,,SEQ-1B7B3853DF65
LOC-001874,RNA-007416,GEN-0009,4620945,4622264,,1320,0,,,,SEQ-E6FAFFE59F0D
LOC-001875,RNA-007417,GEN-0009,4163467,4164663,,1197,0,,,,SEQ-153CBEC59AAA
LOC-001876,RNA-007419,GEN-0009,4116922,4117851,,930,0,,,,SEQ-086252190969
LOC-001877,RNA-007420,GEN-0009,4114908,4115873,,966,0,,,,SEQ-0895AC9737ED
LOC-001878,RNA-007421,GEN-0009,3832665,3833648,,984,0,,,,SEQ-3B430D44EBBC
LOC-001879,RNA-007423,GEN-0009,4591526,4592962,,1437,0,,,,SEQ-859264B8FB67
LOC-001880,RNA-007424,GEN-0009,85726,85938,,213,0,,,,SEQ-1BEA6493C54D
LOC-001881,RNA-007430,GEN-0009,3332358,3333344,,987,0,,,,SEQ-FFC1D02B96B1
LOC-001882,RNA-007431,GEN-0009,4082051,4082824,,774,0,,,,SEQ-676C596296CF
LOC-001883,RNA-007432,GEN-0009,3973047,3974084,,1038,0,,,,SEQ-8408CB6CAC71
LOC-001884,RNA-007433,GEN-0009,4100377,4100616,,240,0,,,,SEQ-B1F8D25EAD36
LOC-001885,RNA-007435,GEN-0009,3615285,3616106,,822,0,,,,SEQ-B33B63CE9E86
LOC-001886,RNA-007441,GEN-0009,4350252,4352549,,2298,0,,,,SEQ-65DCBC7AC6F4
LOC-001887,RNA-007448,GEN-0009,4535006,4536964,,1959,0,,,,SEQ-700BD701179B
LOC-001888,RNA-007451,GEN-0009,3237857,3239059,,1203,0,,,,SEQ-A047362EBDC1
LOC-001889,RNA-007452,GEN-0009,639,1379,,741,0,,,,SEQ-3F9EFF05C79B
LOC-001890,RNA-007453,GEN-0009,3566287,3568227,,1941,0,,,,SEQ-47228424245F
LOC-001891,RNA-007454,GEN-0009,4151962,4153224,,1263,0,,,,SEQ-853E93CCB0F9
LOC-001892,RNA-007455,GEN-0009,3792419,3793738,,1320,0,,,,SEQ-EF2F8F245EF9
LOC-001893,RNA-007456,GEN-0009,3611322,3611627,,306,0,,,,SEQ-A8A93939ED8D
LOC-001894,RNA-007457,GEN-0009,3758349,3759404,,1056,0,,,,SEQ-7959B00C6590
LOC-001895,RNA-007460,GEN-0009,3744818,3745888,,1071,0,,,,SEQ-F631B08AEF3C
LOC-001896,RNA-007463,GEN-0009,4386556,4386921,,366,0,,,,SEQ-AEECD8094DE5
LOC-001897,RNA-007465,GEN-0009,4603836,4604570,,735,0,,,,SEQ-B6123C8C707D
LOC-001898,RNA-007466,GEN-0009,4655428,4656837,,1410,0,,,,SEQ-E5F3BB8319F0
LOC-001899,RNA-007469,GEN-0009,3685412,3685639,,228,0,,,,SEQ-95B67607F5D3
LOC-001900,RNA-007475,GEN-0009,3685658,3687976,,2319,0,,,,SEQ-4B7770A15AE9
LOC-001901,RNA-007476,GEN-0009,4184121,4185950,,1830,0,,,,SEQ-E6C85CD201B6
LOC-001902,RNA-007477,GEN-0009,4842914,4844236,,1323,0,,,,SEQ-163DB79B218B
LOC-001903,RNA-007479,GEN-0009,4411170,4412495,,1326,0,,,,SEQ-D007CE900667
LOC-001904,RNA-007480,GEN-0009,3598943,3599890,,948,0,,,,SEQ-7DBDA6243E07
LOC-001905,RNA-007482,GEN-0009,3346109,3346936,,828,0,,,,SEQ-3E910755E191
LOC-001906,RNA-007483,GEN-0009,2778203,2779159,,957,0,,,,SEQ-B1517D4A4DD3
LOC-001907,RNA-007484,GEN-0009,24127,26085,,1959,0,,,,SEQ-427B8F8E26E2
LOC-001908,RNA-007485,GEN-0009,4602415,4602948,,534,0,,,,SEQ-F0A942D58D1C
LOC-001909,RNA-007487,GEN-0009,3752729,3753655,,927,0,,,,SEQ-62B25D513E9E
LOC-001910,RNA-007488,GEN-0009,4164666,4165835,,1170,0,,,,SEQ-C0562AF20CBA
LOC-001911,RNA-007492,GEN-0009,3477018,3478520,,1503,0,,,,SEQ-ADA6ABB91732
LOC-001912,RNA-007493,GEN-0009,3725444,3727420,,1977,0,,,,SEQ-28ECD5C3F2B5
LOC-001913,RNA-007494,GEN-0009,4643526,4644281,,756,0,,,,SEQ-660EE8111296
LOC-001914,RNA-007499,GEN-0009,3090419,3091045,,627,0,,,,SEQ-B34661FA3D9B
LOC-001915,RNA-007502,GEN-0009,37048,39339,,2292,0,,,,SEQ-27590077E1B2
LOC-001916,RNA-007505,GEN-0009,3296036,3296743,,708,0,,,,SEQ-5B7F4FE039F4
LOC-001917,RNA-007507,GEN-0009,4147129,4148388,,1260,0,,,,SEQ-49A5C93DD746
LOC-001918,RNA-007508,GEN-0009,4545776,4546465,,690,0,,,,SEQ-57C57B899728
LOC-001919,RNA-007510,GEN-0009,2823570,2824736,,1167,0,,,,SEQ-9112928C2A48
LOC-001920,RNA-007512,GEN-0009,2802529,2805102,,2574,0,,,,SEQ-743426FC9882
LOC-001921,RNA-007514,GEN-0009,4404081,4404569,,489,0,,,,SEQ-0421148A0231
LOC-001922,RNA-007521,GEN-0009,3037001,3037600,,600,0,,,,SEQ-EB27FC948C89
LOC-001923,RNA-007523,GEN-0009,3189334,3191493,,2160,0,,,,SEQ-BD4ADCCA8D0E
LOC-001924,RNA-007525,GEN-0009,3642705,3643277,,573,0,,,,SEQ-8B071463BD1F
LOC-001925,RNA-007528,GEN-0009,4144972,4146237,,1266,0,,,,SEQ-1F8C649B82E9
LOC-001926,RNA-007531,GEN-0009,3563819,3564871,,1053,0,,,,SEQ-65F68179A81D
LOC-001927,RNA-007533,GEN-0009,3328996,3329490,,495,0,,,,SEQ-A6766E6114DA
LOC-001928,RNA-007537,GEN-0009,4264649,4265284,,636,0,,,,SEQ-BAE5B22F5443
LOC-001929,RNA-007539,GEN-0009,4631644,4634082,,2439,0,,,,SEQ-7131649A51CC
LOC-001930,RNA-007541,GEN-0009,3733489,3734484,,996,0,,,,SEQ-E24C17146BA0
LOC-001931,RNA-007544,GEN-0009,3095503,3096942,,1440,0,,,,SEQ-E099786FCF21
LOC-001932,RNA-007545,GEN-0009,2935806,2937326,,1521,0,,,,SEQ-A058965CBAFE
LOC-001933,RNA-007547,GEN-0009,88293,88850,,558,0,,,,SEQ-ED8E4526FA26
LOC-001934,RNA-007548,GEN-0009,3627797,3628387,,591,0,,,,SEQ-C9578FA6C3D7
LOC-001935,RNA-007551,GEN-0009,4327201,4327413,,213,0,,,,SEQ-289B8CDFE7FA
LOC-001936,RNA-007553,GEN-0009,3167570,3171115,,3546,0,,,,SEQ-0986582869CF
LOC-001937,RNA-007554,GEN-0009,4117855,4118853,,999,0,,,,SEQ-4E3A627F0100
LOC-001938,RNA-007557,GEN-0009,3149682,3151457,,1776,0,,,,SEQ-63CEF0C96440
LOC-001939,RNA-007559,GEN-0009,3658763,3659521,,759,0,,,,SEQ-D376F41BE0BB
LOC-001940,RNA-007562,GEN-0009,3023662,3023934,,273,0,,,,SEQ-39F8F39CEBA3
LOC-001941,RNA-007563,GEN-0009,4141308,4143332,,2025,0,,,,SEQ-68C1664A20D4
LOC-001942,RNA-007567,GEN-0009,3982856,3985582,,2727,0,,,,SEQ-DF40F5633455
LOC-001943,RNA-007573,GEN-0009,3396971,3398953,,1983,0,,,,SEQ-37FE60ED2C2D
LOC-001944,RNA-007575,GEN-0009,2993527,2993712,,186,0,,,,SEQ-0B24F9242B0C
LOC-001945,RNA-007581,GEN-0009,77251,78546,,1296,0,,,,SEQ-FA54E6515D71
LOC-001946,RNA-007585,GEN-0009,15380,15928,,549,0,,,,SEQ-CD35624CBA39
LOC-001947,RNA-007596,GEN-0009,4256263,4257159,,897,0,,,,SEQ-E82551EC6EFF
LOC-001948,RNA-007598,GEN-0009,3943994,3944659,,666,0,,,,SEQ-33FBF5853CCA
LOC-001949,RNA-007601,GEN-0009,4128408,4129928,,1521,0,,,,SEQ-8D727D475E98
LOC-001950,RNA-007607,GEN-0009,3369271,3370746,,1476,0,,,,SEQ-98727AFEF333
LOC-001951,RNA-007608,GEN-0009,3111011,3112723,,1713,0,,,,SEQ-F6FB676AF73B
LOC-001952,RNA-007609,GEN-0009,3607509,3608840,,1332,0,,,,SEQ-7984B97D6F35
LOC-001953,RNA-007614,GEN-0009,3693347,3695425,,2079,0,,,,SEQ-F98FCD157996
LOC-001954,RNA-007615,GEN-0009,3093306,3094016,,711,0,,,,SEQ-A6732E34884A
LOC-001955,RNA-007618,GEN-0009,4200203,4201843,,1641,0,,,,SEQ-799B6F7DC8D7
LOC-001956,RNA-007624,GEN-0009,3616124,3616426,,303,0,,,,SEQ-09E9092A09BF
LOC-001957,RNA-007628,GEN-0009,4487883,4489298,,1416,0,,,,SEQ-E10795DB388A
LOC-001958,RNA-007630,GEN-0009,3811595,3812881,,1287,0,,,,SEQ-1E28BB648CDC
LOC-001959,RNA-007633,GEN-0009,2999551,3000630,,1080,0,,,,SEQ-800CBA28B258
LOC-001960,RNA-007636,GEN-0009,47844,48818,,975,0,,,,SEQ-DB071A10DCCF
LOC-001961,RNA-007640,GEN-0009,84947,85480,,534,0,,,,SEQ-AEFA1D086CF9
LOC-001962,RNA-007646,GEN-0009,3689410,3690180,,771,0,,,,SEQ-4B31A83F48FD
LOC-001963,RNA-007653,GEN-0009,3051690,3053471,,1782,0,,,,SEQ-F7651AB2CD12
LOC-001964,RNA-007654,GEN-0009,4289814,4291187,,1374,0,,,,SEQ-27EEF9FA93A4
LOC-001965,RNA-007657,GEN-0009,3955384,3957495,,2112,0,,,,SEQ-B564511AECDE
LOC-001966,RNA-007660,GEN-0009,74138,75235,,1098,0,,,,SEQ-58ED08252F70
LOC-001967,RNA-007661,GEN-0009,4553931,4555001,,1071,0,,,,SEQ-C0C096ABA969
LOC-001968,RNA-007664,GEN-0009,4079045,4080382,,1338,0,,,,SEQ-CAEE27E9A661
LOC-001969,RNA-007669,GEN-0009,73221,73526,,306,0,,,,SEQ-7DA922B8D962
LOC-001970,RNA-007670,GEN-0009,3571515,3571985,,471,0,,,,SEQ-1157B629550E
LOC-001971,RNA-007676,GEN-0009,85922,86209,,288,0,,,,SEQ-A5B53129DCCA
LOC-001972,RNA-007679,GEN-0009,4600191,4600757,,567,0,,,,SEQ-1C744F6B6F58
LOC-001973,RNA-007682,GEN-0009,3785265,3787307,,2043,0,,,,SEQ-5789DA8A7296
LOC-001974,RNA-007684,GEN-0009,3126629,3127924,,1296,0,,,,SEQ-CD3EE34EB29C
LOC-001975,RNA-007688,GEN-0009,3425703,3427067,,1365,0,,,,SEQ-B3FAE010E3E7
LOC-001976,RNA-007694,GEN-0009,3109160,3110113,,954,0,,,,SEQ-FAE4B41AF214
LOC-001977,RNA-007697,GEN-0009,3611642,3612181,,540,0,,,,SEQ-8003B5590FE5
LOC-001978,RNA-007699,GEN-0009,4112970,4113389,,420,0,,,,SEQ-E0254F6DD7BB
LOC-001979,RNA-007700,GEN-0009,3892161,3894011,,1851,0,,,,SEQ-95A2C9FF4AFA
LOC-001980,RNA-007702,GEN-0009,4842011,4842790,,780,0,,,,SEQ-09767704527B
LOC-001981,RNA-007704,GEN-0009,3650653,3656547,,5895,0,,,,SEQ-1AAB7CDB7C41
LOC-001982,RNA-007709,GEN-0009,3389926,3391167,,1242,0,,,,SEQ-BDFE5872C90A
LOC-001983,RNA-007711,GEN-0009,3822167,3824791,,2625,0,,,,SEQ-8EB9D3DB9517
LOC-001984,RNA-007713,GEN-0009,4627031,4628290,,1260,0,,,,SEQ-A0E2F62BB0F0
LOC-001985,RNA-007714,GEN-0009,4319592,4320521,,930,0,,,,SEQ-7D71248E8FA9
LOC-001986,RNA-007715,GEN-0009,3613056,3613310,,255,0,,,,SEQ-D7F16CA38DDE
LOC-001987,RNA-007720,GEN-0009,7015,7851,,837,0,,,,SEQ-03325D00BDDA
LOC-001988,RNA-007721,GEN-0009,3927565,3928611,,1047,0,,,,SEQ-E1F9B4F0AC02
LOC-001989,RNA-007722,GEN-0009,4083801,4084760,,960,0,,,,SEQ-032878DCA939
LOC-001990,RNA-007728,GEN-0009,4248675,4250057,,1383,0,,,,SEQ-BB2D86D15C62
LOC-001991,RNA-007729,GEN-0009,4702409,4703761,,1353,0,,,,SEQ-A6485B7F974F
LOC-001992,RNA-007731,GEN-0009,3623251,3623721,,471,0,,,,SEQ-A85EE6045B45
LOC-001993,RNA-007734,GEN-0009,4408040,4408312,,273,0,,,,SEQ-B7D756C3AAEC
LOC-001994,RNA-007743,GEN-0009,4614219,4615271,,1053,0,,,,SEQ-C2FF6455DE41
LOC-001995,RNA-007745,GEN-0009,3759397,3760065,,669,0,,,,SEQ-8A3A33F2E7F4
LOC-001996,RNA-007749,GEN-0009,3613310,3613501,,192,0,,,,SEQ-CECD641692F3
LOC-001997,RNA-007751,GEN-0009,3609469,3609972,,504,0,,,,SEQ-1797926575E0
LOC-001998,RNA-007756,GEN-0009,4115898,4116788,,891,0,,,,SEQ-065DE3CA85BA
LOC-001999,RNA-007758,GEN-0009,3976075,3978942,,2868,0,,,,SEQ-F338562722A7
LOC-002000,RNA-007759,GEN-0009,58484,62251,,3768,0,,,,SEQ-82092AA9151D
LOC-002001,RNA-007760,GEN-0009,3527930,3529420,,1491,0,,,,SEQ-B715B78C3055
LOC-002002,RNA-007761,GEN-0009,4428500,4429324,,825,0,,,,SEQ-92B019F19062
LOC-002003,RNA-007765,GEN-0009,4625536,4626816,,1281,0,,,,SEQ-449AAC3D3B74
LOC-002004,RNA-007767,GEN-0009,3623817,3624191,,375,0,,,,SEQ-964CD1559FA0
LOC-002005,RNA-007771,GEN-0009,4473370,4474728,,1359,0,,,,SEQ-1E2E71E4DA46
LOC-002006,RNA-007772,GEN-0009,3257113,3259104,,1992,0,,,,SEQ-62F6B4DB9312
LOC-002007,RNA-007774,GEN-0009,3870706,3871530,,825,0,,,,SEQ-05090A7D2BEA
LOC-002008,RNA-007778,GEN-0009,4225637,4226260,,624,0,,,,SEQ-0F0BACF96CE5
LOC-002009,RNA-007780,GEN-0009,4167912,4170458,,2547,0,,,,SEQ-B72A877F3010
LOC-002010,RNA-007781,GEN-0009,3958195,3960276,,2082,0,,,,SEQ-F6A687C933F9
LOC-002011,RNA-007782,GEN-0009,3678085,3679704,,1620,0,,,,SEQ-3335956D2B5D
LOC-002012,RNA-007783,GEN-0009,4371337,4372188,,852,0,,,,SEQ-64240CC50DE1
LOC-002013,RNA-007790,GEN-0009,4603060,4603419,,360,0,,,,SEQ-D4EFCF61CDB0
LOC-002014,RNA-007792,GEN-0009,4781635,4782408,,774,0,,,,SEQ-AE4B781AD14D
LOC-002015,RNA-007795,GEN-0009,3619784,3620968,,1185,0,,,,SEQ-64592B75A447
LOC-002016,RNA-007797,GEN-0009,4660140,4662083,,1944,0,,,,SEQ-ACD4EE458DA6
LOC-002017,RNA-007798,GEN-0009,1747010,1748383,,1374,0,,,,SEQ-89C12900C756
LOC-002018,RNA-007799,GEN-0010,817259,817259,,1,0,,,34591974,SEQ-2948B617556D
LOC-002019,RNA-007800,GEN-0010,3579364,3580584,,1221,0,,,,SEQ-E57C843FE3C1
LOC-002020,RNA-007801,GEN-0010,4565995,4567536,,1542,0,,,,SEQ-FA0132716815
LOC-002021,RNA-007802,GEN-0010,2758479,2759483,,1005,0,,,,SEQ-C8A4A5D3261D
LOC-002022,RNA-007803,GEN-0010,3607019,3607318,,300,0,,,,SEQ-42ED504E7B0A
LOC-002023,RNA-007804,GEN-0010,1408209,1409552,,1344,0,,,,SEQ-6F684A7E7E47
LOC-002024,RNA-007805,GEN-0010,4814846,4816351,,1506,0,,,,SEQ-76CC1CA9AE3E
LOC-002025,RNA-007806,GEN-0010,648175,648696,,522,0,,,,SEQ-4EEDE0AED4CA
LOC-002026,RNA-007807,GEN-0010,1689895,1691106,,1212,0,,,,SEQ-B0C9C7D4E1AE
LOC-002027,RNA-007808,GEN-0010,5357929,5358924,,996,0,,,,SEQ-BD89733851B0
LOC-002028,RNA-007809,GEN-0010,4733213,4733710,,498,0,,,,SEQ-EA28C4EFF7A0
LOC-002029,RNA-007810,GEN-0010,2787995,2789208,,1214,0,,,,SEQ-E68072A125E1
LOC-002030,RNA-007811,GEN-0010,2889905,2890870,,966,0,,,,SEQ-D8D22749A0ED
LOC-002031,RNA-007812,GEN-0010,47602,48543,,942,0,,,,SEQ-4F4EDA969BCB
LOC-002032,RNA-007813,GEN-0010,4130091,4130393,,303,0,,,,SEQ-51B4A4D8761E
LOC-002033,RNA-007814,GEN-0010,2357872,2358726,,855,0,,,,SEQ-F4B380F9F794
LOC-002034,RNA-007815,GEN-0010,2194146,2195045,,900,0,,,,SEQ-B7AA91F38F99
LOC-002035,RNA-007816,GEN-0010,389822,391240,,1419,0,,,,SEQ-11679A45A4A7
LOC-002036,RNA-007817,GEN-0010,4388020,4388508,,489,0,,,,SEQ-14A9A668F480
LOC-002037,RNA-007818,GEN-0010,435634,436467,,834,0,,,,SEQ-F09CFCCED15C
LOC-002038,RNA-007819,GEN-0010,3947305,3948195,,891,0,,,,SEQ-599B9190B41B
LOC-002039,RNA-007820,GEN-0010,3299516,3303109,,3594,0,,,,SEQ-01CCCCDEEEEE
LOC-002040,RNA-007821,GEN-0010,283033,283773,,741,0,,,,SEQ-8D326787C6F1
LOC-002041,RNA-007822,GEN-0010,2378521,2379450,,930,0,,,,SEQ-40290FC6E3AA
LOC-002042,RNA-007823,GEN-0010,3448037,3448891,,855,0,,,,SEQ-079662756148
LOC-002043,RNA-007824,GEN-0010,4649244,4650068,,825,0,,,,SEQ-FE9262DD5F49
LOC-002044,RNA-007825,GEN-0010,1923649,1924062,,414,0,,,,SEQ-3E4EFF8D3F1D
LOC-002045,RNA-007826,GEN-0010,2946353,2947141,,789,0,,,,SEQ-CF47B43C9EE9
LOC-002046,RNA-007827,GEN-0010,2503555,2504223,,669,0,,,,SEQ-22F88109CC94
LOC-002047,RNA-007828,GEN-0010,3324769,3326025,,1257,0,,,,SEQ-27541794F2F3
LOC-002048,RNA-007829,GEN-0010,1097397,1098455,,1059,0,,,,SEQ-23083A91CC56
LOC-002049,RNA-007830,GEN-0010,1269515,1270491,,977,0,,,,SEQ-E37546D701DE
LOC-002050,RNA-007831,GEN-0010,1235288,1235740,,453,0,,,,SEQ-ED5A9B218C04
LOC-002051,RNA-007832,GEN-0010,4433239,4433970,,732,0,,,,SEQ-52A90A7D9408
LOC-002052,RNA-007833,GEN-0010,4745617,4746030,,414,0,,,,SEQ-E31E982C2986
LOC-002053,RNA-007834,GEN-0010,4504548,4505870,,1323,0,,,,SEQ-0C884C294293
LOC-002054,RNA-007835,GEN-0010,264134,264652,,519,0,,,,SEQ-5692BFF2F024
LOC-002055,RNA-007836,GEN-0010,2845041,2845268,,228,0,,,,SEQ-73711FB42282
LOC-002056,RNA-007837,GEN-0010,2890873,2891994,,1122,0,,,,SEQ-84075D7D099C
LOC-002057,RNA-007838,GEN-0010,3623206,3624378,,1173,0,,,,SEQ-D5C5C310A865
LOC-002058,RNA-007839,GEN-0010,3187537,3188427,,891,0,,,,SEQ-E7F6FC460561
LOC-002059,RNA-007840,GEN-0010,2569641,2570144,,504,0,,,,SEQ-2E8650BB8BE4
LOC-002060,RNA-007842,GEN-0010,3114279,3114836,,558,0,,,,SEQ-4D12E603A2DA
LOC-002061,RNA-007843,GEN-0010,1726010,1728559,,2550,0,,,,SEQ-ECBED9990821
LOC-002062,RNA-007844,GEN-0010,4420626,4421684,,1059,0,,,,SEQ-5983D7815D93
LOC-002063,RNA-007845,GEN-0010,1180803,1181087,,285,0,,,,SEQ-A5F8540C33D2
LOC-002064,RNA-007846,GEN-0010,4085541,4086905,,1365,0,,,,SEQ-798FB5C151B4
LOC-002065,RNA-007847,GEN-0010,245399,248891,,3493,0,,,,SEQ-F7780CCE6EA7
LOC-002066,RNA-007848,GEN-0010,3854788,3856707,,1920,0,,,,SEQ-DDA8254F8ECA
LOC-002067,RNA-007849,GEN-0010,1088264,1089877,,1614,0,,,,SEQ-E8107F169A1B
LOC-002068,RNA-007850,GEN-0010,5252631,5253350,,720,0,,,,SEQ-5038E02F32D6
LOC-002069,RNA-007851,GEN-0010,222922,223326,,405,0,,,,SEQ-AC24644B2090
LOC-002070,RNA-007852,GEN-0010,484496,486313,,1818,0,,,,SEQ-C0B9FD109CB9
LOC-002071,RNA-007853,GEN-0010,1488408,1490021,,1614,0,,,,SEQ-E8107F169A1B
LOC-002072,RNA-007854,GEN-0010,1310833,1311279,,447,0,,,,SEQ-69D6BB831136
LOC-002073,RNA-007855,GEN-0010,4734059,4734406,,348,0,,,,SEQ-A5AAAF9B967D
LOC-002074,RNA-007856,GEN-0010,1615065,1615697,,633,0,,,,SEQ-16CD0E515A4A
LOC-002075,RNA-007857,GEN-0010,3741081,3741836,,756,0,,,,SEQ-111A6D278377
LOC-002076,RNA-007858,GEN-0010,3910150,3910908,,759,0,,,,SEQ-F6C1CFBF9E70
LOC-002077,RNA-007859,GEN-0010,2737395,2738522,,1128,0,,,,SEQ-4A264ABDE53B
LOC-002078,RNA-007860,GEN-0010,411901,413160,,1260,0,,,,SEQ-2DD2DDD0C504
LOC-002079,RNA-007861,GEN-0010,77731,79341,,1611,0,,,,SEQ-9A9DB98B8D58
LOC-002080,RNA-007862,GEN-0010,4063218,4063721,,504,0,,,,SEQ-20F21D4BBE28
LOC-002081,RNA-007863,GEN-0010,487967,488548,,582,0,,,,SEQ-4636A23287A0
LOC-002082,RNA-007864,GEN-0010,2260859,2261833,,975,0,,,,SEQ-7768E20283AA
LOC-002083,RNA-007865,GEN-0010,2252705,2253031,,327,0,,,,SEQ-220D9B8E6713
LOC-002084,RNA-007866,GEN-0010,4461321,4461656,,336,0,,,,SEQ-5522555ED2E9
LOC-002085,RNA-007867,GEN-0010,3557729,3558607,,879,0,,,,SEQ-C7730C4B538D
LOC-002086,RNA-007868,GEN-0010,1010004,1010288,,285,0,,,,SEQ-D740DCB2F5BC
LOC-002087,RNA-007869,GEN-0010,2857695,2858672,,978,0,,,,SEQ-C1B700EA7F02
LOC-002088,RNA-007870,GEN-0010,1614464,1615003,,540,0,,,,SEQ-A31B00D59BA6
LOC-002089,RNA-007871,GEN-0010,2380993,2382639,,1647,0,,,,SEQ-1E57798DCA5F
LOC-002090,RNA-007872,GEN-0010,1497541,1498599,,1059,0,,,,SEQ-23083A91CC56
LOC-002091,RNA-007873,GEN-0010,2943875,2944621,,747,0,,,,SEQ-D71AEA92640D
LOC-002092,RNA-007874,GEN-0010,745237,746325,,1089,0,,,,SEQ-491207139308
LOC-002093,RNA-007875,GEN-0010,1082875,1083138,,264,0,,,,SEQ-F79578859C33
LOC-002094,RNA-007876,GEN-0010,1483019,1483282,,264,0,,,,SEQ-F79578859C33
LOC-002095,RNA-007877,GEN-0010,1312452,1314548,,2097,0,,,,SEQ-3127619A372B
LOC-002096,RNA-007878,GEN-0010,2504386,2504976,,591,0,,,,SEQ-00ECB56636A5
LOC-002097,RNA-007879,GEN-0010,3109637,3112228,,2592,0,,,,SEQ-34C9983501C8
LOC-002098,RNA-007880,GEN-0010,3113230,3114282,,1053,0,,,,SEQ-46095FF0D47E
LOC-002099,RNA-007881,GEN-0010,3467449,3467835,,387,0,,,,SEQ-18B835E8DBF9
LOC-002100,RNA-007882,GEN-0010,3043033,3043611,,579,0,,,,SEQ-76A6CA63B137
LOC-002101,RNA-007883,GEN-0010,3775188,3776063,,876,0,,,,SEQ-20F6EF4B627B
LOC-002102,RNA-007884,GEN-0010,2128090,2131587,,3498,0,,,,SEQ-C7F4A396DF9B
LOC-002103,RNA-007885,GEN-0010,559971,560300,,330,0,,,,SEQ-7ED61FFD1740
LOC-002104,RNA-007886,GEN-0010,1117149,1117382,,234,0,,,,SEQ-82788C22317E
LOC-002105,RNA-007887,GEN-0010,3624395,3625933,,1539,0,,,,SEQ-461924BE3A86
LOC-002106,RNA-007888,GEN-0010,4412125,4412484,,360,0,,,,SEQ-AB54EBF0D5B5
LOC-002107,RNA-007889,GEN-0010,256527,257807,,1281,0,,,,SEQ-22EB10F27BAD
LOC-002108,RNA-007890,GEN-0010,3981546,3982205,,660,0,,,,SEQ-1DE2F4BD3B87
LOC-002109,RNA-007891,GEN-0010,1013192,1014877,,1686,0,,,,SEQ-A07997C68E72
LOC-002110,RNA-007892,GEN-0010,1924043,1926655,,2613,0,,,,SEQ-6FEFF70FABEA
LOC-002111,RNA-007893,GEN-0010,3143888,3148402,,4515,0,,,,SEQ-84467105325A
LOC-002112,RNA-007894,GEN-0010,3105766,3106050,,285,0,,,,SEQ-4198646CA73B
LOC-002113,RNA-007895,GEN-0010,746336,747448,,1113,0,,,,SEQ-5F7827C77F26
LOC-002114,RNA-007896,GEN-0010,2343375,2343566,,192,0,,,,SEQ-A19321E95E4F
LOC-002115,RNA-007897,GEN-0010,1322086,1323114,,1029,0,,,,SEQ-9C6F830B1925
LOC-002116,RNA-007898,GEN-0010,2669226,2669729,,504,0,,,,SEQ-53162A27576D
LOC-002117,RNA-007899,GEN-0010,1221571,1222581,,1011,0,,,,SEQ-0134EA731AA2
LOC-002118,RNA-007900,GEN-0010,1490052,1490882,,831,0,,,,SEQ-759F9DEC6482
LOC-002119,RNA-007901,GEN-0010,2583155,2584270,,1116,0,,,,SEQ-8005DBFE1A11
LOC-002120,RNA-007902,GEN-0010,4940050,4941459,,1410,0,,,,SEQ-3D93D2F93551
LOC-002121,RNA-007903,GEN-0010,4300101,4301282,,1182,0,,,,SEQ-D43A1082FAF9
LOC-002122,RNA-007904,GEN-0010,3719919,3720710,,792,0,,,,SEQ-7FEF56D4FE6D
LOC-002123,RNA-007905,GEN-0010,5102373,5103962,,1590,0,,,,SEQ-94F8643041A4
LOC-002124,RNA-007906,GEN-0010,5266050,5266625,,576,0,,,,SEQ-980E89FFB3B0
LOC-002125,RNA-007907,GEN-0010,3498931,3502818,,3888,0,,,,SEQ-62F6FBE450AD
LOC-002126,RNA-007908,GEN-0010,1829212,1830843,,1632,0,,,,SEQ-B4A933F25591
LOC-002127,RNA-007909,GEN-0010,4274021,4274323,,303,0,,,,SEQ-1F870DC8087E
LOC-002128,RNA-007910,GEN-0010,2747197,2747379,,183,0,,,,SEQ-10653BEB0AA6
LOC-002129,RNA-007911,GEN-0010,1311267,1312406,,1140,0,,,,SEQ-004E51D948BB
LOC-002130,RNA-007912,GEN-0010,2440872,2441177,,306,0,,,,SEQ-1C8A7CAA1E4A
LOC-002131,RNA-007913,GEN-0010,1144634,1144852,,219,0,,,,SEQ-AECECF65BAB2
LOC-002132,RNA-007914,GEN-0010,738425,738634,,210,0,,,,SEQ-0326C321FBAA
LOC-002133,RNA-007915,GEN-0010,4146164,4147651,,1488,0,,,,SEQ-182FDBEAF82E
LOC-002134,RNA-007916,GEN-0010,1746753,1747706,,954,0,,,,SEQ-F3071EAB13FF
LOC-002135,RNA-007917,GEN-0010,4269218,4269523,,306,0,,,,SEQ-C4DCEB2B380E
LOC-002136,RNA-007918,GEN-0010,521186,522484,,1299,0,,,,SEQ-AA8108B73BBB
LOC-002137,RNA-007919,GEN-0010,2669750,2671714,,1965,0,,,,SEQ-2C11989AEE18
LOC-002138,RNA-007920,GEN-0010,3364124,3365176,,1053,0,,,,SEQ-5926855FB40D
LOC-002139,RNA-007921,GEN-0010,2718842,2720599,,1758,0,,,,SEQ-F30950BE5F6A
LOC-002140,RNA-007922,GEN-0010,4765063,4766478,,1416,0,,,,SEQ-1EB495FFE4B4
LOC-002141,RNA-007923,GEN-0010,2667422,2669083,,1662,0,,,,SEQ-BB7F310C9683
LOC-002142,RNA-007924,GEN-0010,1585220,1586863,,1644,0,,,,SEQ-4D6D4A82B2AC
LOC-002143,RNA-007925,GEN-0010,5498879,5500543,,1665,0,,,,SEQ-38996E2647A0
LOC-002144,RNA-007926,GEN-0010,4720532,4721923,,1392,0,,,,SEQ-61D9A75C8AF6
LOC-002145,RNA-007927,GEN-0010,2720865,2722262,,1398,0,,,,SEQ-BC8F7848A57D
LOC-002146,RNA-007928,GEN-0010,2717803,2718522,,720,0,,,,SEQ-6421D26906D9
LOC-002147,RNA-007929,GEN-0010,4093383,4094321,,939,0,,,,SEQ-062BBFB8D024
LOC-002148,RNA-007930,GEN-0010,1576714,1577007,,294,0,,,,SEQ-CAAC14D5D7FA
LOC-002149,RNA-007931,GEN-0010,4508182,4508949,,768,0,,,,SEQ-DE4B1CBDDB2B
LOC-002150,RNA-007932,GEN-0010,2665775,2667376,,1602,0,,,,SEQ-E5D9D50D8DC2
LOC-002151,RNA-007933,GEN-0010,5150112,5151452,,1341,0,,,,SEQ-FC8D465CF65F
LOC-002152,RNA-007934,GEN-0010,1576293,1576709,,417,0,,,,SEQ-22A067D78FC4
LOC-002153,RNA-007935,GEN-0010,1771961,1772554,,594,0,,,,SEQ-405A72CFA74D
LOC-002154,RNA-007936,GEN-0010,2672642,2673529,,888,0,,,,SEQ-44E666A11A3D
LOC-002155,RNA-007937,GEN-0010,4766569,4767816,,1248,0,,,,SEQ-01F5849ABB58
LOC-002156,RNA-007938,GEN-0010,1577897,1578313,,417,0,,,,SEQ-5B86DA70CE6E
LOC-002157,RNA-007939,GEN-0010,2732176,2733834,,1659,0,,,,SEQ-48C460DD4C8F
LOC-002158,RNA-007940,GEN-0010,5027124,5028014,,891,0,,,,SEQ-A91B1A2A3A50
LOC-002159,RNA-007941,GEN-0010,5232675,5233553,,879,0,,,,SEQ-3ECB9D9DAF39
LOC-002160,RNA-007942,GEN-0010,1586875,1587828,,954,0,,,,SEQ-A329911508FC
LOC-002161,RNA-007943,GEN-0010,4092295,4093284,,990,0,,,,SEQ-9016962B92D3
LOC-002162,RNA-007944,GEN-0010,4764768,4764842,,75,0,,,,SEQ-FB7F012EF02D
LOC-002163,RNA-007945,GEN-0010,2671719,2672645,,927,0,,,,SEQ-64C99C93242D
LOC-002164,RNA-007946,GEN-0010,1579453,1580658,,1206,0,,,,SEQ-F12DC22EE185
LOC-002165,RNA-007947,GEN-0010,1578317,1578721,,405,0,,,,SEQ-E83BED6B8288
LOC-002166,RNA-007948,GEN-0010,2731647,2731961,,315,0,,,,SEQ-757FA083AD96
LOC-002167,RNA-007949,GEN-0010,5187428,5189386,,1959,0,,,,SEQ-8B7C95D3097A
LOC-002168,RNA-007950,GEN-0010,1578733,1579428,,696,0,,,,SEQ-8DCDDAFF5914
LOC-002169,RNA-007951,GEN-0010,2738627,2739091,,465,0,,,,SEQ-59CD65C7301B
LOC-002170,RNA-007952,GEN-0010,735716,737101,,1386,0,,,,SEQ-14A48455A39E
LOC-002171,RNA-007953,GEN-0010,2739096,2740100,,1005,0,,,,SEQ-683FEC6F96EE
LOC-002172,RNA-007954,GEN-0010,2664896,2665756,,861,0,,,,SEQ-F2E1F66E9165
LOC-002173,RNA-007955,GEN-0010,1584213,1585154,,942,0,,,,SEQ-5C66C525DDAF
LOC-002174,RNA-007956,GEN-0010,2722287,2722697,,411,0,,,,SEQ-D939571AB068
LOC-002175,RNA-007957,GEN-0010,2659364,2661442,,2079,0,,,,SEQ-24EAF8E0B725
LOC-002176,RNA-007958,GEN-0010,4044714,4046234,,1521,0,,,,SEQ-A601C82DEB43
LOC-002177,RNA-007959,GEN-0010,2740097,2740510,,414,0,,,,SEQ-51AE47875F10
LOC-002178,RNA-007960,GEN-0010,2566452,2567927,,1476,0,,,,SEQ-34ABB3EAF6E0
LOC-002179,RNA-007961,GEN-0010,1582406,1583104,,699,0,,,,SEQ-CECBF4D659A1
LOC-002180,RNA-007962,GEN-0010,1577083,1577742,,660,0,,,,SEQ-4D93C972554E
LOC-002181,RNA-007963,GEN-0010,2683836,2684159,,324,0,,,,SEQ-831F9565CCE9
LOC-002182,RNA-007964,GEN-0010,2662785,2663429,,645,0,,,,SEQ-4B88518B3F77
LOC-002183,RNA-007965,GEN-0010,2663844,2664893,,1050,0,,,,SEQ-F2344BDD2BF8
LOC-002184,RNA-007966,GEN-0010,2735563,2736936,,1374,0,,,,SEQ-0F0C19F1E6EA
LOC-002185,RNA-007967,GEN-0010,2734815,2735501,,687,0,,,,SEQ-765B9AB0D3CB
LOC-002186,RNA-007968,GEN-0010,2663440,2663829,,390,0,,,,SEQ-DBD43A608571
LOC-002187,RNA-007969,GEN-0010,5186913,5187227,,315,0,,,,SEQ-A22F5B836E6F
LOC-002188,RNA-007970,GEN-0010,1551838,1552170,,333,0,,,,SEQ-11745A3D8B91
LOC-002189,RNA-007971,GEN-0010,2722697,2723062,,366,0,,,,SEQ-76C7360109FC
LOC-002190,RNA-007972,GEN-0010,1580678,1581433,,756,0,,,,SEQ-B803F429FFFE
LOC-002191,RNA-007973,GEN-0010,2661435,2662583,,1149,0,,,,SEQ-604D7E17EF70
LOC-002192,RNA-007974,GEN-0010,3352834,3353850,,1017,0,,,,SEQ-70A16A755FB9
LOC-002193,RNA-007975,GEN-0010,2658972,2659364,,393,0,,,,SEQ-AE2BC4D88685
LOC-002194,RNA-007976,GEN-0010,2736955,2737398,,444,0,,,,SEQ-BA8E96465688
LOC-002195,RNA-007977,GEN-0010,3375244,3375537,,294,0,,,,SEQ-A8D728AC061A
LOC-002196,RNA-007978,GEN-0010,2880812,2882092,,1281,0,,,,SEQ-513713531F3F
LOC-002197,RNA-007979,GEN-0010,2166008,2166430,,423,0,,,,SEQ-BD36312C1B26
LOC-002198,RNA-007980,GEN-0010,972485,972988,,504,0,,,,SEQ-E3A4B628599D
LOC-002199,RNA-007981,GEN-0010,3198241,3198546,,306,0,,,,SEQ-B2E8F9190094
LOC-002200,RNA-007982,GEN-0010,2562975,2564909,,1935,0,,,,SEQ-E89217A56ADF
LOC-002201,RNA-007983,GEN-0010,3716668,3717966,,1299,0,,,,SEQ-B2F2B1011CE7
LOC-002202,RNA-007984,GEN-0010,1163376,1164002,,627,0,,,,SEQ-9E0E777E3852
LOC-002203,RNA-007985,GEN-0010,5081872,5086095,,4224,0,,,,SEQ-50EBE0D72367
LOC-002204,RNA-007986,GEN-0010,5316868,5318493,,1626,0,,,,SEQ-48FB4D45F5BE
LOC-002205,RNA-007799,GEN-0010,817259,817695,,437,0,,,34591974,SEQ-2948B617556D
LOC-002206,RNA-007987,GEN-0010,2017486,2017917,,432,0,,,,SEQ-197E6B7BF5EA
LOC-002207,RNA-007988,GEN-0010,3167626,3168702,,1077,0,,,,SEQ-8E9F7BD6834E
LOC-002208,RNA-007989,GEN-0010,4554676,4554966,,291,0,,,,SEQ-E4E56675F58D
LOC-002209,RNA-007990,GEN-0010,2575074,2575322,,249,0,,,,SEQ-FC9EAD9DDB4A
LOC-002210,RNA-007991,GEN-0010,3168707,3170065,,1359,0,,,,SEQ-1E3926CB18B8
LOC-002211,RNA-007992,GEN-0010,2087563,2088564,,1002,0,,,,SEQ-EF1CA48E9C89
LOC-002212,RNA-007993,GEN-0010,2754837,2755688,,852,0,,,,SEQ-A46B5F9C00CB
LOC-002213,RNA-007994,GEN-0010,1570286,1570933,,648,0,,,,SEQ-B3F0FF362216
LOC-002214,RNA-007995,GEN-0010,3173212,3174402,,1191,0,,,,SEQ-0FC16013A789
LOC-002215,RNA-007996,GEN-0010,3382651,3384654,,2004,0,,,,SEQ-3D95BA8A85A5
LOC-002216,RNA-007997,GEN-0010,1040214,1041932,,1719,0,,,,SEQ-4C94DF9FA952
LOC-002217,RNA-007998,GEN-0010,2458190,2458558,,369,0,,,,SEQ-45D0B23D78EF
LOC-002218,RNA-007999,GEN-0010,2020704,2021714,,1011,0,,,,SEQ-FA9F060C3D37
LOC-002219,RNA-008000,GEN-0010,4271821,4272522,,702,0,,,,SEQ-0B5934A65DBE
LOC-002220,RNA-008001,GEN-0010,4266744,4267178,,435,0,,,,SEQ-233C9EE39FD5
LOC-002221,RNA-008002,GEN-0010,2454692,2455963,,1272,0,,,,SEQ-005BBF8D0AF9
LOC-002222,RNA-008003,GEN-0010,3399891,3400604,,714,0,,,,SEQ-66C7059B36BC
LOC-002223,RNA-008004,GEN-0010,5327710,5328105,,396,0,,,,SEQ-A155761E1850
LOC-002224,RNA-008005,GEN-0010,2455938,2456684,,747,0,,,,SEQ-F02EC8903BFD
LOC-002225,RNA-008006,GEN-0010,2453475,2454695,,1221,0,,,,SEQ-A614752CE3FF
LOC-002226,RNA-008007,GEN-0010,4267365,4267868,,504,0,,,,SEQ-0FF8D9A25C6D
LOC-002227,RNA-008008,GEN-0010,399580,400629,,1050,0,,,,SEQ-A7E23C0EDC6D
LOC-002228,RNA-008009,GEN-0010,4273182,4274003,,822,0,,,,SEQ-DD70A2F93162
LOC-002229,RNA-008010,GEN-0010,966018,966278,,261,0,,,,SEQ-DA56049A0AA5
LOC-002230,RNA-008011,GEN-0010,3656072,3657781,,1710,0,,,,SEQ-3206B9F22A59
LOC-002231,RNA-008012,GEN-0010,4274936,4275565,,630,0,,,,SEQ-DEEF41A15578
LOC-002232,RNA-008013,GEN-0010,1756156,1757067,,912,0,,,,SEQ-204F11E15F47
LOC-002233,RNA-008014,GEN-0002,4056428,4056621,-,194,0,glnL,glnA,36062564,SEQ-1C4932E9A0D9
LOC-002234,RNA-008031,GEN-0008,623342,624457,-,1116,0,BSR30_RS03055,BSR30_RS03105,31504767,SEQ-FBF4E1653F5B
LOC-002235,RNA-008036,GEN-0008,611300,611674,,375,0,,,,SEQ-BA1241B25D41
LOC-002236,RNA-008039,GEN-0008,1510528,1512279,,1752,0,,,,SEQ-8466DFF1DC7B
LOC-002237,RNA-008044,GEN-0008,1823066,1824544,,1479,0,,,,SEQ-EA0EEE36EE42
LOC-002238,RNA-008047,GEN-0008,1755140,1756129,,990,0,,,,SEQ-487EA07BF67A
LOC-002239,RNA-008048,GEN-0008,816432,817193,,762,0,,,,SEQ-DDE88D085232
LOC-002240,RNA-008049,GEN-0009,4526162,4526302,-,141,0,soxR,SL1344_RS21900,30718400,SEQ-799A0BA54CFD
LOC-002241,RNA-008341,GEN-0008,2376112,2376255,-,144,0,BSR30_RS12690,sdpB,30760492,SEQ-826908CEFB66
LOC-002242,RNA-008406,GEN-0002,1958441,1958520,-,80,0,cutC,torY,NCBI,SEQ-10F62BF6A13A
LOC-002243,RNA-002981,GEN-0002,1409129,1409250,+,122,0,zntB,ynaL,NCBI,SEQ-D5DC51151C8A
LOC-002244,RNA-008019,GEN-0002,1405658,1405751,-,94,0,dgcM,abgA,NCBI,SEQ-41F1AB10413A
LOC-002245,RNA-008418,GEN-0002,2033649,2033739,+,91,0,yedA,yedS,NCBI,SEQ-DD621D0D5991
LOC-002246,RNA-005543,GEN-0002,4277926,4278066,-,141,0,yjcF,soxS,NCBI,SEQ-29BAB4B3BD97
LOC-002247,RNA-008424,GEN-0002,686681,686843,-,163,0,gltI,gltJ,NCBI,SEQ-810288BE242E
LOC-002248,RNA-000969,GEN-0002,2737154,2737495,+,342,0,bamD,RaiZ,NCBI,SEQ-53F919B6DBD1
LOC-002249,RNA-008425,GEN-0002,852725,853064,-,340,0,mntS,opgE,NCBI,SEQ-51F8DD0E4CE4
LOC-002250,RNA-008030,GEN-0002,1991748,1991814,-,67,0,leuZ,yecA,NCBI,SEQ-2A4689290E83
LOC-002251,RNA-005517,GEN-0002,2755593,2755955,+,363,0,smpB,intA,NCBI,SEQ-06C7646B6DB3
LOC-002252,RNA-001005,GEN-0002,4105820,4106320,+,501,0,yiiM,CpxQ,NCBI,SEQ-85FCE916DD63
LOC-002253,RNA-001008,GEN-0002,764180,765049,+,870,0,sucC,SdhX,NCBI,SEQ-B113861CC8A6
LOC-002254,RNA-008426,GEN-0002,3648063,3648144,+,82,0,gor,AgrB,NCBI,SEQ-41E45F41D0F8
LOC-002255,RNA-008427,GEN-0002,2470472,2470665,-,194,0,yodE,mlaA,BioCyc,SEQ-5D852AD23EAF
LOC-002256,RNA-008429,GEN-0002,2278258,2278498,-,241,0,bcr,yejG,BioCyc,SEQ-A4950ED0E150
LOC-002257,RNA-008432,GEN-0002,1670949,1671136,-,188,0,mdtI,ynfL,BioCyc,SEQ-1C88273099A4
LOC-002258,RNA-001362,GEN-0002,3658366,3658893,+,528,0,hdeD,GadF,NCBI,SEQ-01DE47DF117B
LOC-002259,RNA-008445,GEN-0002,1888017,1888102,-,86,0,fadD,rnd,BioCyc,SEQ-F3CFBB638584
LOC-002260,RNA-001784,GEN-0002,4051036,4051281,+,246,0,Spf,yihI,NCBI,SEQ-3842693A902C
LOC-002261,RNA-008457,GEN-0002,1987839,1987998,-,160,0,azuC,yecJ,BioCyc,SEQ-A7DAC8BAD85C
LOC-002262,RNA-004487,GEN-0002,4262840,4263082,+,243,0,dusA,PspH,NCBI,SEQ-EA83C5940EE3
LOC-002263,RNA-003768,GEN-0002,606265,607383,-,1119,0,SokE,ybdJ,NCBI,SEQ-A0924AE3131A
LOC-002264,RNA-008521,GEN-0002,1413556,1413734,+,179,0,dbpA,sieB,NCBI,SEQ-A765E5DF0111
LOC-002265,RNA-008565,GEN-0002,1196711,1196782,+,72,0,icd,lit,NCBI,SEQ-121E65A3F719
LOC-002266,RNA-008577,GEN-0002,238462,238586,+,125,0,yafT,yafF,BioCyc,SEQ-89224778D280
LOC-002267,RNA-008436,GEN-0002,2653452,2653538,-,87,0,sseB,TimR,BioCyc,SEQ-F6E4B18E798C
LOC-002268,RNA-008583,GEN-0002,3648294,3648375,+,82,0,AgrA,arsR,NCBI,SEQ-988379FB717E
LOC-002269,RNA-008622,GEN-0002,4001191,4001334,+,144,0,uvrD,ysgD,BioCyc,SEQ-3FFD42B191BF
LOC-002270,RNA-008629,GEN-0011,4577170,4577274,-,105,0,malG,E2348C_RS23395,34705501,SEQ-09D1B95C3225
LOC-002271,RNA-008631,GEN-0011,4653482,4654513,-,1032,0,ytcA,mdtO,NCBI,SEQ-9C46228F290A
LOC-002272,RNA-008633,GEN-0011,2289560,2289645,+,86,0,yegQ,yegS,34705501,SEQ-36BBE1ABFB16
LOC-002273,RNA-008634,GEN-0011,4421456,4421512,+,57,0,cpxP,fieF,34705501,SEQ-A2F58B5E3677
LOC-002274,RNA-008635,GEN-0011,3628715,3628822,+,108,0,yrbL,gltB,34705501,SEQ-38676316A6C9
LOC-002275,RNA-008637,GEN-0011,3174645,3174850,+,206,0,fucR,csdA,34705501,SEQ-31A65D348AFB
LOC-002276,RNA-008640,GEN-0011,1719533,1719630,-,98,0,dgcZ,eamA,34705501,SEQ-9D512FFB512F
LOC-002277,RNA-008642,GEN-0011,84706,84931,+,226,0,yabI,E2348C_RS00390,34705501,SEQ-14F9F2488F19
LOC-002278,RNA-008643,GEN-0011,3903564,3903632,-,69,0,E2348C_RS20150,hdeA,34705501,SEQ-592CFEBFCCB3
LOC-002279,RNA-008645,GEN-0011,3331262,3332314,+,1053,0,hemW,yggX,NCBI,SEQ-E1423769162C
LOC-002280,RNA-008647,GEN-0011,4366013,4366121,+,109,0,polA,E2348C_RS29325,34705501,SEQ-6D9208587C71
LOC-002281,RNA-008649,GEN-0011,1466261,1466343,-,83,0,nleA,E2348C_RS07545,34705501,SEQ-1C40945A39B7
LOC-002282,RNA-008651,GEN-0011,1575675,1575793,+,119,0,zntB,dbpA,34705501,SEQ-E7F68FF0B371
LOC-002283,RNA-008653,GEN-0011,4486260,4486369,-,110,0,sthA,argE,34705501,SEQ-52234303B0DF
LOC-002284,RNA-008661,GEN-0011,1290831,1290909,-,79,0,E2348C_RS28315,iraM,34705501,SEQ-EB80A4539054
LOC-002285,RNA-008662,GEN-0011,491592,491826,+,235,0,allR,gcl,34705501,SEQ-AFBC9A8F878B
LOC-002286,RNA-008667,GEN-0011,741157,741328,+,172,0,E2348C_RS28215,E2348C_RS03690,34705501,SEQ-7750BF448C0E
LOC-002287,RNA-008669,GEN-0011,1060260,1060432,+,173,0,E2348C_RS28250,E2348C_RS05375,34705501,SEQ-33A871560CAE
LOC-002288,RNA-008679,GEN-0011,3832976,3833065,-,90,0,ggt,yhhX,34705501,SEQ-F0626662C007
LOC-002289,RNA-008686,GEN-0011,1841797,1841904,+,108,0,ydiK,ydiL,NCBI,SEQ-F9FC25A617F6
LOC-002290,RNA-008688,GEN-0011,4056428,4056621,-,194,0,glnL,glnA,36062564,SEQ-CB529031C285
LOC-002291,RNA-008689,GEN-0011,743415,743499,-,85,0,E2348C_RS03720,E2348C_RS28220,34705501,SEQ-20AB63E2EC40
LOC-002292,RNA-008695,GEN-0011,3904570,3904660,+,91,0,gadE,mdtE,34705501,SEQ-5A5B8FAF30F8
LOC-002293,RNA-008708,GEN-0011,1568804,1568877,-,74,0,E2348C_RS08140,E2348C_RS08130,34705501,SEQ-3B0F171F229C
LOC-002294,RNA-008710,GEN-0011,1253647,1253746,+,100,0,bhsA,lolC,34705501,SEQ-35706D38D9DE
LOC-002295,RNA-008728,GEN-0011,1272662,1272713,-,52,0,E2348C_RS06500,dicB,34705501,SEQ-B635ECA39A8F
LOC-002296,RNA-008745,GEN-0011,2099422,2099614,-,193,0,E2348C_RS10930,fliA,34705501,SEQ-3EC4B3160DFD
LOC-002297,RNA-008756,GEN-0011,467574,467655,+,82,0,ushA,ybaQ,34705501,SEQ-31AFCB22163A
LOC-002298,RNA-008761,GEN-0011,2440301,2440393,+,93,0,eco,rcsD,34705501,SEQ-70D236CA9EA1
LOC-002299,RNA-008764,GEN-0011,2057288,2057367,-,80,0,cutC,torY,34705501,SEQ-10F62BF6A13A
LOC-002300,RNA-008788,GEN-0011,3981863,3982022,-,160,0,xylA,xylB,34705501,SEQ-7126B115D99D
LOC-002301,RNA-008790,GEN-0011,1986990,1987075,-,86,0,fadD,rnd,34705501,SEQ-F3CFBB638584
LOC-002302,RNA-008807,GEN-0011,1387243,1387354,+,112,0,narK,narG,34705501,SEQ-5528B59030CA
LOC-002303,RNA-008819,GEN-0011,3910443,3910547,+,105,0,mdtF,treF,34705501,SEQ-86F79E15CA0D
LOC-002304,RNA-008825,GEN-0011,2969395,2969556,+,162,0,raiA,pheL,34705501,SEQ-DBA3031C5790
LOC-002305,RNA-008862,GEN-0011,2121671,2121757,-,87,0,yedQ,dsrB,34705501,SEQ-C786FD6A5254
LOC-002306,RNA-008892,GEN-0011,802707,802802,-,96,0,ybiJ,E2348C_RS04015,34705501,SEQ-801933A17E81
LOC-002307,RNA-008900,GEN-0011,4233664,4233897,+,234,0,rbsB,rbsK,34705501,SEQ-36C41BF9FCEF
LOC-002308,RNA-008921,GEN-0011,1604829,1604892,-,64,0,E2348C_RS08305,gap,34705501,SEQ-960D7FC2D404
LOC-002309,RNA-008926,GEN-0011,2965067,2965209,-,143,0,pgeF,clpB,34705501,SEQ-6CCA7430A0AE
LOC-002310,RNA-008975,GEN-0011,3213612,3213687,-,76,0,lysA,OmrA,34705501,SEQ-2BC84D0D70C0
LOC-002311,RNA-009003,GEN-0011,679206,679304,+,99,0,sucD,E2348C_RS03240,34705501,SEQ-C28A37C2ACF7
LOC-002312,RNA-009062,GEN-0011,17053,17107,+,55,0,dnaJ,E2348C_RS00090,34705501,SEQ-A4F9D24D8E1B
LOC-002313,RNA-009109,GEN-0011,4145839,4146104,-,266,0,uhpT,adeQ,34705501,SEQ-6AD6739C972F
LOC-002314,RNA-009209,GEN-0011,3213403,3213490,-,88,0,OmrB,aas,34705501,SEQ-426E83D6E969
LOC-002315,RNA-009211,GEN-0011,886501,886579,-,79,0,ybjL,E2348C_RS04435,34705501,SEQ-A0C0451032D7
LOC-002316,RNA-009359,GEN-0011,607536,607698,-,163,0,gltI,gltJ,34705501,SEQ-36748739CD3E
LOC-002317,RNA-009360,GEN-0011,1413779,1413889,+,111,0,ychE,oppA,34705501,SEQ-85E710946673
LOC-002318,RNA-009362,GEN-0011,2274511,2274653,+,143,0,yegD,E2348C_RS11860,34705501,SEQ-BAB1DAD4F64B
LOC-002319,RNA-009374,GEN-0011,4595935,4596045,+,111,0,pspG,dnaB,34705501,SEQ-C877D2D1C96D
LOC-002320,RNA-009408,GEN-0011,4282111,4282282,+,172,0,aslB,cyaA,34705501,SEQ-A34D081C991C
LOC-002321,RNA-009414,GEN-0011,2930185,2930261,+,77,0,yfhL,nadB,34705501,SEQ-604365EC493A
LOC-002322,RNA-009419,GEN-0011,4367150,4367394,+,245,0,E2348C_RS29325,yihI,34705501,SEQ-79F8C3CA040B
LOC-002323,RNA-007565,GEN-0009,3511800,3511918,+,119,0,yrbL,gltB,35063132,SEQ-0E97520A6F3D
LOC-002324,RNA-007083,GEN-0009,1550746,1550843,+,98,0,SL1344_RS07530,eamA,35063132,SEQ-9518BCE46E54
LOC-002325,RNA-007147,GEN-0009,3156779,3156984,+,206,0,fucR,csdA,35063132,SEQ-B7B1373B5583
LOC-002326,RNA-006022,GEN-0009,898795,899310,+,516,0,rlmF,mntR,NCBI,SEQ-DD02B2D7485C
LOC-002327,RNA-007149,GEN-0009,4292542,4292599,+,58,0,cpxP,fieF,35063132,SEQ-7AA75CFF9128
LOC-002328,RNA-007230,GEN-0009,3067499,3067586,+,88,0,invH,SL1344_RS15015,35063132,SEQ-C3935535A0FD
LOC-002329,RNA-005644,GEN-0009,4580485,4580565,+,81,0,SL1344_RS22130,sRNA21,35063132,SEQ-37CF4E3EC962
LOC-002330,RNA-007478,GEN-0009,555494,555573,+,80,0,ushA,cueR,35063132,SEQ-27E55CB89644
LOC-002331,RNA-007362,GEN-0009,2228847,2228931,+,85,0,yegQ,sseK2,35063132,SEQ-6C804207F36C
LOC-002332,RNA-005675,GEN-0009,94653,94771,-,119,0,srfN,caiT,35063132,SEQ-BA48C33C0655
LOC-002333,RNA-007382,GEN-0009,2989429,2989505,+,77,0,emrB,SL1344_RS27740,35063132,SEQ-06D291967560
LOC-002334,RNA-007256,GEN-0009,74847,74924,+,78,0,dapB,carA,35063132,SEQ-CA3DD830A7E3
LOC-002335,RNA-007339,GEN-0009,1958513,1958819,-,307,0,cutC,aspS,35063132,SEQ-1DF337D179A1
LOC-002336,RNA-007003,GEN-0009,2364629,2364721,+,93,0,eco,rcsD,35063132,SEQ-1FA3E8839ADE
LOC-002337,RNA-009438,GEN-0009,1014991,1015135,-,145,0,SL1344_RS04740,focA,35063132,SEQ-5EDAAD8D2030
LOC-002338,RNA-009442,GEN-0009,2805082,2805222,-,141,0,pgeF,clpB,35063132,SEQ-B5A571EBB4AA
LOC-002339,RNA-005659,GEN-0009,1706784,1706905,-,122,0,zntB,dbpA,35063132,SEQ-30C7BDC55BD0
LOC-002340,RNA-009461,GEN-0009,142801,142976,+,176,0,ftsI,murE,35063132,SEQ-89ACA430980D
LOC-002341,RNA-009465,GEN-0009,2073050,2073339,+,290,0,SL1344_RS10215,SL1344_RS27705,35063132,SEQ-CAF1CA185E75
LOC-002342,RNA-009472,GEN-0009,1401683,1401790,-,108,0,ydiK,SL1344_RS06770,NCBI,SEQ-0847A44A3C2C
LOC-002343,RNA-007276,GEN-0009,941813,941893,-,81,0,SL1344_RS04405,SL1344_RS04395,35063132,SEQ-DFBAE9D6378F
LOC-002344,RNA-006286,GEN-0009,1288534,1289103,+,570,0,sopF,pagC,35063132,SEQ-5646E0808BB9
LOC-002345,RNA-006158,GEN-0009,2681155,2681263,-,109,0,trmJ,iscR,35063132,SEQ-55000C032F0E
LOC-002346,RNA-007579,GEN-0009,1925621,1925723,-,103,0,SL1344_RS09370,SL1344_RS09350,35063132,SEQ-EB9DE2E9A1BB
LOC-002347,RNA-007506,GEN-0009,4230504,4230612,+,109,0,polA,SL1344_RS20565,35063132,SEQ-C23E11188770
LOC-002348,RNA-006106,GEN-0009,4559883,4559976,-,94,0,adiA,SL1344_RS22050,35063132,SEQ-25985E27A56B
LOC-002349,RNA-009487,GEN-0009,2026216,2026303,-,88,0,yedQ,dsrB,35063132,SEQ-0BF3BC35520C
LOC-002350,RNA-006775,GEN-0009,3191584,3191670,-,87,0,OmrB,aas,35063132,SEQ-BC7BD4395B49
LOC-002351,RNA-009494,GEN-0009,1224246,1224318,+,73,0,flgL,rluC,35063132,SEQ-128398740265
LOC-002352,RNA-006289,GEN-0009,1204289,1204375,-,87,0,dinI,bssS,35063132,SEQ-9D3B621FF446
LOC-002353,RNA-007796,GEN-0009,807346,807433,+,88,0,sucD,cydA,35063132,SEQ-6576FA35FF64
LOC-002354,RNA-009508,GEN-0009,3035626,3035825,-,200,0,SL1344_RS14850,hilC,35063132,SEQ-2A4A2F584853
LOC-002355,RNA-009509,GEN-0009,4163192,4163399,+,208,0,SL1344_RS20235,cyaA,35063132,SEQ-4AD8454B973E
LOC-002356,RNA-009512,GEN-0009,728173,728327,-,155,0,SL1344_RS03360,gltJ,35063132,SEQ-68751A6F6668
LOC-002357,RNA-009513,GEN-0009,41629,41707,+,79,0,SL1344_RS00180,SL1344_RS00185,35063132,SEQ-4F323CDBD908
LOC-002358,RNA-007696,GEN-0009,1172561,1172641,-,81,0,SL1344_RS05545,SL1344_RS05540,35063132,SEQ-FDD292E14E36
LOC-002359,RNA-007048,GEN-0009,2756549,2756647,+,99,0,SL1344_RS13380,gogA,35063132,SEQ-987BA1EB2D04
LOC-002360,RNA-006321,GEN-0009,4364306,4364423,-,118,0,sthA,argE,35063132,SEQ-6382DC060EB7
LOC-002361,RNA-009439,GEN-0009,1819355,1819407,-,53,0,narK,SL1344_RS08805,35063132,SEQ-FD929D65C2DB
LOC-002362,RNA-007290,GEN-0009,1686527,1686590,+,64,0,SL1344_RS08160,azoR,35063132,SEQ-3FF7684DC82E
LOC-002363,RNA-006830,GEN-0009,2759412,2759518,-,107,0,SL1344_RS13415,SL1344_RS13410,35063132,SEQ-215231804812
LOC-002364,RNA-007611,GEN-0009,3215639,3215781,-,143,0,vapC,SL1344_RS15685,35063132,SEQ-D45D4FB69813
LOC-002365,RNA-007693,GEN-0009,514486,514580,+,95,0,cof,decR,35063132,SEQ-6F707B19DD35
LOC-002366,RNA-007561,GEN-0009,128577,128815,+,239,0,SL1344_RS00530,SL1344_RS00555,35063132,SEQ-1EEBE84BC2AF
LOC-002367,RNA-005770,GEN-0009,1702529,1702639,-,111,0,SL1344_RS08240,SL1344_RS08215,35063132,SEQ-14194050D9FC
LOC-002368,RNA-009595,GEN-0009,1662190,1662282,-,93,0,SL1344_RS08075,rimL,35063132,SEQ-590B0B5ECF4B
LOC-002369,RNA-009607,GEN-0009,889560,889716,-,157,0,ybiJ,cecR,35063132,SEQ-990032CFBDB4
LOC-002370,RNA-007509,GEN-0009,3191786,3191870,-,85,0,lysA,OmrA,35063132,SEQ-761A4A647B59
LOC-002371,RNA-007473,GEN-0009,1252605,1252674,+,70,0,SL1344_RS05980,bhsA,35063132,SEQ-92FEEB150DF2
LOC-002372,RNA-005641,GEN-0009,4231595,4231838,+,244,0,SL1344_RS20565,yihI,35063132,SEQ-37DE6FA93C7B
LOC-002373,RNA-007314,GEN-0009,3489916,3489970,-,55,0,cgtA,greA,35063132,SEQ-C75F0BBA3971
LOC-002374,RNA-009632,GEN-0009,981624,981711,-,88,0,SL1344_RS26565,cspD,35063132,SEQ-06CAD7DD2F0A
LOC-002375,RNA-006169,GEN-0009,2240284,2240365,-,82,0,SL1344_RS11045,thiM,35063132,SEQ-0478952D9089
LOC-002376,RNA-006522,GEN-0009,1992503,1992663,-,161,0,SL1344_RS09715,SL1344_RS09710,35063132,SEQ-725F20473849
LOC-002377,RNA-006030,GEN-0009,4601021,4601437,+,417,0,SL1344_RS22260,ecnB,35063132,SEQ-04E8E2C97277
LOC-002378,RNA-006228,GEN-0009,3041345,3041651,+,307,0,hilD,hilA,35063132,SEQ-602E7D21889E
LOC-002379,RNA-007152,GEN-0009,1353824,1353961,+,138,0,chbG,cedA,35063132,SEQ-62F5B8E4C81B
LOC-002380,RNA-007516,GEN-0009,1462356,1462446,-,91,0,SL1344_RS07095,cfa,35063132,SEQ-E875A1812FE6
LOC-002381,RNA-007345,GEN-0009,1290168,1290467,+,300,0,SL1344_RS06175,SL1344_RS26610,35063132,SEQ-1657B01CF4AE
LOC-002382,RNA-005784,GEN-0009,4582490,4583009,+,520,0,STnc440,SL1344_RS22160,35063132,SEQ-D4B2B2C6EF02
LOC-002383,RNA-009704,GEN-0009,3242818,3243001,+,184,0,zapA,SL1344_RS15835,NCBI,SEQ-362781783827
LOC-002384,RNA-009707,GEN-0009,3295804,3295990,-,187,0,SL1344_RS16125,SL1344_RS16105,35063132,SEQ-4254D0158B9E
LOC-002385,RNA-009587,GEN-0009,4467936,4467989,-,54,0,malG,lysC,35063132,SEQ-802438B29DAF
LOC-002386,RNA-006915,GEN-0009,3593794,3593888,+,95,0,SL1344_RS17520,SL1344_RS17555,35063132,SEQ-384DA015F411
LOC-002387,RNA-009731,GEN-0009,2071343,2071409,+,67,0,SL1344_RS25475,SL1344_RS10215,35063132,SEQ-0BD1DD4EC4F0
LOC-002388,RNA-009768,GEN-0014,232492,232605,+,114,0,lmos09,sul,NCBI,SEQ-446BCA0006EE
LOC-002389,RNA-009772,GEN-0015,2211623,2211760,+,138,0,yegD,mdtA,29730297,SEQ-C3B5167BC5D9
LOC-002390,RNA-009778,GEN-0016,1464247,1464375,-,129,0,SAOUHSC_01514,SAOUHSC_01515,BioCyc,SEQ-1D19B067F81E
LOC-002391,RNA-007003,GEN-0015,2364629,2364721,+,93,0,eco,rcsD,35063132,SEQ-BBBC57142864
LOC-002392,RNA-007561,GEN-0015,128577,128815,+,239,0,SL1344_RS00530,SL1344_RS00555,35063132,SEQ-1D02E906F003
LOC-002393,RNA-009799,GEN-0022,1411709,1411809,+,101,0,SM2011_RS20915,SM2011_RS20970,25923724,SEQ-63AB57112444
LOC-002394,RNA-009956,GEN-0024,846987,847094,+,108,0,bfr,NGFG_RS04540,28691898,SEQ-0076F828A613
LOC-002395,RNA-009966,GEN-0003,5284172,5284319,+,148,0,PrrF1,phuR,NCBI,SEQ-EF6488AE6982
LOC-002396,RNA-009971,GEN-0026,908926,909051,-,126,0,VB13_RS04535,cls,28947755,SEQ-349030A404B0
LOC-002397,RNA-009973,GEN-0027,5598806,5598912,-,107,0,,,23838640,SEQ-A7A6A62D3C31
LOC-002398,RNA-009988,GEN-0027,3876621,3876729,+,109,0,,,23838640,SEQ-29AD383998DB
LOC-002399,RNA-009991,GEN-0027,4846392,4846497,-,106,0,,,23838640,SEQ-EF657D3C5A0C
LOC-002400,RNA-009992,GEN-0027,4320720,4320827,-,108,0,,,23838640,SEQ-ED428CA26FD7
LOC-002401,RNA-009995,GEN-0028,112596,112798,+,203,0,VP_RS00530,polA,23772063,SEQ-841882AFB1C9
LOC-002402,RNA-009997,GEN-0029,4158278,4158394,-,117,0,sthA,argE,NCBI,SEQ-F5D404F60205
LOC-002403,RNA-010003,GEN-0002,1322968,1323108,-,141,0,trpE,btuR,33164661,SEQ-F00974259C7B
LOC-002404,RNA-010007,GEN-0031,1030454,1030744,,291,0,,,32366051,SEQ-8D9CC0367D60
LOC-002405,RNA-010010,GEN-0032,2007031,2007178,-,148,0,scn,SA_RS10090,20532214,SEQ-47905B095AA5
LOC-002406,RNA-010014,GEN-0034,591273,591453,-,181,0,PmVP161_RS02765,PmVP161_RS02780,29440476,SEQ-504332262BFF
LOC-002407,RNA-010016,GEN-0003,785498,785570,+,73,0,PA0714,PA0715,NCBI,SEQ-4BD4660A92AE
LOC-002408,RNA-010017,GEN-0002,1958441,1958519,-,79,0,cutC,torY,25030700,SEQ-AE40A1D2D084
LOC-002409,RNA-010018,GEN-0012,2091545,2091700,-,156,0,NWMN_RS15775,sak,27438010,SEQ-CF2ADFA28775
LOC-002410,RNA-010021,GEN-0029,2976102,2976189,-,88,0,OmrB,aas,NCBI,SEQ-426E83D6E969
LOC-002411,RNA-010023,GEN-0029,2976304,2976385,-,82,0,lysA,OmrA,NCBI,SEQ-EC89891F69FD
LOC-002412,RNA-010028,GEN-0003,3705309,3705521,-,213,0,PA3305,PA3306,NCBI,SEQ-C14A7E106F51
LOC-002413,RNA-010068,GEN-0036,2942696,2942901,+,206,0,fucR,csdA,NCBI,SEQ-31A65D348AFB
LOC-002414,RNA-010145,GEN-0039,2195866,2196024,+,159,0,NMB_RS10815,folD,17351036,SEQ-7F0F38FCC6A0
LOC-002415,RNA-010148,GEN-0040,2164389,2164547,+,159,0,NMBH4476_RS11160,folD,17351036,SEQ-7F0F38FCC6A0
LOC-002416,RNA-010154,GEN-0042,275183,275255,+,73,0,polA,yihA,22272603,SEQ-B0667A11A552
LOC-002417,RNA-010216,GEN-0043,434831,434929,+,99,0,lmo0409,lmo0413,NCBI,SEQ-85BCD1E7DA5E
LOC-002418,RNA-010218,GEN-0044,466022,466261,-,240,0,BME_RS02235,BME_RS02240,27112796,SEQ-86017807FED7
LOC-002419,RNA-010224,GEN-0045,4692819,4693074,+,256,0,dolP,gltB,33139881,SEQ-73C545F99737
LOC-002420,RNA-010230,GEN-0047,576475,576574,+,100,0,pepF,SERP_RS02990,30870530,SEQ-534AFABAE285
LOC-002421,RNA-010232,GEN-0047,576497,576574,+,78,0,pepF,SERP_RS02990,30870530,SEQ-2D7E6CC803C0
LOC-002422,RNA-010246,GEN-0049,893276,893464,-,189,0,FY484_RS18610,malG,BioCyc,SEQ-D348B028FDA6
LOC-002423,RNA-007362,GEN-0015,2228847,2228931,+,85,0,yegQ,sseK2,35063132,SEQ-6F53B1EBB55F
LOC-002424,RNA-010255,GEN-0052,6320270,6320327,+,58,0,MSMEG_RS30120,MSMEG_RS30190,34768965,SEQ-A7DB278DA12C
LOC-002425,RNA-010261,GEN-0053,1534070,1534280,+,211,0,pdhD,rgpA,NCBI,SEQ-820E9DC82736
LOC-002426,RNA-007147,GEN-0015,3156779,3156984,+,206,0,fucR,csdA,35063132,SEQ-EDB784A3D431
LOC-002427,RNA-010285,GEN-0054,175210,175405,+,196,0,solR,adhE,29728392,SEQ-8D1762342331
LOC-002428,RNA-010293,GEN-0003,3318663,3318859,+,197,0,PA2958,PA2972,NCBI,SEQ-1E441C27DC4B
LOC-002429,RNA-010303,GEN-0056,165492,165575,+,84,0,CCNA_00157,recF,NCBI,SEQ-213AEDDFD3E6
LOC-002430,RNA-010306,GEN-0057,1403301,1403586,-,286,0,tpiA,CBU_1451,31451541,SEQ-C0814771DDE1
LOC-002431,RNA-010312,GEN-0032,975283,975742,+,460,0,pepF,SA_RS04885,20511587,SEQ-FDE0F38A7DF3
LOC-002432,RNA-010338,GEN-0031,1030454,1030744,,291,0,,,32366051,SEQ-8D9CC0367D60
LOC-002433,RNA-010364,GEN-0068,229099,229500,+,402,0,icaR,FHQ17_RS01030,30873665,SEQ-5D2210303E6B
LOC-002434,RNA-007565,GEN-0015,3511800,3511918,+,119,0,yrbL,gltB,35063132,SEQ-8DEA64B37F2C
LOC-002435,RNA-010370,GEN-0069,1704623,1704759,-,137,0,QU43_RS44125,QU43_RS44210,23082228,SEQ-8B57059F65DB
LOC-002436,RNA-010372,GEN-0070,1160321,1160565,+,245,0,RC_RS06195,RC_RS10590,27834404,SEQ-436BD107A366
LOC-002437,RNA-012211,GEN-0074,336376,336467,+,92,0,,,,SEQ-CEF574C5CB64
LOC-002438,RNA-012212,GEN-0074,693099,693521,+,423,0,,,,SEQ-9705A04D761F
LOC-002439,RNA-012213,GEN-0074,3183930,3183992,+,63,0,,,,SEQ-C915B6DD68D0
LOC-002440,RNA-012214,GEN-0074,1679135,1679222,-,88,0,,,,SEQ-C9953C1F3263
LOC-002441,RNA-012215,GEN-0074,5219357,5223385,-,4029,0,,,,SEQ-B6FDCB8A5C9A
LOC-002442,RNA-012216,GEN-0074,5338374,5338475,+,102,0,,,,SEQ-A3AE4647E904
LOC-002443,RNA-012217,GEN-0074,2290880,2290987,-,108,0,,,,SEQ-EB2AA61909D3
LOC-002444,RNA-012218,GEN-0074,524442,524563,-,122,0,,,,SEQ-AE0AD59871D8
LOC-002445,RNA-012219,GEN-0074,1679305,1680666,-,1362,0,,,,SEQ-7D95A738F273
LOC-002446,RNA-012220,GEN-0074,2873427,2874101,+,675,0,,,,SEQ-B74F91AB1BC2
LOC-002447,RNA-012221,GEN-0074,1496234,1496833,-,600,0,,,,SEQ-6468FB1F3BBF
LOC-002448,RNA-012222,GEN-0074,5371054,5371111,-,58,0,,,,SEQ-7AA75CFF9128
LOC-002449,RNA-012223,GEN-0074,89405,90778,-,1374,0,,,,SEQ-B60F044EC4CB
LOC-002450,RNA-012224,GEN-0074,949700,949907,-,208,0,,,,SEQ-775DE7EFE52D
LOC-002451,RNA-012225,GEN-0074,1099897,1099976,-,80,0,,,,SEQ-96A879D875B4
LOC-002452,RNA-012226,GEN-0074,3819,6233,+,2415,0,,,,SEQ-7C7635C6202F
LOC-002453,RNA-012227,GEN-0074,1476727,1477215,+,489,0,,,,SEQ-EE347D4FFA1F
LOC-002454,RNA-012228,GEN-0074,259651,261153,+,1503,0,,,,SEQ-EB4F48651885
LOC-002455,RNA-012229,GEN-0074,4516410,4517264,-,855,0,,,,SEQ-1C238A33D16C
LOC-002456,RNA-012230,GEN-0074,4021667,4023043,-,1377,0,,,,SEQ-A3E0948F4A65
LOC-002457,RNA-012231,GEN-0074,175987,177228,-,1242,0,,,,SEQ-2CBB6C375F57
LOC-002458,RNA-012232,GEN-0074,152272,153192,+,921,0,,,,SEQ-B662E6F96D65
LOC-002459,RNA-012233,GEN-0074,1969838,1969922,+,85,0,,,,SEQ-475AADED023C
LOC-002460,RNA-012234,GEN-0074,5154926,5155011,-,86,0,,,,SEQ-4E93CCCB38AB
LOC-002461,RNA-012235,GEN-0074,879075,879156,+,82,0,,,,SEQ-5ECF46FE1D13
LOC-002462,RNA-012236,GEN-0074,3527212,3528480,-,1269,0,,,,SEQ-477281ADC81C
LOC-002463,RNA-012237,GEN-0074,137605,138063,-,459,0,,,,SEQ-A2328A02CC0F
LOC-002464,RNA-012238,GEN-0074,2499241,2499426,+,186,0,,,,SEQ-8545A291940E
LOC-002465,RNA-012239,GEN-0074,3142376,3143755,-,1380,0,,,,SEQ-35B12142033D
LOC-002466,RNA-012240,GEN-0074,5415635,5415749,+,115,0,,,,SEQ-B7E952EE41E5
LOC-002467,RNA-012241,GEN-0074,4636212,4636898,-,687,0,,,,SEQ-A3B7F44D6FF2
LOC-002468,RNA-012242,GEN-0074,604938,605306,-,369,0,,,,SEQ-803A3A2F092B
LOC-002469,RNA-012243,GEN-0074,4997185,4998246,+,1062,0,,,,SEQ-DDA249ACCFA0
LOC-002470,RNA-012244,GEN-0074,1550149,1550799,-,651,0,,,,SEQ-EE47780612DF
LOC-002471,RNA-012245,GEN-0074,4137209,4137288,-,80,0,,,,SEQ-69461FF67037
LOC-002472,RNA-012246,GEN-0074,4005130,4005984,+,855,0,,,,SEQ-A30A39525B71
LOC-002473,RNA-012247,GEN-0074,1237410,1238141,+,732,0,,,,SEQ-C4C763775077
LOC-002474,RNA-012248,GEN-0074,4333206,4334243,+,1038,0,,,,SEQ-10B221193263
LOC-002475,RNA-012249,GEN-0074,2851969,2852038,-,70,0,,,,SEQ-6CE1E657F223
LOC-002476,RNA-012250,GEN-0074,1540993,1543278,-,2286,0,,,,SEQ-BCE110C3D30C
LOC-002477,RNA-012251,GEN-0074,392091,393185,+,1095,0,,,,SEQ-ABDCE4F1824D
LOC-002478,RNA-012252,GEN-0074,3032825,3032946,-,122,0,,,,SEQ-1B5D775ED364
LOC-002479,RNA-012253,GEN-0074,5131437,5133035,-,1599,0,,,,SEQ-32EB5760EE05
LOC-002480,RNA-012254,GEN-0074,4680670,4682961,+,2292,0,,,,SEQ-085EEB2AB512
LOC-002481,RNA-012255,GEN-0074,2492705,2492920,-,216,0,,,,SEQ-8346C02BEF90
LOC-002482,RNA-012256,GEN-0074,1,1404,+,1404,0,,,,SEQ-9809BB87F5E0
LOC-002483,RNA-012257,GEN-0074,5421937,5422057,-,121,0,,,,SEQ-27D3EF99D0F8
LOC-002484,RNA-012258,GEN-0074,3875894,3876097,-,204,0,,,,SEQ-BCB3DC63CF0B
LOC-002485,RNA-012259,GEN-0074,1403447,1404319,-,873,0,,,,SEQ-A3120472513D
LOC-002486,RNA-012260,GEN-0074,5461662,5463032,+,1371,0,,,,SEQ-25BBF9D5F9B4
LOC-002487,RNA-012261,GEN-0074,5286010,5286221,-,212,0,,,,SEQ-BB80CA2B8F4D
LOC-002488,RNA-012262,GEN-0074,3449823,3451007,+,1185,0,,,,SEQ-1E8B015B7E81
LOC-002489,RNA-012263,GEN-0074,2400487,2401599,+,1113,0,,,,SEQ-74C73FA112FC
LOC-002490,RNA-012264,GEN-0074,1553822,1553915,-,94,0,,,,SEQ-616C6197E1AA
LOC-002491,RNA-012265,GEN-0074,5246406,5246447,+,42,0,,,,SEQ-A65574A694BD
LOC-002492,RNA-012266,GEN-0074,5482108,5483754,-,1647,0,,,,SEQ-D2821299BEBA
LOC-002493,RNA-012267,GEN-0074,1345356,1346267,+,912,0,,,,SEQ-143CA6092341
LOC-002494,RNA-012268,GEN-0074,1327447,1329945,+,2499,0,,,,SEQ-2C433CAE3F06
LOC-002495,RNA-012269,GEN-0074,190339,191334,-,996,0,,,,SEQ-5CC00EAFDA8D
LOC-002496,RNA-012270,GEN-0074,2825362,2826240,+,879,0,,,,SEQ-88B4A2707777
LOC-002497,RNA-012271,GEN-0074,5288528,5289268,-,741,0,,,,SEQ-0F95143B92DB
LOC-002498,RNA-012272,GEN-0074,3881372,3881782,+,411,0,,,,SEQ-358D9D1355D1
LOC-002499,RNA-012273,GEN-0074,4049026,4049823,+,798,0,,,,SEQ-9B518390EE5A
LOC-002500,RNA-012274,GEN-0074,3649059,3649140,+,82,0,,,,SEQ-55CC95D1C843
LOC-002501,RNA-012275,GEN-0074,2551138,2551359,+,222,0,,,,SEQ-E1AC78E8E805
LOC-002502,RNA-012276,GEN-0074,3795315,3795361,-,47,0,,,,SEQ-F05887679AB3
LOC-002503,RNA-012277,GEN-0074,5012365,5013009,-,645,0,,,,SEQ-536686F44257
LOC-002504,RNA-012278,GEN-0074,812835,813734,+,900,0,,,,SEQ-E3E5BDC5BEBD
LOC-002505,RNA-012279,GEN-0074,2034266,2034368,+,103,0,,,,SEQ-19E72DC6B2EF
LOC-002506,RNA-012280,GEN-0074,151732,152223,+,492,0,,,,SEQ-53FCABE2A9A5
LOC-002507,RNA-012281,GEN-0074,1236661,1237398,+,738,0,,,,SEQ-8971332BCBFF
LOC-002508,RNA-012282,GEN-0074,3326068,3326586,+,519,0,,,,SEQ-663D97C951DB
LOC-002509,RNA-012283,GEN-0074,2909917,2910843,-,927,0,,,,SEQ-1E70D0F45070
LOC-002510,RNA-012284,GEN-0074,2005426,2005492,+,67,0,,,,SEQ-325ED2697B7B
LOC-002511,RNA-012285,GEN-0074,4655300,4656523,-,1224,0,,,,SEQ-A56D24BC1EFC
LOC-002512,RNA-012286,GEN-0074,4645085,4647022,-,1938,0,,,,SEQ-ED7255CE768A
LOC-002513,RNA-012287,GEN-0074,108175,108420,+,246,0,,,,SEQ-26BFC8F4FDC3
LOC-002514,RNA-012288,GEN-0074,119074,121248,+,2175,0,,,,SEQ-0C547B1A2F8B
LOC-002515,RNA-012289,GEN-0074,22168,23136,+,969,0,,,,SEQ-7C594BE129B5
LOC-002516,RNA-012290,GEN-0074,181282,181866,-,585,0,,,,SEQ-385144B2AC18
LOC-002517,RNA-012291,GEN-0074,138041,139255,-,1215,0,,,,SEQ-B062AB570264
LOC-002518,RNA-012292,GEN-0074,1905152,1907110,+,1959,0,,,,SEQ-36B182584EB6
LOC-002519,RNA-012293,GEN-0074,2159196,2159399,-,204,0,,,,SEQ-3F554EFEBEF0
LOC-002520,RNA-012294,GEN-0074,5176417,5180100,-,3684,0,,,,SEQ-F4733F08DB7A
LOC-002521,RNA-012295,GEN-0074,1053470,1055542,-,2073,0,,,,SEQ-BF03A276FE70
LOC-002522,RNA-012296,GEN-0074,437170,437523,+,354,0,,,,SEQ-E2B2E5EFEEF3
LOC-002523,RNA-012297,GEN-0074,3344827,3346077,-,1251,0,,,,SEQ-B7B4ED90C17E
LOC-002524,RNA-012298,GEN-0074,4429692,4430543,-,852,0,,,,SEQ-989FABE9F178
LOC-002525,RNA-012299,GEN-0074,61877,62833,+,957,0,,,,SEQ-2857F85FF03B
LOC-002526,RNA-012300,GEN-0074,983369,984721,+,1353,0,,,,SEQ-B6185F359C80
LOC-002527,RNA-012301,GEN-0074,452992,453546,-,555,0,,,,SEQ-303055065CAD
LOC-002528,RNA-012302,GEN-0074,760922,761053,+,132,0,,,,SEQ-6F1E69D7BE13
LOC-002529,RNA-012303,GEN-0074,821624,823561,-,1938,0,,,,SEQ-AB68171ACC35
LOC-002530,RNA-012304,GEN-0074,3556387,3558177,-,1791,0,,,,SEQ-F10D7B1C63E2
LOC-002531,RNA-012305,GEN-0074,1627604,1628554,+,951,0,,,,SEQ-3FE496652220
LOC-002532,RNA-012306,GEN-0074,3197166,3198557,+,1392,0,,,,SEQ-DD848D6C208A
LOC-002533,RNA-012307,GEN-0074,3577289,3577972,-,684,0,,,,SEQ-71F3944F08D3
LOC-002534,RNA-012308,GEN-0074,16591,17004,+,414,0,,,,SEQ-F328DC2A629D
LOC-002535,RNA-012309,GEN-0074,4163780,4163998,+,219,0,,,,SEQ-4A7056327153
LOC-002536,RNA-012310,GEN-0074,5456661,5458202,+,1542,0,,,,SEQ-385A0FD0E06B
LOC-002537,RNA-012311,GEN-0074,4835526,4835756,-,231,0,,,,SEQ-A4E0941F0155
LOC-002538,RNA-012312,GEN-0074,169309,170964,-,1656,0,,,,SEQ-3C960EF90F6F
LOC-002539,RNA-012313,GEN-0074,2034743,2034886,-,144,0,,,,SEQ-434FB0C38156
LOC-002540,RNA-012314,GEN-0074,2478228,2479352,+,1125,0,,,,SEQ-A7CB3A7B2EE1
LOC-002541,RNA-012315,GEN-0074,1982317,1982380,+,64,0,,,,SEQ-CF71740E08C7
LOC-002542,RNA-012316,GEN-0074,2722156,2722776,+,621,0,,,,SEQ-87CB4C8BB23E
LOC-002543,RNA-012317,GEN-0074,2940227,2940979,+,753,0,,,,SEQ-A3467E704782
LOC-002544,RNA-012318,GEN-0074,3397356,3398150,-,795,0,,,,SEQ-D2DA39F97B96
LOC-002545,RNA-012319,GEN-0074,4589857,4590684,-,828,0,,,,SEQ-D2F75BBD6FF3
LOC-002546,RNA-012320,GEN-0074,5360869,5363064,+,2196,0,,,,SEQ-DAEE80237BBA
LOC-002547,RNA-012321,GEN-0074,494232,494861,+,630,0,,,,SEQ-67A7F258A19E
LOC-002548,RNA-012322,GEN-0074,1290768,1292042,+,1275,0,,,,SEQ-2CF4D5592BCF
LOC-002549,RNA-012323,GEN-0074,4604911,4606059,-,1149,0,,,,SEQ-323024FDFA4A
LOC-002550,RNA-012324,GEN-0074,4903794,4904729,+,936,0,,,,SEQ-CBC8AE8EB4B6
LOC-002551,RNA-012325,GEN-0074,4275702,4276235,-,534,0,,,,SEQ-A14951EF08D6
LOC-002552,RNA-012326,GEN-0074,4630480,4630857,-,378,0,,,,SEQ-EE30F3781A66
LOC-002553,RNA-012327,GEN-0074,3809669,3810394,-,726,0,,,,SEQ-D873ABDEFDE6
LOC-002554,RNA-012328,GEN-0074,5096999,5097328,+,330,0,,,,SEQ-D723432F3B9B
LOC-002555,RNA-012329,GEN-0074,4540633,4541991,-,1359,0,,,,SEQ-2C9CA70AF46E
LOC-002556,RNA-012330,GEN-0074,111956,112723,-,768,0,,,,SEQ-FFD7D419C596
LOC-002557,RNA-012331,GEN-0074,151018,152187,-,1170,0,,,,SEQ-3A248F8A7F8A
LOC-002558,RNA-012332,GEN-0074,223985,225592,+,1608,0,,,,SEQ-D70D9457A981
LOC-002559,RNA-012333,GEN-0074,356713,357471,+,759,0,,,,SEQ-D20B8713AAAA
LOC-002560,RNA-012334,GEN-0074,505522,505920,-,399,0,,,,SEQ-E093E9AECAD5
LOC-002561,RNA-012335,GEN-0074,722059,722619,-,561,0,,,,SEQ-6D4471AD864A
LOC-002562,RNA-012336,GEN-0074,733297,733890,+,594,0,,,,SEQ-0F0AF220B5C7
LOC-002563,RNA-012337,GEN-0074,1307697,1308278,-,582,0,,,,SEQ-3600D1ED8682
LOC-002564,RNA-012338,GEN-0074,1317120,1318037,-,918,0,,,,SEQ-ECA609583E6F
LOC-002565,RNA-012339,GEN-0074,1481651,1482337,+,687,0,,,,SEQ-23444AFBF9E6
LOC-002566,RNA-012340,GEN-0074,1570952,1571548,+,597,0,,,,SEQ-B34BF9828A28
LOC-002567,RNA-012341,GEN-0074,1578474,1578818,+,345,0,,,,SEQ-C27AC91A5194
LOC-002568,RNA-012342,GEN-0074,1692377,1693609,+,1233,0,,,,SEQ-1B53028C8F2B
LOC-002569,RNA-012343,GEN-0074,1712517,1714670,+,2154,0,,,,SEQ-CAE46C8B69F0
LOC-002570,RNA-012344,GEN-0074,1716050,1717120,+,1071,0,,,,SEQ-56E6F79A38B8
LOC-002571,RNA-012345,GEN-0074,1721158,1722126,+,969,0,,,,SEQ-385EE5AE6EEE
LOC-002572,RNA-012346,GEN-0074,1932482,1933756,+,1275,0,,,,SEQ-237C1C23DB81
LOC-002573,RNA-012347,GEN-0074,2075555,2076214,+,660,0,,,,SEQ-6D7E85698060
LOC-002574,RNA-012348,GEN-0074,2214213,2214455,-,243,0,,,,SEQ-16E758537F6C
LOC-002575,RNA-012349,GEN-0074,2292507,2295563,+,3057,0,,,,SEQ-815E998F7AE2
LOC-002576,RNA-012350,GEN-0074,2444574,2445209,+,636,0,,,,SEQ-4ACCA5A6DC06
LOC-002577,RNA-012351,GEN-0074,2524359,2524643,-,285,0,,,,SEQ-3951FA55A145
LOC-002578,RNA-012352,GEN-0074,2809737,2810582,+,846,0,,,,SEQ-8F5D9929EFDB
LOC-002579,RNA-012353,GEN-0074,2835444,2836238,-,795,0,,,,SEQ-3FB599E1AADE
LOC-002580,RNA-012354,GEN-0074,3096318,3097865,+,1548,0,,,,SEQ-B232C713F954
LOC-002581,RNA-012355,GEN-0074,3339210,3339599,+,390,0,,,,SEQ-2E6EDF9DD774
LOC-002582,RNA-012356,GEN-0074,3386139,3386774,+,636,0,,,,SEQ-35514320FB5E
LOC-002583,RNA-012357,GEN-0074,3742107,3743489,-,1383,0,,,,SEQ-CDB846A59E3A
LOC-002584,RNA-012358,GEN-0074,3767442,3768260,+,819,0,,,,SEQ-4D693029827C
LOC-002585,RNA-012359,GEN-0074,3852356,3853267,+,912,0,,,,SEQ-41C56352BCD7
LOC-002586,RNA-012360,GEN-0074,4123472,4124617,-,1146,0,,,,SEQ-351DA34ECB57
LOC-002587,RNA-012361,GEN-0074,4228695,4229186,-,492,0,,,,SEQ-B0AD0863110F
LOC-002588,RNA-012362,GEN-0074,5091996,5093642,-,1647,0,,,,SEQ-BE129B61FE22
LOC-002589,RNA-012363,GEN-0074,5156032,5157321,-,1290,0,,,,SEQ-7D143E9D75C3
LOC-002590,RNA-012364,GEN-0074,89924,90733,+,810,0,,,,SEQ-2F86F773CCA5
LOC-002591,RNA-012365,GEN-0074,104999,105220,-,222,0,,,,SEQ-F2087A1C7869
LOC-002592,RNA-012366,GEN-0074,105595,107721,-,2127,0,,,,SEQ-672971C78D22
LOC-002593,RNA-012367,GEN-0074,1714738,1716048,+,1311,0,,,,SEQ-6D0125BEFD12
LOC-002594,RNA-012368,GEN-0074,1719493,1720005,+,513,0,,,,SEQ-90A5556DBB0F
LOC-002595,RNA-012369,GEN-0074,108572,109561,+,990,0,,,,SEQ-98858E0E39B7
LOC-002596,RNA-012370,GEN-0074,148914,149876,+,963,0,,,,SEQ-F65662033D84
LOC-002597,RNA-012371,GEN-0074,216094,216675,+,582,0,,,,SEQ-26BF0FCDAB46
LOC-002598,RNA-012372,GEN-0074,264421,265743,-,1323,0,,,,SEQ-D493CFE3A609
LOC-002599,RNA-012373,GEN-0074,336477,337130,-,654,0,,,,SEQ-AD781652BA49
LOC-002600,RNA-012374,GEN-0074,369308,369577,+,270,0,,,,SEQ-5F8ACA139677
LOC-002601,RNA-012375,GEN-0074,399831,402374,-,2544,0,,,,SEQ-1B334791D4A2
LOC-002602,RNA-012376,GEN-0074,408728,410806,-,2079,0,,,,SEQ-0540B9DA5BD3
LOC-002603,RNA-012377,GEN-0074,444119,444397,+,279,0,,,,SEQ-67CB4FAA1ADD
LOC-002604,RNA-012378,GEN-0074,494848,495513,+,666,0,,,,SEQ-11DF4132290E
LOC-002605,RNA-012379,GEN-0074,506111,507238,+,1128,0,,,,SEQ-338B1808AF8F
LOC-002606,RNA-012380,GEN-0074,578426,578812,-,387,0,,,,SEQ-93B38C6B6C3B
LOC-002607,RNA-012381,GEN-0074,689965,690636,-,672,0,,,,SEQ-C8901A9F34B6
LOC-002608,RNA-012382,GEN-0074,738196,739449,-,1254,0,,,,SEQ-1109A80A5FF8
LOC-002609,RNA-012383,GEN-0074,740773,741048,-,276,0,,,,SEQ-4E5B6789F752
LOC-002610,RNA-012384,GEN-0074,831718,832404,-,687,0,,,,SEQ-A189F8D308BC
LOC-002611,RNA-012385,GEN-0074,839537,839746,-,210,0,,,,SEQ-4FC8F8BC43A7
LOC-002612,RNA-012386,GEN-0074,852464,853642,+,1179,0,,,,SEQ-52EC2F4825C2
LOC-002613,RNA-012387,GEN-0074,950974,951369,+,396,0,,,,SEQ-22E183A7CD9A
LOC-002614,RNA-012388,GEN-0074,1097839,1098267,+,429,0,,,,SEQ-10105F71ACA6
LOC-002615,RNA-012389,GEN-0074,1139454,1140071,-,618,0,,,,SEQ-84C32C8135BE
LOC-002616,RNA-012390,GEN-0074,1524863,1525804,+,942,0,,,,SEQ-080BDE11897F
LOC-002617,RNA-012391,GEN-0074,1554244,1555341,+,1098,0,,,,SEQ-A83BEC2F3B05
LOC-002618,RNA-012392,GEN-0074,1712069,1712503,+,435,0,,,,SEQ-7F5868E0B938
LOC-002619,RNA-012393,GEN-0074,1717152,1718378,+,1227,0,,,,SEQ-086AEF1F642B
LOC-002620,RNA-012394,GEN-0074,1718412,1719512,+,1101,0,,,,SEQ-194E6B580854
LOC-002621,RNA-012395,GEN-0074,1735980,1737875,+,1896,0,,,,SEQ-A8BFB608E25A
LOC-002622,RNA-012396,GEN-0074,1743911,1744891,-,981,0,,,,SEQ-3EF04215045C
LOC-002623,RNA-012397,GEN-0074,1753737,1754627,+,891,0,,,,SEQ-C67881C810D0
LOC-002624,RNA-012398,GEN-0074,1765987,1766310,+,324,0,,,,SEQ-4822269BD07F
LOC-002625,RNA-012399,GEN-0074,1903985,1904899,-,915,0,,,,SEQ-4C018B3E84F1
LOC-002626,RNA-012400,GEN-0074,1931874,1932356,+,483,0,,,,SEQ-CE513F5AF888
LOC-002627,RNA-012401,GEN-0074,1940709,1941767,+,1059,0,,,,SEQ-24303CFE924E
LOC-002628,RNA-012402,GEN-0074,2133846,2134772,+,927,0,,,,SEQ-5E5DFC7E8E70
LOC-002629,RNA-012403,GEN-0074,2135220,2135816,+,597,0,,,,SEQ-E68B634C43FA
LOC-002630,RNA-012404,GEN-0074,2170367,2170906,-,540,0,,,,SEQ-6175A71F43DA
LOC-002631,RNA-012405,GEN-0074,2242406,2242864,-,459,0,,,,SEQ-FF76299669F9
LOC-002632,RNA-012406,GEN-0074,2266907,2267665,+,759,0,,,,SEQ-10B293289547
LOC-002633,RNA-012407,GEN-0074,2281237,2282037,-,801,0,,,,SEQ-28CA74B32AE1
LOC-002634,RNA-012408,GEN-0074,2297418,2298398,+,981,0,,,,SEQ-2ED6C82879B3
LOC-002635,RNA-012409,GEN-0074,2401603,2402499,+,897,0,,,,SEQ-0F0CA875CC67
LOC-002636,RNA-012410,GEN-0074,2434288,2434776,-,489,0,,,,SEQ-2211F61FC2F5
LOC-002637,RNA-012411,GEN-0074,2466768,2467115,+,348,0,,,,SEQ-1CE5BF2C497E
LOC-002638,RNA-012412,GEN-0074,2612718,2613611,+,894,0,,,,SEQ-21D9486F1F72
LOC-002639,RNA-012413,GEN-0074,2635811,2636125,+,315,0,,,,SEQ-DB1B632A1CFB
LOC-002640,RNA-012414,GEN-0074,2935942,2937387,+,1446,0,,,,SEQ-0C76D6E2EAF7
LOC-002641,RNA-012415,GEN-0074,2960027,2961055,-,1029,0,,,,SEQ-6A98CB252024
LOC-002642,RNA-012416,GEN-0074,2986424,2986855,+,432,0,,,,SEQ-81A815AFFB94
LOC-002643,RNA-012417,GEN-0074,3036366,3036560,+,195,0,,,,SEQ-F8DCE362D427
LOC-002644,RNA-012418,GEN-0074,3088499,3088687,+,189,0,,,,SEQ-8ED8518840CF
LOC-002645,RNA-012419,GEN-0074,3182357,3182815,-,459,0,,,,SEQ-E6BF636EB7E9
LOC-002646,RNA-012420,GEN-0074,3322426,3322650,+,225,0,,,,SEQ-68E48D05985A
LOC-002647,RNA-012421,GEN-0074,3326591,3327460,+,870,0,,,,SEQ-F5ED38B3CFDB
LOC-002648,RNA-012422,GEN-0074,3451039,3451473,-,435,0,,,,SEQ-62CAE3BEA78A
LOC-002649,RNA-012423,GEN-0074,3457686,3458081,+,396,0,,,,SEQ-3E2C01C83152
LOC-002650,RNA-012424,GEN-0074,3724305,3725009,-,705,0,,,,SEQ-3DA6D083C824
LOC-002651,RNA-012425,GEN-0074,3763571,3764782,-,1212,0,,,,SEQ-29A9BF0CC797
LOC-002652,RNA-012426,GEN-0074,3780512,3780877,+,366,0,,,,SEQ-27D4A5413A78
LOC-002653,RNA-012427,GEN-0074,4046161,4046550,-,390,0,,,,SEQ-A5EE904C6F45
LOC-002654,RNA-012428,GEN-0074,4053454,4054971,+,1518,0,,,,SEQ-F0947DE15BAF
LOC-002655,RNA-012429,GEN-0074,4124799,4127213,-,2415,0,,,,SEQ-F1616F6A633E
LOC-002656,RNA-012430,GEN-0074,4199076,4199477,-,402,0,,,,SEQ-9154624D3D70
LOC-002657,RNA-012431,GEN-0074,4387426,4388196,-,771,0,,,,SEQ-7D797F31FC99
LOC-002658,RNA-012432,GEN-0074,4564373,4565683,+,1311,0,,,,SEQ-E68F56A2EA94
LOC-002659,RNA-012433,GEN-0074,4688306,4688728,-,423,0,,,,SEQ-5735C7F2F23C
LOC-002660,RNA-012434,GEN-0074,4782494,4784716,+,2223,0,,,,SEQ-FA6259AEE90E
LOC-002661,RNA-012435,GEN-0074,4786611,4787738,+,1128,0,,,,SEQ-11A19D9A5EA3
LOC-002662,RNA-012436,GEN-0074,4805356,4806246,+,891,0,,,,SEQ-3019C1CEAE66
LOC-002663,RNA-012437,GEN-0074,4819448,4824403,+,4956,0,,,,SEQ-580C547E86A8
LOC-002664,RNA-012438,GEN-0074,4833741,4835018,+,1278,0,,,,SEQ-88EA048B5DD6
LOC-002665,RNA-012439,GEN-0074,5018739,5019107,+,369,0,,,,SEQ-8F453D13ACE2
LOC-002666,RNA-012440,GEN-0074,5079245,5079445,-,201,0,,,,SEQ-64E884F43A5E
LOC-002667,RNA-012441,GEN-0074,5126164,5128584,-,2421,0,,,,SEQ-D0E6E70CA31F
LOC-002668,RNA-012442,GEN-0074,5128966,5129442,-,477,0,,,,SEQ-E60611E96D82
LOC-002669,RNA-012443,GEN-0074,5286937,5288322,-,1386,0,,,,SEQ-FC89FA7D33FA
LOC-002670,RNA-012444,GEN-0074,5410450,5411310,-,861,0,,,,SEQ-3084D632CA94
LOC-002671,RNA-012445,GEN-0074,10184,11215,-,1032,0,,,,SEQ-8F7416FEFDCE
LOC-002672,RNA-012446,GEN-0074,15237,16166,+,930,0,,,,SEQ-0C9AFF64D761
LOC-002673,RNA-012447,GEN-0074,20443,21351,+,909,0,,,,SEQ-AAF61012A63D
LOC-002674,RNA-012448,GEN-0074,98799,99197,-,399,0,,,,SEQ-6DE1DE0E7B63
LOC-002675,RNA-012449,GEN-0074,136861,137178,+,318,0,,,,SEQ-4E6FBA22D9CB
LOC-002676,RNA-012450,GEN-0074,139990,141189,-,1200,0,,,,SEQ-A841D0B987A7
LOC-002677,RNA-012451,GEN-0074,156427,156657,-,231,0,,,,SEQ-65F51D3D9E15
LOC-002678,RNA-012452,GEN-0074,198164,198376,-,213,0,,,,SEQ-4024C06B9057
LOC-002679,RNA-012453,GEN-0074,209504,209986,-,483,0,,,,SEQ-44DC0651082C
LOC-002680,RNA-012454,GEN-0074,217495,218631,+,1137,0,,,,SEQ-F1D202CE9032
LOC-002681,RNA-012455,GEN-0074,2129329,2129475,+,147,0,,,,SEQ-4B436F0F3D0D
LOC-002682,RNA-012456,GEN-0074,4860369,4861358,+,990,0,,,,SEQ-0163AB03C3F6
LOC-002683,RNA-012457,GEN-0074,1473567,1474487,+,921,0,,,,SEQ-FE68F2577DA7
LOC-002684,RNA-012458,GEN-0074,2247938,2250613,-,2676,0,,,,SEQ-3BF904763E0D
LOC-002685,RNA-012459,GEN-0074,3882474,3884039,-,1566,0,,,,SEQ-6A380DB66501
LOC-002686,RNA-012460,GEN-0074,2551410,2552864,-,1455,0,,,,SEQ-0693749FB177
LOC-002687,RNA-012461,GEN-0074,4637531,4638247,+,717,0,,,,SEQ-E1069EAF24D1
LOC-002688,RNA-012462,GEN-0074,1479754,1480536,+,783,0,,,,SEQ-4223F23F78B2
LOC-002689,RNA-012463,GEN-0074,1198679,1199749,+,1071,0,,,,SEQ-58AF0F40A6A6
LOC-002690,RNA-012464,GEN-0074,342872,343978,+,1107,0,,,,SEQ-313B08FBFEBB
LOC-002691,RNA-012465,GEN-0074,3842090,3843754,+,1665,0,,,,SEQ-75C272C88B9B
LOC-002692,RNA-012466,GEN-0074,4073869,4076016,-,2148,0,,,,SEQ-C4B598CA56A0
LOC-002693,RNA-012467,GEN-0074,3203605,3204429,-,825,0,,,,SEQ-C3A9528CAFFD
LOC-002694,RNA-012468,GEN-0074,1786275,1795895,+,9621,0,,,,SEQ-CDE89A81FE75
LOC-002695,RNA-012469,GEN-0074,1798546,1799415,+,870,0,,,,SEQ-22D811419892
LOC-002696,RNA-012470,GEN-0074,5278576,5278896,+,321,0,,,,SEQ-CEE71D6A0381
LOC-002697,RNA-012471,GEN-0074,4960647,4962050,-,1404,0,,,,SEQ-CC62479E5A14
LOC-002698,RNA-012472,GEN-0074,4212514,4213458,+,945,0,,,,SEQ-AFEF971D769D
LOC-002699,RNA-012473,GEN-0074,3878930,3880303,+,1374,0,,,,SEQ-1C3CEF46DAEA
LOC-002700,RNA-012474,GEN-0074,502835,503893,-,1059,0,,,,SEQ-DD1EBED37893
LOC-002701,RNA-012475,GEN-0074,998222,999520,+,1299,0,,,,SEQ-3AAECF617B6B
LOC-002702,RNA-012476,GEN-0074,714773,715504,+,732,0,,,,SEQ-D3C44EF1840D
LOC-002703,RNA-012477,GEN-0074,770394,771473,+,1080,0,,,,SEQ-9D16CA06E182
LOC-002704,RNA-012478,GEN-0074,3941098,3943326,+,2229,0,,,,SEQ-9367A830D809
LOC-002705,RNA-012479,GEN-0074,4450561,4452768,-,2208,0,,,,SEQ-B46FB5048B86
LOC-002706,RNA-012480,GEN-0074,675988,676371,+,384,0,,,,SEQ-28AF43F56AFB
LOC-002707,RNA-012481,GEN-0074,5246452,5247153,-,702,0,,,,SEQ-CDCD3B92A840
LOC-002708,RNA-012482,GEN-0074,1013159,1013476,+,318,0,,,,SEQ-AAECBDA5FBB5
LOC-002709,RNA-012483,GEN-0074,5364337,5365305,+,969,0,,,,SEQ-6A1FB67B4320
LOC-002710,RNA-012484,GEN-0074,4532629,4533459,-,831,0,,,,SEQ-D88D7F55FF62
LOC-002711,RNA-012485,GEN-0074,311345,312868,+,1524,0,,,,SEQ-FB2E7141D2FC
LOC-002712,RNA-012486,GEN-0074,3830247,3830699,+,453,0,,,,SEQ-29D5083966FB
LOC-002713,RNA-012487,GEN-0074,424353,426467,+,2115,0,,,,SEQ-2BEC9DEC80ED
LOC-002714,RNA-012488,GEN-0074,3240487,3241482,+,996,0,,,,SEQ-87A557E49C7B
LOC-002715,RNA-012489,GEN-0074,3225761,3227104,+,1344,0,,,,SEQ-FA74105445C6
LOC-002716,RNA-012490,GEN-0074,1720029,1721153,+,1125,0,,,,SEQ-705023DCAB02
LOC-002717,RNA-012491,GEN-0074,1725681,1727087,+,1407,0,,,,SEQ-85168F24378A
LOC-002718,RNA-012492,GEN-0074,3667714,3669573,-,1860,0,,,,SEQ-06B5516DF2D4
LOC-002719,RNA-012493,GEN-0074,1751602,1752501,-,900,0,,,,SEQ-D19C1D09386D
LOC-002720,RNA-012494,GEN-0074,1480804,1481586,+,783,0,,,,SEQ-FDBADCD167FD
LOC-002721,RNA-012495,GEN-0074,2246204,2246611,-,408,0,,,,SEQ-6AC234F5FA95
LOC-002722,RNA-012496,GEN-0074,4896539,4896982,+,444,0,,,,SEQ-363ACF091132
LOC-002723,RNA-012497,GEN-0074,2991720,2995565,-,3846,0,,,,SEQ-93145C8ACAD7
LOC-002724,RNA-012498,GEN-0074,5312520,5313995,-,1476,0,,,,SEQ-C822EBA7C0E8
LOC-002725,RNA-012499,GEN-0074,5319439,5319696,-,258,0,,,,SEQ-CA481B78563B
LOC-002726,RNA-012500,GEN-0074,558199,560889,+,2691,0,,,,SEQ-8CD4BC459DBD
LOC-002727,RNA-012501,GEN-0074,2780938,2781873,+,936,0,,,,SEQ-91A844E1EFBC
LOC-002728,RNA-012502,GEN-0074,539561,540532,-,972,0,,,,SEQ-D1290E5D8225
LOC-002729,RNA-012503,GEN-0074,33071,33166,+,96,0,,,,SEQ-3659E61B0A51
LOC-002730,RNA-012504,GEN-0074,4600601,4601134,-,534,0,,,,SEQ-CAA12AA38570
LOC-002731,RNA-012505,GEN-0074,3686587,3687501,+,915,0,,,,SEQ-C961D67ED8D6
LOC-002732,RNA-012506,GEN-0074,3874738,3875703,+,966,0,,,,SEQ-27FA06A4E34F
LOC-002733,RNA-012507,GEN-0074,322624,323733,+,1110,0,,,,SEQ-FBD45CC2BCF8
LOC-002734,RNA-012508,GEN-0074,530888,531463,-,576,0,,,,SEQ-9032C761D9EC
LOC-002735,RNA-012509,GEN-0074,4590928,4593276,+,2349,0,,,,SEQ-FDEA21AD3D41
LOC-002736,RNA-012510,GEN-0074,3601416,3601910,-,495,0,,,,SEQ-4FF9630BF873
LOC-002737,RNA-012511,GEN-0074,871204,872466,+,1263,0,,,,SEQ-BC928DEFDE1D
LOC-002738,RNA-012512,GEN-0074,5158885,5160075,+,1191,0,,,,SEQ-1E2A6B652454
LOC-002739,RNA-012513,GEN-0074,1924351,1924650,-,300,0,,,,SEQ-39BD2EB9B72F
LOC-002740,RNA-012514,GEN-0074,1586167,1586736,-,570,0,,,,SEQ-4ACC0F19BAB1
LOC-002741,RNA-012515,GEN-0074,5450020,5450460,+,441,0,,,,SEQ-939EAB14150E
LOC-002742,RNA-012516,GEN-0074,847475,848179,-,705,0,,,,SEQ-FBE9404888A0
LOC-002743,RNA-012517,GEN-0074,1286176,1286607,+,432,0,,,,SEQ-48DA8B15CB12
LOC-002744,RNA-012518,GEN-0074,80644,81453,+,810,0,,,,SEQ-5B9C0BD8CF81
LOC-002745,RNA-012519,GEN-0074,1017219,1018349,+,1131,0,,,,SEQ-3D386C1F2C45
LOC-002746,RNA-012520,GEN-0074,565243,566127,+,885,0,,,,SEQ-755E084A8382
LOC-002747,RNA-012521,GEN-0074,1503617,1504117,+,501,0,,,,SEQ-72AB2AA79E69
LOC-002748,RNA-012522,GEN-0074,1505484,1508210,+,2727,0,,,,SEQ-856FD9D32EC5
LOC-002749,RNA-012523,GEN-0074,3552346,3553425,+,1080,0,,,,SEQ-D9B13EC34C00
LOC-002750,RNA-012524,GEN-0074,5171465,5172394,+,930,0,,,,SEQ-17D7CB465D11
LOC-002751,RNA-012525,GEN-0074,4510840,4511619,-,780,0,,,,SEQ-5E7D52D7279D
LOC-002752,RNA-012526,GEN-0074,3540147,3542762,-,2616,0,,,,SEQ-6184C005D44E
LOC-002753,RNA-012527,GEN-0074,1203074,1203121,-,48,0,,,,SEQ-FD06CAC877B4
LOC-002754,RNA-012528,GEN-0074,4327720,4328772,-,1053,0,,,,SEQ-4D0D5E65A45E
LOC-002755,RNA-012529,GEN-0074,5343319,5345970,+,2652,0,,,,SEQ-64FCF86747F1
LOC-002756,RNA-012530,GEN-0074,802369,803467,+,1099,0,,,,SEQ-E7BF2C331315
LOC-002757,RNA-012531,GEN-0074,1459125,1460057,+,933,0,,,,SEQ-75DCFF9A0EB2
LOC-002758,RNA-012532,GEN-0074,527292,527780,-,489,0,,,,SEQ-B3EE6348AFD0
LOC-002759,RNA-012533,GEN-0074,3451608,3453116,-,1509,0,,,,SEQ-78853EB7BE1E
LOC-002760,RNA-012534,GEN-0074,3422302,3423348,+,1047,0,,,,SEQ-A2B27640C249
LOC-002761,RNA-012535,GEN-0074,1203228,1203563,-,336,0,,,,SEQ-46884C1CE4DC
LOC-002762,RNA-012536,GEN-0074,5445370,5446869,+,1500,0,,,,SEQ-1AD8211D5642
LOC-002763,RNA-012537,GEN-0074,5439274,5440164,-,891,0,,,,SEQ-39F8D95041C0
LOC-002764,RNA-012538,GEN-0074,1970515,1971138,-,624,0,,,,SEQ-8D263C653625
LOC-002765,RNA-012539,GEN-0074,5301550,5302809,-,1260,0,,,,SEQ-7095E2D1543C
LOC-002766,RNA-012540,GEN-0074,4615486,4616424,-,939,0,,,,SEQ-A5F35B982C2E
LOC-002767,RNA-012541,GEN-0074,1204703,1205683,+,981,0,,,,SEQ-CF0C91697088
LOC-002768,RNA-012542,GEN-0074,3346318,3346968,+,651,0,,,,SEQ-4B5EF6513EAA
LOC-002769,RNA-012543,GEN-0074,1288533,1289528,+,996,0,,,,SEQ-F1759695AF3D
LOC-002770,RNA-012544,GEN-0074,431405,432226,+,822,0,,,,SEQ-38E438F49870
LOC-002771,RNA-012545,GEN-0074,436627,437160,+,534,0,,,,SEQ-1EF5FFBABED1
LOC-002772,RNA-012546,GEN-0074,507504,507932,+,429,0,,,,SEQ-C00ABDFE1403
LOC-002773,RNA-012547,GEN-0074,1193753,1194100,+,348,0,,,,SEQ-809882B152D8
LOC-002774,RNA-012548,GEN-0074,2271417,2271773,+,357,0,,,,SEQ-E382C833FBE6
LOC-002775,RNA-012549,GEN-0074,1573904,1574188,-,285,0,,,,SEQ-B4E6C3D6F56A
LOC-002776,RNA-012550,GEN-0074,3407530,3407703,-,174,0,,,,SEQ-62A72A813802
LOC-002777,RNA-012551,GEN-0074,4616754,4617017,+,264,0,,,,SEQ-F38CD5BD1E40
LOC-002778,RNA-012552,GEN-0074,5368354,5368839,+,486,0,,,,SEQ-78FF5B1057D4
LOC-002779,RNA-012553,GEN-0074,1576230,1576949,+,720,0,,,,SEQ-553C010BA7E4
LOC-002780,RNA-012554,GEN-0074,2823872,2825260,-,1389,0,,,,SEQ-A73C46AEAD1B
LOC-002781,RNA-012555,GEN-0074,4245393,4247240,-,1848,0,,,,SEQ-06D70155EF10
LOC-002782,RNA-012556,GEN-0074,776209,777441,+,1233,0,,,,SEQ-3A3FBC685ADA
LOC-002783,RNA-012557,GEN-0074,1772772,1774091,-,1320,0,,,,SEQ-57B512B10182
LOC-002784,RNA-012558,GEN-0074,3209463,3209948,-,486,0,,,,SEQ-278D5CBFB742
LOC-002785,RNA-012559,GEN-0074,5134426,5134950,-,525,0,,,,SEQ-C26F39768DB5
LOC-002786,RNA-012560,GEN-0074,616494,617741,-,1248,0,,,,SEQ-BD735921B41E
LOC-002787,RNA-012561,GEN-0074,1119638,1120039,+,402,0,,,,SEQ-2A43F8A1EF37
LOC-002788,RNA-012562,GEN-0074,3519485,3519994,+,510,0,,,,SEQ-8B25AE5D2A3D
LOC-002789,RNA-012563,GEN-0074,4593331,4594617,+,1287,0,,,,SEQ-38C26BEFCBA1
LOC-002790,RNA-012564,GEN-0074,177313,177888,-,576,0,,,,SEQ-BBD46B5B5F3E
LOC-002791,RNA-012565,GEN-0074,4635931,4635999,-,69,0,,,,SEQ-C455BF8ED139
LOC-002792,RNA-012566,GEN-0074,690804,692273,-,1470,0,,,,SEQ-96672909E91E
LOC-002793,RNA-012567,GEN-0074,3118702,3119208,+,507,0,,,,SEQ-615806A92BF7
LOC-002794,RNA-012568,GEN-0074,5333617,5334717,+,1101,0,,,,SEQ-CFBA7836B5E7
LOC-002795,RNA-012569,GEN-0074,1192946,1193713,+,768,0,,,,SEQ-66DD5460C22C
LOC-002796,RNA-012570,GEN-0074,3172416,3174011,+,1596,0,,,,SEQ-4E1D39FC29AC
LOC-002797,RNA-012571,GEN-0074,396904,397908,+,1005,0,,,,SEQ-027DC9E825DE
LOC-002798,RNA-012572,GEN-0074,1471883,1472695,+,813,0,,,,SEQ-BC31F1959F2F
LOC-002799,RNA-012573,GEN-0074,3010867,3013134,+,2268,0,,,,SEQ-B01AE91F02A8
LOC-002800,RNA-012574,GEN-0074,281983,282420,-,438,0,,,,SEQ-3760A367BCCD
LOC-002801,RNA-012575,GEN-0074,1724114,1725517,+,1404,0,,,,SEQ-5CEED5136E34
LOC-002802,RNA-012576,GEN-0074,3508145,3508804,+,660,0,,,,SEQ-D6F6551AAD47
LOC-002803,RNA-012577,GEN-0074,3193616,3194014,+,399,0,,,,SEQ-E2329ABBA2FB
LOC-002804,RNA-012578,GEN-0074,2877662,2878411,+,750,0,,,,SEQ-20DFE424D8A5
LOC-002805,RNA-012579,GEN-0074,2016318,2017262,+,945,0,,,,SEQ-A52FE4963307
LOC-002806,RNA-012580,GEN-0074,3158197,3158364,-,168,0,,,,SEQ-8557AA6C2647
LOC-002807,RNA-012581,GEN-0074,2273079,2275466,+,2388,0,,,,SEQ-66384965C787
LOC-002808,RNA-012582,GEN-0074,433597,434007,+,411,0,,,,SEQ-9921111D5B52
LOC-002809,RNA-012583,GEN-0074,2500990,2502108,+,1119,0,,,,SEQ-58A8581FADD2
LOC-002810,RNA-012584,GEN-0074,1224498,1224881,+,384,0,,,,SEQ-AE3E4B258FF7
LOC-002811,RNA-012585,GEN-0074,1031991,1034354,-,2364,0,,,,SEQ-D3B193A2BBB8
LOC-002812,RNA-012586,GEN-0074,4183262,4184689,+,1428,0,,,,SEQ-33C3820EA548
LOC-002813,RNA-012587,GEN-0074,3548194,3549345,-,1152,0,,,,SEQ-0CCF07008694
LOC-002814,RNA-012588,GEN-0074,596616,597947,+,1332,0,,,,SEQ-6DD008BB9F74
LOC-002815,RNA-012589,GEN-0074,825084,825314,+,231,0,,,,SEQ-873D971D970F
LOC-002816,RNA-012590,GEN-0074,2232232,2235975,+,3744,0,,,,SEQ-004C148B11BA
LOC-002817,RNA-012591,GEN-0074,2549908,2550969,+,1062,0,,,,SEQ-9BF39E7417CF
LOC-002818,RNA-012592,GEN-0074,603002,603169,-,168,0,,,,SEQ-F10F80B8BD4D
LOC-002819,RNA-012593,GEN-0074,90784,91959,-,1176,0,,,,SEQ-6AC020DD5B8B
LOC-002820,RNA-012594,GEN-0074,569670,570677,-,1008,0,,,,SEQ-2F6B6E301389
LOC-002821,RNA-012595,GEN-0074,603194,603895,-,702,0,,,,SEQ-DB195AEA4930
LOC-002822,RNA-012596,GEN-0074,706368,708699,+,2332,0,,,,SEQ-5F29381A14D7
LOC-002823,RNA-012597,GEN-0074,748726,749319,-,594,0,,,,SEQ-355CE68BF22F
LOC-002824,RNA-012598,GEN-0074,1117515,1117862,-,348,0,,,,SEQ-44C96C2A5AA7
LOC-002825,RNA-012599,GEN-0074,1188214,1189500,-,1287,0,,,,SEQ-F310A1FA2CEE
LOC-002826,RNA-012600,GEN-0074,1440686,1441423,-,738,0,,,,SEQ-0411A6C9FC99
LOC-002827,RNA-012601,GEN-0074,1447912,1448793,-,882,0,,,,SEQ-153E65743370
LOC-002828,RNA-012602,GEN-0074,1645235,1646134,+,900,0,,,,SEQ-FAA35B3AB730
LOC-002829,RNA-012603,GEN-0074,1710931,1712064,+,1134,0,,,,SEQ-5E63863FBA54
LOC-002830,RNA-012604,GEN-0074,2004020,2004589,+,570,0,,,,SEQ-A47E409E5EEA
LOC-002831,RNA-012605,GEN-0074,2113184,2114077,-,894,0,,,,SEQ-601F90C3A282
LOC-002832,RNA-012606,GEN-0074,2251090,2251737,+,648,0,,,,SEQ-4EC26233B079
LOC-002833,RNA-012607,GEN-0074,2320821,2321057,-,237,0,,,,SEQ-F09988A2C520
LOC-002834,RNA-012608,GEN-0074,2724146,2725048,+,903,0,,,,SEQ-FC944187B43D
LOC-002835,RNA-012609,GEN-0074,2860459,2861220,-,762,0,,,,SEQ-60373621BFDA
LOC-002836,RNA-012610,GEN-0074,3069051,3070901,-,1851,0,,,,SEQ-5CB2BBCEF374
LOC-002837,RNA-012611,GEN-0074,3183873,3184145,-,273,0,,,,SEQ-2477A751F539
LOC-002838,RNA-012612,GEN-0074,3238974,3239318,+,345,0,,,,SEQ-D807389C8C51
LOC-002839,RNA-012613,GEN-0074,3290118,3291176,-,1059,0,,,,SEQ-7B3F9A1D3002
LOC-002840,RNA-012614,GEN-0074,3384544,3385503,+,960,0,,,,SEQ-984A60FEDB24
LOC-002841,RNA-012615,GEN-0074,3438026,3438763,-,738,0,,,,SEQ-BC59D1FB6E4C
LOC-002842,RNA-012616,GEN-0074,5212692,5212952,+,261,0,,,,SEQ-3F72C6FE5D98
LOC-002843,RNA-012617,GEN-0074,79020,79472,+,453,0,,,,SEQ-93A19084D5EF
LOC-002844,RNA-012618,GEN-0074,2260979,2261152,+,174,0,,,,SEQ-326B1B23E68F
LOC-002845,RNA-012619,GEN-0074,4411778,4412737,-,960,0,,,,SEQ-933F2D9C1C0F
LOC-002846,RNA-012620,GEN-0074,469750,471099,-,1350,0,,,,SEQ-74B254BE45EB
LOC-002847,RNA-012621,GEN-0074,1643192,1644301,+,1110,0,,,,SEQ-5684BB814413
LOC-002848,RNA-012622,GEN-0074,5454087,5454467,+,381,0,,,,SEQ-D412FA8C9109
LOC-002849,RNA-012623,GEN-0074,1203834,1204571,-,738,0,,,,SEQ-17ED64562796
LOC-002850,RNA-012624,GEN-0074,3423975,3424229,+,255,0,,,,SEQ-FD65DFC57D3E
LOC-002851,RNA-012625,GEN-0074,3831696,3833099,-,1404,0,,,,SEQ-BB397334514B
LOC-002852,RNA-012626,GEN-0074,693546,694373,+,828,0,,,,SEQ-BA822E075417
LOC-002853,RNA-012627,GEN-0074,4547649,4548653,-,1005,0,,,,SEQ-4BB95426A95D
LOC-002854,RNA-012628,GEN-0074,1415558,1416067,-,510,0,,,,SEQ-86D4730123F7
LOC-002855,RNA-012629,GEN-0074,1002564,1004363,+,1800,0,,,,SEQ-445DFC88011F
LOC-002856,RNA-012630,GEN-0074,4095690,4097075,-,1386,0,,,,SEQ-7D72055ACA33
LOC-002857,RNA-012631,GEN-0074,5363215,5364243,+,1029,0,,,,SEQ-70444C2F8DB4
LOC-002858,RNA-012632,GEN-0074,1365688,1366566,+,879,0,,,,SEQ-818F542A81C5
LOC-002859,RNA-012633,GEN-0074,4802901,4803953,-,1053,0,,,,SEQ-1676ED703C8C
LOC-002860,RNA-012634,GEN-0074,3590937,3593375,-,2439,0,,,,SEQ-0E0DCA888A36
LOC-002861,RNA-012635,GEN-0074,3403530,3404264,-,735,0,,,,SEQ-6353D1810512
LOC-002862,RNA-012636,GEN-0074,4418789,4419244,-,456,0,,,,SEQ-DA7514BFAF20
LOC-002863,RNA-012637,GEN-0074,1273769,1274104,+,336,0,,,,SEQ-FF428DD26BBF
LOC-002864,RNA-012638,GEN-0074,447625,448572,-,948,0,,,,SEQ-8D808E4FA361
LOC-002865,RNA-012639,GEN-0074,5005699,5007489,+,1791,0,,,,SEQ-186525A50F56
LOC-002866,RNA-012640,GEN-0074,3774793,3775839,+,1047,0,,,,SEQ-F9C52CBBF5BC
LOC-002867,RNA-012641,GEN-0074,594652,596223,-,1572,0,,,,SEQ-1A3C22400C5F
LOC-002868,RNA-012642,GEN-0074,784789,785178,+,390,0,,,,SEQ-A5FC03CF6183
LOC-002869,RNA-012643,GEN-0074,783670,784764,+,1095,0,,,,SEQ-FB1AD1C9D7E3
LOC-002870,RNA-012644,GEN-0074,512100,516560,-,4461,0,,,,SEQ-A3D880AC278F
LOC-002871,RNA-012645,GEN-0074,1426938,1428356,+,1419,0,,,,SEQ-B3D2D9BF1A3E
LOC-002872,RNA-012646,GEN-0074,161688,163232,-,1545,0,,,,SEQ-C189C6075602
LOC-002873,RNA-012647,GEN-0074,1271386,1271901,+,516,0,,,,SEQ-F8370CE71969
LOC-002874,RNA-012648,GEN-0074,5365397,5365927,+,531,0,,,,SEQ-D72C58A3AB86
LOC-002875,RNA-012649,GEN-0074,17121,17549,+,429,0,,,,SEQ-B5BFB23C85A1
LOC-002876,RNA-012650,GEN-0074,2270534,2271076,+,543,0,,,,SEQ-E0518EE42FFB
LOC-002877,RNA-012651,GEN-0074,1268673,1269164,+,492,0,,,,SEQ-F401A8551DD4
LOC-002878,RNA-012652,GEN-0074,1269343,1270557,+,1215,0,,,,SEQ-B63FE46E5633
LOC-002879,RNA-012653,GEN-0074,4233312,4234211,+,900,0,,,,SEQ-9ABE2800F1D0
LOC-002880,RNA-012654,GEN-0074,144018,145751,+,1734,0,,,,SEQ-B75012D0F864
LOC-002881,RNA-012655,GEN-0074,2640034,2642211,-,2178,0,,,,SEQ-EA6E4F6E8CB9
LOC-002882,RNA-012656,GEN-0074,4554782,4555873,+,1092,0,,,,SEQ-183D246DA9E4
LOC-002883,RNA-012657,GEN-0074,4553029,4553115,+,87,0,,,,SEQ-FE2EFB87A067
LOC-002884,RNA-012658,GEN-0074,3860229,3862811,+,2583,0,,,,SEQ-397ECD9D7DF3
LOC-002885,RNA-012659,GEN-0074,1641005,1643038,-,2034,0,,,,SEQ-5947B25247FD
LOC-002886,RNA-012660,GEN-0074,3846217,3847641,+,1425,0,,,,SEQ-F4C839A1C8A2
LOC-002887,RNA-012661,GEN-0074,4386001,4387368,+,1368,0,,,,SEQ-B871EBECA1D5
LOC-002888,RNA-012662,GEN-0074,478737,479225,+,489,0,,,,SEQ-BCB3E79C31D2
LOC-002889,RNA-012663,GEN-0074,845355,845990,+,636,0,,,,SEQ-1C993F84B758
LOC-002890,RNA-012664,GEN-0074,2235972,2237507,+,1536,0,,,,SEQ-7E8B1BB23C65
LOC-002891,RNA-012665,GEN-0074,1500583,1501029,+,447,0,,,,SEQ-5AA3CDB0BD57
LOC-002892,RNA-012666,GEN-0074,1501045,1501719,+,675,0,,,,SEQ-091E50624338
LOC-002893,RNA-012667,GEN-0074,556687,558174,+,1488,0,,,,SEQ-2F9E5D72F206
LOC-002894,RNA-012668,GEN-0074,2252475,2254109,+,1635,0,,,,SEQ-0CF407B0AC00
LOC-002895,RNA-012669,GEN-0074,3587118,3587858,+,741,0,,,,SEQ-1D8B1AD424A4
LOC-002896,RNA-012670,GEN-0074,769133,770296,+,1164,0,,,,SEQ-1B60DD72A4AC
LOC-002897,RNA-012671,GEN-0074,927963,928874,+,912,0,,,,SEQ-43346618E695
LOC-002898,RNA-012672,GEN-0074,5422195,5424987,-,2793,0,,,,SEQ-DCF06ADBE0BC
LOC-002899,RNA-012673,GEN-0074,1110017,1111219,-,1203,0,,,,SEQ-6A977779A0D6
LOC-002900,RNA-012674,GEN-0074,1416110,1417837,-,1728,0,,,,SEQ-DF2B446EBF72
LOC-002901,RNA-012675,GEN-0074,2461258,2462283,-,1026,0,,,,SEQ-1989FC0A7E53
LOC-002902,RNA-012676,GEN-0074,2321370,2322782,-,1413,0,,,,SEQ-E4C1D34D58DE
LOC-002903,RNA-012677,GEN-0074,3534438,3535448,-,1011,0,,,,SEQ-EF8AC4FB6D7E
LOC-002904,RNA-012678,GEN-0074,5303811,5305076,+,1266,0,,,,SEQ-DC7A81C1EF84
LOC-002905,RNA-012679,GEN-0074,3662531,3663856,+,1326,0,,,,SEQ-3F23B4F1E43B
LOC-002906,RNA-012680,GEN-0074,556207,556659,+,453,0,,,,SEQ-CB04307E6BA4
LOC-002907,RNA-012681,GEN-0074,991656,992960,+,1305,0,,,,SEQ-7AD7F282230A
LOC-002908,RNA-012682,GEN-0074,546402,547031,+,630,0,,,,SEQ-766CACC7702B
LOC-002909,RNA-012683,GEN-0074,5172780,5173655,-,876,0,,,,SEQ-906AA41A8C0D
LOC-002910,RNA-012684,GEN-0074,5225053,5225757,-,705,0,,,,SEQ-24233FA7BFD2
LOC-002911,RNA-012685,GEN-0074,5223710,5224075,-,366,0,,,,SEQ-28E48574DDDA
LOC-002912,RNA-012686,GEN-0074,540793,541104,+,312,0,,,,SEQ-82C3E7AD83D6
LOC-002913,RNA-012687,GEN-0074,441740,442729,+,990,0,,,,SEQ-FDB563779918
LOC-002914,RNA-012688,GEN-0074,437538,438041,+,504,0,,,,SEQ-79AF0E0CF73B
LOC-002915,RNA-012689,GEN-0074,423786,424256,+,471,0,,,,SEQ-1AF8459FE04C
LOC-002916,RNA-012690,GEN-0074,1229760,1230410,+,651,0,,,,SEQ-A3BBD6D68C80
LOC-002917,RNA-012691,GEN-0074,310566,311162,-,597,0,,,,SEQ-D64CCB188D77
LOC-002918,RNA-012692,GEN-0074,4545606,4546547,-,942,0,,,,SEQ-590E5C225268
LOC-002919,RNA-012693,GEN-0074,752959,753375,-,417,0,,,,SEQ-9D09E5CA8490
LOC-002920,RNA-012694,GEN-0074,3804799,3805203,-,405,0,,,,SEQ-19762C90499D
LOC-002921,RNA-012695,GEN-0074,2464064,2464645,-,582,0,,,,SEQ-35B0B9BBE801
LOC-002922,RNA-012696,GEN-0074,2268602,2270530,+,1929,0,,,,SEQ-B7348938B846
LOC-002923,RNA-012697,GEN-0074,3174015,3175373,+,1359,0,,,,SEQ-FC7D304867F4
LOC-002924,RNA-012698,GEN-0074,5303140,5303469,-,330,0,,,,SEQ-4007BF0C8FB0
LOC-002925,RNA-012699,GEN-0074,5412039,5413862,-,1824,0,,,,SEQ-35421A5ADB3D
LOC-002926,RNA-012700,GEN-0074,5299146,5300192,-,1047,0,,,,SEQ-2F5472D3B4ED
LOC-002927,RNA-012701,GEN-0074,2059212,2060771,+,1560,0,,,,SEQ-DB56629FCE57
LOC-002928,RNA-012702,GEN-0074,1374456,1374515,+,60,0,,,,SEQ-1E8C07CB8385
LOC-002929,RNA-012703,GEN-0074,2015487,2016206,-,720,0,,,,SEQ-375912AC39C7
LOC-002930,RNA-012704,GEN-0074,2127389,2127742,-,354,0,,,,SEQ-645F7AFA4B27
LOC-002931,RNA-012705,GEN-0074,4523479,4524099,+,621,0,,,,SEQ-2B1E89F287CD
LOC-002932,RNA-012706,GEN-0074,3241557,3242441,+,885,0,,,,SEQ-1957A4C7FFB9
LOC-002933,RNA-012707,GEN-0074,1493621,1494280,+,660,0,,,,SEQ-8B33FCE49ED4
LOC-002934,RNA-012708,GEN-0074,805229,805783,-,555,0,,,,SEQ-4DF114EAC694
LOC-002935,RNA-012709,GEN-0074,2494623,2494760,-,138,0,,,,SEQ-7B677E055284
LOC-002936,RNA-012710,GEN-0074,3780995,3781939,+,945,0,,,,SEQ-E41E0DE626F8
LOC-002937,RNA-012711,GEN-0074,1271917,1273767,+,1851,0,,,,SEQ-83E277D6902C
LOC-002938,RNA-012712,GEN-0074,3519227,3519442,+,216,0,,,,SEQ-40F98BFDF4A1
LOC-002939,RNA-012713,GEN-0074,434198,434452,+,255,0,,,,SEQ-3AA5E6761CD4
LOC-002940,RNA-012714,GEN-0074,2072130,2073245,+,1116,0,,,,SEQ-D381458937B2
LOC-002941,RNA-012715,GEN-0074,884157,884375,-,219,0,,,,SEQ-D0878350620C
LOC-002942,RNA-012716,GEN-0074,2898144,2898563,+,420,0,,,,SEQ-F98EDF5B9986
LOC-002943,RNA-012717,GEN-0074,14716,15942,+,1227,0,,,,SEQ-557474E72C76
LOC-002944,RNA-012718,GEN-0074,129300,131000,+,1701,0,,,,SEQ-557E47B565EF
LOC-002945,RNA-012719,GEN-0074,92508,93902,+,1395,0,,,,SEQ-D6346BD93CDF
LOC-002946,RNA-012720,GEN-0074,3868732,3869844,+,1113,0,,,,SEQ-8C60936DB4F8
LOC-002947,RNA-012721,GEN-0074,62652,62942,-,291,0,,,,SEQ-B335B1A760FB
LOC-002948,RNA-012722,GEN-0074,3206364,3206684,-,321,0,,,,SEQ-B72B530E63CC
LOC-002949,RNA-012723,GEN-0074,5335144,5335779,-,636,0,,,,SEQ-07093BD9987B
LOC-002950,RNA-012724,GEN-0074,545356,545832,+,477,0,,,,SEQ-2693527D5265
LOC-002951,RNA-012725,GEN-0074,382210,384339,-,2130,0,,,,SEQ-B9B8EF36C05C
LOC-002952,RNA-012726,GEN-0074,1335004,1335549,-,546,0,,,,SEQ-1992A31AE0AA
LOC-002953,RNA-012727,GEN-0074,1404531,1404956,+,426,0,,,,SEQ-64C9F47AFE38
LOC-002954,RNA-012728,GEN-0074,1846798,1847040,-,243,0,,,,SEQ-C0D04B71D016
LOC-002955,RNA-012729,GEN-0074,2312837,2313232,-,396,0,,,,SEQ-819F85E1ABE5
LOC-002956,RNA-012730,GEN-0074,2445816,2446533,-,718,0,,,,SEQ-3F0788F148B7
LOC-002957,RNA-012731,GEN-0074,2622481,2623350,+,870,0,,,,SEQ-D05196C196E1
LOC-002958,RNA-012732,GEN-0074,2680929,2681153,+,225,0,,,,SEQ-38D31AC81177
LOC-002959,RNA-012733,GEN-0074,2692142,2692564,-,423,0,,,,SEQ-AD89E7078A35
LOC-002960,RNA-012734,GEN-0074,2717903,2719165,+,1263,0,,,,SEQ-1EFB04A35D16
LOC-002961,RNA-012735,GEN-0074,2816799,2817515,-,717,0,,,,SEQ-9D691FC2B551
LOC-002962,RNA-012736,GEN-0074,2893869,2894771,-,903,0,,,,SEQ-18AA47C38479
LOC-002963,RNA-012737,GEN-0074,3194044,3194580,-,537,0,,,,SEQ-88EF6BB8808F
LOC-002964,RNA-012738,GEN-0074,3237560,3238813,+,1254,0,,,,SEQ-906216A25A52
LOC-002965,RNA-012739,GEN-0074,3329077,3329469,-,393,0,,,,SEQ-2119E29720DB
LOC-002966,RNA-012740,GEN-0074,3816893,3817102,-,210,0,,,,SEQ-F1430371FD8C
LOC-002967,RNA-012741,GEN-0074,3847795,3848841,+,1047,0,,,,SEQ-2CC3A2819075
LOC-002968,RNA-012742,GEN-0074,4110186,4111496,-,1311,0,,,,SEQ-856F0AD0501C
LOC-002969,RNA-012743,GEN-0074,4137997,4139649,-,1653,0,,,,SEQ-4790984DB155
LOC-002970,RNA-012744,GEN-0074,4332504,4332920,+,417,0,,,,SEQ-480981C4B4E4
LOC-002971,RNA-012745,GEN-0074,4561207,4562421,+,1215,0,,,,SEQ-FC83F7230739
LOC-002972,RNA-012746,GEN-0074,4587511,4589136,+,1626,0,,,,SEQ-AAA298F9992F
LOC-002973,RNA-012747,GEN-0074,4853550,4854251,-,702,0,,,,SEQ-4CA4CDDAB9CA
LOC-002974,RNA-012748,GEN-0074,5307780,5308778,+,999,0,,,,SEQ-D4EB16A794CF
LOC-002975,RNA-012749,GEN-0074,124756,125409,+,654,0,,,,SEQ-80F4E7946455
LOC-002976,RNA-012750,GEN-0074,2523980,2524210,-,231,0,,,,SEQ-57298BB1731A
LOC-002977,RNA-012751,GEN-0074,3206228,3206344,-,117,0,,,,SEQ-605C2F19FCDD
LOC-002978,RNA-012752,GEN-0074,4506127,4508025,-,1899,0,,,,SEQ-B805CD4244B4
LOC-002979,RNA-012753,GEN-0074,4145536,4146180,-,645,0,,,,SEQ-D16DEABFBEB7
LOC-002980,RNA-012754,GEN-0074,3779145,3780197,-,1053,0,,,,SEQ-A211017A0324
LOC-002981,RNA-012755,GEN-0074,1701647,1703494,+,1848,0,,,,SEQ-EB1B3CCAC721
LOC-002982,RNA-012756,GEN-0074,3959019,3961052,-,2034,0,,,,SEQ-191F2501F2E4
LOC-002983,RNA-012757,GEN-0074,5278945,5281497,-,2553,0,,,,SEQ-E02F4CB4EFB9
LOC-002984,RNA-012758,GEN-0074,26874,28211,-,1338,0,,,,SEQ-BC2CCBDA9C4D
LOC-002985,RNA-012759,GEN-0074,834108,834716,-,609,0,,,,SEQ-71234BA5E1D1
LOC-002986,RNA-012760,GEN-0074,1485492,1485854,-,363,0,,,,SEQ-3210C707ADBC
LOC-002987,RNA-012761,GEN-0074,1300011,1301588,+,1578,0,,,,SEQ-F8D66F2DFC1A
LOC-002988,RNA-012762,GEN-0074,112378,113493,+,1116,0,,,,SEQ-7EB255270C5A
LOC-002989,RNA-012763,GEN-0074,168539,169312,-,774,0,,,,SEQ-AE9138718A36
LOC-002990,RNA-012764,GEN-0074,3377492,3378736,-,1245,0,,,,SEQ-ABF86910316C
LOC-002991,RNA-012765,GEN-0074,5428963,5429469,+,507,0,,,,SEQ-C535E3AA4F1E
LOC-002992,RNA-012766,GEN-0074,741077,742135,-,1059,0,,,,SEQ-3DA8DE0D449C
LOC-002993,RNA-012767,GEN-0074,1961193,1962338,-,1146,0,,,,SEQ-FEFD3C09ADA8
LOC-002994,RNA-012768,GEN-0074,2043580,2044257,+,678,0,,,,SEQ-FD6418542F9C
LOC-002995,RNA-012769,GEN-0074,5145071,5145313,-,243,0,,,,SEQ-FA51E3F7CB23
LOC-002996,RNA-012770,GEN-0074,5376634,5377479,-,846,0,,,,SEQ-6DE5801AC1E4
LOC-002997,RNA-012771,GEN-0074,4239151,4239621,-,471,0,,,,SEQ-CF784D12F7AB
LOC-002998,RNA-012772,GEN-0074,4247622,4248749,-,1128,0,,,,SEQ-D01E0C5325DB
LOC-002999,RNA-012773,GEN-0074,5227613,5228797,-,1185,0,,,,SEQ-60E773A5D68C
LOC-003000,RNA-012774,GEN-0074,5256547,5257308,-,762,0,,,,SEQ-14ADD9353519
LOC-003001,RNA-012775,GEN-0074,4233069,4233311,+,243,0,,,,SEQ-9175FD893FFD
LOC-003002,RNA-012776,GEN-0074,4247267,4247599,-,333,0,,,,SEQ-3D4B5D09A6B2
LOC-003003,RNA-012777,GEN-0074,550000,551337,+,1338,0,,,,SEQ-49209494D3BD
LOC-003004,RNA-012778,GEN-0074,1929058,1929327,-,270,0,,,,SEQ-87E4CE6E914C
LOC-003005,RNA-012779,GEN-0074,1919235,1920491,-,1257,0,,,,SEQ-25E3F08A1579
LOC-003006,RNA-012780,GEN-0074,305019,305576,-,558,0,,,,SEQ-692845F6DE91
LOC-003007,RNA-012781,GEN-0074,4930553,4931905,-,1353,0,,,,SEQ-504F6FC9F4E8
LOC-003008,RNA-012782,GEN-0074,797626,797892,+,267,0,,,,SEQ-65A9631CD975
LOC-003009,RNA-012783,GEN-0074,5260964,5261917,+,954,0,,,,SEQ-D370DB327929
LOC-003010,RNA-012784,GEN-0074,1855865,1857886,-,2022,0,,,,SEQ-53B220FDDB37
LOC-003011,RNA-012785,GEN-0074,1766625,1767365,+,741,0,,,,SEQ-7D858294D381
LOC-003012,RNA-012786,GEN-0074,4420379,4420864,-,486,0,,,,SEQ-37A3CCC5194C
LOC-003013,RNA-012787,GEN-0074,1203180,1203336,-,157,0,,,,SEQ-3F8F0C235CEE
LOC-003014,RNA-012788,GEN-0074,3401752,3402993,-,1242,0,,,,SEQ-47DAC4DBBC93
LOC-003015,RNA-012789,GEN-0074,51932,52426,+,495,0,,,,SEQ-0E263672FB4E
LOC-003016,RNA-012790,GEN-0074,846025,846741,-,717,0,,,,SEQ-31E18C969FF7
LOC-003017,RNA-012791,GEN-0074,37738,39555,+,1818,0,,,,SEQ-329AAED8D393
LOC-003018,RNA-012792,GEN-0074,5173854,5174543,+,690,0,,,,SEQ-C7ED30D7483B
LOC-003019,RNA-012793,GEN-0074,2982840,2984114,+,1275,0,,,,SEQ-B7797AB2CE30
LOC-003020,RNA-012794,GEN-0074,4941778,4942734,-,957,0,,,,SEQ-B9B5C3037957
LOC-003021,RNA-012795,GEN-0074,4151384,4151935,-,552,0,,,,SEQ-A38DA0BC2F29
LOC-003022,RNA-012796,GEN-0074,4877077,4877976,-,900,0,,,,SEQ-2CEDB8318553
LOC-003023,RNA-012797,GEN-0074,3594959,3596302,-,1344,0,,,,SEQ-EDE5B33E8F44
LOC-003024,RNA-012798,GEN-0074,113636,117280,+,3645,0,,,,SEQ-BF9438ADC267
LOC-003025,RNA-012799,GEN-0074,4200106,4201980,-,1875,0,,,,SEQ-15CD294B2113
LOC-003026,RNA-012800,GEN-0074,5393348,5393896,-,549,0,,,,SEQ-CBB9DA6353D9
LOC-003027,RNA-012801,GEN-0074,1372606,1373733,-,1128,0,,,,SEQ-F0663FB84240
LOC-003028,RNA-012802,GEN-0074,660678,661043,+,366,0,,,,SEQ-968CDFEFDE95
LOC-003029,RNA-012803,GEN-0074,1744888,1745265,-,378,0,,,,SEQ-7D55059CCB62
LOC-003030,RNA-012804,GEN-0074,1930302,1931852,+,1551,0,,,,SEQ-868F65F03AAC
LOC-003031,RNA-012805,GEN-0074,2456920,2457555,+,636,0,,,,SEQ-9849A61D79CB
LOC-003032,RNA-012806,GEN-0074,4679922,4680413,+,492,0,,,,SEQ-9FC8351C080F
LOC-003033,RNA-012807,GEN-0074,1929467,1929811,-,345,0,,,,SEQ-D8B1E1E42422
LOC-003034,RNA-012808,GEN-0074,1491032,1492234,-,1203,0,,,,SEQ-E83A5C3563EC
LOC-003035,RNA-012809,GEN-0074,3578147,3579430,-,1284,0,,,,SEQ-217ADFC898D0
LOC-003036,RNA-012810,GEN-0074,1631476,1633773,+,2298,0,,,,SEQ-0D9E43D6035C
LOC-003037,RNA-012811,GEN-0074,4213478,4215469,+,1992,0,,,,SEQ-6C40E62A7A43
LOC-003038,RNA-012812,GEN-0074,3696711,3697457,+,747,0,,,,SEQ-C31B2D8B6D3A
LOC-003039,RNA-012813,GEN-0074,121183,121806,-,624,0,,,,SEQ-014011E09F0A
LOC-003040,RNA-012814,GEN-0074,1072202,1072729,+,528,0,,,,SEQ-2E0DE405B87F
LOC-003041,RNA-012815,GEN-0074,1754917,1756275,+,1359,0,,,,SEQ-D184F270DF95
LOC-003042,RNA-012816,GEN-0074,4663765,4665354,-,1590,0,,,,SEQ-B6709FEE4DE5
LOC-003043,RNA-012817,GEN-0074,1090261,1091319,+,1059,0,,,,SEQ-DC99C4A6E95F
LOC-003044,RNA-012818,GEN-0074,1734457,1735224,+,768,0,,,,SEQ-4CC04BD8B1EE
LOC-003045,RNA-012819,GEN-0074,5215057,5219280,-,4224,0,,,,SEQ-98218004B837
LOC-003046,RNA-012820,GEN-0074,423315,423689,+,375,0,,,,SEQ-5F495C68C8D0
LOC-003047,RNA-012821,GEN-0074,3786898,3788190,-,1293,0,,,,SEQ-F96A62D9D531
LOC-003048,RNA-012822,GEN-0074,491639,491902,-,264,0,,,,SEQ-3AEEEA83C05C
LOC-003049,RNA-012823,GEN-0074,886654,887184,+,531,0,,,,SEQ-5147AAC25D13
LOC-003050,RNA-012824,GEN-0074,5442679,5443098,-,420,0,,,,SEQ-EDCC1A6CF63F
LOC-003051,RNA-012825,GEN-0074,451944,452762,+,819,0,,,,SEQ-05ECD30AB873
LOC-003052,RNA-012826,GEN-0074,577810,578400,-,591,0,,,,SEQ-9E42F9347C8F
LOC-003053,RNA-012827,GEN-0074,5263638,5264630,-,993,0,,,,SEQ-EC38ED875B89
LOC-003054,RNA-012828,GEN-0074,3550354,3551754,+,1401,0,,,,SEQ-112B808972B9
LOC-003055,RNA-012829,GEN-0074,4644165,4644680,+,516,0,,,,SEQ-A4821E53B284
LOC-003056,RNA-012830,GEN-0074,4173285,4174487,-,1203,0,,,,SEQ-614A4C506686
LOC-003057,RNA-012831,GEN-0074,1644734,1645051,-,318,0,,,,SEQ-03862D122535
LOC-003058,RNA-012832,GEN-0074,1936495,1937187,-,693,0,,,,SEQ-C779480F19EB
LOC-003059,RNA-012833,GEN-0074,5443284,5445152,-,1869,0,,,,SEQ-8D5544283239
LOC-003060,RNA-012834,GEN-0074,3583735,3584592,+,858,0,,,,SEQ-53DEB7D1A0CA
LOC-003061,RNA-012835,GEN-0074,4383159,4383890,-,732,0,,,,SEQ-D220E5D0E79D
LOC-003062,RNA-012836,GEN-0074,282803,283138,+,336,0,,,,SEQ-ECCEECCA1B0B
LOC-003063,RNA-012837,GEN-0074,1709355,1710788,+,1434,0,,,,SEQ-6ABF1963B7EC
LOC-003064,RNA-012838,GEN-0074,1452097,1453419,-,1323,0,,,,SEQ-D4C8D6BE9454
LOC-003065,RNA-012839,GEN-0074,243344,243541,-,198,0,,,,SEQ-3D59A5B05960
LOC-003066,RNA-012840,GEN-0074,3957046,3958302,-,1257,0,,,,SEQ-86C110F853C6
LOC-003067,RNA-012841,GEN-0074,4334510,4335553,-,1044,0,,,,SEQ-DA78598BAED7
LOC-003068,RNA-012842,GEN-0074,3691086,3691559,-,474,0,,,,SEQ-47BA73479ED9
LOC-003069,RNA-012843,GEN-0074,5449462,5449920,+,459,0,,,,SEQ-5B75AA2864FF
LOC-003070,RNA-012844,GEN-0074,1216429,1216752,-,324,0,,,,SEQ-FDE7CF1E2186
LOC-003071,RNA-012845,GEN-0074,3259610,3260110,+,501,0,,,,SEQ-807D2A4383F1
LOC-003072,RNA-012846,GEN-0074,3783804,3783953,+,150,0,,,,SEQ-6593B7EF849E
LOC-003073,RNA-012847,GEN-0074,4192063,4193835,-,1773,0,,,,SEQ-C66647D2F482
LOC-003074,RNA-012848,GEN-0074,764653,765411,-,759,0,,,,SEQ-70DC62DADCFA
LOC-003075,RNA-012849,GEN-0074,1544498,1547131,+,2634,0,,,,SEQ-90BDD816E2A6
LOC-003076,RNA-012850,GEN-0074,125946,127004,-,1059,0,,,,SEQ-0553C860ADD0
LOC-003077,RNA-012851,GEN-0074,5426331,5426954,-,624,0,,,,SEQ-335E6A9C00E8
LOC-003078,RNA-012852,GEN-0074,2613679,2613924,-,246,0,,,,SEQ-16EADF6250E9
LOC-003079,RNA-012853,GEN-0074,3603526,3605292,+,1767,0,,,,SEQ-1708CE805A23
LOC-003080,RNA-012854,GEN-0074,2092829,2094268,+,1440,0,,,,SEQ-5706204F6879
LOC-003081,RNA-012855,GEN-0074,4626287,4626874,-,588,0,,,,SEQ-1E47164F7CE6
LOC-003082,RNA-012856,GEN-0074,1741172,1742380,+,1209,0,,,,SEQ-98E5A8CA97F8
LOC-003083,RNA-012857,GEN-0074,5238811,5239344,-,534,0,,,,SEQ-BE32664B0960
LOC-003084,RNA-012858,GEN-0074,3939630,3940838,-,1209,0,,,,SEQ-E5196CCEBC1B
LOC-003085,RNA-012859,GEN-0074,1706477,1707450,+,974,0,,,,SEQ-736A7950B28F
LOC-003086,RNA-012860,GEN-0074,2378762,2380285,+,1524,0,,,,SEQ-F3577259BD66
LOC-003087,RNA-012861,GEN-0074,2029360,2031420,+,2061,0,,,,SEQ-CAF64F6EE8C9
LOC-003088,RNA-012862,GEN-0074,1536616,1537962,+,1347,0,,,,SEQ-8E3340CBB389
LOC-003089,RNA-012863,GEN-0074,4567118,4567341,-,224,0,,,,SEQ-6AC5BA959303
LOC-003090,RNA-012864,GEN-0074,3395626,3397059,-,1434,0,,,,SEQ-7C7E8FB31AD3
LOC-003091,RNA-012865,GEN-0074,1451274,1452035,+,762,0,,,,SEQ-A1A6C0A8339A
LOC-003092,RNA-012866,GEN-0074,1363372,1364433,+,1062,0,,,,SEQ-808A6D3D180B
LOC-003093,RNA-012867,GEN-0074,4285250,4286356,-,1107,0,,,,SEQ-3E98D0870AAD
LOC-003094,RNA-012868,GEN-0074,3087283,3088197,+,915,0,,,,SEQ-86C09E281F90
LOC-003095,RNA-012869,GEN-0074,127007,127753,-,747,0,,,,SEQ-7838B6D03D3E
LOC-003096,RNA-012870,GEN-0074,109504,109710,+,207,0,,,,SEQ-A577487DE250
LOC-003097,RNA-012871,GEN-0074,5240846,5241460,-,615,0,,,,SEQ-5AEE3FE1B09C
LOC-003098,RNA-012872,GEN-0074,2995827,2996432,+,606,0,,,,SEQ-C401F9E6AD7B
LOC-003099,RNA-012873,GEN-0074,3409005,3409958,-,954,0,,,,SEQ-521D353375DA
LOC-003100,RNA-012874,GEN-0074,1655182,1656117,-,936,0,,,,SEQ-3DC738665ED3
LOC-003101,RNA-012875,GEN-0074,509913,510617,+,705,0,,,,SEQ-A3DB6A328F54
LOC-003102,RNA-012876,GEN-0074,5138935,5139648,-,714,0,,,,SEQ-CE4AE1898428
LOC-003103,RNA-012877,GEN-0074,1150005,1150916,+,912,0,,,,SEQ-955CB2154C20
LOC-003104,RNA-012878,GEN-0074,4158531,4159724,+,1194,0,,,,SEQ-E271F3DD5972
LOC-003105,RNA-012879,GEN-0074,719819,720706,+,888,0,,,,SEQ-9BF34085DE5A
LOC-003106,RNA-012880,GEN-0074,2577583,2578158,-,576,0,,,,SEQ-FD8355125600
LOC-003107,RNA-012881,GEN-0074,5290623,5291699,-,1077,0,,,,SEQ-967D0D42B3FB
LOC-003108,RNA-012882,GEN-0074,5112835,5115093,-,2259,0,,,,SEQ-05774203E8A3
LOC-003109,RNA-012883,GEN-0074,327856,328224,+,369,0,,,,SEQ-F7F3D302FF93
LOC-003110,RNA-012884,GEN-0074,4909983,4911401,+,1419,0,,,,SEQ-B5F87B221700
LOC-003111,RNA-012885,GEN-0074,1292077,1292697,+,621,0,,,,SEQ-F21C5D0F0677
LOC-003112,RNA-012886,GEN-0074,444333,444746,-,414,0,,,,SEQ-CFBDA29508A6
LOC-003113,RNA-012887,GEN-0074,4207673,4208971,-,1299,0,,,,SEQ-865A0FB87B9B
LOC-003114,RNA-012888,GEN-0074,2738810,2739259,+,450,0,,,,SEQ-5CB9D6FD5D6F
LOC-003115,RNA-012889,GEN-0074,1922723,1923997,+,1275,0,,,,SEQ-B78AB4386B2A
LOC-003116,RNA-012890,GEN-0074,4000207,4001322,-,1116,0,,,,SEQ-589A50AD71E6
LOC-003117,RNA-012891,GEN-0074,4493066,4493413,+,348,0,,,,SEQ-15D670B3FDDC
LOC-003118,RNA-012892,GEN-0074,1233843,1234817,+,975,0,,,,SEQ-BFD27E24BE2F
LOC-003119,RNA-012893,GEN-0074,5446866,5448314,+,1449,0,,,,SEQ-74CE1FC13B13
LOC-003120,RNA-012894,GEN-0074,3503286,3505712,-,2427,0,,,,SEQ-759D6487A203
LOC-003121,RNA-012895,GEN-0074,3266535,3266798,-,264,0,,,,SEQ-F6AB34FFE658
LOC-003122,RNA-012896,GEN-0074,2212954,2213178,+,225,0,,,,SEQ-623534A1EF3E
LOC-003123,RNA-012897,GEN-0074,3866015,3866332,+,318,0,,,,SEQ-D51DD4415E77
LOC-003124,RNA-012898,GEN-0074,545985,546278,-,294,0,,,,SEQ-42959AE8EF02
LOC-003125,RNA-012899,GEN-0074,3608453,3610732,-,2280,0,,,,SEQ-39A0CFCFE0B5
LOC-003126,RNA-012900,GEN-0074,4164856,4165326,+,471,0,,,,SEQ-E074786A5571
LOC-003127,RNA-012901,GEN-0074,287573,287932,+,360,0,,,,SEQ-4545CE59E120
LOC-003128,RNA-012902,GEN-0074,1380170,1380766,+,597,0,,,,SEQ-3933C90BEBE0
LOC-003129,RNA-012903,GEN-0074,4933693,4934901,+,1209,0,,,,SEQ-85796FFF5256
LOC-003130,RNA-012904,GEN-0074,130371,131198,+,828,0,,,,SEQ-155C35ADC852
LOC-003131,RNA-012905,GEN-0074,145755,147088,+,1334,0,,,,SEQ-C5D228BE89CA
LOC-003132,RNA-012906,GEN-0074,3584644,3586926,+,2283,0,,,,SEQ-D6E0DF0E7D08
LOC-003133,RNA-012907,GEN-0074,147114,149315,+,2202,0,,,,SEQ-22949D014CD2
LOC-003134,RNA-012908,GEN-0074,205640,206350,+,711,0,,,,SEQ-B4FEFB15D2C2
LOC-003135,RNA-012909,GEN-0074,2021298,2022203,-,906,0,,,,SEQ-2DD0CCF0E7C2
LOC-003136,RNA-012910,GEN-0074,4893421,4894518,-,1098,0,,,,SEQ-8CFDD5A1EE88
LOC-003137,RNA-012911,GEN-0074,562998,565133,+,2136,0,,,,SEQ-9F2AE44D813C
LOC-003138,RNA-012912,GEN-0074,1095129,1095314,+,186,0,,,,SEQ-B6B5646F8642
LOC-003139,RNA-012913,GEN-0074,5146552,5147040,-,489,0,,,,SEQ-582619EC5F9B
LOC-003140,RNA-012914,GEN-0074,443636,444061,+,426,0,,,,SEQ-B9D7FE9E3C50
LOC-003141,RNA-012915,GEN-0074,4498546,4501143,-,2598,0,,,,SEQ-4EF4DAA6C8D9
LOC-003142,RNA-012916,GEN-0074,136884,137480,-,597,0,,,,SEQ-7D22C5B75612
LOC-003143,RNA-012917,GEN-0074,202843,203055,-,213,0,,,,SEQ-CE876F2160B5
LOC-003144,RNA-012918,GEN-0074,518218,519501,-,1284,0,,,,SEQ-8EA94AF15121
LOC-003145,RNA-012919,GEN-0074,1611235,1612755,+,1521,0,,,,SEQ-25E0C0AD87A8
LOC-003146,RNA-012920,GEN-0074,554271,555614,-,1344,0,,,,SEQ-0C77010E5BBC
LOC-003147,RNA-012921,GEN-0074,166789,167262,-,474,0,,,,SEQ-F3986932AAFA
LOC-003148,RNA-012922,GEN-0074,2243969,2244982,+,1014,0,,,,SEQ-F9CC9A14B7DC
LOC-003149,RNA-012923,GEN-0074,2502178,2504550,-,2373,0,,,,SEQ-A6F9145F147A
LOC-003150,RNA-012924,GEN-0074,4164695,4164835,-,141,0,,,,SEQ-55586006FA79
LOC-003151,RNA-012925,GEN-0074,2483562,2485067,-,1506,0,,,,SEQ-2683B05FCCE3
LOC-003152,RNA-012926,GEN-0074,988792,991542,-,2751,0,,,,SEQ-FCC10D201893
LOC-003153,RNA-012927,GEN-0074,5121727,5122704,-,978,0,,,,SEQ-E2A86981C41E
LOC-003154,RNA-012928,GEN-0074,2261636,2262283,-,648,0,,,,SEQ-01FF7D2CB02B
LOC-003155,RNA-012929,GEN-0074,3470511,3470633,+,123,0,,,,SEQ-9A71C29F2A4E
LOC-003156,RNA-012930,GEN-0074,255982,257988,+,2007,0,,,,SEQ-DA2C1DCCFF39
LOC-003157,RNA-012931,GEN-0074,5272821,5274983,-,2163,0,,,,SEQ-C4F925EBF5CF
LOC-003158,RNA-012932,GEN-0074,2684421,2685320,-,900,0,,,,SEQ-5EE670EA29E1
LOC-003159,RNA-012933,GEN-0074,1106023,1106553,-,531,0,,,,SEQ-A34ADC5226C8
LOC-003160,RNA-012934,GEN-0074,4278723,4279040,-,318,0,,,,SEQ-6ABC90FDCC5B
LOC-003161,RNA-012935,GEN-0074,1120112,1120291,-,180,0,,,,SEQ-1BC4B1121A58
LOC-003162,RNA-012936,GEN-0074,3872455,3872718,+,264,0,,,,SEQ-2BA1477DAA11
LOC-003163,RNA-012937,GEN-0074,2416902,2417810,+,909,0,,,,SEQ-D08881F64C4C
LOC-003164,RNA-012938,GEN-0074,3276482,3277168,-,687,0,,,,SEQ-6A98671A0B02
LOC-003165,RNA-012939,GEN-0074,4375516,4376256,+,741,0,,,,SEQ-62F31FFEBBBF
LOC-003166,RNA-012940,GEN-0074,4857931,4858917,+,987,0,,,,SEQ-F89B28CA6E44
LOC-003167,RNA-012941,GEN-0074,188429,188887,+,459,0,,,,SEQ-2EEEC08EEF9B
LOC-003168,RNA-012942,GEN-0074,5157405,5158514,-,1110,0,,,,SEQ-340B2277AE0A
LOC-003169,RNA-012943,GEN-0074,123581,124213,-,633,0,,,,SEQ-6D83E970FBDF
LOC-003170,RNA-012944,GEN-0074,3575482,3577155,-,1674,0,,,,SEQ-2DAF3D239B4A
LOC-003171,RNA-012945,GEN-0074,419342,419929,+,588,0,,,,SEQ-1DE677B1628C
LOC-003172,RNA-012946,GEN-0074,2271897,2271941,+,45,0,,,,SEQ-AD4DBE7FA202
LOC-003173,RNA-012947,GEN-0074,69140,70162,-,1023,0,,,,SEQ-6C8507F9C877
LOC-003174,RNA-012948,GEN-0074,4453003,4455555,-,2553,0,,,,SEQ-69346C9A3A8A
LOC-003175,RNA-012949,GEN-0074,4283365,4284462,+,1098,0,,,,SEQ-188D85B82A72
LOC-003176,RNA-012950,GEN-0074,5425384,5426283,+,900,0,,,,SEQ-E30169B6A344
LOC-003177,RNA-012951,GEN-0074,86221,86919,+,699,0,,,,SEQ-E7551B1BF3D9
LOC-003178,RNA-012952,GEN-0074,171250,171612,-,363,0,,,,SEQ-73EB9653C643
LOC-003179,RNA-012953,GEN-0074,245263,245451,+,189,0,,,,SEQ-3C13DA223430
LOC-003180,RNA-012954,GEN-0074,411797,412201,+,405,0,,,,SEQ-B635A5147306
LOC-003181,RNA-012955,GEN-0074,592844,593647,+,804,0,,,,SEQ-591AF1A786D3
LOC-003182,RNA-012956,GEN-0074,1665129,1666070,-,942,0,,,,SEQ-EBE0C2EAC08C
LOC-003183,RNA-012957,GEN-0074,1739042,1739935,+,894,0,,,,SEQ-DE59E814FB3F
LOC-003184,RNA-012958,GEN-0074,2330909,2331967,-,1059,0,,,,SEQ-F33320603F52
LOC-003185,RNA-012959,GEN-0074,2820958,2822382,-,1425,0,,,,SEQ-F17EC0323941
LOC-003186,RNA-012960,GEN-0074,2885748,2888183,+,2436,0,,,,SEQ-E2C6F59E1AC6
LOC-003187,RNA-012961,GEN-0074,3716194,3717933,+,1740,0,,,,SEQ-3997F68C995C
LOC-003188,RNA-012962,GEN-0074,3859520,3860002,-,483,0,,,,SEQ-408CB3DD39C5
LOC-003189,RNA-012963,GEN-0074,4714110,4714733,-,624,0,,,,SEQ-B6B7E263292C
LOC-003190,RNA-012964,GEN-0074,5353316,5354872,-,1557,0,,,,SEQ-F4A87F7015E6
LOC-003191,RNA-012965,GEN-0074,91590,92834,+,1245,0,,,,SEQ-26B612A2B168
LOC-003192,RNA-012966,GEN-0074,5229783,5230733,+,951,0,,,,SEQ-F0718E06EBF6
LOC-003193,RNA-012967,GEN-0074,3611406,3611627,+,222,0,,,,SEQ-0ACEC0CE50AE
LOC-003194,RNA-012968,GEN-0074,4366746,4367801,-,1056,0,,,,SEQ-A57961352C08
LOC-003195,RNA-012969,GEN-0074,4670266,4671054,+,789,0,,,,SEQ-269B56F9E9A6
LOC-003196,RNA-012970,GEN-0074,420429,421259,+,831,0,,,,SEQ-635DACEE46A3
LOC-003197,RNA-012971,GEN-0074,950037,950954,+,918,0,,,,SEQ-771E527986B9
LOC-003198,RNA-012972,GEN-0074,5415839,5416888,+,1050,0,,,,SEQ-29BD0B76482C
LOC-003199,RNA-012973,GEN-0074,164014,164265,+,252,0,,,,SEQ-DED3E1ACCF4C
LOC-003200,RNA-012974,GEN-0074,2228348,2230126,-,1779,0,,,,SEQ-708632F7FA93
LOC-003201,RNA-012975,GEN-0074,384661,385221,+,561,0,,,,SEQ-9C835CA22654
LOC-003202,RNA-012976,GEN-0074,3797530,3798756,-,1227,0,,,,SEQ-7735098461F5
LOC-003203,RNA-012977,GEN-0074,2272080,2273063,+,984,0,,,,SEQ-C773697E80C8
LOC-003204,RNA-012978,GEN-0074,5055318,5056820,-,1503,0,,,,SEQ-62D343367B8F
LOC-003205,RNA-012979,GEN-0074,4099014,4099523,+,510,0,,,,SEQ-12ABC32A39CE
LOC-003206,RNA-012980,GEN-0074,800550,802283,+,1734,0,,,,SEQ-95974B6194ED
LOC-003207,RNA-012981,GEN-0074,431085,431387,+,303,0,,,,SEQ-010F23E2A7E3
LOC-003208,RNA-012982,GEN-0074,528161,529594,-,1434,0,,,,SEQ-12217FE0A93F
LOC-003209,RNA-012983,GEN-0074,4964468,4964695,-,228,0,,,,SEQ-6E58CFFC2919
LOC-003210,RNA-012984,GEN-0074,1977308,1978030,+,723,0,,,,SEQ-7B8B9E74030F
LOC-003211,RNA-012985,GEN-0074,5226893,5227276,-,384,0,,,,SEQ-F3B90406D386
LOC-003212,RNA-012986,GEN-0074,742272,742991,+,720,0,,,,SEQ-4E2E9F0EB2B5
LOC-003213,RNA-012987,GEN-0074,1357460,1358086,+,627,0,,,,SEQ-E9F6E14EC0F2
LOC-003214,RNA-012988,GEN-0074,3216754,3217560,+,807,0,,,,SEQ-00834716B59D
LOC-003215,RNA-012989,GEN-0074,3568281,3568463,-,183,0,,,,SEQ-41B23683B317
LOC-003216,RNA-012990,GEN-0074,5002760,5004262,-,1503,0,,,,SEQ-3C864C791E82
LOC-003217,RNA-012991,GEN-0074,2822865,2823767,-,903,0,,,,SEQ-A946257B93D1
LOC-003218,RNA-012992,GEN-0074,4948168,4949901,-,1734,0,,,,SEQ-C2B43C15267B
LOC-003219,RNA-012993,GEN-0074,4493661,4494071,+,411,0,,,,SEQ-0241E3896FE9
LOC-003220,RNA-012994,GEN-0074,63633,64148,+,516,0,,,,SEQ-3A642C6BABA0
LOC-003221,RNA-012995,GEN-0074,3796260,3797426,-,1167,0,,,,SEQ-73CAD42C8063
LOC-003222,RNA-012996,GEN-0074,4905357,4905743,+,387,0,,,,SEQ-C94A1595B84E
LOC-003223,RNA-012997,GEN-0074,524684,525337,+,654,0,,,,SEQ-4603233E81CD
LOC-003224,RNA-012998,GEN-0074,1349190,1350722,-,1533,0,,,,SEQ-93023039A61E
LOC-003225,RNA-012999,GEN-0074,5225761,5226189,-,429,0,,,,SEQ-7715C925F7F4
LOC-003226,RNA-013000,GEN-0074,440035,440151,+,117,0,,,,SEQ-DCE0CFD397E6
LOC-003227,RNA-013001,GEN-0074,1018507,1019499,+,993,0,,,,SEQ-460DBD752870
LOC-003228,RNA-013002,GEN-0074,2744406,2745656,+,1251,0,,,,SEQ-ED87C7D4CF95
LOC-003229,RNA-013003,GEN-0074,185306,186124,+,819,0,,,,SEQ-322E818E11C4
LOC-003230,RNA-013004,GEN-0074,2465555,2466427,-,873,0,,,,SEQ-EC0CB630F433
LOC-003231,RNA-013005,GEN-0074,2028093,2028440,+,348,0,,,,SEQ-8D3596BF0CBB
LOC-003232,RNA-013006,GEN-0074,179656,180111,-,456,0,,,,SEQ-C579F72302B3
LOC-003233,RNA-013007,GEN-0074,3761258,3761404,-,147,0,,,,SEQ-EC294587D696
LOC-003234,RNA-013008,GEN-0074,2683188,2683961,+,774,0,,,,SEQ-57388E794B7E
LOC-003235,RNA-013009,GEN-0074,87825,88310,-,486,0,,,,SEQ-94A1ECDB9974
LOC-003236,RNA-013010,GEN-0074,1526724,1527920,+,1197,0,,,,SEQ-94EC4CED3093
LOC-003237,RNA-013011,GEN-0074,111384,112028,+,645,0,,,,SEQ-8D7F59CCFD31
LOC-003238,RNA-013012,GEN-0074,2097214,2098071,+,858,0,,,,SEQ-5A6CF93DF89D
LOC-003239,RNA-013013,GEN-0074,1277678,1278535,-,858,0,,,,SEQ-9E4809393B87
LOC-003240,RNA-013014,GEN-0074,4525550,4528255,-,2706,0,,,,SEQ-E7E5595B683E
LOC-003241,RNA-013015,GEN-0074,2475026,2475262,-,237,0,,,,SEQ-14C108AED457
LOC-003242,RNA-013016,GEN-0074,2158813,2159166,+,354,0,,,,SEQ-D5EBE20F6F48
LOC-003243,RNA-013017,GEN-0074,23979,25454,-,1476,0,,,,SEQ-150CF9317DF9
LOC-003244,RNA-013018,GEN-0074,4015169,4016413,+,1245,0,,,,SEQ-6968CA996EBC
LOC-003245,RNA-013019,GEN-0074,440298,440654,+,357,0,,,,SEQ-488DF43F2C44
LOC-003246,RNA-013020,GEN-0074,220241,221200,-,960,0,,,,SEQ-2A9C33DC66A9
LOC-003247,RNA-013021,GEN-0074,4504496,4505920,-,1425,0,,,,SEQ-335BB299D014
LOC-003248,RNA-013022,GEN-0074,221965,223328,-,1364,0,,,,SEQ-D1CB137875AC
LOC-003249,RNA-013023,GEN-0074,541476,542441,+,966,0,,,,SEQ-96B2759F69C9
LOC-003250,RNA-013024,GEN-0074,792350,792709,-,360,0,,,,SEQ-9F5D4F6BCC81
LOC-003251,RNA-013025,GEN-0074,1016467,1017093,+,627,0,,,,SEQ-BCE9CB76AFBF
LOC-003252,RNA-013026,GEN-0074,1118012,1118374,+,363,0,,,,SEQ-C8EA9E1FAC87
LOC-003253,RNA-013027,GEN-0074,1526079,1526621,+,543,0,,,,SEQ-127FB4119FC5
LOC-003254,RNA-013028,GEN-0074,1722598,1723812,+,1215,0,,,,SEQ-B365072B52AC
LOC-003255,RNA-013029,GEN-0074,1739936,1741078,+,1143,0,,,,SEQ-E00FDAA9F0CB
LOC-003256,RNA-013030,GEN-0074,1888969,1889451,-,483,0,,,,SEQ-628C81CC329F
LOC-003257,RNA-013031,GEN-0074,2042985,2043498,+,514,0,,,,SEQ-D6C36C0BAEDB
LOC-003258,RNA-013032,GEN-0074,2370967,2372055,+,1089,0,,,,SEQ-3BCE4F78FFB7
LOC-003259,RNA-013033,GEN-0074,3289071,3289763,-,693,0,,,,SEQ-A053BB12FD7C
LOC-003260,RNA-013034,GEN-0074,4209937,4210515,+,579,0,,,,SEQ-6143B2E26C04
LOC-003261,RNA-013035,GEN-0074,4309498,4309668,-,171,0,,,,SEQ-3153022A7BA1
LOC-003262,RNA-013036,GEN-0074,5118619,5121711,-,3093,0,,,,SEQ-6CC51734E337
LOC-003263,RNA-013037,GEN-0074,5257581,5258393,+,813,0,,,,SEQ-064094DA7DDA
LOC-003264,RNA-013038,GEN-0074,192443,194176,+,1734,0,,,,SEQ-F15E65A29ACC
LOC-003265,RNA-013039,GEN-0074,1374643,1377756,-,3114,0,,,,SEQ-DA234FAE3AA2
LOC-003266,RNA-013040,GEN-0074,4157738,4158388,-,651,0,,,,SEQ-27ED0D8D2954
LOC-003267,RNA-013041,GEN-0074,2211590,2212690,-,1101,0,,,,SEQ-1A3CAFAC6C88
LOC-003268,RNA-013042,GEN-0074,5371121,5371624,-,504,0,,,,SEQ-3B536E6249B4
LOC-003269,RNA-013043,GEN-0074,1465890,1467110,+,1221,0,,,,SEQ-E7E683CF38EC
LOC-003270,RNA-013044,GEN-0074,5024158,5025804,-,1647,0,,,,SEQ-54E26E1A38CC
LOC-003271,RNA-013045,GEN-0074,5200753,5201025,-,273,0,,,,SEQ-6C00E6B63CFD
LOC-003272,RNA-013046,GEN-0074,4202195,4202467,-,273,0,,,,SEQ-47F9B08C5CB2
LOC-003273,RNA-013047,GEN-0074,4272157,4273071,-,915,0,,,,SEQ-42F2C049996C
LOC-003274,RNA-013048,GEN-0074,2057794,2058765,-,972,0,,,,SEQ-C547453EF00D
LOC-003275,RNA-013049,GEN-0074,1184753,1186414,-,1662,0,,,,SEQ-B5DE9B7902E7
LOC-003276,RNA-013050,GEN-0074,4609628,4610542,-,915,0,,,,SEQ-1179CFE8F315
LOC-003277,RNA-013051,GEN-0074,434618,434989,+,372,0,,,,SEQ-43B91B6377F9
LOC-003278,RNA-013052,GEN-0074,438228,438662,+,435,0,,,,SEQ-2CF2DB08AC42
LOC-003279,RNA-013053,GEN-0074,5374657,5375277,-,621,0,,,,SEQ-5799FC0536DE
LOC-003280,RNA-013054,GEN-0074,765690,767681,+,1992,0,,,,SEQ-3F6B56CDD0A3
LOC-003281,RNA-013055,GEN-0074,4242251,4243135,+,885,0,,,,SEQ-602FE222AAF2
LOC-003282,RNA-013056,GEN-0074,4051486,4052127,-,642,0,,,,SEQ-25BD5CD96BF6
LOC-003283,RNA-013057,GEN-0074,736014,738152,+,2139,0,,,,SEQ-C3DEEE3E0613
LOC-003284,RNA-013058,GEN-0074,4684094,4685104,-,1011,0,,,,SEQ-DA8BFBEFBDB9
LOC-003285,RNA-013059,GEN-0074,1957824,1958744,-,921,0,,,,SEQ-F4BD1FB5FF6B
LOC-003286,RNA-013060,GEN-0074,3264987,3266000,+,1014,0,,,,SEQ-9FD52C178742
LOC-003287,RNA-013061,GEN-0074,4148994,4149326,-,333,0,,,,SEQ-91E5E3D83D19
LOC-003288,RNA-013062,GEN-0074,5275763,5276665,-,903,0,,,,SEQ-5FA8DC6FFC46
LOC-003289,RNA-013063,GEN-0074,1963985,1965385,+,1401,0,,,,SEQ-BE1E1E28D2CF
LOC-003290,RNA-013064,GEN-0074,2066786,2068696,+,1911,0,,,,SEQ-C951B4ABD878
LOC-003291,RNA-013065,GEN-0074,4389188,4390378,-,1191,0,,,,SEQ-A8EF385CCC34
LOC-003292,RNA-013066,GEN-0074,2062571,2063935,-,1365,0,,,,SEQ-979D393C1552
LOC-003293,RNA-013067,GEN-0074,785385,788258,+,2874,0,,,,SEQ-15DB3D21E5E5
LOC-003294,RNA-013068,GEN-0074,1969936,1970157,-,222,0,,,,SEQ-C37340C7997D
LOC-003295,RNA-013069,GEN-0074,5283555,5284736,+,1182,0,,,,SEQ-721E8B3BE4F2
LOC-003296,RNA-013070,GEN-0074,5407652,5407894,-,243,0,,,,SEQ-7DB2550A1CFE
LOC-003297,RNA-013071,GEN-0074,3027589,3027712,-,124,0,,,,SEQ-0FFA264B2B0B
LOC-003298,RNA-013072,GEN-0074,775280,775939,+,660,0,,,,SEQ-0B08F486E812
LOC-003299,RNA-013073,GEN-0074,1298477,1299943,+,1467,0,,,,SEQ-891B82C2CBAA
LOC-003300,RNA-013074,GEN-0074,5421215,5421847,+,633,0,,,,SEQ-6C35509E431A
LOC-003301,RNA-013075,GEN-0074,727027,727629,-,603,0,,,,SEQ-4532548C2FDF
LOC-003302,RNA-013076,GEN-0074,1340726,1342594,-,1869,0,,,,SEQ-174D1C0F1CFF
LOC-003303,RNA-013077,GEN-0074,3703869,3704129,+,261,0,,,,SEQ-52C67EF24603
LOC-003304,RNA-013078,GEN-0074,4284951,4285253,+,303,0,,,,SEQ-6818114327D7
LOC-003305,RNA-013079,GEN-0074,4839225,4840265,-,1041,0,,,,SEQ-6FFBAAFF5D74
LOC-003306,RNA-013080,GEN-0074,3331,3867,-,537,0,,,,SEQ-97B1C966893A
LOC-003307,RNA-013081,GEN-0074,2022363,2022512,+,150,0,,,,SEQ-16B6155D336D
LOC-003308,RNA-013082,GEN-0074,4209317,4209634,-,318,0,,,,SEQ-60FA310FDA2C
LOC-003309,RNA-013083,GEN-0074,3610763,3611080,-,318,0,,,,SEQ-63C0B690813E
LOC-003310,RNA-013084,GEN-0074,4606517,4607338,-,822,0,,,,SEQ-D9AC34D41BAB
LOC-003311,RNA-013085,GEN-0074,833079,833627,-,549,0,,,,SEQ-670EAD6EEB26
LOC-003312,RNA-013086,GEN-0074,1737891,1739045,+,1155,0,,,,SEQ-F1A3E2E0C221
LOC-003313,RNA-013087,GEN-0074,5292948,5294078,-,1131,0,,,,SEQ-A0FE0CB89CBA
LOC-003314,RNA-013088,GEN-0074,4163379,4163753,+,375,0,,,,SEQ-B38302B17A0A
LOC-003315,RNA-013089,GEN-0074,261208,262137,-,930,0,,,,SEQ-B235B2495063
LOC-003316,RNA-013090,GEN-0074,4940152,4941654,-,1503,0,,,,SEQ-EAFBD5A30F8C
LOC-003317,RNA-013091,GEN-0074,3052714,3053583,-,870,0,,,,SEQ-0BD0F32E8063
LOC-003318,RNA-013092,GEN-0074,228717,229688,-,972,0,,,,SEQ-F6A9689520BE
LOC-003319,RNA-013093,GEN-0074,1971511,1971945,+,435,0,,,,SEQ-01EAA0C9458A
LOC-003320,RNA-013094,GEN-0074,1025591,1028152,-,2562,0,,,,SEQ-2981C20A055E
LOC-003321,RNA-013095,GEN-0074,4546550,4547008,-,459,0,,,,SEQ-8C5E9AF8E986
LOC-003322,RNA-013096,GEN-0074,4953606,4954349,-,744,0,,,,SEQ-69A1E376C28C
LOC-003323,RNA-013097,GEN-0074,3849459,3850337,+,879,0,,,,SEQ-6F91BACBEA5E
LOC-003324,RNA-013098,GEN-0074,18612,20273,+,1662,0,,,,SEQ-625370445257
LOC-003325,RNA-013099,GEN-0074,479233,479814,+,582,0,,,,SEQ-B42B26A4DC0C
LOC-003326,RNA-013100,GEN-0074,3597045,3601280,-,4236,0,,,,SEQ-550BBF574BFD
LOC-003327,RNA-013101,GEN-0074,2857845,2858933,-,1089,0,,,,SEQ-A9AB7A795ADA
LOC-003328,RNA-013102,GEN-0074,3804458,3804805,-,348,0,,,,SEQ-53250F591092
LOC-003329,RNA-013103,GEN-0074,4538238,4539554,-,1317,0,,,,SEQ-823C400B18AC
LOC-003330,RNA-013104,GEN-0074,3680016,3681317,+,1302,0,,,,SEQ-3A599BCC0B59
LOC-003331,RNA-013105,GEN-0074,4937090,4938088,+,999,0,,,,SEQ-5D3CB937E5CE
LOC-003332,RNA-013106,GEN-0074,5122701,5123810,-,1110,0,,,,SEQ-4F20BE9594EA
LOC-003333,RNA-013107,GEN-0074,551567,551896,+,330,0,,,,SEQ-9DFE6DE3E0C5
LOC-003334,RNA-013108,GEN-0074,438045,438224,+,180,0,,,,SEQ-72A3D5FAB4FB
LOC-003335,RNA-013109,GEN-0074,150882,151310,+,429,0,,,,SEQ-9B0AB8970E00
LOC-003336,RNA-013110,GEN-0074,1414415,1415281,+,867,0,,,,SEQ-0953E480C5D2
LOC-003337,RNA-013111,GEN-0074,3446255,3447538,-,1284,0,,,,SEQ-CFEF119C3BCA
LOC-003338,RNA-013112,GEN-0074,393270,394556,+,1287,0,,,,SEQ-FA353B17B6AC
LOC-003339,RNA-013113,GEN-0074,61476,61817,+,342,0,,,,SEQ-94C00F1A6EAF
LOC-003340,RNA-013114,GEN-0074,4425681,4426439,-,759,0,,,,SEQ-975B211D4642
LOC-003341,RNA-013115,GEN-0074,4401783,4402490,+,708,0,,,,SEQ-678BA893FC77
LOC-003342,RNA-013116,GEN-0074,435329,435868,+,540,0,,,,SEQ-AAA2A3D28562
LOC-003343,RNA-013117,GEN-0074,142344,143120,-,777,0,,,,SEQ-0C85C2E29C13
LOC-003344,RNA-013118,GEN-0074,1450055,1450984,-,930,0,,,,SEQ-33FD9412F48A
LOC-003345,RNA-013119,GEN-0074,2296175,2296423,+,249,0,,,,SEQ-C8AD06132468
LOC-003346,RNA-013120,GEN-0074,2388347,2389102,+,756,0,,,,SEQ-444FDDEC2A36
LOC-003347,RNA-013121,GEN-0074,3447543,3448670,-,1128,0,,,,SEQ-09DB570433D4
LOC-003348,RNA-013122,GEN-0074,4376227,4376994,-,768,0,,,,SEQ-1889356FA5CD
LOC-003349,RNA-013123,GEN-0074,5133032,5134207,-,1176,0,,,,SEQ-8D68B7558119
LOC-003350,RNA-013124,GEN-0074,5407269,5407652,-,384,0,,,,SEQ-61F5F02C03DF
LOC-003351,RNA-013125,GEN-0074,158713,159450,+,738,0,,,,SEQ-4F04DF1E2FA1
LOC-003352,RNA-013126,GEN-0074,220230,221624,+,1395,0,,,,SEQ-21DC06AEFAC2
LOC-003353,RNA-013127,GEN-0074,284920,286113,+,1194,0,,,,SEQ-F525BC60F49A
LOC-003354,RNA-013128,GEN-0074,407518,408738,+,1221,0,,,,SEQ-BC4218020610
LOC-003355,RNA-013129,GEN-0074,712544,713203,-,660,0,,,,SEQ-B64139B3AE80
LOC-003356,RNA-013130,GEN-0074,716141,717559,+,1419,0,,,,SEQ-D798F34AD2F1
LOC-003357,RNA-013131,GEN-0074,720785,721072,+,288,0,,,,SEQ-2CD595CB388D
LOC-003358,RNA-013132,GEN-0074,726208,726396,-,189,0,,,,SEQ-0F125B021806
LOC-003359,RNA-013133,GEN-0074,727727,728638,+,912,0,,,,SEQ-A5E8129F7357
LOC-003360,RNA-013134,GEN-0074,732108,732593,+,486,0,,,,SEQ-99313F333BE7
LOC-003361,RNA-013135,GEN-0074,788321,789064,+,744,0,,,,SEQ-ACD768A70F6E
LOC-003362,RNA-013136,GEN-0074,795639,796298,+,660,0,,,,SEQ-A6EB58F7B708
LOC-003363,RNA-013137,GEN-0074,1087784,1088647,+,864,0,,,,SEQ-ED36EEC21373
LOC-003364,RNA-013138,GEN-0074,1196115,1196597,-,483,0,,,,SEQ-C5432E1D2BFC
LOC-003365,RNA-013139,GEN-0074,1200944,1201816,+,873,0,,,,SEQ-1D77AB0F56CD
LOC-003366,RNA-013140,GEN-0074,1252843,1254096,+,1254,0,,,,SEQ-FDDB69180BF3
LOC-003367,RNA-013141,GEN-0074,1264817,1265797,+,981,0,,,,SEQ-FA1CE666C22B
LOC-003368,RNA-013142,GEN-0074,1368667,1369542,+,876,0,,,,SEQ-59AEA48B2BA1
LOC-003369,RNA-013143,GEN-0074,1406124,1407023,+,900,0,,,,SEQ-E0161DF6F031
LOC-003370,RNA-013144,GEN-0074,1472722,1473381,+,660,0,,,,SEQ-EF12612B6EAB
LOC-003371,RNA-013145,GEN-0074,1568667,1568894,-,228,0,,,,SEQ-EAFB6D05BB35
LOC-003372,RNA-013146,GEN-0074,1607486,1608643,+,1158,0,,,,SEQ-87BD218FA761
LOC-003373,RNA-013147,GEN-0074,1752874,1753698,+,825,0,,,,SEQ-EA664F6E1398
LOC-003374,RNA-013148,GEN-0074,1885013,1886275,-,1263,0,,,,SEQ-6242D0D86702
LOC-003375,RNA-013149,GEN-0074,1933749,1935845,+,2097,0,,,,SEQ-5130CD7F870E
LOC-003376,RNA-013150,GEN-0074,1942570,1944450,-,1881,0,,,,SEQ-34C218EC3076
LOC-003377,RNA-013151,GEN-0074,1957287,1957523,-,237,0,,,,SEQ-1DEB93536366
LOC-003378,RNA-013152,GEN-0074,1966930,1967841,+,912,0,,,,SEQ-FA4BA626E021
LOC-003379,RNA-013153,GEN-0074,1987488,1988909,-,1422,0,,,,SEQ-0E318A632D19
LOC-003380,RNA-013154,GEN-0074,2049907,2050146,-,240,0,,,,SEQ-44CBA95E52D3
LOC-003381,RNA-013155,GEN-0074,2082363,2083661,+,1299,0,,,,SEQ-95AACD0E13A8
LOC-003382,RNA-013156,GEN-0074,2181932,2182825,+,894,0,,,,SEQ-283C2E04F5E9
LOC-003383,RNA-013157,GEN-0074,2287242,2288075,-,834,0,,,,SEQ-FBDE53AF121E
LOC-003384,RNA-013158,GEN-0074,2359227,2359991,+,765,0,,,,SEQ-95A9C03A618D
LOC-003385,RNA-013159,GEN-0074,2446579,2447013,-,435,0,,,,SEQ-C42EC5EB5B6A
LOC-003386,RNA-013160,GEN-0074,2470615,2471511,+,897,0,,,,SEQ-5F89BA7BF2D5
LOC-003387,RNA-013161,GEN-0074,2486312,2487010,-,699,0,,,,SEQ-D9D4645E05BD
LOC-003388,RNA-013162,GEN-0074,2517235,2517903,+,669,0,,,,SEQ-ED1DE416B7F4
LOC-003389,RNA-013163,GEN-0074,2539294,2540892,+,1599,0,,,,SEQ-316E1AF78454
LOC-003390,RNA-013164,GEN-0074,2545640,2547346,-,1707,0,,,,SEQ-B8E82101E2E4
LOC-003391,RNA-013165,GEN-0074,2711175,2712275,+,1101,0,,,,SEQ-53EC4C4F955F
LOC-003392,RNA-013166,GEN-0074,2810579,2811736,-,1158,0,,,,SEQ-AB5D131634DB
LOC-003393,RNA-013167,GEN-0074,3060437,3061492,-,1056,0,,,,SEQ-3FC37524C1A3
LOC-003394,RNA-013168,GEN-0074,3070919,3071320,-,402,0,,,,SEQ-F1C59F42353D
LOC-003395,RNA-013169,GEN-0074,3119279,3120331,-,1053,0,,,,SEQ-376E2ED4CFE1
LOC-003396,RNA-013170,GEN-0074,3202148,3203494,-,1347,0,,,,SEQ-BF9518E5F068
LOC-003397,RNA-013171,GEN-0074,3343582,3344709,+,1128,0,,,,SEQ-6A3C109D3EA9
LOC-003398,RNA-013172,GEN-0074,3470033,3470254,-,222,0,,,,SEQ-B0AC7227A584
LOC-003399,RNA-013173,GEN-0074,3506223,3507875,-,1653,0,,,,SEQ-DC0B9F9D0D4A
LOC-003400,RNA-013174,GEN-0074,3554872,3555519,-,648,0,,,,SEQ-827999CDA461
LOC-003401,RNA-013175,GEN-0074,4046822,4047940,+,1119,0,,,,SEQ-718FB889E5E8
LOC-003402,RNA-013176,GEN-0074,4185036,4185293,-,258,0,,,,SEQ-9CCB6E608C17
LOC-003403,RNA-013177,GEN-0074,4199589,4199957,-,369,0,,,,SEQ-65EBE40A28C8
LOC-003404,RNA-013178,GEN-0074,4327109,4327675,+,567,0,,,,SEQ-23A12BDA46D9
LOC-003405,RNA-013179,GEN-0074,4337528,4340293,-,2766,0,,,,SEQ-12AA30A84AE8
LOC-003406,RNA-013180,GEN-0074,4351198,4352460,+,1263,0,,,,SEQ-8408BCE7893E
LOC-003407,RNA-013181,GEN-0074,4372519,4373757,-,1239,0,,,,SEQ-24ABEB37E085
LOC-003408,RNA-013182,GEN-0074,4384419,4385141,-,723,0,,,,SEQ-5896FE8FD7C3
LOC-003409,RNA-013183,GEN-0074,4407247,4407447,+,201,0,,,,SEQ-2CA3C63C8D8D
LOC-003410,RNA-013184,GEN-0074,4543462,4545228,-,1767,0,,,,SEQ-CC600E595D13
LOC-003411,RNA-013185,GEN-0074,4662634,4662795,-,162,0,,,,SEQ-EF999621213E
LOC-003412,RNA-013186,GEN-0074,4781587,4782396,-,810,0,,,,SEQ-93EDF03662F2
LOC-003413,RNA-013187,GEN-0074,4791636,4795634,-,3999,0,,,,SEQ-062089E988CC
LOC-003414,RNA-013188,GEN-0074,4795685,4799716,-,4032,0,,,,SEQ-B2B2819916D7
LOC-003415,RNA-013189,GEN-0074,4799713,4802853,-,3141,0,,,,SEQ-9374820DB13D
LOC-003416,RNA-013190,GEN-0074,4804416,4805195,-,780,0,,,,SEQ-9EA2D44D2D4D
LOC-003417,RNA-013191,GEN-0074,4835216,4835443,-,228,0,,,,SEQ-5AE1083660BF
LOC-003418,RNA-013192,GEN-0074,4861355,4863028,+,1674,0,,,,SEQ-AFB3CCF85E41
LOC-003419,RNA-013193,GEN-0074,4865826,4867508,-,1683,0,,,,SEQ-A21499564895
LOC-003420,RNA-013194,GEN-0074,4982793,4982990,-,198,0,,,,SEQ-B57F6C1A0014
LOC-003421,RNA-013195,GEN-0074,5023544,5023897,-,354,0,,,,SEQ-E5C1EF838A0E
LOC-003422,RNA-013196,GEN-0074,5085402,5087981,-,2580,0,,,,SEQ-9149530E3B75
LOC-003423,RNA-013197,GEN-0074,5093790,5095139,-,1350,0,,,,SEQ-42B4667CCC3E
LOC-003424,RNA-013198,GEN-0074,5124929,5126167,-,1239,0,,,,SEQ-FD06D86AB2D4
LOC-003425,RNA-013199,GEN-0074,5210942,5212474,+,1533,0,,,,SEQ-0D0D91D0E56E
LOC-003426,RNA-013200,GEN-0074,5319693,5321339,-,1647,0,,,,SEQ-417FE004B540
LOC-003427,RNA-013201,GEN-0074,5355011,5356147,+,1137,0,,,,SEQ-D7CF91D72B2B
LOC-003428,RNA-013202,GEN-0074,5393996,5394655,+,660,0,,,,SEQ-B7CBC07B942F
LOC-003429,RNA-013203,GEN-0074,5398855,5399835,-,981,0,,,,SEQ-1E22EB9F38CB
LOC-003430,RNA-013204,GEN-0074,58898,59209,-,312,0,,,,SEQ-E2F015F64006
LOC-003431,RNA-013205,GEN-0074,77723,78922,-,1200,0,,,,SEQ-7770A1783FE2
LOC-003432,RNA-013206,GEN-0074,84063,85283,-,1221,0,,,,SEQ-40F885E225F6
LOC-003433,RNA-013207,GEN-0074,121310,121531,+,222,0,,,,SEQ-7F0189B69C51
LOC-003434,RNA-013208,GEN-0074,132176,133180,+,1005,0,,,,SEQ-63575CDA220A
LOC-003435,RNA-013209,GEN-0074,172423,173283,+,861,0,,,,SEQ-90DF3E707D45
LOC-003436,RNA-013210,GEN-0074,190030,190671,+,642,0,,,,SEQ-5B13138F2835
LOC-003437,RNA-013211,GEN-0074,196840,197244,-,405,0,,,,SEQ-B8A9F698E620
LOC-003438,RNA-013212,GEN-0074,212935,213768,-,834,0,,,,SEQ-5099D1F0FB7F
LOC-003439,RNA-013213,GEN-0074,218697,219014,-,318,0,,,,SEQ-3599EFA6B6DC
LOC-003440,RNA-013214,GEN-0074,1731884,1732006,-,123,0,,,,SEQ-67B483580BA0
LOC-003441,RNA-013215,GEN-0074,1363201,1363317,+,117,0,,,,SEQ-25E54D1C2A93
LOC-003442,RNA-013216,GEN-0074,2126545,2126655,-,111,0,,,,SEQ-B0ED48B6BBD2
LOC-003443,RNA-013217,GEN-0074,1092138,1094765,+,2628,0,,,,SEQ-A49EFE2DA3C6
LOC-003444,RNA-013218,GEN-0074,4990491,4991846,-,1356,0,,,,SEQ-E4FF1225188B
LOC-003445,RNA-013219,GEN-0074,4406095,4406508,-,414,0,,,,SEQ-F77F65671561
LOC-003446,RNA-013220,GEN-0074,492278,492748,-,471,0,,,,SEQ-DC60BCC1AE66
LOC-003447,RNA-013221,GEN-0074,391514,392035,+,522,0,,,,SEQ-AF4C8518FF74
LOC-003448,RNA-013222,GEN-0074,5459143,5460525,+,1383,0,,,,SEQ-CC9E007283B3
LOC-003449,RNA-013223,GEN-0074,4420986,4423415,-,2430,0,,,,SEQ-FB0F563B4ED7
LOC-003450,RNA-013224,GEN-0074,5230759,5231721,-,963,0,,,,SEQ-A86E2B7CB2DE
LOC-003451,RNA-013225,GEN-0074,4263822,4265141,-,1320,0,,,,SEQ-43BD695673F3
LOC-003452,RNA-013226,GEN-0074,4077799,4079367,-,1569,0,,,,SEQ-C3A58C2412DC
LOC-003453,RNA-013227,GEN-0074,1835125,1835637,+,513,0,,,,SEQ-97B0927FFAC1
LOC-003454,RNA-013228,GEN-0074,943551,944096,+,546,0,,,,SEQ-4086A6C1269F
LOC-003455,RNA-013229,GEN-0074,5371774,5372472,+,699,0,,,,SEQ-7DE56715C0D3
LOC-003456,RNA-013230,GEN-0074,4641855,4642328,-,474,0,,,,SEQ-2A76C48B883C
LOC-003457,RNA-013231,GEN-0074,410858,411490,-,633,0,,,,SEQ-E3679550DC5A
LOC-003458,RNA-013232,GEN-0074,2051562,2051771,+,210,0,,,,SEQ-5AA7D5DC0AB8
LOC-003459,RNA-013233,GEN-0074,2004666,2005409,+,744,0,,,,SEQ-F191702E53CF
LOC-003460,RNA-013234,GEN-0074,3654925,3656127,-,1203,0,,,,SEQ-5902A9CD1DB8
LOC-003461,RNA-013235,GEN-0074,137728,138237,-,510,0,,,,SEQ-073FA3CD61DB
LOC-003462,RNA-013236,GEN-0074,3423421,3423672,+,252,0,,,,SEQ-24B3909E3980
LOC-003463,RNA-013237,GEN-0074,5142320,5143735,-,1416,0,,,,SEQ-E7A8228131BF
LOC-003464,RNA-013238,GEN-0074,4412750,4416232,-,3483,0,,,,SEQ-914BC87AC7BA
LOC-003465,RNA-013239,GEN-0074,449225,450349,+,1125,0,,,,SEQ-E8D24A4DC106
LOC-003466,RNA-013240,GEN-0074,280254,281702,-,1449,0,,,,SEQ-753F71DE1E71
LOC-003467,RNA-013241,GEN-0074,465740,466705,-,966,0,,,,SEQ-78C8283657E1
LOC-003468,RNA-013242,GEN-0074,4234230,4236092,+,1863,0,,,,SEQ-80E64EBBFB07
LOC-003469,RNA-013243,GEN-0074,3928833,3930008,-,1176,0,,,,SEQ-52296596236E
LOC-003470,RNA-013244,GEN-0074,160407,161678,-,1272,0,,,,SEQ-49F8789F83C9
LOC-003471,RNA-013245,GEN-0074,464681,465334,+,654,0,,,,SEQ-0FA0C328CF6C
LOC-003472,RNA-013246,GEN-0074,3524014,3524532,+,519,0,,,,SEQ-47388100D0FD
LOC-003473,RNA-013247,GEN-0074,3404277,3405206,-,930,0,,,,SEQ-1D0A32324A22
LOC-003474,RNA-013248,GEN-0074,5405534,5406169,+,636,0,,,,SEQ-C2F7E077332B
LOC-003475,RNA-013249,GEN-0074,3932655,3933662,+,1008,0,,,,SEQ-5033AF2A896E
LOC-003476,RNA-013250,GEN-0074,5347881,5348543,+,663,0,,,,SEQ-0442D4B4F8BF
LOC-003477,RNA-013251,GEN-0074,4531370,4532632,-,1263,0,,,,SEQ-9FBB90049D29
LOC-003478,RNA-013252,GEN-0074,4536964,4538238,-,1275,0,,,,SEQ-E09D346D732E
LOC-003479,RNA-013253,GEN-0074,1249511,1250848,+,1338,0,,,,SEQ-23FA2B8BA95F
LOC-003480,RNA-013254,GEN-0074,4397980,4398546,-,567,0,,,,SEQ-C56476601CF4
LOC-003481,RNA-013255,GEN-0074,341069,342409,+,1341,0,,,,SEQ-138F4DA85050
LOC-003482,RNA-013256,GEN-0074,375332,375805,-,474,0,,,,SEQ-6E96A1C0F8E3
LOC-003483,RNA-013257,GEN-0074,2206172,2207428,+,1257,0,,,,SEQ-67DC84773F2A
LOC-003484,RNA-013258,GEN-0074,4987277,4987585,-,309,0,,,,SEQ-6BCAAF0519E0
LOC-003485,RNA-013259,GEN-0074,2046561,2047445,+,885,0,,,,SEQ-80D7281ECD4D
LOC-003486,RNA-013260,GEN-0074,3669591,3670532,-,942,0,,,,SEQ-F4ADC06CC896
LOC-003487,RNA-013261,GEN-0074,3651873,3653105,-,1233,0,,,,SEQ-3A94C1B4CF25
LOC-003488,RNA-013262,GEN-0074,1421792,1423807,+,2016,0,,,,SEQ-B209426D871B
LOC-003489,RNA-013263,GEN-0074,167355,168539,-,1185,0,,,,SEQ-BBEA0BB3C3A7
LOC-003490,RNA-013264,GEN-0074,4377069,4377650,-,582,0,,,,SEQ-09D251D0C44F
LOC-003491,RNA-013265,GEN-0074,4529138,4530055,-,918,0,,,,SEQ-56CECFE5C79F
LOC-003492,RNA-013266,GEN-0074,4419350,4420375,-,1026,0,,,,SEQ-E1DD762BA6AC
LOC-003493,RNA-013267,GEN-0074,2018715,2019689,+,975,0,,,,SEQ-D5259DED2901
LOC-003494,RNA-013268,GEN-0074,4612126,4612626,-,501,0,,,,SEQ-AA8F6A5A6747
LOC-003495,RNA-013269,GEN-0074,5154994,5155917,-,924,0,,,,SEQ-761F4C352278
LOC-003496,RNA-013270,GEN-0074,2957163,2958341,+,1179,0,,,,SEQ-C0196F900CB5
LOC-003497,RNA-013271,GEN-0074,995431,996222,+,792,0,,,,SEQ-926E3EF0D486
LOC-003498,RNA-013272,GEN-0074,1610118,1611116,+,999,0,,,,SEQ-E3B784871C64
LOC-003499,RNA-013273,GEN-0074,4987678,4988628,-,951,0,,,,SEQ-B115F28EB108
LOC-003500,RNA-013274,GEN-0074,2073596,2074408,-,813,0,,,,SEQ-253A3AACE51B
LOC-003501,RNA-013275,GEN-0074,4935541,4936914,-,1374,0,,,,SEQ-7F312CCEDF53
LOC-003502,RNA-013276,GEN-0074,840452,841060,+,609,0,,,,SEQ-DBCDE391CF5A
LOC-003503,RNA-013277,GEN-0074,3562826,3563530,-,705,0,,,,SEQ-F0A06E763037
LOC-003504,RNA-013278,GEN-0074,4649012,4650244,-,1233,0,,,,SEQ-1506EAE381A4
LOC-003505,RNA-013279,GEN-0074,3392127,3393137,-,1011,0,,,,SEQ-55FCE65A80B0
LOC-003506,RNA-013280,GEN-0074,2077916,2079466,-,1551,0,,,,SEQ-E1DC5787A7E9
LOC-003507,RNA-013281,GEN-0074,4617137,4618033,-,897,0,,,,SEQ-9BDEA37D6489
LOC-003508,RNA-013282,GEN-0074,2011161,2011604,+,444,0,,,,SEQ-83BBFD88133F
LOC-003509,RNA-013283,GEN-0074,1509199,1509741,+,543,0,,,,SEQ-F7C82FBE8FF8
LOC-003510,RNA-013284,GEN-0074,1996270,1997058,+,789,0,,,,SEQ-E69BFFD6220B
LOC-003511,RNA-013285,GEN-0074,5337359,5338276,-,918,0,,,,SEQ-932A73BE6E34
LOC-003512,RNA-013286,GEN-0074,2997494,2998420,-,927,0,,,,SEQ-8865B8F9FC26
LOC-003513,RNA-013287,GEN-0074,3878073,3878591,-,519,0,,,,SEQ-A8BB67919262
LOC-003514,RNA-013288,GEN-0074,3786339,3786863,-,525,0,,,,SEQ-9F5A77FAAEBD
LOC-003515,RNA-013289,GEN-0074,4483216,4483596,+,381,0,,,,SEQ-801D2C0DF1CF
LOC-003516,RNA-013290,GEN-0074,2114361,2116004,+,1644,0,,,,SEQ-64BE8BDB5C6F
LOC-003517,RNA-013291,GEN-0074,1205680,1206411,+,732,0,,,,SEQ-04997EC08D40
LOC-003518,RNA-013292,GEN-0074,1201813,1202973,-,1161,0,,,,SEQ-1740F5403042
LOC-003519,RNA-013293,GEN-0074,5269052,5269912,-,861,0,,,,SEQ-4FF4AA8F2286
LOC-003520,RNA-013294,GEN-0074,4943138,4943668,+,531,0,,,,SEQ-6E0E4ECDE774
LOC-003521,RNA-013295,GEN-0074,3525585,3527222,-,1638,0,,,,SEQ-B4507227EE8C
LOC-003522,RNA-013296,GEN-0074,2203311,2204258,-,948,0,,,,SEQ-0A702A0D8AD4
LOC-003523,RNA-013297,GEN-0074,1001170,1001841,+,672,0,,,,SEQ-CE40C8C22AF4
LOC-003524,RNA-013298,GEN-0074,5270578,5271471,+,894,0,,,,SEQ-E5D704A9CE73
LOC-003525,RNA-013299,GEN-0074,4642538,4643407,+,870,0,,,,SEQ-93AABC085F0C
LOC-003526,RNA-013300,GEN-0074,134188,134904,+,717,0,,,,SEQ-E0BE9A30B880
LOC-003527,RNA-013301,GEN-0074,429843,430472,+,630,0,,,,SEQ-63988C000BFE
LOC-003528,RNA-013302,GEN-0074,1229152,1229727,+,576,0,,,,SEQ-F82B6D1FDFA4
LOC-003529,RNA-013303,GEN-0074,432886,433584,+,699,0,,,,SEQ-BA16AF4090FE
LOC-003530,RNA-013304,GEN-0074,429499,429810,+,312,0,,,,SEQ-8616A0589ECE
LOC-003531,RNA-013305,GEN-0074,440671,441060,+,390,0,,,,SEQ-6BB864479EA2
LOC-003532,RNA-013306,GEN-0074,4423447,4424799,-,1353,0,,,,SEQ-2F15B6CC01C7
LOC-003533,RNA-013307,GEN-0074,3458078,3458716,-,639,0,,,,SEQ-DD191ECE7C2D
LOC-003534,RNA-013308,GEN-0074,3593576,3594868,-,1293,0,,,,SEQ-3E043E1A0289
LOC-003535,RNA-013309,GEN-0074,229688,230854,-,1167,0,,,,SEQ-2DAE47CB1B31
LOC-003536,RNA-013310,GEN-0074,5335976,5337376,+,1401,0,,,,SEQ-EF86A6021A2A
LOC-003537,RNA-013311,GEN-0074,5251500,5251751,-,252,0,,,,SEQ-49747B8C518F
LOC-003538,RNA-013312,GEN-0074,485210,486655,+,1446,0,,,,SEQ-972A7ABF0B05
LOC-003539,RNA-013313,GEN-0074,3788320,3789645,-,1326,0,,,,SEQ-870992B3D322
LOC-003540,RNA-013314,GEN-0074,5239356,5240807,-,1452,0,,,,SEQ-D695567B3BF9
LOC-003541,RNA-013315,GEN-0074,403932,405119,-,1188,0,,,,SEQ-ABE26032945E
LOC-003542,RNA-013316,GEN-0074,3030162,3031097,+,936,0,,,,SEQ-28395C06A56C
LOC-003543,RNA-013317,GEN-0074,2480607,2481881,+,1275,0,,,,SEQ-919631A011BD
LOC-003544,RNA-013318,GEN-0074,5247203,5248678,-,1476,0,,,,SEQ-6F7566F422F8
LOC-003545,RNA-013319,GEN-0074,332718,333458,+,741,0,,,,SEQ-FECB3BBB32FE
LOC-003546,RNA-013320,GEN-0074,520900,521964,+,1065,0,,,,SEQ-3E5523F758E2
LOC-003547,RNA-013321,GEN-0074,2199963,2200238,+,276,0,,,,SEQ-F7FF6A6B19BE
LOC-003548,RNA-013322,GEN-0074,1591947,1592519,-,573,0,,,,SEQ-A528ACC3F2E8
LOC-003549,RNA-013323,GEN-0074,1488040,1488591,+,552,0,,,,SEQ-F4B4ECF48569
LOC-003550,RNA-013324,GEN-0074,796397,797380,-,984,0,,,,SEQ-44C14634EBA7
LOC-003551,RNA-013325,GEN-0074,335761,336249,-,489,0,,,,SEQ-EBD9EF7FFEA3
LOC-003552,RNA-013326,GEN-0074,6435,7247,+,813,0,,,,SEQ-26842F9785EB
LOC-003553,RNA-013327,GEN-0074,3436186,3436713,-,528,0,,,,SEQ-9434541AE5BE
LOC-003554,RNA-013328,GEN-0074,3728102,3729007,+,906,0,,,,SEQ-B0EC0D294A4E
LOC-003555,RNA-013329,GEN-0074,3533726,3534268,-,543,0,,,,SEQ-71254E8B426D
LOC-003556,RNA-013330,GEN-0074,312871,313539,+,669,0,,,,SEQ-678F47E772EB
LOC-003557,RNA-013331,GEN-0074,2968533,2968925,+,393,0,,,,SEQ-ADC8E0CBCEDD
LOC-003558,RNA-013332,GEN-0074,5476985,5477560,-,576,0,,,,SEQ-EB10B2713482
LOC-003559,RNA-013333,GEN-0074,3829425,3829955,+,531,0,,,,SEQ-365D88735FD9
LOC-003560,RNA-013334,GEN-0074,4688829,4691594,-,2766,0,,,,SEQ-B23C01847A8F
LOC-003561,RNA-013335,GEN-0074,2500690,2500965,+,276,0,,,,SEQ-C316EF991CC4
LOC-003562,RNA-013336,GEN-0074,5473365,5474084,+,720,0,,,,SEQ-607FCAF317D9
LOC-003563,RNA-013337,GEN-0074,5265523,5266431,+,909,0,,,,SEQ-098C397693A5
LOC-003564,RNA-013338,GEN-0074,435883,436188,+,306,0,,,,SEQ-F2D4C1B57199
LOC-003565,RNA-013339,GEN-0074,1206419,1206560,+,142,0,,,,SEQ-60689934EABA
LOC-003566,RNA-013340,GEN-0074,841156,841857,+,702,0,,,,SEQ-AADF4624D41E
LOC-003567,RNA-013341,GEN-0074,5037469,5037825,-,357,0,,,,SEQ-C86925F14888
LOC-003568,RNA-013342,GEN-0074,3692139,3693719,+,1581,0,,,,SEQ-8F61665DCA6B
LOC-003569,RNA-013343,GEN-0074,432243,432521,+,279,0,,,,SEQ-8E9BF196A0BC
LOC-003570,RNA-013344,GEN-0074,2839093,2839467,+,375,0,,,,SEQ-552659C22DD6
LOC-003571,RNA-013345,GEN-0074,636730,637506,+,777,0,,,,SEQ-9CDBA6EB13D9
LOC-003572,RNA-013346,GEN-0074,3424355,3425473,+,1119,0,,,,SEQ-5579F3EA4780
LOC-003573,RNA-013347,GEN-0074,1637971,1639659,+,1689,0,,,,SEQ-F231A6FF57AE
LOC-003574,RNA-013348,GEN-0074,196082,196564,+,483,0,,,,SEQ-8E5A71DB8DAC
LOC-003575,RNA-013349,GEN-0074,215922,217409,+,1488,0,,,,SEQ-23D1807588C4
LOC-003576,RNA-013350,GEN-0074,749619,750185,-,567,0,,,,SEQ-964A1B461C44
LOC-003577,RNA-013351,GEN-0074,3719186,3720292,+,1107,0,,,,SEQ-44F3F1FBE2C2
LOC-003578,RNA-013352,GEN-0074,2271169,2271366,+,198,0,,,,SEQ-027B475C081A
LOC-003579,RNA-013353,GEN-0074,4215459,4216070,+,612,0,,,,SEQ-7832F0323D1F
LOC-003580,RNA-013354,GEN-0074,372262,372489,-,228,0,,,,SEQ-8B3833CB6E18
LOC-003581,RNA-013355,GEN-0074,5370060,5370962,-,903,0,,,,SEQ-84419E70CFF9
LOC-003582,RNA-013356,GEN-0074,4530156,4531307,-,1152,0,,,,SEQ-975E4756A263
LOC-003583,RNA-013357,GEN-0074,5484353,5484493,-,141,0,,,,SEQ-FA0C4D111C5C
LOC-003584,RNA-013358,GEN-0074,314857,315711,+,855,0,,,,SEQ-1B9BC84671C3
LOC-003585,RNA-013359,GEN-0074,120853,121128,-,276,0,,,,SEQ-F9913AAF9FF9
LOC-003586,RNA-013360,GEN-0074,1192099,1192347,+,249,0,,,,SEQ-B2C99750D57F
LOC-003587,RNA-013361,GEN-0074,426537,427721,+,1185,0,,,,SEQ-EEBDF8755E4A
LOC-003588,RNA-013362,GEN-0074,3746942,3747667,-,726,0,,,,SEQ-437E8694D34B
LOC-003589,RNA-013363,GEN-0074,1524300,1524725,-,426,0,,,,SEQ-C0EF908AD6DA
LOC-003590,RNA-013364,GEN-0074,1444800,1444871,-,72,0,,,,SEQ-E5F68EDEA277
LOC-003591,RNA-013365,GEN-0074,1247387,1248808,+,1422,0,,,,SEQ-C465D3B9D81B
LOC-003592,RNA-013366,GEN-0074,4916334,4916507,+,174,0,,,,SEQ-7B36387CE3DA
LOC-003593,RNA-013367,GEN-0074,757287,758681,-,1395,0,,,,SEQ-DC904A79C430
LOC-003594,RNA-013368,GEN-0074,3743588,3745114,-,1527,0,,,,SEQ-6193287EDB47
LOC-003595,RNA-013369,GEN-0074,4654478,4655197,-,720,0,,,,SEQ-2B8C25A99F81
LOC-003596,RNA-013370,GEN-0074,4143077,4144381,-,1305,0,,,,SEQ-E9ECC276A857
LOC-003597,RNA-013371,GEN-0074,1475821,1476510,+,690,0,,,,SEQ-76431182749F
LOC-003598,RNA-013372,GEN-0074,2324283,2326136,+,1854,0,,,,SEQ-B860F6FC208F
LOC-003599,RNA-013373,GEN-0074,885276,885971,-,696,0,,,,SEQ-E385A963EC0A
LOC-003600,RNA-013374,GEN-0074,1081316,1082089,-,774,0,,,,SEQ-B207AC80A3A3
LOC-003601,RNA-013375,GEN-0074,2513721,2514299,+,579,0,,,,SEQ-E47E61BE59CA
LOC-003602,RNA-013376,GEN-0074,1274377,1275663,+,1287,0,,,,SEQ-EC6673299FA2
LOC-003603,RNA-013377,GEN-0074,465419,465715,-,297,0,,,,SEQ-8330DA270EC7
LOC-003604,RNA-013378,GEN-0074,3570788,3572536,-,1749,0,,,,SEQ-7A5E23C25BA7
LOC-003605,RNA-013379,GEN-0074,4057870,4058880,+,1011,0,,,,SEQ-F1ABD5338E10
LOC-003606,RNA-013380,GEN-0074,4390483,4391388,+,906,0,,,,SEQ-D5C6160EAEBA
LOC-003607,RNA-013381,GEN-0074,4713272,4713982,-,711,0,,,,SEQ-92D31ED188E6
LOC-003608,RNA-013382,GEN-0074,3114698,3114877,+,180,0,,,,SEQ-EF12D1114E6B
LOC-003609,RNA-013383,GEN-0074,5008227,5008622,+,396,0,,,,SEQ-D3EA3AC073AA
LOC-003610,RNA-013384,GEN-0074,3128828,3129817,+,990,0,,,,SEQ-9260310CFB50
LOC-003611,RNA-013385,GEN-0074,193255,194709,+,1455,0,,,,SEQ-65D62F91AAE4
LOC-003612,RNA-013386,GEN-0074,471600,472052,-,453,0,,,,SEQ-4DDEB67B044F
LOC-003613,RNA-013387,GEN-0074,3387018,3389207,+,2190,0,,,,SEQ-CB8B7264FDFC
LOC-003614,RNA-013388,GEN-0074,3425644,3426708,-,1065,0,,,,SEQ-B37A779B9501
LOC-003615,RNA-013389,GEN-0074,432536,432868,+,333,0,,,,SEQ-88E3D36C83CC
LOC-003616,RNA-013390,GEN-0074,980904,981271,+,368,0,,,,SEQ-7E491870C12E
LOC-003617,RNA-013391,GEN-0074,5360404,5360616,-,213,0,,,,SEQ-253AA020B108
LOC-003618,RNA-013392,GEN-0074,4535897,4536967,-,1071,0,,,,SEQ-9F9010597E1B
LOC-003619,RNA-013393,GEN-0074,4273163,4274074,+,912,0,,,,SEQ-34CCEB775890
LOC-003620,RNA-013394,GEN-0074,4097251,4097745,+,495,0,,,,SEQ-2ED028A3A590
LOC-003621,RNA-013395,GEN-0074,3628435,3629574,-,1140,0,,,,SEQ-A40918C3A10C
LOC-003622,RNA-013396,GEN-0074,2064098,2064676,-,579,0,,,,SEQ-DF2D48CAF4D7
LOC-003623,RNA-013397,GEN-0074,2033769,2034107,+,339,0,,,,SEQ-4BEC8C383A86
LOC-003624,RNA-013398,GEN-0074,1321655,1322662,+,1008,0,,,,SEQ-6DDA9554A8C7
LOC-003625,RNA-013399,GEN-0074,1727323,1728738,+,1416,0,,,,SEQ-7084FA735689
LOC-003626,RNA-013400,GEN-0074,4985921,4987201,-,1281,0,,,,SEQ-6C017C0B5489
LOC-003627,RNA-013401,GEN-0074,1187504,1188094,+,591,0,,,,SEQ-0CD734BACA2F
LOC-003628,RNA-013402,GEN-0074,2306515,2307624,+,1110,0,,,,SEQ-1B2D1DE19A20
LOC-003629,RNA-013403,GEN-0074,5153430,5154296,-,867,0,,,,SEQ-A50C28D6EBC5
LOC-003630,RNA-013404,GEN-0074,685408,685605,+,198,0,,,,SEQ-8C52B6945B95
LOC-003631,RNA-013405,GEN-0074,5144911,5145008,-,98,0,,,,SEQ-5A2345991D47
LOC-003632,RNA-013406,GEN-0074,4852856,4853563,-,708,0,,,,SEQ-1349BC44B356
LOC-003633,RNA-013407,GEN-0074,467956,469407,-,1452,0,,,,SEQ-AEBC24AC679D
LOC-003634,RNA-013408,GEN-0074,4859338,4860369,+,1032,0,,,,SEQ-5032B32706C6
LOC-003635,RNA-013409,GEN-0074,996503,998140,+,1638,0,,,,SEQ-C5F911BE1C51
LOC-003636,RNA-013410,GEN-0074,4428816,4429541,-,726,0,,,,SEQ-AC9D972EAF59
LOC-003637,RNA-013411,GEN-0074,3884227,3884790,-,564,0,,,,SEQ-79494B94A62B
LOC-003638,RNA-013412,GEN-0074,946763,947584,+,822,0,,,,SEQ-8381BE9611BF
LOC-003639,RNA-013413,GEN-0074,1539761,1540891,-,1131,0,,,,SEQ-E04DFC4E8D17
LOC-003640,RNA-013414,GEN-0074,493163,494101,+,939,0,,,,SEQ-E9C7C63984C2
LOC-003641,RNA-013415,GEN-0074,3380934,3384380,+,3447,0,,,,SEQ-1542E9E98F32
LOC-003642,RNA-013416,GEN-0074,1854067,1854993,-,927,0,,,,SEQ-5074C46B3C4D
LOC-003643,RNA-013417,GEN-0074,3520347,3521417,+,1071,0,,,,SEQ-339DCA81E0FF
LOC-003644,RNA-013418,GEN-0074,1985619,1985858,+,240,0,,,,SEQ-5325A432EFD4
LOC-003645,RNA-013419,GEN-0074,4367961,4368821,+,861,0,,,,SEQ-EF3EBA7EF014
LOC-003646,RNA-013420,GEN-0074,9839,10528,+,690,0,,,,SEQ-2871C1DF788D
LOC-003647,RNA-013421,GEN-0074,357487,360192,-,2706,0,,,,SEQ-4DCF68D3F90F
LOC-003648,RNA-013422,GEN-0074,5128637,5128876,-,240,0,,,,SEQ-E6B497273E24
LOC-003649,RNA-013423,GEN-0074,1512614,1514143,+,1530,0,,,,SEQ-5BFCC0C231A7
LOC-003650,RNA-013424,GEN-0074,4589126,4589824,+,699,0,,,,SEQ-759C4B034BB0
LOC-003651,RNA-013425,GEN-0074,3359987,3360772,+,786,0,,,,SEQ-D2677B065254
LOC-003652,RNA-013426,GEN-0074,3426914,3427834,+,921,0,,,,SEQ-EB8D3ECB0779
LOC-003653,RNA-013427,GEN-0074,4543985,4544156,-,172,0,,,,SEQ-724D07D76B1C
LOC-003654,RNA-013428,GEN-0074,2285706,2285885,-,180,0,,,,SEQ-1C6A45EEFACB
LOC-003655,RNA-013429,GEN-0074,2474119,2475015,-,897,0,,,,SEQ-0912211B47B8
LOC-003656,RNA-013430,GEN-0074,1194736,1196106,+,1371,0,,,,SEQ-0D1113AF3254
LOC-003657,RNA-013431,GEN-0074,2070363,2072048,+,1686,0,,,,SEQ-DC4F2C74FD35
LOC-003658,RNA-013432,GEN-0074,2554858,2555865,+,1008,0,,,,SEQ-FB3EBAB89442
LOC-003659,RNA-013433,GEN-0074,3466963,3467190,+,228,0,,,,SEQ-32E922FC5060
LOC-003660,RNA-013434,GEN-0074,795164,795475,+,312,0,,,,SEQ-A52E07A328F3
LOC-003661,RNA-013435,GEN-0074,3430005,3432533,-,2529,0,,,,SEQ-042219CDC1FD
LOC-003662,RNA-013436,GEN-0074,696948,697262,-,315,0,,,,SEQ-E1DFA3CC1F5D
LOC-003663,RNA-013437,GEN-0074,1461187,1462011,+,825,0,,,,SEQ-B6473BB79047
LOC-003664,RNA-013438,GEN-0074,2125984,2126268,-,285,0,,,,SEQ-1669195B8B8E
LOC-003665,RNA-013439,GEN-0074,4601669,4604893,-,3225,0,,,,SEQ-32A5B0D8F717
LOC-003666,RNA-013440,GEN-0074,2927991,2929343,-,1353,0,,,,SEQ-32C7E41AC9EA
LOC-003667,RNA-013441,GEN-0074,4975506,4975781,+,276,0,,,,SEQ-2FFEB63B14AE
LOC-003668,RNA-013442,GEN-0074,2209401,2209793,+,393,0,,,,SEQ-B085606310B9
LOC-003669,RNA-013443,GEN-0074,2774444,2775976,+,1533,0,,,,SEQ-D96BC4C7E7BF
LOC-003670,RNA-013444,GEN-0074,4178313,4179422,+,1110,0,,,,SEQ-5172C8CA30AB
LOC-003671,RNA-013445,GEN-0074,1173862,1174341,+,480,0,,,,SEQ-09D58D50609D
LOC-003672,RNA-013446,GEN-0074,4114705,4115961,-,1257,0,,,,SEQ-4BA9665EAD79
LOC-003673,RNA-013447,GEN-0074,4060763,4062247,-,1485,0,,,,SEQ-86DF78FA942B
LOC-003674,RNA-013448,GEN-0074,1595610,1596548,+,939,0,,,,SEQ-052497E9A7B8
LOC-003675,RNA-013449,GEN-0074,3705237,3707393,-,2157,0,,,,SEQ-9FC344ADC9FB
LOC-003676,RNA-013450,GEN-0074,4631172,4632452,-,1281,0,,,,SEQ-EB85A92EA848
LOC-003677,RNA-013451,GEN-0074,1945002,1946456,-,1455,0,,,,SEQ-1C2657109179
LOC-003678,RNA-013452,GEN-0074,1358182,1359468,+,1287,0,,,,SEQ-9A61E823AC3F
LOC-003679,RNA-013453,GEN-0074,41396,41755,-,360,0,,,,SEQ-D62AAC08B804
LOC-003680,RNA-013454,GEN-0074,63049,63951,-,903,0,,,,SEQ-216E9917E8DB
LOC-003681,RNA-013455,GEN-0074,100499,102214,-,1716,0,,,,SEQ-D09B0E618051
LOC-003682,RNA-013456,GEN-0074,303798,305018,+,1221,0,,,,SEQ-74F863244C9A
LOC-003683,RNA-013457,GEN-0074,315764,317287,-,1524,0,,,,SEQ-DDE68DB2E074
LOC-003684,RNA-013458,GEN-0074,742991,743317,+,327,0,,,,SEQ-3FF2BAF3233B
LOC-003685,RNA-013459,GEN-0074,1180252,1181136,+,885,0,,,,SEQ-76D37FFDAB7F
LOC-003686,RNA-013460,GEN-0074,1346364,1346537,-,174,0,,,,SEQ-400B10559DA8
LOC-003687,RNA-013461,GEN-0074,1372376,1372579,-,204,0,,,,SEQ-702D2C596BA6
LOC-003688,RNA-013462,GEN-0074,1441435,1443132,-,1698,0,,,,SEQ-C99DD5C99948
LOC-003689,RNA-013463,GEN-0074,1601596,1603065,+,1470,0,,,,SEQ-8F9084DB7338
LOC-003690,RNA-013464,GEN-0074,1707766,1708395,+,630,0,,,,SEQ-8601F7346A3F
LOC-003691,RNA-013465,GEN-0074,1722128,1722586,+,459,0,,,,SEQ-3EAB30714EA1
LOC-003692,RNA-013466,GEN-0074,1764761,1765819,+,1059,0,,,,SEQ-D32420C9A9E4
LOC-003693,RNA-013467,GEN-0074,1925402,1926514,+,1113,0,,,,SEQ-EB45A3B21884
LOC-003694,RNA-013468,GEN-0074,1949690,1950652,-,963,0,,,,SEQ-DBAF39271D2A
LOC-003695,RNA-013469,GEN-0074,2007275,2007670,-,396,0,,,,SEQ-321384209892
LOC-003696,RNA-013470,GEN-0074,2032162,2032392,-,231,0,,,,SEQ-76F88C077920
LOC-003697,RNA-013471,GEN-0074,2050524,2050814,+,291,0,,,,SEQ-A3EDCFD24174
LOC-003698,RNA-013472,GEN-0074,2051405,2051476,+,72,0,,,,SEQ-091CB2A33025
LOC-003699,RNA-013473,GEN-0074,2159739,2159900,+,162,0,,,,SEQ-1AE8B38D3F02
LOC-003700,RNA-013474,GEN-0074,2230438,2231826,+,1389,0,,,,SEQ-799FDB3D4EE5
LOC-003701,RNA-013475,GEN-0074,2296521,2296841,-,321,0,,,,SEQ-511235535AED
LOC-003702,RNA-013476,GEN-0074,2395056,2397008,+,1953,0,,,,SEQ-FFE0F92DBCA7
LOC-003703,RNA-013477,GEN-0074,2519027,2519896,+,870,0,,,,SEQ-8AE04B1585B1
LOC-003704,RNA-013478,GEN-0074,2521225,2521794,+,570,0,,,,SEQ-0D9CA959315A
LOC-003705,RNA-013479,GEN-0074,2875022,2875408,+,387,0,,,,SEQ-DEC3016CC577
LOC-003706,RNA-013480,GEN-0074,2901609,2902643,+,1035,0,,,,SEQ-66A26ED51095
LOC-003707,RNA-013481,GEN-0074,3243444,3244190,-,747,0,,,,SEQ-DCF5471EF1D1
LOC-003708,RNA-013482,GEN-0074,3283788,3283973,-,186,0,,,,SEQ-F45D2945A792
LOC-003709,RNA-013483,GEN-0074,3389999,3391303,-,1305,0,,,,SEQ-734949AB8126
LOC-003710,RNA-013484,GEN-0074,3417890,3418801,-,912,0,,,,SEQ-8E859D1351A2
LOC-003711,RNA-013485,GEN-0074,3720353,3720790,-,438,0,,,,SEQ-6F97EBF7051F
LOC-003712,RNA-013486,GEN-0074,3894351,3895331,+,981,0,,,,SEQ-4D8CB8B85DEC
LOC-003713,RNA-013487,GEN-0074,4080033,4080953,-,921,0,,,,SEQ-7AB60996455A
LOC-003714,RNA-013488,GEN-0074,4141365,4143041,+,1677,0,,,,SEQ-4D2A3850BC30
LOC-003715,RNA-013489,GEN-0074,4168067,4169137,-,1071,0,,,,SEQ-DACDBE71BD6E
LOC-003716,RNA-013490,GEN-0074,4227287,4228651,+,1365,0,,,,SEQ-A504AC3DD476
LOC-003717,RNA-013491,GEN-0074,4287713,4288225,-,513,0,,,,SEQ-D10E9EDED194
LOC-003718,RNA-013492,GEN-0074,4442712,4443335,+,624,0,,,,SEQ-DDA436964644
LOC-003719,RNA-013493,GEN-0074,4488848,4491238,+,2391,0,,,,SEQ-D3EA56031AD5
LOC-003720,RNA-013494,GEN-0074,4668609,4668848,-,240,0,,,,SEQ-BBA7B56DBE3C
LOC-003721,RNA-013495,GEN-0074,4737638,4739122,-,1485,0,,,,SEQ-310AA1E1AEC7
LOC-003722,RNA-013496,GEN-0074,4863952,4865385,-,1434,0,,,,SEQ-7C478D5FC0C4
LOC-003723,RNA-013497,GEN-0074,4888010,4889515,-,1506,0,,,,SEQ-A41E0BE1AAF9
LOC-003724,RNA-013498,GEN-0074,4932001,4932552,+,552,0,,,,SEQ-CF01BA7C44C0
LOC-003725,RNA-013499,GEN-0074,4952529,4952735,-,207,0,,,,SEQ-FDAEC9A1DFB0
LOC-003726,RNA-013500,GEN-0074,5033592,5034167,+,576,0,,,,SEQ-CEF1204672AB
LOC-003727,RNA-013501,GEN-0074,5174656,5176287,-,1632,0,,,,SEQ-265454952BC9
LOC-003728,RNA-013502,GEN-0074,5261805,5262704,-,900,0,,,,SEQ-DEB415AAF440
LOC-003729,RNA-013503,GEN-0074,5474999,5476336,+,1338,0,,,,SEQ-CBF81B7C0B79
LOC-003730,RNA-013504,GEN-0074,58482,58901,-,420,0,,,,SEQ-54502BBC9DE5
LOC-003731,RNA-013505,GEN-0074,110167,111399,+,1233,0,,,,SEQ-739E7EF70161
LOC-003732,RNA-013506,GEN-0074,206938,208338,+,1401,0,,,,SEQ-9484FEFFC1B0
LOC-003733,RNA-013507,GEN-0074,2535369,2535491,-,123,0,,,,SEQ-7DF86ED0211F
LOC-003734,RNA-013508,GEN-0074,4508040,4510703,-,2664,0,,,,SEQ-512E082AE1A6
LOC-003735,RNA-013509,GEN-0074,4159747,4162893,+,3147,0,,,,SEQ-CB4E7CE00069
LOC-003736,RNA-013510,GEN-0074,1118460,1118909,-,450,0,,,,SEQ-A3588CCC0E64
LOC-003737,RNA-013511,GEN-0074,4288444,4289604,+,1161,0,,,,SEQ-B62FC3D335BF
LOC-003738,RNA-013512,GEN-0074,3616981,3617676,+,696,0,,,,SEQ-612819F883F7
LOC-003739,RNA-013513,GEN-0074,5028483,5029919,+,1437,0,,,,SEQ-EC420D23B17B
LOC-003740,RNA-013514,GEN-0074,5454475,5455290,+,816,0,,,,SEQ-C21135AB6DAB
LOC-003741,RNA-013515,GEN-0074,246191,248809,+,2619,0,,,,SEQ-A1F904E82A8D
LOC-003742,RNA-013516,GEN-0074,792834,794267,-,1434,0,,,,SEQ-0662E0EAFE03
LOC-003743,RNA-013517,GEN-0074,1620114,1620947,+,834,0,,,,SEQ-C65640FBECA2
LOC-003744,RNA-013518,GEN-0074,4424811,4425668,-,858,0,,,,SEQ-EA3766898B39
LOC-003745,RNA-013519,GEN-0074,2457592,2458740,-,1149,0,,,,SEQ-5793554B5173
LOC-003746,RNA-013520,GEN-0074,542457,543635,+,1179,0,,,,SEQ-BAFBCAE6D9C6
LOC-003747,RNA-013521,GEN-0074,1824555,1825994,+,1440,0,,,,SEQ-62208A8EF323
LOC-003748,RNA-013522,GEN-0074,1834368,1835090,+,723,0,,,,SEQ-05CAE8B879B2
LOC-003749,RNA-013523,GEN-0074,4443833,4445251,-,1419,0,,,,SEQ-3F5C71D46CA8
LOC-003750,RNA-013524,GEN-0074,3158610,3159584,-,975,0,,,,SEQ-243317D7420A
LOC-003751,RNA-013525,GEN-0074,448587,449096,-,510,0,,,,SEQ-24749658BC57
LOC-003752,RNA-013526,GEN-0074,17686,18510,+,825,0,,,,SEQ-0F24435C036C
LOC-003753,RNA-013527,GEN-0074,1409,2509,+,1101,0,,,,SEQ-0354DF5039CD
LOC-003754,RNA-013528,GEN-0074,5410016,5410453,-,438,0,,,,SEQ-086AF74AACE9
LOC-003755,RNA-013529,GEN-0074,1617304,1618236,+,933,0,,,,SEQ-E0FED7E41FFE
LOC-003756,RNA-013530,GEN-0074,1104725,1105897,-,1173,0,,,,SEQ-34A7AAD25D45
LOC-003757,RNA-013531,GEN-0074,5004446,5005423,-,978,0,,,,SEQ-ED28CF27E32B
LOC-003758,RNA-013532,GEN-0074,1454236,1455546,+,1311,0,,,,SEQ-A4E88134D2DE
LOC-003759,RNA-013533,GEN-0074,3773767,3774783,+,1017,0,,,,SEQ-29B81A8CCD25
LOC-003760,RNA-013534,GEN-0074,355833,356663,+,831,0,,,,SEQ-37AE9418B988
LOC-003761,RNA-013535,GEN-0074,104031,105233,+,1203,0,,,,SEQ-66F206237DBA
LOC-003762,RNA-013536,GEN-0074,340539,341069,+,531,0,,,,SEQ-935D9579E208
LOC-003763,RNA-013537,GEN-0074,85320,85721,-,402,0,,,,SEQ-D46151FD7A19
LOC-003764,RNA-013538,GEN-0074,4426677,4427879,-,1203,0,,,,SEQ-D053512A97C7
LOC-003765,RNA-013539,GEN-0074,2049059,2049850,+,792,0,,,,SEQ-4353DC93A32E
LOC-003766,RNA-013540,GEN-0074,1232028,1233827,+,1800,0,,,,SEQ-14646CC3356E
LOC-003767,RNA-013541,GEN-0074,3613641,3614756,-,1116,0,,,,SEQ-512A9345604D
LOC-003768,RNA-013542,GEN-0074,3611704,3613644,-,1941,0,,,,SEQ-09C23CF7C13E
LOC-003769,RNA-013543,GEN-0074,2784596,2785378,+,783,0,,,,SEQ-7BE982F995A9
LOC-003770,RNA-013544,GEN-0074,2455317,2456690,-,1374,0,,,,SEQ-A9FCACDCEB17
LOC-003771,RNA-013545,GEN-0074,2017278,2018597,+,1320,0,,,,SEQ-91B3080425B6
LOC-003772,RNA-013546,GEN-0074,1563074,1564708,+,1635,0,,,,SEQ-023331857DAA
LOC-003773,RNA-013547,GEN-0074,385275,387839,-,2565,0,,,,SEQ-A3617468C516
LOC-003774,RNA-013548,GEN-0074,841869,844355,+,2487,0,,,,SEQ-D7F1594137F5
LOC-003775,RNA-013549,GEN-0074,4154261,4157608,-,3348,0,,,,SEQ-8783F28C6585
LOC-003776,RNA-013550,GEN-0074,4441184,4441882,+,699,0,,,,SEQ-ECBDF98F15FD
LOC-003777,RNA-013551,GEN-0074,4988621,4990480,-,1860,0,,,,SEQ-5867C958ED65
LOC-003778,RNA-013552,GEN-0074,3837651,3838451,+,801,0,,,,SEQ-A8CF1133F0C5
LOC-003779,RNA-013553,GEN-0074,289901,290734,-,834,0,,,,SEQ-487B0A9DB3C0
LOC-003780,RNA-013554,GEN-0074,4369262,4370485,-,1224,0,,,,SEQ-6FDD34C9A030
LOC-003781,RNA-013555,GEN-0074,5203634,5204407,-,774,0,,,,SEQ-0577D43A2DC2
LOC-003782,RNA-013556,GEN-0074,692470,693102,+,633,0,,,,SEQ-662C2DA959DC
LOC-003783,RNA-013557,GEN-0074,1501806,1503614,+,1809,0,,,,SEQ-130F87C06746
LOC-003784,RNA-013558,GEN-0074,1504114,1505451,+,1338,0,,,,SEQ-9A80DCCE9BD9
LOC-003785,RNA-013559,GEN-0074,1510603,1512444,+,1842,0,,,,SEQ-E98E5CF8E43E
LOC-003786,RNA-013560,GEN-0074,1514150,1515607,+,1458,0,,,,SEQ-EC8C75FF13FC
LOC-003787,RNA-013561,GEN-0074,5226346,5226891,-,546,0,,,,SEQ-B12A01C3A208
LOC-003788,RNA-013562,GEN-0074,3693810,3694322,-,513,0,,,,SEQ-7973AB6D34A8
LOC-003789,RNA-013563,GEN-0074,5368901,5369863,-,963,0,,,,SEQ-E95A9F7E114D
LOC-003790,RNA-013564,GEN-0074,5167563,5169212,-,1650,0,,,,SEQ-F12488263541
LOC-003791,RNA-013565,GEN-0074,3358013,3359149,+,1137,0,,,,SEQ-218E6CB4E3C5
LOC-003792,RNA-013566,GEN-0074,4964700,4965014,-,315,0,,,,SEQ-5324E09D6360
LOC-003793,RNA-013567,GEN-0074,4402603,4404321,+,1719,0,,,,SEQ-419475E3EF4B
LOC-003794,RNA-013568,GEN-0074,5162834,5163244,-,411,0,,,,SEQ-7E7E87740E6A
LOC-003795,RNA-013569,GEN-0074,3151007,3151744,-,738,0,,,,SEQ-96BFD869633D
LOC-003796,RNA-013570,GEN-0074,4581450,4584356,+,2907,0,,,,SEQ-3936B485474D
LOC-003797,RNA-013571,GEN-0074,1547263,1550103,+,2841,0,,,,SEQ-894522F407AC
LOC-003798,RNA-013572,GEN-0074,5248857,5249345,+,489,0,,,,SEQ-CBBF82D83034
LOC-003799,RNA-013573,GEN-0074,5266476,5267096,-,621,0,,,,SEQ-EBFD53011323
LOC-003800,RNA-013574,GEN-0074,3419480,3420064,-,585,0,,,,SEQ-4EAE686C3D9C
LOC-003801,RNA-013575,GEN-0074,1235067,1235747,+,681,0,,,,SEQ-7944B8D803D2
LOC-003802,RNA-013576,GEN-0074,4963977,4964426,-,450,0,,,,SEQ-1A6754D1D186
LOC-003803,RNA-013577,GEN-0074,441094,441714,+,621,0,,,,SEQ-6664B58EC471
LOC-003804,RNA-013578,GEN-0074,507948,508340,+,393,0,,,,SEQ-646E6EDCFAAB
LOC-003805,RNA-013579,GEN-0074,1231363,1231842,+,480,0,,,,SEQ-8FCBC91E9BC1
LOC-003806,RNA-013580,GEN-0074,5452847,5453470,+,624,0,,,,SEQ-5C0EDCCFDE6A
LOC-003807,RNA-013581,GEN-0074,2491529,2492110,-,582,0,,,,SEQ-55626F4AF721
LOC-003808,RNA-013582,GEN-0074,3138686,3139651,+,966,0,,,,SEQ-78DFE09866C3
LOC-003809,RNA-013583,GEN-0074,3801960,3802676,-,717,0,,,,SEQ-A7AE1C3934E9
LOC-003810,RNA-013584,GEN-0074,438670,440001,+,1332,0,,,,SEQ-1F67665D6B7E
LOC-003811,RNA-013585,GEN-0074,3827341,3827889,-,549,0,,,,SEQ-E991318DC240
LOC-003812,RNA-013586,GEN-0074,1084818,1085381,-,564,0,,,,SEQ-B3BE9AF91BAC
LOC-003813,RNA-013587,GEN-0074,508652,509290,+,639,0,,,,SEQ-3CEDBDF866C2
LOC-003814,RNA-013588,GEN-0074,4944395,4948171,-,3777,0,,,,SEQ-695646372CF4
LOC-003815,RNA-013589,GEN-0074,5250178,5250957,-,780,0,,,,SEQ-47B9A6E02021
LOC-003816,RNA-013590,GEN-0074,3159930,3162527,-,2598,0,,,,SEQ-B11D01878FDA
LOC-003817,RNA-013591,GEN-0074,1014682,1015731,+,1050,0,,,,SEQ-840CFDB6125B
LOC-003818,RNA-013592,GEN-0074,5254137,5254892,-,756,0,,,,SEQ-CEE7201C0E43
LOC-003819,RNA-013593,GEN-0074,5300206,5301309,-,1104,0,,,,SEQ-16C004A060F7
LOC-003820,RNA-013594,GEN-0074,3407720,3408241,-,522,0,,,,SEQ-72AAB9CCC7F9
LOC-003821,RNA-013595,GEN-0074,3399793,3400815,-,1023,0,,,,SEQ-E200455E8A29
LOC-003822,RNA-013596,GEN-0074,1697850,1699202,-,1353,0,,,,SEQ-66B2CC785ED7
LOC-003823,RNA-013597,GEN-0074,1097276,1097842,+,567,0,,,,SEQ-CCD87582A25E
LOC-003824,RNA-013598,GEN-0074,85866,86366,+,501,0,,,,SEQ-446EDD735BB7
LOC-003825,RNA-013599,GEN-0074,4385174,4385929,+,756,0,,,,SEQ-2209649F3EBC
LOC-003826,RNA-013600,GEN-0074,122649,123050,-,402,0,,,,SEQ-14B08B1588B6
LOC-003827,RNA-013601,GEN-0074,4340548,4341507,+,960,0,,,,SEQ-5ACBDF340BD1
LOC-003828,RNA-013602,GEN-0074,5474164,5474829,-,666,0,,,,SEQ-573A1B3F85E1
LOC-003829,RNA-013603,GEN-0074,2350967,2353039,-,2073,0,,,,SEQ-8750DDF3B1D4
LOC-003830,RNA-013604,GEN-0074,4299084,4299212,-,129,0,,,,SEQ-4F098132C396
LOC-003831,RNA-013605,GEN-0074,975957,977246,-,1290,0,,,,SEQ-529BCCD1859D
LOC-003832,RNA-013606,GEN-0074,754113,755063,-,951,0,,,,SEQ-FC2C1AFD6A61
LOC-003833,RNA-013607,GEN-0074,4202677,4205031,-,2355,0,,,,SEQ-79BA7894974F
LOC-003834,RNA-013608,GEN-0074,2313469,2313666,+,198,0,,,,SEQ-B27E8B702EF2
LOC-003835,RNA-013609,GEN-0074,1196611,1197834,-,1224,0,,,,SEQ-22756811B7A3
LOC-003836,RNA-013610,GEN-0074,2034991,2035959,-,969,0,,,,SEQ-695B0C13938B
LOC-003837,RNA-013611,GEN-0074,566305,568236,+,1932,0,,,,SEQ-945453A8051F
LOC-003838,RNA-013612,GEN-0074,1950543,1951368,-,826,0,,,,SEQ-3F9582B9B4C2
LOC-003839,RNA-013613,GEN-0074,664786,666531,-,1746,0,,,,SEQ-E8DB3B3F3ABB
LOC-003840,RNA-013614,GEN-0074,472276,472884,-,609,0,,,,SEQ-886A9BBFA16B
LOC-003841,RNA-013615,GEN-0074,3421616,3422176,+,561,0,,,,SEQ-08A970E1C45C
LOC-003842,RNA-013616,GEN-0074,1605608,1606441,-,834,0,,,,SEQ-9E5E830A11D3
LOC-003843,RNA-013617,GEN-0074,472884,473885,-,1002,0,,,,SEQ-62158AFB65A5
LOC-003844,RNA-013618,GEN-0074,195754,196749,-,996,0,,,,SEQ-F1E3F6FDD52F
LOC-003845,RNA-013619,GEN-0074,2506569,2507309,-,741,0,,,,SEQ-39F52BF63419
LOC-003846,RNA-013620,GEN-0074,4569354,4570337,+,984,0,,,,SEQ-13CA028A25BF
LOC-003847,RNA-013621,GEN-0074,5109805,5110035,+,231,0,,,,SEQ-078F4E8B4365
LOC-003848,RNA-013622,GEN-0074,2360998,2361585,+,588,0,,,,SEQ-554C4EA04C29
LOC-003849,RNA-013623,GEN-0074,3944985,3945815,-,831,0,,,,SEQ-C3B7C3BE72C6
LOC-003850,RNA-013624,GEN-0074,155116,156048,-,933,0,,,,SEQ-8205649D11CC
LOC-003851,RNA-013625,GEN-0074,4289711,4290685,+,975,0,,,,SEQ-06DAA11DCE9F
LOC-003852,RNA-013626,GEN-0074,3225168,3225578,+,411,0,,,,SEQ-64796D8889DF
LOC-003853,RNA-013627,GEN-0074,5102669,5103700,-,1032,0,,,,SEQ-469D72D61A65
LOC-003854,RNA-013628,GEN-0074,3385632,3385889,-,258,0,,,,SEQ-F508D01CC6BD
LOC-003855,RNA-013629,GEN-0074,1122308,1122913,-,606,0,,,,SEQ-B742DE107E13
LOC-003856,RNA-013630,GEN-0074,1417882,1418139,-,258,0,,,,SEQ-3A7B2C98A77B
LOC-003857,RNA-013631,GEN-0074,3564830,3565630,-,801,0,,,,SEQ-E3685AEB6B38
LOC-003858,RNA-013632,GEN-0074,344217,346403,+,2187,0,,,,SEQ-704A00B668AA
LOC-003859,RNA-013633,GEN-0074,5467510,5468400,+,891,0,,,,SEQ-3D35BC6422AE
LOC-003860,RNA-013634,GEN-0074,4463285,4465258,+,1974,0,,,,SEQ-4559071DA1EA
LOC-003861,RNA-013635,GEN-0074,827973,828458,-,486,0,,,,SEQ-57E469EAD2FC
LOC-003862,RNA-013636,GEN-0074,2536278,2536370,-,93,0,,,,SEQ-F99D986B0DC5
LOC-003863,RNA-013637,GEN-0074,4409511,4411664,-,2154,0,,,,SEQ-040B81D878B6
LOC-003864,RNA-013638,GEN-0074,1023307,1024734,+,1428,0,,,,SEQ-16E7B94E0E37
LOC-003865,RNA-013639,GEN-0074,1728761,1730131,+,1371,0,,,,SEQ-9A7A5AA47D90
LOC-003866,RNA-013640,GEN-0074,140567,140734,+,168,0,,,,SEQ-3FED80FA1680
LOC-003867,RNA-013641,GEN-0074,2140882,2141517,+,636,0,,,,SEQ-90CEC337CC4E
LOC-003868,RNA-013642,GEN-0074,4647251,4648918,+,1668,0,,,,SEQ-0ED18EF1D30B
LOC-003869,RNA-013643,GEN-0074,3116930,3117637,+,708,0,,,,SEQ-F78A3BF6B211
LOC-003870,RNA-013644,GEN-0074,4954541,4956484,+,1944,0,,,,SEQ-D7C8762887C4
LOC-003871,RNA-013645,GEN-0074,979235,980080,-,846,0,,,,SEQ-37D475816333
LOC-003872,RNA-013646,GEN-0074,3034305,3035048,+,744,0,,,,SEQ-E94347292CDC
LOC-003873,RNA-013647,GEN-0074,2032883,2033752,+,870,0,,,,SEQ-44A412FCCBF7
LOC-003874,RNA-013648,GEN-0074,5305195,5306703,+,1509,0,,,,SEQ-63C173BC5F82
LOC-003875,RNA-013649,GEN-0074,817877,819430,+,1554,0,,,,SEQ-CB6E204ECCE2
LOC-003876,RNA-013650,GEN-0074,1402548,1403447,-,900,0,,,,SEQ-0F47F8BB559E
LOC-003877,RNA-013651,GEN-0074,4900531,4901295,-,765,0,,,,SEQ-F896BC7E2C8A
LOC-003878,RNA-013652,GEN-0074,1096836,1097150,+,315,0,,,,SEQ-2C56EE649BEF
LOC-003879,RNA-013653,GEN-0074,3266351,3266476,+,126,0,,,,SEQ-E7ABF96FD9DE
LOC-003880,RNA-013654,GEN-0074,3405222,3406175,-,954,0,,,,SEQ-89ED5CFB4E99
LOC-003881,RNA-013655,GEN-0074,11215,12081,-,867,0,,,,SEQ-6DFE6C028F4A
LOC-003882,RNA-013656,GEN-0074,3403083,3403319,-,237,0,,,,SEQ-A7A6A8C786F8
LOC-003883,RNA-013657,GEN-0074,164793,165812,+,1020,0,,,,SEQ-F4824898C53B
LOC-003884,RNA-013658,GEN-0074,1183907,1184197,+,291,0,,,,SEQ-FDB134B3356C
LOC-003885,RNA-013659,GEN-0074,2159971,2160918,+,948,0,,,,SEQ-5031AD47B123
LOC-003886,RNA-013660,GEN-0074,4105707,4106756,+,1050,0,,,,SEQ-91DAB3DA1392
LOC-003887,RNA-013661,GEN-0074,5010608,5011174,-,567,0,,,,SEQ-92756830DC2B
LOC-003888,RNA-013662,GEN-0074,2205290,2205901,-,612,0,,,,SEQ-1E2F03062D86
LOC-003889,RNA-013663,GEN-0074,4438018,4439451,-,1434,0,,,,SEQ-6F11C3FF6BD9
LOC-003890,RNA-013664,GEN-0074,2241521,2242363,-,843,0,,,,SEQ-31C4ACB1A23F
LOC-003891,RNA-013665,GEN-0074,1825991,1830358,+,4368,0,,,,SEQ-74C3052AB8AC
LOC-003892,RNA-013666,GEN-0074,641462,642532,-,1071,0,,,,SEQ-522D11B9CBA8
LOC-003893,RNA-013667,GEN-0074,4483632,4484885,-,1254,0,,,,SEQ-0187E0222AA9
LOC-003894,RNA-013668,GEN-0074,4406505,4407050,-,546,0,,,,SEQ-BB44FE5D487F
LOC-003895,RNA-013669,GEN-0074,3810476,3811219,-,744,0,,,,SEQ-38153356BE6F
LOC-003896,RNA-013670,GEN-0074,4007128,4008114,+,987,0,,,,SEQ-E231C7B7ADDD
LOC-003897,RNA-013671,GEN-0074,430483,431088,+,606,0,,,,SEQ-293F0DBA3B72
LOC-003898,RNA-013672,GEN-0074,212590,214920,+,2331,0,,,,SEQ-3424F03C9BBE
LOC-003899,RNA-013673,GEN-0074,413162,413380,-,219,0,,,,SEQ-0951489A381B
LOC-003900,RNA-013674,GEN-0074,635939,636493,-,555,0,,,,SEQ-7B4D75ACFBC4
LOC-003901,RNA-013675,GEN-0074,678706,679326,-,621,0,,,,SEQ-6C4F6DE64E42
LOC-003902,RNA-013676,GEN-0074,724850,726031,+,1182,0,,,,SEQ-531E7F7A9382
LOC-003903,RNA-013677,GEN-0074,850912,851373,-,462,0,,,,SEQ-29062101FB5B
LOC-003904,RNA-013678,GEN-0074,942034,943557,+,1524,0,,,,SEQ-276935755ED9
LOC-003905,RNA-013679,GEN-0074,968976,969674,+,699,0,,,,SEQ-EB90BBE6E312
LOC-003906,RNA-013680,GEN-0074,1039136,1039990,-,855,0,,,,SEQ-CCBFB07FD1A1
LOC-003907,RNA-013681,GEN-0074,1042743,1043705,-,963,0,,,,SEQ-C6FE91FCF559
LOC-003908,RNA-013682,GEN-0074,1153220,1154119,+,900,0,,,,SEQ-91AAAFF05DAA
LOC-003909,RNA-013683,GEN-0074,1342578,1343756,-,1179,0,,,,SEQ-71C186A4009B
LOC-003910,RNA-013684,GEN-0074,1434847,1435206,-,360,0,,,,SEQ-E0189494433A
LOC-003911,RNA-013685,GEN-0074,1483837,1484364,-,528,0,,,,SEQ-86699DB358CE
LOC-003912,RNA-013686,GEN-0074,1661467,1663074,-,1608,0,,,,SEQ-FAC20AE7DE6B
LOC-003913,RNA-013687,GEN-0074,2011632,2012372,+,741,0,,,,SEQ-8DAF094F9734
LOC-003914,RNA-013688,GEN-0074,2075257,2075538,+,282,0,,,,SEQ-B1FC78BF3116
LOC-003915,RNA-013689,GEN-0074,2128754,2128981,+,228,0,,,,SEQ-7A366707DE44
LOC-003916,RNA-013690,GEN-0074,2209797,2210609,+,813,0,,,,SEQ-5A7578CD160C
LOC-003917,RNA-013691,GEN-0074,2282274,2282825,+,552,0,,,,SEQ-B11858F0AC4D
LOC-003918,RNA-013692,GEN-0074,2441730,2442413,-,684,0,,,,SEQ-A0EB5F667187
LOC-003919,RNA-013693,GEN-0074,2564284,2564988,+,705,0,,,,SEQ-B6B7C1791B3A
LOC-003920,RNA-013694,GEN-0074,2609556,2611253,-,1698,0,,,,SEQ-70D8FA97D050
LOC-003921,RNA-013695,GEN-0074,2659466,2660359,-,894,0,,,,SEQ-073F043D45C0
LOC-003922,RNA-013696,GEN-0074,2697443,2698228,+,786,0,,,,SEQ-DF332A966E24
LOC-003923,RNA-013697,GEN-0074,2754852,2755652,+,801,0,,,,SEQ-E7303AEE33C6
LOC-003924,RNA-013698,GEN-0074,2778051,2779496,+,1446,0,,,,SEQ-D14E00ACDF1C
LOC-003925,RNA-013699,GEN-0074,2834079,2835398,+,1320,0,,,,SEQ-74222BFD5A84
LOC-003926,RNA-013700,GEN-0074,2949231,2949566,-,336,0,,,,SEQ-0698F5D1DCCB
LOC-003927,RNA-013701,GEN-0074,3189724,3190467,+,744,0,,,,SEQ-43103A7EE8FC
LOC-003928,RNA-013702,GEN-0074,3231528,3232274,+,747,0,,,,SEQ-B52B3FA711CB
LOC-003929,RNA-013703,GEN-0074,3293095,3305799,-,12705,0,,,,SEQ-E372EC076AC4
LOC-003930,RNA-013704,GEN-0074,3341165,3343303,+,2139,0,,,,SEQ-143E2FAF9E24
LOC-003931,RNA-013705,GEN-0074,3891633,3893942,-,2310,0,,,,SEQ-1E38D2016B9E
LOC-003932,RNA-013706,GEN-0074,3900886,3902382,-,1497,0,,,,SEQ-83B69461F89D
LOC-003933,RNA-013707,GEN-0074,3965954,3967522,+,1569,0,,,,SEQ-B865D297375F
LOC-003934,RNA-013708,GEN-0074,3970313,3971017,+,705,0,,,,SEQ-7F103B79FF16
LOC-003935,RNA-013709,GEN-0074,3996343,3999066,-,2724,0,,,,SEQ-C33DFEDD2E77
LOC-003936,RNA-013710,GEN-0074,4032660,4033775,-,1116,0,,,,SEQ-7B869BBC6C25
LOC-003937,RNA-013711,GEN-0074,4094812,4095636,+,825,0,,,,SEQ-B168A444CA6A
LOC-003938,RNA-013712,GEN-0074,4274508,4275188,-,681,0,,,,SEQ-1FB09B541D04
LOC-003939,RNA-013713,GEN-0074,4276564,4277274,+,711,0,,,,SEQ-FEFC2B44360D
LOC-003940,RNA-013714,GEN-0074,4504047,4504331,-,285,0,,,,SEQ-17EEEDAE3B1C
LOC-003941,RNA-013715,GEN-0074,4585822,4587186,-,1365,0,,,,SEQ-FB101F8E7D6B
LOC-003942,RNA-013716,GEN-0074,4715118,4717268,+,2151,0,,,,SEQ-28AB69F40344
LOC-003943,RNA-013717,GEN-0074,4739173,4740156,-,984,0,,,,SEQ-4ECB3F8047B4
LOC-003944,RNA-013718,GEN-0074,4779897,4780535,-,639,0,,,,SEQ-09269E3D089A
LOC-003945,RNA-013719,GEN-0074,4812501,4812971,-,471,0,,,,SEQ-F5D717B490C3
LOC-003946,RNA-013720,GEN-0074,4870661,4871680,+,1020,0,,,,SEQ-6E4575C10C0E
LOC-003947,RNA-013721,GEN-0074,4896982,4899837,+,2856,0,,,,SEQ-3593B7FB3561
LOC-003948,RNA-013722,GEN-0074,5019212,5020498,+,1287,0,,,,SEQ-7C7BABFE8DDF
LOC-003949,RNA-013723,GEN-0074,5046570,5047253,+,684,0,,,,SEQ-4A9E97AC9517
LOC-003950,RNA-013724,GEN-0074,5074720,5076867,+,2148,0,,,,SEQ-967F67B7C3D5
LOC-003951,RNA-013725,GEN-0074,5077097,5077783,+,687,0,,,,SEQ-2C868F04CF03
LOC-003952,RNA-013726,GEN-0074,5101500,5102639,-,1140,0,,,,SEQ-9966241E5596
LOC-003953,RNA-013727,GEN-0074,5167058,5167513,+,456,0,,,,SEQ-FE76F7682B67
LOC-003954,RNA-013728,GEN-0074,5426982,5427968,-,987,0,,,,SEQ-8A7E68CABB2C
LOC-003955,RNA-013729,GEN-0074,5478804,5479982,-,1179,0,,,,SEQ-1EA464C3AA12
LOC-003956,RNA-013730,GEN-0074,99534,100028,-,495,0,,,,SEQ-C8D728025289
LOC-003957,RNA-013731,GEN-0074,149982,150242,+,261,0,,,,SEQ-1BC49F0176AC
LOC-003958,RNA-013732,GEN-0074,157265,158398,+,1134,0,,,,SEQ-FE19507A149D
LOC-003959,RNA-013733,GEN-0074,182177,183235,+,1059,0,,,,SEQ-402A13CE3584
LOC-003960,RNA-013734,GEN-0074,2621685,2621831,+,147,0,,,,SEQ-65397C957DD1
LOC-003961,RNA-013735,GEN-0074,4455946,4456080,+,135,0,,,,SEQ-C30AF6ED0B95
LOC-003962,RNA-013736,GEN-0074,3467259,3468506,-,1248,0,,,,SEQ-3C9BDB7BDC91
LOC-003963,RNA-013737,GEN-0074,905747,907078,-,1332,0,,,,SEQ-FF32E3A5F7DD
LOC-003964,RNA-013738,GEN-0074,300248,301903,+,1656,0,,,,SEQ-402AF18D02D2
LOC-003965,RNA-013739,GEN-0074,1292708,1293886,+,1179,0,,,,SEQ-BCAC9844E239
LOC-003966,RNA-013740,GEN-0074,1184264,1184605,-,342,0,,,,SEQ-18CE3F92028B
LOC-003967,RNA-013741,GEN-0074,141868,142347,-,480,0,,,,SEQ-43D401B8BAFD
LOC-003968,RNA-013742,GEN-0074,3922720,3924825,-,2106,0,,,,SEQ-DF844786BE8C
LOC-003969,RNA-013743,GEN-0074,4381314,4381904,-,591,0,,,,SEQ-8232CDA07008
LOC-003970,RNA-013744,GEN-0074,376749,378104,+,1356,0,,,,SEQ-0F04C8E03919
LOC-003971,RNA-013745,GEN-0074,3729112,3730752,+,1641,0,,,,SEQ-AB5CDB9687E5
LOC-003972,RNA-013746,GEN-0074,4443407,4443751,-,345,0,,,,SEQ-9ACB4C957E07
LOC-003973,RNA-013747,GEN-0074,659762,660376,-,615,0,,,,SEQ-E22585022ADF
LOC-003974,RNA-013748,GEN-0074,798290,798811,-,522,0,,,,SEQ-789F510A6C8D
LOC-003975,RNA-013749,GEN-0074,4598090,4598569,-,480,0,,,,SEQ-3C8C4B0A2026
LOC-003976,RNA-013750,GEN-0074,2245180,2246082,+,903,0,,,,SEQ-4E1389CE8801
LOC-003977,RNA-013751,GEN-0074,599726,600871,+,1146,0,,,,SEQ-6E3A61B726C3
LOC-003978,RNA-013752,GEN-0074,986082,987422,+,1341,0,,,,SEQ-7799041840AD
LOC-003979,RNA-013753,GEN-0074,5284740,5285936,+,1197,0,,,,SEQ-CA223458FBF6
LOC-003980,RNA-013754,GEN-0074,1483058,1483831,+,774,0,,,,SEQ-DEB3E793061A
LOC-003981,RNA-013755,GEN-0074,1251327,1252517,-,1191,0,,,,SEQ-CFDE11240DC5
LOC-003982,RNA-013756,GEN-0074,33271,34959,+,1689,0,,,,SEQ-D5DEF105FEC3
LOC-003983,RNA-013757,GEN-0074,5314148,5315038,+,891,0,,,,SEQ-6C453EE79A0E
LOC-003984,RNA-013758,GEN-0074,1013496,1014206,+,711,0,,,,SEQ-1001910537A5
LOC-003985,RNA-013759,GEN-0074,325992,326759,+,768,0,,,,SEQ-044568326490
LOC-003986,RNA-013760,GEN-0074,2838638,2839072,+,435,0,,,,SEQ-C20784C352DC
LOC-003987,RNA-013761,GEN-0074,3521549,3522001,-,453,0,,,,SEQ-DC60CA1B8FD5
LOC-003988,RNA-013762,GEN-0074,3432526,3434079,-,1554,0,,,,SEQ-27575FFA7F82
LOC-003989,RNA-013763,GEN-0074,1684596,1687673,-,3078,0,,,,SEQ-0B72E8EFC487
LOC-003990,RNA-013764,GEN-0074,759066,760220,-,1155,0,,,,SEQ-503AA6C9AA32
LOC-003991,RNA-013765,GEN-0074,535049,535831,+,783,0,,,,SEQ-A94A737D4885
LOC-003992,RNA-013766,GEN-0074,3726778,3727767,-,990,0,,,,SEQ-DF7F91476AAD
LOC-003993,RNA-013767,GEN-0074,3416243,3417778,-,1536,0,,,,SEQ-346D0C732C1F
LOC-003994,RNA-013768,GEN-0074,3150331,3150549,+,219,0,,,,SEQ-16E6BEE76EC0
LOC-003995,RNA-013769,GEN-0074,779543,780859,+,1317,0,,,,SEQ-5E3CBCB71068
LOC-003996,RNA-013770,GEN-0074,3543089,3544291,+,1203,0,,,,SEQ-7BFF4D6CFBAA
LOC-003997,RNA-013771,GEN-0074,2288415,2290793,+,2379,0,,,,SEQ-E17DF3194352
LOC-003998,RNA-013772,GEN-0074,4277846,4278655,+,810,0,,,,SEQ-274FF3311BD7
LOC-003999,RNA-013773,GEN-0074,3453538,3457500,+,3963,0,,,,SEQ-2B31928E5354
LOC-004000,RNA-013774,GEN-0074,2019730,2021172,-,1443,0,,,,SEQ-30DBC95D3935
LOC-004001,RNA-013775,GEN-0074,899762,903298,+,3537,0,,,,SEQ-E35BB8FA58C1
LOC-004002,RNA-013776,GEN-0074,5294736,5295617,-,882,0,,,,SEQ-F51172D9AEFE
LOC-004003,RNA-013777,GEN-0074,4977534,4978265,-,732,0,,,,SEQ-C1E27B95934D
LOC-004004,RNA-013778,GEN-0074,3511100,3512302,+,1203,0,,,,SEQ-2E237857D3F5
LOC-004005,RNA-013779,GEN-0074,3368456,3368914,-,459,0,,,,SEQ-718FD8BA3381
LOC-004006,RNA-013780,GEN-0074,4268946,4272083,+,3138,0,,,,SEQ-EEB127C86250
LOC-004007,RNA-013781,GEN-0074,539091,539363,-,273,0,,,,SEQ-57933FFDED9E
LOC-004008,RNA-013782,GEN-0074,33310,35757,+,2448,0,,,,SEQ-B4BAB86A71CB
LOC-004009,RNA-013783,GEN-0074,118714,120834,-,2121,0,,,,SEQ-597DEB58DEC8
LOC-004010,RNA-013784,GEN-0074,3795391,3796260,-,870,0,,,,SEQ-9ED8E7CE14BA
LOC-004011,RNA-013785,GEN-0074,215307,215888,-,582,0,,,,SEQ-C247AE76AE18
LOC-004012,RNA-013786,GEN-0074,4407708,4409021,-,1314,0,,,,SEQ-89DCD9083811
LOC-004013,RNA-013787,GEN-0074,5296700,5297962,-,1263,0,,,,SEQ-CE5961DDA56A
LOC-004014,RNA-013788,GEN-0074,3828980,3829273,+,294,0,,,,SEQ-FCFC5EC56783
LOC-004015,RNA-013789,GEN-0074,5483757,5484014,-,258,0,,,,SEQ-1EBDCFC5FBEE
LOC-004016,RNA-013790,GEN-0074,778445,778774,-,330,0,,,,SEQ-7F651920BBFD
LOC-004017,RNA-013791,GEN-0074,1250914,1251252,+,339,0,,,,SEQ-80F78C04C125
LOC-004018,RNA-013792,GEN-0074,396150,396911,+,762,0,,,,SEQ-6BA2F5832B73
LOC-004019,RNA-013793,GEN-0074,541125,541382,+,258,0,,,,SEQ-D94144C635CE
LOC-004020,RNA-013794,GEN-0074,211760,212422,-,663,0,,,,SEQ-3B2CD1E00224
LOC-004021,RNA-013795,GEN-0074,2493137,2494507,-,1371,0,,,,SEQ-2A4A3B9A524F
LOC-004022,RNA-013796,GEN-0074,1989060,1989311,+,252,0,,,,SEQ-1F0204BACF2C
LOC-004023,RNA-013797,GEN-0074,1478902,1479471,+,570,0,,,,SEQ-067D9BDE6ECF
LOC-004024,RNA-013798,GEN-0074,3697583,3698242,+,660,0,,,,SEQ-D84B01CFD1F5
LOC-004025,RNA-013799,GEN-0074,2159400,2159651,-,252,0,,,,SEQ-8A1030286C10
LOC-004026,RNA-013800,GEN-0074,5420689,5420944,-,256,0,,,,SEQ-3CD34562167E
LOC-004027,RNA-013801,GEN-0074,491274,491540,-,267,0,,,,SEQ-E23AA6B502BF
LOC-004028,RNA-013802,GEN-0074,3084664,3086196,-,1533,0,,,,SEQ-C8B315F468E1
LOC-004029,RNA-013803,GEN-0074,4430663,4431388,-,726,0,,,,SEQ-F67D58495DE0
LOC-004030,RNA-013804,GEN-0074,3833535,3835202,-,1668,0,,,,SEQ-B02A80963936
LOC-004031,RNA-013805,GEN-0074,5351907,5352815,-,909,0,,,,SEQ-6AC2CA04B7C8
LOC-004032,RNA-013806,GEN-0074,5309568,5311589,-,2022,0,,,,SEQ-5634ADF623C7
LOC-004033,RNA-013807,GEN-0074,450821,451363,+,543,0,,,,SEQ-E355A4182CD0
LOC-004034,RNA-013808,GEN-0074,143120,144394,-,1275,0,,,,SEQ-6612A259231F
LOC-004035,RNA-013809,GEN-0074,1037774,1038661,+,888,0,,,,SEQ-A5A9C4E178EF
LOC-004036,RNA-013810,GEN-0074,3071332,3074022,-,2691,0,,,,SEQ-E9053FB8CF5B
LOC-004037,RNA-013811,GEN-0074,4205215,4206489,-,1275,0,,,,SEQ-9F4158593619
LOC-004038,RNA-013812,GEN-0074,224722,226314,-,1593,0,,,,SEQ-42722F7466BD
LOC-004039,RNA-013813,GEN-0074,318819,320063,+,1245,0,,,,SEQ-D460C84288E0
LOC-004040,RNA-013814,GEN-0074,5463216,5465045,+,1830,0,,,,SEQ-B75B94C4F0BE
LOC-004041,RNA-013815,GEN-0074,1004363,1006075,+,1713,0,,,,SEQ-11BA555FC098
LOC-004042,RNA-013816,GEN-0074,4901354,4901776,-,423,0,,,,SEQ-7FC2D39280B5
LOC-004043,RNA-013817,GEN-0074,2899502,2900314,+,813,0,,,,SEQ-35EA2A1F83C3
LOC-004044,RNA-013818,GEN-0074,578770,580878,-,2109,0,,,,SEQ-DEBCA75835F5
LOC-004045,RNA-013819,GEN-0074,333482,333802,-,321,0,,,,SEQ-BA5D7505AA81
LOC-004046,RNA-013820,GEN-0074,2138292,2138498,-,207,0,,,,SEQ-7B9ABF98DEDC
LOC-004047,RNA-013821,GEN-0074,4789007,4789768,-,762,0,,,,SEQ-5EF3312E473F
LOC-004048,RNA-013822,GEN-0074,951362,952462,+,1101,0,,,,SEQ-55DB06049D2D
LOC-004049,RNA-013823,GEN-0074,35798,35995,+,198,0,,,,SEQ-B96741D5CDD0
LOC-004050,RNA-013824,GEN-0074,4854485,4856077,+,1593,0,,,,SEQ-AAE8B2ED80D3
LOC-004051,RNA-013825,GEN-0074,96389,97111,+,723,0,,,,SEQ-3CEB60C2A47D
LOC-004052,RNA-013826,GEN-0074,3349306,3350676,+,1371,0,,,,SEQ-74781E585BAF
LOC-004053,RNA-013827,GEN-0074,572922,573446,+,525,0,,,,SEQ-B8EEBF759529
LOC-004054,RNA-013828,GEN-0074,3305862,3306473,-,612,0,,,,SEQ-AE41C2A8FB60
LOC-004055,RNA-013829,GEN-0074,376033,376752,+,720,0,,,,SEQ-1A01CA11B365
LOC-004056,RNA-013830,GEN-0074,57892,59118,-,1227,0,,,,SEQ-0504191CF3F2
LOC-004057,RNA-013831,GEN-0074,2885328,2885597,+,270,0,,,,SEQ-C2753EA9ECE9
LOC-004058,RNA-013832,GEN-0074,5281855,5282796,+,942,0,,,,SEQ-60FD7CFD7257
LOC-004059,RNA-013833,GEN-0074,3395008,3395364,-,357,0,,,,SEQ-901934AD2908
LOC-004060,RNA-013834,GEN-0074,1462820,1463368,+,549,0,,,,SEQ-8EEC43100E18
LOC-004061,RNA-013835,GEN-0074,1431999,1433201,-,1203,0,,,,SEQ-5BE15935FC3E
LOC-004062,RNA-013836,GEN-0074,4146403,4148277,-,1875,0,,,,SEQ-12AA9D4AA5DB
LOC-004063,RNA-013837,GEN-0074,5201845,5202516,-,672,0,,,,SEQ-41DE32FF8C65
LOC-004064,RNA-013838,GEN-0074,1745458,1746057,-,600,0,,,,SEQ-78C18C78A6F8
LOC-004065,RNA-013839,GEN-0074,694373,694948,+,576,0,,,,SEQ-2502CEB01F5D
LOC-004066,RNA-013840,GEN-0074,2300780,2301541,-,762,0,,,,SEQ-D486F151DB5C
LOC-004067,RNA-013841,GEN-0074,882896,883936,-,1041,0,,,,SEQ-1FD2F64E9ED6
LOC-004068,RNA-013842,GEN-0074,9747,10184,-,438,0,,,,SEQ-D79F9D9EF4EE
LOC-004069,RNA-013843,GEN-0074,3334314,3336077,-,1764,0,,,,SEQ-B4181575F9F9
LOC-004070,RNA-013844,GEN-0074,3332609,3333970,+,1362,0,,,,SEQ-4D5936DCD5AD
LOC-004071,RNA-013845,GEN-0074,3866831,3868732,+,1902,0,,,,SEQ-FACC1B8EEC7C
LOC-004072,RNA-013846,GEN-0074,860096,861337,+,1242,0,,,,SEQ-CFCAAD5E8F11
LOC-004073,RNA-013847,GEN-0074,25103,25525,+,423,0,,,,SEQ-89C63921D824
LOC-004074,RNA-013848,GEN-0074,1537972,1539042,+,1071,0,,,,SEQ-31958A3657AB
LOC-004075,RNA-013849,GEN-0074,5115679,5117259,+,1581,0,,,,SEQ-BB5190B1D78A
LOC-004076,RNA-013850,GEN-0074,218365,220038,+,1674,0,,,,SEQ-FE54131EF7EF
LOC-004077,RNA-013851,GEN-0074,3579504,3580592,-,1089,0,,,,SEQ-F1649D7F7DC5
LOC-004078,RNA-013852,GEN-0074,2625433,2626350,+,918,0,,,,SEQ-D992375917AA
LOC-004079,RNA-013853,GEN-0074,4345683,4345892,+,210,0,,,,SEQ-BEBA85547D5C
LOC-004080,RNA-013854,GEN-0074,4962355,4962975,-,621,0,,,,SEQ-7EA9487416A9
LOC-004081,RNA-013855,GEN-0074,1190475,1191839,+,1365,0,,,,SEQ-BC306241B1CF
LOC-004082,RNA-013856,GEN-0074,5289280,5290626,-,1347,0,,,,SEQ-6D2BBAAE5349
LOC-004083,RNA-013857,GEN-0074,1463400,1463681,+,282,0,,,,SEQ-6DE41F8B62F9
LOC-004084,RNA-013858,GEN-0074,3354489,3355610,+,1122,0,,,,SEQ-77BFCC1B8EC7
LOC-004085,RNA-013859,GEN-0074,1346908,1349136,+,2229,0,,,,SEQ-E45279C3A1A5
LOC-004086,RNA-013860,GEN-0074,3581589,3583349,+,1761,0,,,,SEQ-2AAEBB97927C
LOC-004087,RNA-013861,GEN-0074,5428044,5428313,-,270,0,,,,SEQ-475A47903B6E
LOC-004088,RNA-013862,GEN-0074,1,1011,+,1011,0,,,,SEQ-9809BB87F5E0
LOC-004089,RNA-013863,GEN-0074,427902,428096,+,195,0,,,,SEQ-9598CB8BCB58
LOC-004090,RNA-013864,GEN-0074,333926,335671,+,1746,0,,,,SEQ-9F7529DA4EA7
LOC-004091,RNA-013865,GEN-0074,1215127,1216425,+,1299,0,,,,SEQ-60279563B405
LOC-004092,RNA-013866,GEN-0074,803477,804994,+,1518,0,,,,SEQ-28331B60AA8F
LOC-004093,RNA-013867,GEN-0074,3434331,3435491,+,1161,0,,,,SEQ-7DDE1B1E2121
LOC-004094,RNA-013868,GEN-0074,2998540,2999856,-,1317,0,,,,SEQ-41A397CCDA17
LOC-004095,RNA-013869,GEN-0074,4169408,4170679,+,1272,0,,,,SEQ-1EE401F537A9
LOC-004096,RNA-013870,GEN-0074,2536828,2537577,+,750,0,,,,SEQ-F80CD7E0BAC2
LOC-004097,RNA-013871,GEN-0074,4692558,4693091,+,534,0,,,,SEQ-E82B5CE701A0
LOC-004098,RNA-013872,GEN-0074,121674,122576,-,903,0,,,,SEQ-1D58D1485D28
LOC-004099,RNA-013873,GEN-0074,1410377,1411471,+,1095,0,,,,SEQ-5C5B30CB3EAE
LOC-004100,RNA-013874,GEN-0074,2031424,2032083,-,660,0,,,,SEQ-FA63CECFBBA4
LOC-004101,RNA-013875,GEN-0074,178592,179632,-,1041,0,,,,SEQ-B1B5BC0812D7
LOC-004102,RNA-013876,GEN-0074,2678037,2678969,+,933,0,,,,SEQ-9A2E57AEC06D
LOC-004103,RNA-013877,GEN-0074,2044277,2046325,+,2049,0,,,,SEQ-AAA014FCC9EF
LOC-004104,RNA-013878,GEN-0074,65714,66154,-,441,0,,,,SEQ-BF2B0B44CEA9
LOC-004105,RNA-013879,GEN-0074,4170816,4171130,-,315,0,,,,SEQ-A6391F48E573
LOC-004106,RNA-013880,GEN-0074,3356522,3357754,-,1233,0,,,,SEQ-AD4F04B8035E
LOC-004107,RNA-013881,GEN-0074,4612626,4615442,-,2817,0,,,,SEQ-145BD3F51972
LOC-004108,RNA-013882,GEN-0074,750206,750907,-,702,0,,,,SEQ-B36F4D5D2C44
LOC-004109,RNA-013883,GEN-0074,2034545,2034607,-,63,0,,,,SEQ-74E745347562
LOC-004110,RNA-013884,GEN-0074,4346408,4347199,+,792,0,,,,SEQ-20264CB4C1B1
LOC-004111,RNA-013885,GEN-0074,3792997,3794565,-,1569,0,,,,SEQ-E3737A2E7189
LOC-004112,RNA-013886,GEN-0074,3263605,3264114,+,510,0,,,,SEQ-B84A38F0E252
LOC-004113,RNA-013887,GEN-0074,3890297,3890986,+,690,0,,,,SEQ-5E9AC231247B
LOC-004114,RNA-013888,GEN-0074,721145,722011,-,867,0,,,,SEQ-D2EE5B1BA9C4
LOC-004115,RNA-013889,GEN-0074,1141329,1141949,-,621,0,,,,SEQ-E9EB36CD3410
LOC-004116,RNA-013890,GEN-0074,5031461,5031784,+,324,0,,,,SEQ-96706E6DBC42
LOC-004117,RNA-013891,GEN-0074,4398735,4399766,+,1032,0,,,,SEQ-632FD9D54A99
LOC-004118,RNA-013892,GEN-0074,4702044,4702484,-,441,0,,,,SEQ-E27FE6C53E6F
LOC-004119,RNA-013893,GEN-0074,773398,774165,+,768,0,,,,SEQ-0B38CDA63AF4
LOC-004120,RNA-013894,GEN-0074,4131079,4131756,-,678,0,,,,SEQ-8A74A8EAD583
LOC-004121,RNA-013895,GEN-0074,4428108,4428665,-,558,0,,,,SEQ-4E368E3BC99F
LOC-004122,RNA-013896,GEN-0074,1420661,1421722,+,1062,0,,,,SEQ-7866F07CED54
LOC-004123,RNA-013897,GEN-0074,1564775,1565266,-,492,0,,,,SEQ-7514C5093E56
LOC-004124,RNA-013898,GEN-0074,884499,885212,-,714,0,,,,SEQ-B3AF958728B7
LOC-004125,RNA-013899,GEN-0074,487752,487955,+,204,0,,,,SEQ-73F6D1DE6548
LOC-004126,RNA-013900,GEN-0074,3247956,3248519,-,564,0,,,,SEQ-D370365FD5F3
LOC-004127,RNA-013901,GEN-0074,3270579,3271787,+,1209,0,,,,SEQ-A4B023E8D93B
LOC-004128,RNA-013902,GEN-0074,3327846,3328877,-,1032,0,,,,SEQ-883085110B55
LOC-004129,RNA-013903,GEN-0074,3329510,3329800,-,291,0,,,,SEQ-E5A12B1AB218
LOC-004130,RNA-013904,GEN-0074,4193879,4194337,-,459,0,,,,SEQ-48302C5D3643
LOC-004131,RNA-013905,GEN-0074,4776637,4778076,+,1440,0,,,,SEQ-D90E19E41E0C
LOC-004132,RNA-013906,GEN-0074,4830623,4833253,+,2631,0,,,,SEQ-5028423006EE
LOC-004133,RNA-013907,GEN-0074,44233,44667,-,435,0,,,,SEQ-DA532AE19BC0
LOC-004134,RNA-013908,GEN-0074,1985894,1986391,-,498,0,,,,SEQ-7E5DB3A413BF
LOC-004135,RNA-013909,GEN-0074,4456143,4456517,+,375,0,,,,SEQ-F5EBD1366739
LOC-004136,RNA-013910,GEN-0074,2816099,2816581,-,483,0,,,,SEQ-AB8F4D121835
LOC-004137,RNA-013911,GEN-0074,3958527,3958973,+,447,0,,,,SEQ-23FC1EE7B192
LOC-004138,RNA-013912,GEN-0074,1510304,1510606,+,303,0,,,,SEQ-1713D43217E7
LOC-004139,RNA-013913,GEN-0074,283194,284690,-,1497,0,,,,SEQ-B5643502A773
LOC-004140,RNA-013914,GEN-0074,1216794,1218149,-,1356,0,,,,SEQ-4903DC210C3A
LOC-004141,RNA-013915,GEN-0074,662726,664567,-,1842,0,,,,SEQ-B4CA24DF7D2D
LOC-004142,RNA-013916,GEN-0074,497925,498542,+,618,0,,,,SEQ-736B92160BE9
LOC-004143,RNA-013917,GEN-0074,5291696,5292946,-,1251,0,,,,SEQ-C2F95147860E
LOC-004144,RNA-013918,GEN-0074,5147290,5147805,+,516,0,,,,SEQ-63DAE641F297
LOC-004145,RNA-013919,GEN-0074,3782691,3783734,-,1044,0,,,,SEQ-A32C676575CE
LOC-004146,RNA-013920,GEN-0074,2454016,2454594,+,579,0,,,,SEQ-D2CA073341BA
LOC-004147,RNA-013921,GEN-0074,5057365,5057700,+,336,0,,,,SEQ-AB923FBDD68D
LOC-004148,RNA-013922,GEN-0074,4965020,4965415,-,396,0,,,,SEQ-C3F0834FD584
LOC-004149,RNA-013923,GEN-0074,5161752,5162642,+,891,0,,,,SEQ-DC736AF5210D
LOC-004150,RNA-013924,GEN-0074,3778319,3779071,+,753,0,,,,SEQ-42451E4E6E08
LOC-004151,RNA-013925,GEN-0074,245463,246194,+,732,0,,,,SEQ-9A3FD7563ECF
LOC-004152,RNA-013926,GEN-0074,4667068,4668096,+,1029,0,,,,SEQ-DE3E5ACBA3CF
LOC-004153,RNA-013927,GEN-0074,435000,435314,+,315,0,,,,SEQ-56B72B7FC30C
LOC-004154,RNA-013928,GEN-0074,2966844,2968052,+,1209,0,,,,SEQ-4D8596A9B61B
LOC-004155,RNA-013929,GEN-0074,444887,446263,-,1377,0,,,,SEQ-58C3C2382204
LOC-004156,RNA-013930,GEN-0074,2504851,2505774,-,924,0,,,,SEQ-6AA8F621D452
LOC-004157,RNA-013931,GEN-0074,4458818,4462126,-,3309,0,,,,SEQ-8CB6CF6B26BD
LOC-004158,RNA-013932,GEN-0074,2924649,2926265,+,1617,0,,,,SEQ-5564CF69E5F9
LOC-004159,RNA-013933,GEN-0074,4778135,4779814,+,1680,0,,,,SEQ-7AE4F184771B
LOC-004160,RNA-013934,GEN-0074,196929,197228,+,300,0,,,,SEQ-257270408C0A
LOC-004161,RNA-013935,GEN-0074,2404079,2405128,-,1050,0,,,,SEQ-1D0E3142D01A
LOC-004162,RNA-013936,GEN-0074,2475435,2475875,+,441,0,,,,SEQ-7972E79E5814
LOC-004163,RNA-013937,GEN-0074,5278226,5278429,-,204,0,,,,SEQ-C89755F02FB9
LOC-004164,RNA-013938,GEN-0074,203308,203598,-,291,0,,,,SEQ-E9B569EEAA16
LOC-004165,RNA-013939,GEN-0074,3206963,3207301,-,339,0,,,,SEQ-53769B340677
LOC-004166,RNA-013940,GEN-0074,5331412,5333250,-,1839,0,,,,SEQ-773804202CB2
LOC-004167,RNA-013941,GEN-0074,3961782,3963254,+,1473,0,,,,SEQ-4E81B3647FF5
LOC-004168,RNA-013942,GEN-0074,4620662,4622578,-,1917,0,,,,SEQ-E4BADD051D1B
LOC-004169,RNA-013943,GEN-0074,667096,668109,+,1014,0,,,,SEQ-DBD970A34717
LOC-004170,RNA-013944,GEN-0074,2338300,2339316,+,1017,0,,,,SEQ-D4C3B7941EA3
LOC-004171,RNA-013945,GEN-0074,3676426,3677241,+,816,0,,,,SEQ-B79AE1AE689B
LOC-004172,RNA-013946,GEN-0074,3798771,3801578,-,2808,0,,,,SEQ-A6971878C3C7
LOC-004173,RNA-013947,GEN-0074,876600,877373,+,774,0,,,,SEQ-246B72C58024
LOC-004174,RNA-013948,GEN-0074,5323478,5323816,-,339,0,,,,SEQ-FCF69BDC65C6
LOC-004175,RNA-013949,GEN-0074,4626974,4627927,-,954,0,,,,SEQ-3F12631F1694
LOC-004176,RNA-013950,GEN-0074,4488107,4488643,-,537,0,,,,SEQ-DBB90F8DB307
LOC-004177,RNA-013951,GEN-0074,722839,724704,+,1866,0,,,,SEQ-BDCDF86D0C0B
LOC-004178,RNA-013952,GEN-0074,4528318,4528815,-,498,0,,,,SEQ-823ABA4FB547
LOC-004179,RNA-013953,GEN-0074,1296927,1298318,-,1392,0,,,,SEQ-FCEB2BE1EB82
LOC-004180,RNA-013954,GEN-0074,4607633,4608262,-,630,0,,,,SEQ-251D7FE98106
LOC-004181,RNA-013955,GEN-0074,4267744,4268949,+,1206,0,,,,SEQ-1E82ACDB7471
LOC-004182,RNA-013956,GEN-0074,3765484,3765789,+,306,0,,,,SEQ-B43BD705456B
LOC-004183,RNA-013957,GEN-0074,4248858,4249922,-,1065,0,,,,SEQ-4C6514549AC5
LOC-004184,RNA-013958,GEN-0074,1785629,1785841,-,213,0,,,,SEQ-9300315B1017
LOC-004185,RNA-013959,GEN-0074,4383955,4384422,+,468,0,,,,SEQ-6E9222DFCC98
LOC-004186,RNA-013960,GEN-0074,414603,416507,-,1905,0,,,,SEQ-7F0390A88FCA
LOC-004187,RNA-013961,GEN-0074,608283,608651,-,369,0,,,,SEQ-DEB66F0AD52B
LOC-004188,RNA-013962,GEN-0074,726596,726940,-,345,0,,,,SEQ-A6CD820E00D5
LOC-004189,RNA-013963,GEN-0074,743368,744087,+,720,0,,,,SEQ-E501E07F8CD3
LOC-004190,RNA-013964,GEN-0074,753375,753938,-,564,0,,,,SEQ-E1910563B5ED
LOC-004191,RNA-013965,GEN-0074,974524,975891,-,1368,0,,,,SEQ-4942E88C39BC
LOC-004192,RNA-013966,GEN-0074,977756,979123,-,1368,0,,,,SEQ-EAC359D73B54
LOC-004193,RNA-013967,GEN-0074,1100615,1101382,+,768,0,,,,SEQ-E6F998760EAC
LOC-004194,RNA-013968,GEN-0074,1296725,1296943,+,219,0,,,,SEQ-1826F0EC2C13
LOC-004195,RNA-013969,GEN-0074,1334421,1334717,+,297,0,,,,SEQ-385C0EE6034A
LOC-004196,RNA-013970,GEN-0074,1364968,1365534,-,567,0,,,,SEQ-4B83BBEAB31B
LOC-004197,RNA-013971,GEN-0074,1405454,1406029,+,576,0,,,,SEQ-A27107BCB784
LOC-004198,RNA-013972,GEN-0074,1566888,1568648,-,1761,0,,,,SEQ-9F19D0B98380
LOC-004199,RNA-013973,GEN-0074,1774399,1774896,+,498,0,,,,SEQ-674961F6A21F
LOC-004200,RNA-013974,GEN-0074,1910910,1912094,+,1185,0,,,,SEQ-6554BEAFA2B1
LOC-004201,RNA-013975,GEN-0074,2830932,2832080,+,1149,0,,,,SEQ-D8618D9BE670
LOC-004202,RNA-013976,GEN-0074,2945965,2946915,+,951,0,,,,SEQ-4F1BB33441CE
LOC-004203,RNA-013977,GEN-0074,3370431,3372149,-,1719,0,,,,SEQ-80DF3406EE5D
LOC-004204,RNA-013978,GEN-0074,3831316,3831648,-,333,0,,,,SEQ-274763D80410
LOC-004205,RNA-013979,GEN-0074,3873661,3874557,+,897,0,,,,SEQ-252E91A688EA
LOC-004206,RNA-013980,GEN-0074,4380513,4381283,+,771,0,,,,SEQ-87A4D04D2B96
LOC-004207,RNA-013981,GEN-0074,4669113,4670159,+,1047,0,,,,SEQ-11889B982AD3
LOC-004208,RNA-013982,GEN-0074,4674872,4675753,-,882,0,,,,SEQ-484CE3C49A8A
LOC-004209,RNA-013983,GEN-0074,4903653,4903757,+,105,0,,,,SEQ-B90756442CBD
LOC-004210,RNA-013984,GEN-0074,4981392,4982690,-,1299,0,,,,SEQ-5BE47B494C19
LOC-004211,RNA-013985,GEN-0074,5123803,5124936,-,1134,0,,,,SEQ-7361C68C4029
LOC-004212,RNA-013986,GEN-0074,5129435,5131444,-,2010,0,,,,SEQ-8439EDF833D4
LOC-004213,RNA-013987,GEN-0074,5435137,5435838,+,702,0,,,,SEQ-C060F4F556AB
LOC-004214,RNA-013988,GEN-0074,36029,36766,-,738,0,,,,SEQ-84C9C1FCAF41
LOC-004215,RNA-013989,GEN-0074,187203,188426,+,1224,0,,,,SEQ-807BF447BB84
LOC-004216,RNA-013990,GEN-0074,215154,215408,-,255,0,,,,SEQ-4D0BB53CD40B
LOC-004217,RNA-013991,GEN-0074,5079546,5081504,+,1959,0,,,,SEQ-10F79E602526
LOC-004218,RNA-013992,GEN-0074,2009372,2011159,+,1788,0,,,,SEQ-99DA6622D64F
LOC-004219,RNA-013993,GEN-0074,3963268,3964932,+,1665,0,,,,SEQ-CA6035AF694F
LOC-004220,RNA-013994,GEN-0074,2916130,2916849,+,720,0,,,,SEQ-B1BF1B6C8E22
LOC-004221,RNA-013995,GEN-0074,3930197,3931156,+,960,0,,,,SEQ-42B2C6D8A4B3
LOC-004222,RNA-013996,GEN-0074,586521,586988,-,468,0,,,,SEQ-B54825C9C11C
LOC-004223,RNA-013997,GEN-0074,4189710,4190048,-,339,0,,,,SEQ-D8AC5A9E1D02
LOC-004224,RNA-013998,GEN-0074,3393969,3394607,-,639,0,,,,SEQ-7CAECC650AA4
LOC-004225,RNA-013999,GEN-0074,4431711,4432505,+,795,0,,,,SEQ-D6B2F8C1C6B8
LOC-004226,RNA-014000,GEN-0074,3558378,3562826,-,4449,0,,,,SEQ-0852F9AE3828
LOC-004227,RNA-014001,GEN-0074,526123,526395,-,273,0,,,,SEQ-CED255C2858E
LOC-004228,RNA-014002,GEN-0074,4980816,4981241,-,426,0,,,,SEQ-1CF0C53AE077
LOC-004229,RNA-014003,GEN-0074,4274146,4274430,-,285,0,,,,SEQ-F8B3211B92F6
LOC-004230,RNA-014004,GEN-0074,5193742,5195331,+,1590,0,,,,SEQ-ACBDDCA8EC74
LOC-004231,RNA-014005,GEN-0074,3154487,3155089,+,603,0,,,,SEQ-803D583527E6
LOC-004232,RNA-014006,GEN-0074,562486,562755,+,270,0,,,,SEQ-4427340A598F
LOC-004233,RNA-014007,GEN-0074,4477137,4477853,+,717,0,,,,SEQ-F26113E31DBF
LOC-004234,RNA-014008,GEN-0074,180134,181285,-,1152,0,,,,SEQ-98C825889397
LOC-004235,RNA-014009,GEN-0074,890571,891365,+,795,0,,,,SEQ-486CAC9A22DB
LOC-004236,RNA-014010,GEN-0074,3790866,3791270,-,405,0,,,,SEQ-4D5DCB47A342
LOC-004237,RNA-014011,GEN-0074,5262793,5263593,-,801,0,,,,SEQ-A12506CB0CC0
LOC-004238,RNA-014012,GEN-0074,704101,704838,+,738,0,,,,SEQ-61D98DA07997
LOC-004239,RNA-014013,GEN-0074,4878926,4879939,-,1014,0,,,,SEQ-94148295D3FF
LOC-004240,RNA-014014,GEN-0074,3472497,3473918,-,1422,0,,,,SEQ-B1916391D688
LOC-004241,RNA-014015,GEN-0074,98694,100253,-,1560,0,,,,SEQ-FA3D15E07C35
LOC-004242,RNA-014016,GEN-0074,1308433,1308666,+,234,0,,,,SEQ-3F2ADE5F096A
LOC-004243,RNA-014017,GEN-0074,1467320,1468495,+,1176,0,,,,SEQ-ADCA0825D722
LOC-004244,RNA-014018,GEN-0074,2717606,2717872,+,267,0,,,,SEQ-25A3A34A8DBB
LOC-004245,RNA-014019,GEN-0074,3748682,3750001,-,1320,0,,,,SEQ-1E7BAB343321
LOC-004246,RNA-014020,GEN-0074,4878000,4878884,-,885,0,,,,SEQ-14332F52EECF
LOC-004247,RNA-014021,GEN-0074,3151936,3153105,-,1170,0,,,,SEQ-7C84B843E827
LOC-004248,RNA-014022,GEN-0074,887197,889443,+,2247,0,,,,SEQ-34C022A2DA03
LOC-004249,RNA-014023,GEN-0074,5440192,5441157,-,966,0,,,,SEQ-CAD7CC3105F3
LOC-004250,RNA-014024,GEN-0074,1730295,1731461,+,1167,0,,,,SEQ-931267CBA833
LOC-004251,RNA-014025,GEN-0074,132952,134091,+,1140,0,,,,SEQ-DCFECFC5BCB8
LOC-004252,RNA-014026,GEN-0074,4512263,4513633,+,1371,0,,,,SEQ-EA36998EDCD5
LOC-004253,RNA-014027,GEN-0074,1970291,1970482,+,192,0,,,,SEQ-75D2CB2C6195
