rna_id,seq_id,is_canonical,n_records
RNA-000001,SEQ-7898032B32ED,1,53
RNA-000002,SEQ-50783BF11EC2,1,7
RNA-000003,SEQ-904DD11B9006,1,5
RNA-000004,SEQ-D6093042DC2C,1,2
RNA-000005,SEQ-68AA4D6AB329,1,3
RNA-000006,SEQ-D62C5CFD5E0A,1,2
RNA-000007,SEQ-CBF8076E5A51,1,11
RNA-000008,SEQ-7D40F77FEC33,1,2
RNA-000009,SEQ-79321ED7E6B9,1,1
RNA-000010,SEQ-7A78F6C9FF3A,1,12
RNA-000011,SEQ-C17F4AFC6B85,1,1
RNA-000012,SEQ-2C7EA274C843,1,1
RNA-000013,SEQ-E74D4FE318F0,1,1
RNA-000014,SEQ-9532E1B9AA75,1,1
RNA-000015,SEQ-876958FBEC21,1,1
RNA-000016,SEQ-994101DB291F,1,3
RNA-000017,SEQ-A9D671F706D3,1,2
RNA-000018,SEQ-2EF3A2DEBCB5,1,41
RNA-000019,SEQ-EA1CEC9829DB,1,9
RNA-000020,SEQ-31476350255E,1,4
RNA-000021,SEQ-6235F0561F23,1,4
RNA-000022,SEQ-8A5301D33597,1,3
RNA-000023,SEQ-392A7A294737,1,1
RNA-000024,SEQ-998111361D56,1,3
RNA-000025,SEQ-56FC584CA9F4,1,1
RNA-000026,SEQ-0E75A5807404,1,1
RNA-000027,SEQ-F25DD5DC61EC,1,1
RNA-000028,SEQ-C1698F7E2619,1,1
RNA-000029,SEQ-FB21E9B43E00,1,1
RNA-000030,SEQ-B93AAA8546D1,1,1
RNA-000031,SEQ-C1AEA19D15BE,1,1
RNA-000032,SEQ-58E22AFE4546,1,10
RNA-000033,SEQ-3E60BC3F707C,1,1
RNA-000034,SEQ-AEAED537A44F,1,1
RNA-000035,SEQ-1D38AE5417F1,1,3
RNA-000036,SEQ-4724E59C05DD,1,1
RNA-000037,SEQ-D1B41786A132,1,4
RNA-000038,SEQ-0283F1BF4E9F,1,1
RNA-000039,SEQ-798FB5C151B4,1,1
RNA-000040,SEQ-14823BAD4982,1,2
RNA-000041,SEQ-CCFA3845CBAE,1,3
RNA-000042,SEQ-6086E5AAE426,1,1
RNA-000043,SEQ-9E4756B9D96E,1,2
RNA-000044,SEQ-3C182DABC4AF,1,1
RNA-000045,SEQ-B6C8CC68A665,1,4
RNA-000046,SEQ-1EB495FFE4B4,1,1
RNA-000047,SEQ-667466DE8869,1,1
RNA-000048,SEQ-733F834A6A67,1,2
RNA-000050,SEQ-B3CA610A43C2,1,1
RNA-000051,SEQ-D2896190D216,1,1
RNA-000052,SEQ-6A16D970F7C7,1,1
RNA-000053,SEQ-FD3353B06CB6,1,1
RNA-000054,SEQ-B162D3271EF2,1,2
RNA-000055,SEQ-5EAE7CDE73AA,1,49
RNA-000056,SEQ-43603E2CB19B,1,233
RNA-000057,SEQ-3598589A4297,1,1
RNA-000058,SEQ-FD9BE12DCAB0,1,12
RNA-000059,SEQ-1B83FF0BF7F6,1,1
RNA-000060,SEQ-33F80856B4D1,1,35
RNA-000061,SEQ-551DA2B33238,1,1
RNA-000062,SEQ-65D6C4BE2EA6,1,3
RNA-000063,SEQ-C912967BC933,1,4
RNA-000064,SEQ-8CBA56DDB330,1,1
RNA-000065,SEQ-3306A1A7E4AD,1,1
RNA-000066,SEQ-DCE0CFD397E6,1,1
RNA-000067,SEQ-E3A4B628599D,1,10
RNA-000068,SEQ-6B035CC8C726,1,2
RNA-000069,SEQ-5520AF1902EC,1,1
RNA-000070,SEQ-952F179D1F16,1,3
RNA-000071,SEQ-FE39A1C55D52,1,10
RNA-000072,SEQ-8127A6739C8F,1,2
RNA-000073,SEQ-9671DE007232,1,7
RNA-000074,SEQ-23908D788266,1,1
RNA-000075,SEQ-AECB9EDE15AC,1,1
RNA-000076,SEQ-F13CE57FBAF8,1,7
RNA-000077,SEQ-693CB34D8FD9,1,8
RNA-000078,SEQ-C24A31BCEB64,1,1
RNA-000079,SEQ-3AE16CA93DE8,1,1
RNA-000080,SEQ-C40951C25FC4,1,1
RNA-000081,SEQ-B1EA6B748FE2,1,1
RNA-000082,SEQ-59A8FF2825B6,1,1
RNA-000083,SEQ-451D9090B0ED,1,1
RNA-000084,SEQ-306535B5588D,1,6
RNA-000085,SEQ-906F81AA879C,1,3
RNA-000086,SEQ-0943DF24712E,1,1
RNA-000087,SEQ-E4E56675F58D,1,2
RNA-000088,SEQ-5522555ED2E9,1,2
RNA-000089,SEQ-F15A358C8B81,1,3
RNA-000090,SEQ-0EB37DB0A4F7,1,2
RNA-000091,SEQ-AB3D5174E999,1,3
RNA-000092,SEQ-D8A9DAB0E3E0,1,1
RNA-000093,SEQ-CFEDEEF2ACEA,1,1
RNA-000094,SEQ-CB5E37459FBF,1,3
RNA-000095,SEQ-2EB43B55C93D,1,1
RNA-000096,SEQ-405DE7780E27,1,4
RNA-000097,SEQ-B2F2B1011CE7,1,1
RNA-000098,SEQ-CC32A1CD7262,1,4
RNA-000099,SEQ-7C3577D02860,1,1
RNA-000100,SEQ-C38DFCCCC525,1,2
RNA-000101,SEQ-B1FC3320C710,1,1
RNA-000102,SEQ-CE8A74BAB283,1,25
RNA-000103,SEQ-7BBE7CDE884C,1,3
RNA-000104,SEQ-7E9FEA75B72B,1,3
RNA-000105,SEQ-3BDB1F5D46F4,1,2
RNA-000106,SEQ-9E324122F231,1,2
RNA-000107,SEQ-20AE5EFF80B8,1,27
RNA-000108,SEQ-8499A658A97F,1,2
RNA-000109,SEQ-C4DCEB2B380E,1,1
RNA-000110,SEQ-658A3E2CD5B2,1,3
RNA-000111,SEQ-104B3F71ACC3,1,1
RNA-000112,SEQ-6DCD96460AEE,1,1
RNA-000113,SEQ-50EBE0D72367,1,1
RNA-000114,SEQ-59D818F5E98C,1,1
RNA-000115,SEQ-9A2D9A719A8B,1,1
RNA-000116,SEQ-CB5591AB7763,1,2
RNA-000117,SEQ-B02937F9FEB3,1,1
RNA-000118,SEQ-4F2E0CA88B9F,1,1
RNA-000119,SEQ-B9D54ABD12CB,1,3
RNA-000120,SEQ-068E831780FD,1,1
RNA-000121,SEQ-DD70A2F93162,1,1
RNA-000122,SEQ-E232890761A8,1,1
RNA-000123,SEQ-3A462E505E84,1,2
RNA-000124,SEQ-9F409516CBCB,1,1
RNA-000125,SEQ-C1D5EE52D8E3,1,1
RNA-000126,SEQ-191EFC66B5DF,1,2
RNA-000127,SEQ-EB6CDE75C248,1,2
RNA-000128,SEQ-297091CFF4E4,1,2
RNA-000129,SEQ-618115BBD5E8,1,2
RNA-000130,SEQ-74FF05B3F7DB,1,7
RNA-000131,SEQ-00CA889A6FA5,1,1
RNA-000132,SEQ-8AAFB041B441,1,1
RNA-000133,SEQ-EE9084863A15,1,1
RNA-000134,SEQ-BFE1BD33C4B3,1,2
RNA-000135,SEQ-52457F1DEA5E,1,1
RNA-000136,SEQ-0326C321FBAA,1,2
RNA-000137,SEQ-F026A77186DA,1,14
RNA-000138,SEQ-31C540FBD410,1,1
RNA-000139,SEQ-314ED4CE8211,1,3
RNA-000140,SEQ-8CA20BCF3961,1,1
RNA-000141,SEQ-CAD475AD8E90,1,8
RNA-000142,SEQ-2A5A9940AC25,1,3
RNA-000143,SEQ-B2DB14D58351,1,1
RNA-000144,SEQ-3D95BA8A85A5,1,4
RNA-000145,SEQ-3499A36800D9,1,1
RNA-000146,SEQ-85BD2B8D7359,1,1
RNA-000147,SEQ-8458FEFBE65D,1,1
RNA-000148,SEQ-0AD9FCF42B8D,1,1
RNA-000149,SEQ-658610A930E6,1,1
RNA-000150,SEQ-395AA98036E4,1,1
RNA-000151,SEQ-D9865971140C,1,1
RNA-000152,SEQ-CE3F62BE069F,1,1
RNA-000153,SEQ-92E4C39C17A7,1,1
RNA-000154,SEQ-08589B9497B1,1,1
RNA-000155,SEQ-7A387A06C1BC,1,1
RNA-000156,SEQ-CCD6F0A5ABD0,1,1
RNA-000157,SEQ-9BA76AB085FA,1,1
RNA-000158,SEQ-324B230296B9,1,1
RNA-000159,SEQ-76CCD84C663B,1,1
RNA-000160,SEQ-9479B1307132,1,1
RNA-000161,SEQ-DC1759BD629E,1,1
RNA-000162,SEQ-61D83EE96D8A,1,2
RNA-000163,SEQ-91BFEA383602,1,2
RNA-000164,SEQ-A46B5F9C00CB,1,1
RNA-000165,SEQ-EC6F01BD2B94,1,2
RNA-000166,SEQ-F342C0505FBA,1,1
RNA-000167,SEQ-BCBBD6D023FE,1,1
RNA-000168,SEQ-BD8CA8F79F73,1,1
RNA-000169,SEQ-7183B7B17E57,1,1
RNA-000170,SEQ-4BEEF0594F17,1,2
RNA-000171,SEQ-3872C418DA03,1,1
RNA-000172,SEQ-C27CDF84BE6C,1,1
RNA-000173,SEQ-0796EB51CAAD,1,1
RNA-000174,SEQ-CAA85A44EE80,1,1
RNA-000175,SEQ-E89217A56ADF,1,5
RNA-000176,SEQ-48FB4D45F5BE,1,3
RNA-000177,SEQ-40873A107DF6,1,1
RNA-000178,SEQ-2414EEF041C4,1,1
RNA-000179,SEQ-F8C66D1DA66C,1,1
RNA-000180,SEQ-65AE090B6AF1,1,2
RNA-000181,SEQ-207FD11A1E93,1,1
RNA-000182,SEQ-B9B25D0147D2,1,1
RNA-000183,SEQ-30DED1C1F823,1,1
RNA-000184,SEQ-665DD3D85197,1,1
RNA-000185,SEQ-AAD557DB47CB,1,1
RNA-000186,SEQ-738E83F334F0,1,1
RNA-000187,SEQ-ABB8497367D9,1,1
RNA-000188,SEQ-B4025A2DAAE7,1,2
RNA-000189,SEQ-26199B795353,1,1
RNA-000190,SEQ-8C31CBF702AA,1,1
RNA-000191,SEQ-8D326787C6F1,1,1
RNA-000192,SEQ-54ED4097FE9B,1,1
RNA-000193,SEQ-CFF70AEFD3CA,1,1
RNA-000194,SEQ-971BA88A2FE6,1,1
RNA-000195,SEQ-F01DE654431F,1,1
RNA-000196,SEQ-4E4FC4BBF757,1,2
RNA-000197,SEQ-4164B636DD0B,1,2
RNA-000198,SEQ-795EE4A56075,1,1
RNA-000199,SEQ-A5381F1F48A1,1,1
RNA-000200,SEQ-8AE4CDED27AB,1,1
RNA-000201,SEQ-EB9B835A6312,1,1
RNA-000202,SEQ-FCF8E07606DD,1,1
RNA-000203,SEQ-0274199AAB1A,1,1
RNA-000204,SEQ-0472C56CB082,1,1
RNA-000205,SEQ-BEC5C8FDF9C3,1,1
RNA-000206,SEQ-5011F0C5CD4F,1,1
RNA-000207,SEQ-1249A4800507,1,2
RNA-000208,SEQ-BF22E857F9E1,1,4
RNA-000209,SEQ-C91CBD539393,1,2
RNA-000210,SEQ-FF7508CADCE6,1,1
RNA-000211,SEQ-A1CA7860A235,1,1
RNA-000212,SEQ-0B68DC8588E2,1,1
RNA-000213,SEQ-84BF11B203DA,1,1
RNA-000214,SEQ-8C627556D05C,1,1
RNA-000215,SEQ-733A61A0488E,1,1
RNA-000216,SEQ-32BE8DAA3263,1,1
RNA-000217,SEQ-564004DDF280,1,1
RNA-000219,SEQ-9B9030DFC66F,1,2
RNA-000220,SEQ-8F79462BDCBC,1,2
RNA-000221,SEQ-A5496938F8E1,1,1
RNA-000222,SEQ-CE19681006C5,1,3
RNA-000223,SEQ-53F919B6DBD1,1,1
RNA-000224,SEQ-7A967E17648F,1,1
RNA-000225,SEQ-6C1D27E8EAD6,1,1
RNA-000226,SEQ-2E8F2CE71BD7,1,1
RNA-000227,SEQ-615DD08C114E,1,1
RNA-000228,SEQ-ECE51490866B,1,1
RNA-000229,SEQ-44BFEE5C3B87,1,1
RNA-000230,SEQ-34C9983501C8,1,1
RNA-000231,SEQ-D4CFCEEBCFEF,1,1
RNA-000232,SEQ-8B4ED8F508B9,1,3
RNA-000233,SEQ-42E525B1FA3E,1,5
RNA-000234,SEQ-6B0532AB0864,1,4
RNA-000235,SEQ-980E89FFB3B0,1,1
RNA-000236,SEQ-4755B9054AEC,1,1
RNA-000237,SEQ-59F47AD2D69B,1,1
RNA-000238,SEQ-2315404BD7CA,1,1
RNA-000239,SEQ-D8D22749A0ED,1,1
RNA-000240,SEQ-C5E13C82D549,1,1
RNA-000241,SEQ-1B390227E7DC,1,3
RNA-000242,SEQ-00E05CA457B4,1,1
RNA-000243,SEQ-4C0F34AEA4E6,1,1
RNA-000244,SEQ-D9258629625A,1,3
RNA-000245,SEQ-3055F7B455BB,1,1
RNA-000246,SEQ-ACDCD5D10200,1,2
RNA-000247,SEQ-AC7C61E920C8,1,1
RNA-000248,SEQ-C0265FA5CDCF,1,1
RNA-000249,SEQ-6F8559209331,1,2
RNA-000250,SEQ-07BD4129A0B1,1,1
RNA-000251,SEQ-2BD6C1774CDE,1,1
RNA-000252,SEQ-0FB877185AA8,1,1
RNA-000253,SEQ-4B72273E0E8A,1,1
RNA-000254,SEQ-0564721AC1B6,1,1
RNA-000255,SEQ-3681655254F0,1,1
RNA-000256,SEQ-B943E38D1508,1,1
RNA-000257,SEQ-329803E2A388,1,2
RNA-000258,SEQ-01DE47DF117B,1,1
RNA-000259,SEQ-5F7827C77F26,1,1
RNA-000260,SEQ-D775851C4940,1,1
RNA-000261,SEQ-B46AC5C8BD50,1,7
RNA-000262,SEQ-1BD9091A3799,1,1
RNA-000263,SEQ-C081894321A8,1,1
RNA-000264,SEQ-6DBB3D5B519A,1,1
RNA-000265,SEQ-EBE38F97542D,1,1
RNA-000266,SEQ-70A4B82BD162,1,2
RNA-000267,SEQ-C2BD1270369B,1,1
RNA-000268,SEQ-E58100A11812,1,1
RNA-000269,SEQ-5E37D22F8FCB,1,1
RNA-000270,SEQ-137EF6ED60F1,1,1
RNA-000271,SEQ-77C672218EE9,1,2
RNA-000272,SEQ-8FA48ECE1CED,1,4
RNA-000273,SEQ-757C71683B3E,1,1
RNA-000274,SEQ-499C3C8E5C97,1,1
RNA-000275,SEQ-68CA87040EFA,1,1
RNA-000276,SEQ-1107BFAC9803,1,1
RNA-000277,SEQ-11C5118AFC9F,1,2
RNA-000278,SEQ-2A54E38E363F,1,13
RNA-000279,SEQ-8A497CFCB52D,1,3
RNA-000280,SEQ-A58EDAE85197,1,2
RNA-000281,SEQ-D72A11C9094D,1,1
RNA-000282,SEQ-2C1752B91CE4,1,1
RNA-000283,SEQ-9A398D18A08A,1,2
RNA-000284,SEQ-5476F2C34105,1,1
RNA-000285,SEQ-0488ED9F93BF,1,1
RNA-000286,SEQ-8C2C835F5F07,1,1
RNA-000287,SEQ-14A48455A39E,1,2
RNA-000288,SEQ-8EB8A371032D,1,2
RNA-000289,SEQ-231D5BACD374,1,7
RNA-000290,SEQ-2FCA69033D15,1,1
RNA-000291,SEQ-274EFA15D800,1,1
RNA-000292,SEQ-10AC0AE3821C,1,1
RNA-000293,SEQ-62A315037446,1,1
RNA-000294,SEQ-45921C25704B,1,1
RNA-000295,SEQ-9E541D07365D,1,1
RNA-000296,SEQ-F307D0FC2F98,1,1
RNA-000297,SEQ-1ECF559095D3,1,1
RNA-000298,SEQ-C34B8B1BCD3D,1,6
RNA-000299,SEQ-D26661E753E9,1,1
RNA-000300,SEQ-910CAC536914,1,2
RNA-000301,SEQ-CA6852516A4D,1,8
RNA-000302,SEQ-184611F0A941,1,1
RNA-000303,SEQ-757B9D3ACA60,1,4
RNA-000304,SEQ-F4D1C64D6A26,1,1
RNA-000305,SEQ-1FAC85995AF0,1,1
RNA-000306,SEQ-0957E962C6EC,1,8
RNA-000307,SEQ-F0A37D94AE7F,1,1
RNA-000308,SEQ-C5A94BBA2E5F,1,1
RNA-000309,SEQ-4595023338BA,1,1
RNA-000310,SEQ-2549A9E8DE85,1,2
RNA-000311,SEQ-8533FC38AD55,1,2
RNA-000312,SEQ-7443D61CB2A6,1,2
RNA-000313,SEQ-D549E3B691CE,1,3
RNA-000314,SEQ-B8241AB35D41,1,1
RNA-000315,SEQ-B29CD0735799,1,1
RNA-000316,SEQ-F68D85314648,1,2
RNA-000317,SEQ-5D6CB30E08BB,1,1
RNA-000318,SEQ-A82EA672DA6C,1,6
RNA-000319,SEQ-59195BA5102F,1,1
RNA-000320,SEQ-FF4F99BA4043,1,1
RNA-000321,SEQ-4D93C972554E,1,1
RNA-000322,SEQ-AAAC7BC68021,1,1
RNA-000323,SEQ-71C9643E0004,1,2
RNA-000324,SEQ-4E62265FC354,1,1
RNA-000325,SEQ-9FA46DEFEEDB,1,1
RNA-000326,SEQ-14291E3CE259,1,1
RNA-000327,SEQ-6CF5413BF785,1,1
RNA-000328,SEQ-C29A1F90142D,1,1
RNA-000329,SEQ-4EB5F500C60D,1,1
RNA-000330,SEQ-496225170877,1,2
RNA-000331,SEQ-FFE8B3D9AF2C,1,1
RNA-000332,SEQ-2FF7E3545B83,1,2
RNA-000333,SEQ-A47138EF7C58,1,1
RNA-000334,SEQ-1C11B5CB207C,1,1
RNA-000335,SEQ-388A1AFC2DE5,1,2
RNA-000336,SEQ-C7420201C599,1,1
RNA-000337,SEQ-AE9610433198,1,1
RNA-000338,SEQ-E1A437315731,1,1
RNA-000339,SEQ-F05858520D6F,1,1
RNA-000340,SEQ-CB2F994AA365,1,1
RNA-000341,SEQ-4207E2739F80,1,1
RNA-000342,SEQ-233C9EE39FD5,1,1
RNA-000343,SEQ-7C6B09587DB4,1,2
RNA-000344,SEQ-59D4A4C4111F,1,1
RNA-000345,SEQ-292FC8AF1C55,1,1
RNA-000346,SEQ-BE09CF74F9B3,1,1
RNA-000347,SEQ-304C11E4B492,1,1
RNA-000348,SEQ-24329914A782,1,4
RNA-000349,SEQ-DDF3FE5082C4,1,1
RNA-000350,SEQ-6E7FFB2AB494,1,1
RNA-000351,SEQ-B3938BBD94C3,1,1
RNA-000352,SEQ-87EB4686CAF1,1,1
RNA-000353,SEQ-8CF9E7F00BC3,1,2
RNA-000354,SEQ-5089435F5A9E,1,1
RNA-000355,SEQ-B9306E6BC67D,1,1
RNA-000356,SEQ-7191FEFD3927,1,3
RNA-000357,SEQ-F3DA4DB1B457,1,1
RNA-000358,SEQ-3127619A372B,1,1
RNA-000359,SEQ-4039DCE3C3C4,1,4
RNA-000360,SEQ-6DF4045258F8,1,1
RNA-000361,SEQ-193EA889F840,1,1
RNA-000362,SEQ-2A206314414D,1,1
RNA-000363,SEQ-E78479BDA3DB,1,6
RNA-000364,SEQ-EBF8EB90988B,1,1
RNA-000365,SEQ-B36B71C9A2DF,1,1
RNA-000366,SEQ-AED209B1AD47,1,1
RNA-000367,SEQ-4C86158A3274,1,1
RNA-000368,SEQ-3F2758E90687,1,1
RNA-000369,SEQ-3CBBA6B2B49F,1,4
RNA-000370,SEQ-DCD79AF7A5B2,1,2
RNA-000371,SEQ-EA75A664AA24,1,1
RNA-000372,SEQ-3A5450CB59FB,1,1
RNA-000373,SEQ-1B903165E3ED,1,2
RNA-000374,SEQ-197E6B7BF5EA,1,3
RNA-000375,SEQ-CEAB40A98E0D,1,3
RNA-000376,SEQ-FFE3F9992FD4,1,1
RNA-000377,SEQ-6AE93A30091A,1,1
RNA-000378,SEQ-93092DDAF28D,1,1
RNA-000379,SEQ-E029455641F9,1,1
RNA-000380,SEQ-22967D5E14F6,1,2
RNA-000381,SEQ-2D25F26F6776,1,1
RNA-000382,SEQ-7399998926EF,1,2
RNA-000383,SEQ-85E9351A3FFD,1,1
RNA-000384,SEQ-231D62E01315,1,1
RNA-000385,SEQ-4A264ABDE53B,1,1
RNA-000386,SEQ-424124A389B0,1,1
RNA-000387,SEQ-59ED373C69CA,1,1
RNA-000388,SEQ-DE757879251A,1,1
RNA-000389,SEQ-F2BB7CB2CD03,1,1
RNA-000390,SEQ-FC8D465CF65F,1,1
RNA-000391,SEQ-B166FE857CDA,1,1
RNA-000392,SEQ-00B09FC660A7,1,1
RNA-000393,SEQ-29B904BDE2F3,1,3
RNA-000394,SEQ-D1FA7775448B,1,1
RNA-000395,SEQ-0C6EC3FFCB23,1,1
RNA-000396,SEQ-6EF27DF13BD7,1,1
RNA-000397,SEQ-DA39AE5AD8F8,1,1
RNA-000399,SEQ-9EAC306A1CB3,1,1
RNA-000400,SEQ-F005E9772AFE,1,1
RNA-000401,SEQ-FD51C71CE87E,1,1
RNA-000402,SEQ-705ABA93B154,1,1
RNA-000403,SEQ-D7AD6408D531,1,1
RNA-000404,SEQ-1AC005B14C9D,1,1
RNA-000405,SEQ-B75E7C1F16DF,1,1
RNA-000406,SEQ-A77816795B3F,1,2
RNA-000407,SEQ-1A352CCD67E8,1,1
RNA-000408,SEQ-5E6D5583D65D,1,2
RNA-000409,SEQ-A07AF8627D5C,1,1
RNA-000410,SEQ-FA725E4E6594,1,1
RNA-000411,SEQ-AF9AF873CFA2,1,1
RNA-000412,SEQ-2C5B1CA2C116,1,1
RNA-000413,SEQ-8EF85396EB1E,1,1
RNA-000414,SEQ-B149FA35F4CB,1,1
RNA-000415,SEQ-4BEF114BDF15,1,1
RNA-000416,SEQ-1CC1C4C9C5E3,1,1
RNA-000417,SEQ-C63BD908E6C8,1,1
RNA-000418,SEQ-C8AE194F1ED4,1,1
RNA-000419,SEQ-A6033D81ECAA,1,1
RNA-000420,SEQ-53A8514834FC,1,3
RNA-000421,SEQ-8A7229BD94DC,1,1
RNA-000422,SEQ-05FD24D6430F,1,2
RNA-000423,SEQ-A73D10B5787A,1,1
RNA-000424,SEQ-61F16719C14A,1,1
RNA-000425,SEQ-174A50460856,1,3
RNA-000426,SEQ-F0907AB8820D,1,1
RNA-000427,SEQ-1B8B9D6ED8AD,1,1
RNA-000428,SEQ-E1DBA0BA2663,1,1
RNA-000429,SEQ-67D0468AC57A,1,1
RNA-000430,SEQ-C9B07DA9ECEA,1,1
RNA-000431,SEQ-0B7204FC7ADB,1,1
RNA-000432,SEQ-6645796FCC23,1,1
RNA-000433,SEQ-F596A8C7C1D2,1,1
RNA-000434,SEQ-08553E8BB3F1,1,1
RNA-000435,SEQ-75130D7D6236,1,1
RNA-000436,SEQ-2A666960932E,1,2
RNA-000437,SEQ-DF5E29C7220F,1,1
RNA-000438,SEQ-D317D5196321,1,2
RNA-000439,SEQ-427E0EE3ED78,1,1
RNA-000440,SEQ-F42F3E170108,1,1
RNA-000441,SEQ-E07A6E796595,1,1
RNA-000442,SEQ-AE8BF9ECD1C9,1,1
RNA-000443,SEQ-F4AF60118DB7,1,1
RNA-000444,SEQ-8F232498D430,1,1
RNA-000445,SEQ-0FF8D9A25C6D,1,1
RNA-000446,SEQ-6E409C4A1BF5,1,1
RNA-000447,SEQ-BC406F1CC52E,1,1
RNA-000448,SEQ-7BC032C9263E,1,1
RNA-000449,SEQ-A930D0C3BD79,1,1
RNA-000450,SEQ-D6E6A4F6CB6E,1,1
RNA-000451,SEQ-DEEF41A15578,1,1
RNA-000452,SEQ-509421F0E851,1,1
RNA-000453,SEQ-CF38AD94AC40,1,1
RNA-000454,SEQ-38996E2647A0,1,1
RNA-000455,SEQ-079DF32648F0,1,1
RNA-000456,SEQ-CF3565008513,1,1
RNA-000457,SEQ-A093ACC9FBB7,1,1
RNA-000458,SEQ-38E15AC0C6C3,1,1
RNA-000459,SEQ-0ABAA020092E,1,2
RNA-000460,SEQ-B2E8F9190094,1,1
RNA-000462,SEQ-ED47D0CFDAE1,1,3
RNA-000467,SEQ-849343F5DDF3,1,1
RNA-000468,SEQ-9CD22336B2FD,1,1
RNA-000470,SEQ-AD589D8FEC8E,1,1
RNA-000476,SEQ-3B7F66DA413F,1,1
RNA-000479,SEQ-9939E769AD51,1,1
RNA-000480,SEQ-36C3F99D4EDC,1,1
RNA-000481,SEQ-63A32640A5AA,1,1
RNA-000482,SEQ-845FD1BDB51E,1,1
RNA-000483,SEQ-20F0A10A57C7,1,1
RNA-000484,SEQ-30512CEE551E,1,1
RNA-000485,SEQ-B01B2214AA3D,1,1
RNA-000486,SEQ-0CBB47E0D570,1,1
RNA-000487,SEQ-CFD179C1E116,1,1
RNA-000488,SEQ-DAD3D2D6E945,1,1
RNA-000489,SEQ-08CF5CCF386A,1,1
RNA-000490,SEQ-A12B7C815BFB,1,1
RNA-000492,SEQ-0B379D8F288B,1,1
RNA-000495,SEQ-C8CE642687E7,1,1
RNA-000496,SEQ-A155761E1850,1,1
RNA-000497,SEQ-0958F1C305BE,1,1
RNA-000499,SEQ-FD5F6858D3E1,1,1
RNA-000500,SEQ-80C9CB6535CD,1,1
RNA-000501,SEQ-D5717FC9CA59,1,2
RNA-000502,SEQ-721C6A6D0F10,1,1
RNA-000503,SEQ-8A3F980A402D,1,1
RNA-000504,SEQ-0087FDC07CFC,1,1
RNA-000505,SEQ-9E0E777E3852,1,1
RNA-000506,SEQ-A2FB23BCB2CD,1,1
RNA-000507,SEQ-EDB3233D84EC,1,1
RNA-000508,SEQ-491207139308,1,1
RNA-000511,SEQ-6A02271F0CF3,1,1
RNA-000513,SEQ-3E30FDDFE80A,1,1
RNA-000514,SEQ-D0C0A68FE75B,1,2
RNA-000515,SEQ-EA1788EE95C7,1,1
RNA-000516,SEQ-9C6D8242B73F,1,2
RNA-000517,SEQ-B66BEC35932F,1,1
RNA-000519,SEQ-A80AC53EE294,1,3
RNA-000521,SEQ-F0B60B2F6ED1,1,1
RNA-000522,SEQ-C5FAE01ED8AB,1,1
RNA-000523,SEQ-C398898E3F54,1,1
RNA-000524,SEQ-AC87E511DDCB,1,1
RNA-000525,SEQ-428BF78A312F,1,1
RNA-000526,SEQ-A345E3758C70,1,1
RNA-000528,SEQ-CC70EA80B650,1,1
RNA-000529,SEQ-AE5416D0A2A9,1,1
RNA-000531,SEQ-1CF5E7F2A7FF,1,1
RNA-000533,SEQ-AA0D52BB5764,1,1
RNA-000535,SEQ-023225142F4D,1,1
RNA-000536,SEQ-7768E20283AA,1,1
RNA-000537,SEQ-A7E23C0EDC6D,1,1
RNA-000539,SEQ-CE5D349D38BD,1,1
RNA-000540,SEQ-B84296FFDFA6,1,1
RNA-000541,SEQ-EB71B74E1CE2,1,1
RNA-000542,SEQ-ABDCCC851143,1,1
RNA-000544,SEQ-694D61C9600C,1,1
RNA-000546,SEQ-4A8F448275E7,1,1
RNA-000547,SEQ-CEA058296A90,1,1
RNA-000549,SEQ-6595954B6A98,1,2
RNA-000551,SEQ-8C51C88D61BC,1,1
RNA-000553,SEQ-DF43254F2DD4,1,1
RNA-000555,SEQ-7C545AD11FC5,1,1
RNA-000558,SEQ-858F0A821EF6,1,1
RNA-000559,SEQ-C7730C4B538D,1,2
RNA-000561,SEQ-C2D5BBE79E7B,1,1
RNA-000562,SEQ-F83C0724C391,1,1
RNA-000564,SEQ-75BDB7989570,1,1
RNA-000565,SEQ-425E953DE1D8,1,1
RNA-000566,SEQ-2C5F3B753199,1,1
RNA-000568,SEQ-AEDA12506B08,1,1
RNA-000569,SEQ-C70BE7C551DA,1,1
RNA-000570,SEQ-10653BEB0AA6,1,1
RNA-000571,SEQ-4DF5C0DF9881,1,1
RNA-000572,SEQ-04ED48875A9B,1,1
RNA-000574,SEQ-85143CA983A6,1,1
RNA-000575,SEQ-D80B15D27DD9,1,1
RNA-000576,SEQ-44E666A11A3D,1,1
RNA-000577,SEQ-CAEECCE5D974,1,1
RNA-000578,SEQ-36D83D41E708,1,1
RNA-000579,SEQ-083CBCF6AB09,1,1
RNA-000580,SEQ-23767A65AD65,1,1
RNA-000581,SEQ-2A89B4E44827,1,1
RNA-000582,SEQ-9E9A3D5DA3FA,1,1
RNA-000583,SEQ-91B0C17055BA,1,1
RNA-000585,SEQ-BB3816B8B67F,1,1
RNA-000588,SEQ-27CBAF805F07,1,1
RNA-000590,SEQ-73F577E759E6,1,1
RNA-000591,SEQ-3DFA3D5D8E74,1,1
RNA-000592,SEQ-771FBB4BA579,1,1
RNA-000593,SEQ-6F812028123C,1,1
RNA-000594,SEQ-7495827F6108,1,1
RNA-000595,SEQ-C76AAE7D092C,1,1
RNA-000596,SEQ-83F9C30B9B2A,1,1
RNA-000597,SEQ-0C8E04091712,1,1
RNA-000598,SEQ-87121422B6FD,1,1
RNA-000599,SEQ-A0DF101180B2,1,1
RNA-000600,SEQ-240CF4345ADF,1,1
RNA-000601,SEQ-01720745C8AA,1,1
RNA-000602,SEQ-89514AA76EEE,1,1
RNA-000603,SEQ-439693F8F250,1,1
RNA-000604,SEQ-0E6DC24B34FD,1,1
RNA-000605,SEQ-2EF3A2DEBCB5,1,1
RNA-000606,SEQ-150015DB52EC,1,1
RNA-000607,SEQ-068E831780FD,1,1
RNA-000608,SEQ-13AD6DCC4DDC,1,1
RNA-000609,SEQ-2C45394A7087,1,1
RNA-000610,SEQ-FD1A599F259D,1,1
RNA-000611,SEQ-AF94FCFC0F0D,1,1
RNA-000612,SEQ-144AED0A796E,1,1
RNA-000613,SEQ-DD2C78D03EFE,1,1
RNA-000614,SEQ-1E7B410A8BD2,1,1
RNA-000615,SEQ-F9886BD4F77D,1,1
RNA-000617,SEQ-6F408572406F,1,1
RNA-000618,SEQ-8402AADA9BFD,1,1
RNA-000619,SEQ-7BAE85DF044C,1,1
RNA-000620,SEQ-1D985CE4F464,1,1
RNA-000621,SEQ-6628286F492A,1,1
RNA-000622,SEQ-FF4F99BA4043,1,1
RNA-000624,SEQ-56E915949628,1,1
RNA-000625,SEQ-91DC9D196CD3,1,1
RNA-000626,SEQ-2284C55E4F41,1,1
RNA-000627,SEQ-06C5A0417262,1,1
RNA-000628,SEQ-99891A2D9702,1,1
RNA-000629,SEQ-89A230A1D972,1,1
RNA-000630,SEQ-EB81363B4777,1,1
RNA-000631,SEQ-D1B41786A132,1,2
RNA-000632,SEQ-C23A3FFA2B47,1,1
RNA-000633,SEQ-353BC38259F3,1,1
RNA-000634,SEQ-DAABB308E4FD,1,1
RNA-000635,SEQ-D71AEA92640D,1,1
RNA-000636,SEQ-F69E2AEF0E87,1,1
RNA-000637,SEQ-00E553186DB0,1,1
RNA-000638,SEQ-F2716A8FD148,1,1
RNA-000639,SEQ-02E0585E236C,1,1
RNA-000641,SEQ-18EA8F63E1B6,1,1
RNA-000642,SEQ-927D5810697F,1,1
RNA-000643,SEQ-51550362DCB6,1,1
RNA-000644,SEQ-42A2BA0C5704,1,1
RNA-000645,SEQ-0B7FBDC07AD6,1,1
RNA-000646,SEQ-5D9678CE830C,1,1
RNA-000647,SEQ-6A8526637BD2,1,1
RNA-000648,SEQ-8780A5B09277,1,1
RNA-000649,SEQ-BC504588172D,1,2
RNA-000650,SEQ-03E5EF3620B0,1,1
RNA-000651,SEQ-74490C1789D9,1,1
RNA-000653,SEQ-0E42A178160D,1,1
RNA-000654,SEQ-40DECC7B2BC9,1,1
RNA-000655,SEQ-CEA26372D904,1,1
RNA-000656,SEQ-21CC7B2C5A64,1,1
RNA-000658,SEQ-859390988F45,1,1
RNA-000659,SEQ-8E89034284C3,1,1
RNA-000660,SEQ-6E786E5F688B,1,1
RNA-000661,SEQ-714636B5B9B2,1,1
RNA-000663,SEQ-9AD84434DF89,1,1
RNA-000664,SEQ-62DE1372E171,1,1
RNA-000666,SEQ-2F7E164AD4CB,1,1
RNA-000667,SEQ-2EF3A2DEBCB5,1,1
RNA-000668,SEQ-0CF9550D99EA,1,1
RNA-000669,SEQ-6235F0561F23,1,1
RNA-000670,SEQ-A4838CAD02CF,1,512
RNA-000671,SEQ-B71BCA8674BA,1,4
RNA-000672,SEQ-1DB65A604C4E,1,9
RNA-000672,SEQ-3D43D62386A8,0,3
RNA-000673,SEQ-D010FF1C4A32,1,983
RNA-000674,SEQ-60DC46E5B840,1,7
RNA-000675,SEQ-06EB8BE50FB5,1,264
RNA-000676,SEQ-B4FB3B298D1E,1,11
RNA-000677,SEQ-41B3ABB98C15,1,219
RNA-000678,SEQ-47835D631CC4,1,6
RNA-000679,SEQ-31A65D348AFB,1,3541
RNA-000680,SEQ-D57F7302B1EF,1,7
RNA-000681,SEQ-6248A4951975,1,4
RNA-000682,SEQ-7FBA6604FD0A,1,6
RNA-000682,SEQ-FEE14CFD03BC,0,1
RNA-000683,SEQ-90D866AB0FB0,1,9
RNA-000684,SEQ-5E6300F20F24,1,141
RNA-000685,SEQ-9DD40F35E41E,1,4
RNA-000686,SEQ-CB61D4754031,1,286
RNA-000687,SEQ-7B670B3D0D38,1,12
RNA-000688,SEQ-3F581DE5D3CE,1,8
RNA-000689,SEQ-98F4ABD795BF,1,17
RNA-000690,SEQ-4E1B1546CB9B,1,3
RNA-000690,SEQ-D55C015E4B1B,0,1
RNA-000691,SEQ-7272AFCA04E7,1,14
RNA-000692,SEQ-9FACBDAA527F,1,11
RNA-000693,SEQ-68E51D523A6B,1,22
RNA-000694,SEQ-C174C75D3307,1,3449
RNA-000695,SEQ-65AE090B6AF1,1,4
RNA-000696,SEQ-F2F4667AD9AE,1,7
RNA-000697,SEQ-F9E512B32081,1,11
RNA-000698,SEQ-2F82F2995E07,1,6
RNA-000699,SEQ-428BF78A312F,1,17
RNA-000700,SEQ-E667BAD062EC,1,8
RNA-000701,SEQ-C42DE4115936,1,5
RNA-000702,SEQ-D77293A68223,1,4
RNA-000703,SEQ-B3A254A1A445,1,3
RNA-000704,SEQ-353BC38259F3,1,5
RNA-000704,SEQ-712A5AC8531F,0,5
RNA-000705,SEQ-DF5E42288FC5,1,8
RNA-000706,SEQ-7F2911EAE756,1,5
RNA-000707,SEQ-B382DF74CF26,1,10
RNA-000708,SEQ-15CA6A163869,1,4
RNA-000709,SEQ-81391AC0E873,1,34
RNA-000710,SEQ-FBDC30BB28DA,1,5
RNA-000711,SEQ-A12B7C815BFB,1,3
RNA-000712,SEQ-A23F0CCA78D3,1,483
RNA-000713,SEQ-10664B45D238,1,5
RNA-000714,SEQ-B70676DFAAFF,1,10
RNA-000714,SEQ-018BB9B4B341,0,3
RNA-000715,SEQ-F28D3E3D5C7B,1,19
RNA-000715,SEQ-155C3582EAF6,0,1
RNA-000716,SEQ-ADCE38473C8B,1,32
RNA-000717,SEQ-9FBC9F04F698,1,6
RNA-000718,SEQ-EC89891F69FD,1,242
RNA-000719,SEQ-B99F532BA7BA,1,10
RNA-000720,SEQ-BC13C24E65F8,1,3
RNA-000721,SEQ-146786DD603F,1,8
RNA-000721,SEQ-E32774790D40,0,2
RNA-000722,SEQ-11AE03C8AE89,1,19
RNA-000722,SEQ-655E46556466,0,1
RNA-000723,SEQ-AFA5B95A7753,1,81
RNA-000724,SEQ-33E5F3AE14FB,1,3
RNA-000725,SEQ-D95BD4F2809E,1,5
RNA-000725,SEQ-CFF0756F2E23,0,5
RNA-000726,SEQ-CD1BE6E44434,1,5
RNA-000727,SEQ-4C0AA3D73284,1,6
RNA-000728,SEQ-D7E5C68B9CB7,1,10
RNA-000729,SEQ-1232D050A3B3,1,4
RNA-000730,SEQ-763FD74B1286,1,10
RNA-000731,SEQ-A233B4559CD3,1,5
RNA-000731,SEQ-81A06487CCE3,0,3
RNA-000732,SEQ-737941981B60,1,3
RNA-000733,SEQ-588FC62D3228,1,15
RNA-000733,SEQ-54384D877404,0,1
RNA-000734,SEQ-07C5EFA5E3B1,1,8
RNA-000735,SEQ-37598070E2FA,1,6
RNA-000735,SEQ-39DB56F62180,0,5
RNA-000736,SEQ-659FAEB0F15B,1,8
RNA-000737,SEQ-8F280B9D8953,1,6
RNA-000738,SEQ-67324286F1C5,1,8
RNA-000739,SEQ-56A528C8B807,1,6
RNA-000740,SEQ-BC7F734DC25E,1,3
RNA-000740,SEQ-7002B20E8F00,0,3
RNA-000741,SEQ-A39A53B268FF,1,21
RNA-000741,SEQ-B2C3B2C16C73,0,3
RNA-000742,SEQ-5C135C0443EB,1,8
RNA-000742,SEQ-DEC846759CC4,0,2
RNA-000743,SEQ-21BBDDF9E9E7,1,4
RNA-000744,SEQ-AFEF3B29249B,1,9
RNA-000745,SEQ-583A2F2D4D48,1,6
RNA-000745,SEQ-D1B41786A132,0,5
RNA-000746,SEQ-5D14B9BBE538,1,10
RNA-000747,SEQ-63A8E44ACAEE,1,8
RNA-000748,SEQ-7CB1B133BBB1,1,6
RNA-000749,SEQ-7E860A7F9E7B,1,152
RNA-000750,SEQ-4F8A039965A8,1,7
RNA-000750,SEQ-4B1C49EC63C0,0,2
RNA-000750,SEQ-577A3C3CA4C5,0,2
RNA-000751,SEQ-44416887B7F4,1,3
RNA-000752,SEQ-F7DE6F0003F1,1,15
RNA-000752,SEQ-1427D22B8541,0,1
RNA-000753,SEQ-1E14097DDDC6,1,6
RNA-000753,SEQ-45A5E0EE7FC2,0,1
RNA-000753,SEQ-5982D3274689,0,1
RNA-000754,SEQ-117D14931697,1,5
RNA-000755,SEQ-9A370B90EDFB,1,4183
RNA-000756,SEQ-07D3106D2A9B,1,12
RNA-000757,SEQ-A913399C6B62,1,3
RNA-000758,SEQ-F5D404F60205,1,84
RNA-000759,SEQ-7B706514945B,1,10
RNA-000760,SEQ-6E500F6BEA3C,1,8
RNA-000761,SEQ-47ADBFF9B943,1,9
RNA-000761,SEQ-1DA2E984D5ED,0,2
RNA-000762,SEQ-BDCCB43F4082,1,10
RNA-000762,SEQ-CA9B8F0BDB18,0,3
RNA-000763,SEQ-A9042E18F073,1,6
RNA-000764,SEQ-9231B6BBA33A,1,6
RNA-000765,SEQ-DDBC2EC9F0D1,1,6
RNA-000765,SEQ-CEAC2D40C1E8,0,1
RNA-000766,SEQ-59BA15F00E40,1,2
RNA-000767,SEQ-B20FB9E0893D,1,4
RNA-000768,SEQ-5D429CEF435B,1,3
RNA-000769,SEQ-35432EEF4B87,1,8
RNA-000770,SEQ-45D316A65F35,1,95
RNA-000771,SEQ-7DC8B4C3E575,1,4
RNA-000771,SEQ-23108CE375E1,0,2
RNA-000772,SEQ-5FBA58CEF532,1,5
RNA-000773,SEQ-0B5BB0212699,1,9
RNA-000774,SEQ-1760522E4E45,1,5
RNA-000775,SEQ-122E36A5943B,1,7
RNA-000776,SEQ-7CC95AE82777,1,22
RNA-000777,SEQ-36A1E35DEDD1,1,5
RNA-000778,SEQ-9C37F9CD05B4,1,9
RNA-000778,SEQ-ECDAE40F4D8D,0,2
RNA-000779,SEQ-0E0F9AD0DF21,1,8
RNA-000780,SEQ-319D3B19B981,1,7
RNA-000781,SEQ-7898032B32ED,1,392
RNA-000782,SEQ-1FCD14F637AE,1,6
RNA-000783,SEQ-838ED5FCD51F,1,8
RNA-000784,SEQ-4DBD90269FD3,1,10
RNA-000785,SEQ-810D71DD6474,1,10
RNA-000786,SEQ-A5B3F2859721,1,8
RNA-000786,SEQ-DF4C0C61D97A,0,1
RNA-000787,SEQ-AFE0E74083E8,1,4
RNA-000788,SEQ-312D50EE6E06,1,4
RNA-000788,SEQ-FD24224064AA,0,2
RNA-000789,SEQ-F84AB68A946E,1,5
RNA-000790,SEQ-D335895FFECA,1,6
RNA-000791,SEQ-802959E2E59F,1,4
RNA-000791,SEQ-65F546D8A69C,0,1
RNA-000792,SEQ-4A4916E4BDEB,1,3
RNA-000793,SEQ-0793174E3ABB,1,7
RNA-000794,SEQ-300B3A43840C,1,7
RNA-000795,SEQ-C24A31BCEB64,1,5
RNA-000795,SEQ-15A5CDB9AE89,0,1
RNA-000796,SEQ-91AB955067C7,1,5
RNA-000797,SEQ-A8D8DA96ABF0,1,4
RNA-000797,SEQ-E3EC720919AE,0,3
RNA-000798,SEQ-D6BEEEA62B6E,1,11
RNA-000798,SEQ-DE7402375A75,0,1
RNA-000799,SEQ-572792518073,1,7
RNA-000800,SEQ-0B3D29D11CA9,1,11
RNA-000801,SEQ-5CF5DAEF90CA,1,4
RNA-000802,SEQ-497B55C60DF5,1,6
RNA-000802,SEQ-DC3D229F9CC4,0,1
RNA-000802,SEQ-7B9D486C6163,0,1
RNA-000803,SEQ-8EB2110899B4,1,8
RNA-000803,SEQ-361EAF9EFB31,0,1
RNA-000804,SEQ-D34187644EE5,1,14
RNA-000805,SEQ-E8F555A9D99F,1,9
RNA-000806,SEQ-6D51EBB7357E,1,8
RNA-000807,SEQ-F9126D5800CB,1,8
RNA-000808,SEQ-19123BF8AA47,1,8
RNA-000809,SEQ-96C45E949405,1,8
RNA-000809,SEQ-8379B95DC99A,0,3
RNA-000810,SEQ-479F389EF87A,1,7
RNA-000811,SEQ-631A51919005,1,20
RNA-000812,SEQ-A998D55947FD,1,8
RNA-000813,SEQ-20D9930D2AF6,1,5
RNA-000813,SEQ-BEA81144A338,0,1
RNA-000814,SEQ-08401CBCF8A2,1,4
RNA-000815,SEQ-01B381902D4A,1,6
RNA-000816,SEQ-AC59C4706CDE,1,11
RNA-000816,SEQ-C5A21F653D88,0,5
RNA-000817,SEQ-F08084AA98A8,1,3
RNA-000818,SEQ-6FFCDE8EF4AA,1,6
RNA-000819,SEQ-581C690F8D61,1,8
RNA-000819,SEQ-4C9AB820E852,0,1
RNA-000820,SEQ-78F077B260CF,1,5
RNA-000821,SEQ-8FA48ECE1CED,1,2
RNA-000822,SEQ-F8B65C5EF95D,1,5
RNA-000823,SEQ-3FC9F1AE0729,1,16
RNA-000824,SEQ-40AD9A7C26A5,1,22
RNA-000824,SEQ-B4B6F5D265B7,0,2
RNA-000825,SEQ-158A5CA88712,1,5
RNA-000826,SEQ-EB1D2199C955,1,4
RNA-000826,SEQ-9E62CC3AE387,0,2
RNA-000827,SEQ-C2A7D5E69B18,1,9
RNA-000828,SEQ-7F9C2F835456,1,161
RNA-000829,SEQ-AC4723F8B2AF,1,8
RNA-000830,SEQ-E482BF89F324,1,4
RNA-000831,SEQ-9C445276B7B2,1,7
RNA-000832,SEQ-43CE38DD16D6,1,20
RNA-000833,SEQ-5770FCC70DA6,1,5
RNA-000833,SEQ-E5C892FDA2D8,0,3
RNA-000834,SEQ-3C35E48827C5,1,5
RNA-000835,SEQ-6DC80A370EBB,1,6
RNA-000836,SEQ-589960130F88,1,14
RNA-000837,SEQ-A34D081C991C,1,49
RNA-000838,SEQ-2AAF14E9EB9F,1,9
RNA-000839,SEQ-A9A66F583D75,1,12
RNA-000840,SEQ-84A16D49101E,1,4
RNA-000841,SEQ-BC811ACEAC87,1,9
RNA-000841,SEQ-F2376DC16FF0,0,3
RNA-000842,SEQ-7E546C90255F,1,3
RNA-000843,SEQ-9DD5E8FD7612,1,6
RNA-000844,SEQ-8BB806FE0209,1,8
RNA-000844,SEQ-74A3FE53B8BD,0,6
RNA-000845,SEQ-3A594F3E655C,1,3
RNA-000846,SEQ-C90D76A0D7D8,1,6
RNA-000847,SEQ-42E02A2D4257,1,9
RNA-000847,SEQ-94DE10A0F1DE,0,6
RNA-000848,SEQ-8DC2B64885BA,1,14
RNA-000849,SEQ-7D7E54893AF6,1,5
RNA-000850,SEQ-426E83D6E969,1,143
RNA-000850,SEQ-CC483068F409,0,1
RNA-000851,SEQ-9E63199CEE1E,1,4
RNA-000852,SEQ-BACF9F94D6DF,1,6
RNA-000852,SEQ-A89F86FCF15D,0,2
RNA-000853,SEQ-AF3E322C83AB,1,7
RNA-000854,SEQ-DC5603EE71B5,1,4
RNA-000854,SEQ-336B7203F23F,0,1
RNA-000855,SEQ-2B02E78CCC34,1,8
RNA-000855,SEQ-0188CD83CF71,0,2
RNA-000856,SEQ-BDB36D77F4D0,1,5
RNA-000857,SEQ-E3C80AF4045A,1,5
RNA-000858,SEQ-4B096765A620,1,11
RNA-000859,SEQ-C2E7611E787A,1,5
RNA-000860,SEQ-21CEC067D6D1,1,5
RNA-000861,SEQ-396434F45D94,1,9
RNA-000861,SEQ-C3F6EB59A8EA,0,2
RNA-000862,SEQ-F098B40CD50A,1,7
RNA-000863,SEQ-0EC28726F172,1,27
RNA-000864,SEQ-5EB4F894F9A5,1,2
RNA-000865,SEQ-8E1D3FCADB77,1,8
RNA-000866,SEQ-7F6E21D91E07,1,4
RNA-000867,SEQ-A6CE1666F83C,1,10
RNA-000868,SEQ-9AB943D2DAA7,1,5
RNA-000869,SEQ-50F74DF1AB39,1,9
RNA-000870,SEQ-410538A14093,1,5
RNA-000871,SEQ-9D36438E3CAA,1,5
RNA-000872,SEQ-DCBC1FFDAD67,1,6
RNA-000873,SEQ-AE340F59C5EF,1,5
RNA-000873,SEQ-03A6A43233EF,0,1
RNA-000874,SEQ-2F776FFEE74F,1,10
RNA-000875,SEQ-3418C5A9967B,1,8
RNA-000876,SEQ-763849662B74,1,5
RNA-000877,SEQ-980BD611E9A4,1,6
RNA-000878,SEQ-BFFF636EBB36,1,2
RNA-000879,SEQ-515DB791225C,1,8
RNA-000880,SEQ-A2DEF6D4144F,1,10
RNA-000881,SEQ-7E9F07B17911,1,7
RNA-000882,SEQ-A3501028B985,1,12
RNA-000882,SEQ-70500A88EC51,0,1
RNA-000883,SEQ-D3B87982A925,1,7
RNA-000883,SEQ-09996B48AEB1,0,1
RNA-000884,SEQ-0E0E65289427,1,9
RNA-000885,SEQ-0A2DB93CB128,1,8
RNA-000886,SEQ-51DD1839324E,1,4
RNA-000887,SEQ-9F1E51E3C006,1,7
RNA-000887,SEQ-2BEB59D94DBF,0,1
RNA-000888,SEQ-CA04CF13148C,1,4
RNA-000889,SEQ-B69F30B4DCB5,1,12
RNA-000890,SEQ-DF53F8183492,1,4
RNA-000890,SEQ-E6588600640F,0,3
RNA-000891,SEQ-0E56EF61B93F,1,4
RNA-000892,SEQ-7910FE372535,1,4
RNA-000893,SEQ-458FCD2788BA,1,9
RNA-000893,SEQ-10FCFB69B8D1,0,1
RNA-000894,SEQ-A5F8540C33D2,1,4
RNA-000895,SEQ-27654297E684,1,7
RNA-000895,SEQ-65075E1BB30E,0,1
RNA-000896,SEQ-F81DD1B60127,1,14
RNA-000896,SEQ-BD7411CADA0D,0,2
RNA-000896,SEQ-CBCBAB98D67B,0,1
RNA-000896,SEQ-0CC630220A04,0,1
RNA-000897,SEQ-E1B805221D47,1,11
RNA-000898,SEQ-DD201E0F10C0,1,4
RNA-000899,SEQ-D27ADB86549C,1,2
RNA-000900,SEQ-67B5D11D5C13,1,3
RNA-000901,SEQ-795800B29AFD,1,5
RNA-000902,SEQ-D2650677F2D7,1,6
RNA-000903,SEQ-E77C734D4400,1,8
RNA-000904,SEQ-7E3760080359,1,6
RNA-000905,SEQ-99CBF7886E9D,1,6
RNA-000906,SEQ-B705CBD0FBEA,1,6
RNA-000907,SEQ-77037622D853,1,18
RNA-000908,SEQ-655D09AEFD51,1,6
RNA-000909,SEQ-CE622E9C9EB5,1,4
RNA-000910,SEQ-4B066AA92E91,1,11
RNA-000910,SEQ-6A0B033BAAA2,0,1
RNA-000911,SEQ-55AF9C675F3D,1,5
RNA-000911,SEQ-031AD4260FDF,0,1
RNA-000912,SEQ-38532DA31753,1,6
RNA-000913,SEQ-A49696EB9D57,1,3
RNA-000914,SEQ-D4424395B7D8,1,8
RNA-000915,SEQ-BBD3E900EC70,1,5
RNA-000915,SEQ-6A3CC3230647,0,1
RNA-000916,SEQ-7E9EE3F1D810,1,4
RNA-000917,SEQ-BD58E69A4B92,1,5
RNA-000918,SEQ-297091CFF4E4,1,9
RNA-000918,SEQ-FC91F591D405,0,3
RNA-000919,SEQ-D8F67ADC682E,1,11
RNA-000920,SEQ-0D71F09564A0,1,7
RNA-000921,SEQ-1D5D7CF6C1FC,1,5
RNA-000921,SEQ-F50796D0E06B,0,1
RNA-000922,SEQ-6BCE70730537,1,3
RNA-000923,SEQ-25DCE11DEA2A,1,3
RNA-000923,SEQ-81BE6AD0C218,0,1
RNA-000924,SEQ-7C4ECDEB54D4,1,5
RNA-000924,SEQ-30E0997FA6B5,0,2
RNA-000925,SEQ-BEF1785C6600,1,8
RNA-000926,SEQ-20B24134CA2B,1,6
RNA-000927,SEQ-130E8242DDC9,1,5
RNA-000927,SEQ-DE00BE3EBC75,0,1
RNA-000928,SEQ-D6917196192E,1,3
RNA-000929,SEQ-6B8A5F139A2F,1,54
RNA-000930,SEQ-CFD48FBFE0F7,1,5
RNA-000931,SEQ-A7C2D52BEBE3,1,5
RNA-000932,SEQ-A86118C86022,1,6
RNA-000933,SEQ-C8DBAA702726,1,5
RNA-000934,SEQ-01B57FF7BBB1,1,4
RNA-000935,SEQ-D17C8BD5EF1B,1,7
RNA-000936,SEQ-0BD2076BFFE2,1,4
RNA-000937,SEQ-9F5CD32ADCBF,1,1
RNA-000938,SEQ-99CADF258FAF,1,10
RNA-000939,SEQ-C4B50867EF2F,1,6
RNA-000940,SEQ-F334262478AF,1,10
RNA-000940,SEQ-AE3FB9C5785C,0,1
RNA-000941,SEQ-A61CABBCCE30,1,7
RNA-000942,SEQ-448CE6C63E4D,1,9
RNA-000943,SEQ-C96D33479CB5,1,8
RNA-000944,SEQ-A97F86059F5B,1,6
RNA-000944,SEQ-2E572EF30AF2,0,3
RNA-000945,SEQ-A28A1959E21C,1,2
RNA-000946,SEQ-02DACE9ECCA5,1,5
RNA-000947,SEQ-2FFB58B3A7BD,1,5
RNA-000948,SEQ-C9023BB111AE,1,7
RNA-000948,SEQ-6D6AC1DE8BB4,0,2
RNA-000949,SEQ-0FBF548F4FB2,1,11
RNA-000950,SEQ-3FF8AFE58AE7,1,7
RNA-000951,SEQ-C11D7A12529D,1,5
RNA-000951,SEQ-F8FAD222BE6D,0,2
RNA-000952,SEQ-7C41C1E07841,1,7
RNA-000953,SEQ-9FEFB9FF91AB,1,7
RNA-000954,SEQ-6C0147BDC06D,1,5
RNA-000955,SEQ-EE9084863A15,1,5
RNA-000955,SEQ-7DCE0816EA6A,0,3
RNA-000956,SEQ-21F019EDE710,1,6
RNA-000957,SEQ-3B0383CC4F55,1,9
RNA-000958,SEQ-551513AB0E2B,1,6
RNA-000959,SEQ-B2FF2AB4DD1A,1,7
RNA-000959,SEQ-B73ECCF5DBD5,0,6
RNA-000960,SEQ-2DCC5F4473D7,1,5
RNA-000961,SEQ-32CBA8A2D6EB,1,23
RNA-000962,SEQ-F4B6B2C43FB4,1,4
RNA-000962,SEQ-EE6F6B8E07B0,0,1
RNA-000963,SEQ-174BFA64B046,1,7
RNA-000964,SEQ-3176E415792D,1,4
RNA-000965,SEQ-800AC9F7C2D2,1,4
RNA-000965,SEQ-8663F28B3895,0,1
RNA-000965,SEQ-A5A29AAEE9D5,0,1
RNA-000966,SEQ-F594CB4F2B1E,1,6
RNA-000967,SEQ-469F276EA948,1,5
RNA-000968,SEQ-F9D59ACD2CFC,1,8
RNA-000969,SEQ-53F919B6DBD1,1,57
RNA-000970,SEQ-3F3F684EA955,1,11
RNA-000970,SEQ-58B23D15B52F,0,1
RNA-000971,SEQ-BE7531DEBF21,1,12
RNA-000971,SEQ-C5DFC4793746,0,1
RNA-000972,SEQ-8307C4B3C92A,1,8
RNA-000973,SEQ-481915989223,1,6
RNA-000974,SEQ-6A4939708729,1,5
RNA-000975,SEQ-A36251EE2B98,1,7
RNA-000976,SEQ-9EF69A7F5033,1,3
RNA-000977,SEQ-206C23221252,1,4
RNA-000978,SEQ-34F3F55308D4,1,3
RNA-000978,SEQ-2EB8C5A32A17,0,3
RNA-000979,SEQ-FC90E7DCEA4F,1,6
RNA-000980,SEQ-7D021C7256C6,1,5
RNA-000981,SEQ-98209F8BBAA6,1,6
RNA-000982,SEQ-CD7DA61801F9,1,4
RNA-000983,SEQ-6FE014D38453,1,9
RNA-000984,SEQ-F61575775495,1,6
RNA-000984,SEQ-713FA0039F91,0,6
RNA-000985,SEQ-244EBCC63A55,1,7
RNA-000985,SEQ-0017EDEA1E51,0,4
RNA-000985,SEQ-226B65675679,0,1
RNA-000986,SEQ-07ADD75470B4,1,8
RNA-000987,SEQ-8ED41BB97E7F,1,4
RNA-000988,SEQ-FB826581A206,1,14
RNA-000989,SEQ-5B59FE9B6769,1,4
RNA-000990,SEQ-E84D71B1C0C2,1,6
RNA-000991,SEQ-947243DE5EB1,1,6
RNA-000992,SEQ-A31BF8F21B15,1,4
RNA-000992,SEQ-1928789D6BE7,0,1
RNA-000993,SEQ-123CC0096639,1,5
RNA-000993,SEQ-63C0FD2834DE,0,3
RNA-000994,SEQ-459376069934,1,6
RNA-000995,SEQ-9F882D8F7F1A,1,4
RNA-000996,SEQ-93E204DA42F1,1,3
RNA-000997,SEQ-13E7D04C603E,1,3
RNA-000998,SEQ-41E8D22F1C6E,1,7
RNA-000998,SEQ-24A7C83414F4,0,5
RNA-000999,SEQ-1E12FDFB5BB2,1,9
RNA-001000,SEQ-872A528996DF,1,23
RNA-001001,SEQ-7AF30562FC3F,1,6
RNA-001002,SEQ-2D08D153B4BB,1,4
RNA-001003,SEQ-CBABB1A53F12,1,5
RNA-001004,SEQ-95611BEBFD2B,1,3
RNA-001005,SEQ-85FCE916DD63,1,507
RNA-001005,SEQ-42878B1FC279,0,1
RNA-001006,SEQ-2D6CB4B3FBAF,1,3
RNA-001007,SEQ-FA255CC75EA6,1,4
RNA-001008,SEQ-B113861CC8A6,1,94
RNA-001009,SEQ-B85172EB05B7,1,4
RNA-001010,SEQ-836AB9F6434A,1,6
RNA-001010,SEQ-7613C4D889B6,0,5
RNA-001010,SEQ-454EDF8E1E21,0,1
RNA-001011,SEQ-1E56DA691588,1,1
RNA-001012,SEQ-263523CB9CAE,1,7
RNA-001012,SEQ-FC848EB8CBBA,0,2
RNA-001013,SEQ-8EF797BD2945,1,5
RNA-001013,SEQ-FFC51B14362C,0,2
RNA-001014,SEQ-6B52E69994B6,1,5
RNA-001015,SEQ-CAB0AC5F5576,1,8
RNA-001015,SEQ-7AACC5982E6C,0,2
RNA-001016,SEQ-C6D905E4C425,1,9
RNA-001017,SEQ-20768026D994,1,5
RNA-001018,SEQ-F3B063FAD011,1,11
RNA-001019,SEQ-B2DF20A37A7E,1,5
RNA-001020,SEQ-40212096BEF3,1,5
RNA-001020,SEQ-B69779D15221,0,4
RNA-001021,SEQ-89C4DB78FD07,1,3
RNA-001022,SEQ-93092DDAF28D,1,7
RNA-001023,SEQ-4FD6E80CE533,1,4
RNA-001024,SEQ-AAF0549077B0,1,22
RNA-001025,SEQ-824FBB92613D,1,18
RNA-001025,SEQ-710CFAB660BC,0,1
RNA-001026,SEQ-E791593444DC,1,4
RNA-001026,SEQ-6C464C1CFBE7,0,2
RNA-001027,SEQ-9ECC87A2009E,1,12
RNA-001027,SEQ-CEAB40A98E0D,0,11
RNA-001028,SEQ-3033B5E3D3B5,1,9
RNA-001028,SEQ-714EA0B7079B,0,4
RNA-001029,SEQ-F84FB2582874,1,3
RNA-001030,SEQ-96A06DE8615B,1,2
RNA-001031,SEQ-3615BF057E59,1,7
RNA-001031,SEQ-5253387EF22A,0,1
RNA-001032,SEQ-3388A56B9A3E,1,11
RNA-001032,SEQ-B0030553BCBF,0,10
RNA-001033,SEQ-58A8EFDFAB30,1,8
RNA-001033,SEQ-D79A13217A6B,0,7
RNA-001034,SEQ-FB687872E514,1,12
RNA-001035,SEQ-C4782C8C3CF2,1,7
RNA-001036,SEQ-E3570A388529,1,6
RNA-001037,SEQ-57B830C8DACE,1,5
RNA-001037,SEQ-A52F1526FAE1,0,2
RNA-001038,SEQ-9EF0D5DDF5C3,1,5
RNA-001039,SEQ-8499A658A97F,1,12
RNA-001039,SEQ-C1A882BB4F62,0,9
RNA-001040,SEQ-D52B8EDC5443,1,4
RNA-001040,SEQ-4159FB9580F5,0,2
RNA-001041,SEQ-E9C172DA9D55,1,11
RNA-001042,SEQ-857A45214A48,1,6
RNA-001042,SEQ-5153F23E6E82,0,1
RNA-001043,SEQ-65953239D53C,1,4
RNA-001043,SEQ-271130016E12,0,1
RNA-001044,SEQ-92D72B94E382,1,3
RNA-001045,SEQ-D222545E8B3D,1,11
RNA-001046,SEQ-B384A9F3AF2F,1,8
RNA-001047,SEQ-099E1B5FF82D,1,3
RNA-001047,SEQ-21A3A3640AF7,0,1
RNA-001048,SEQ-B2EA62B2E8D1,1,2
RNA-001048,SEQ-D7B16D698389,0,1
RNA-001049,SEQ-06F6A4FDDEDA,1,6
RNA-001050,SEQ-2E0D9FAE7919,1,4
RNA-001051,SEQ-DA3CC855CEE1,1,2
RNA-001051,SEQ-BE4675803A05,0,1
RNA-001052,SEQ-492C1377A666,1,4
RNA-001053,SEQ-DF5EFA3A7BCC,1,3
RNA-001054,SEQ-148009506E96,1,4
RNA-001054,SEQ-B5E41E0670E1,0,1
RNA-001055,SEQ-0A3552CA144F,1,4
RNA-001055,SEQ-9316DE69B643,0,3
RNA-001056,SEQ-F93640EC2935,1,6
RNA-001057,SEQ-AB62FD07831D,1,7
RNA-001057,SEQ-451D54E4446B,0,1
RNA-001058,SEQ-A54B0A18E90E,1,4
RNA-001059,SEQ-DEF7A141939D,1,3
RNA-001060,SEQ-39296E105C10,1,22
RNA-001061,SEQ-DD755C03ADF4,1,10
RNA-001062,SEQ-40A27C25B08A,1,5
RNA-001063,SEQ-867C86C4E3AF,1,3
RNA-001063,SEQ-00E24FE762ED,0,2
RNA-001064,SEQ-1395D7F79126,1,22
RNA-001065,SEQ-4090ADA49AFD,1,3
RNA-001066,SEQ-1D81491A2759,1,8
RNA-001067,SEQ-C49773EBD454,1,4
RNA-001068,SEQ-43A3B9CF32E9,1,7
RNA-001069,SEQ-6E211E1FFA9C,1,9
RNA-001070,SEQ-820566D8BC11,1,9
RNA-001071,SEQ-2A27301D43B0,1,4
RNA-001071,SEQ-3A4130DC3EF1,0,2
RNA-001072,SEQ-78DB9597E74C,1,3
RNA-001073,SEQ-5DC6C782CCBA,1,10
RNA-001074,SEQ-7F46807A50A7,1,6
RNA-001075,SEQ-9CE9A1B57A07,1,8
RNA-001076,SEQ-FFC08E4BC9B1,1,2
RNA-001077,SEQ-288ACDB4FD94,1,7
RNA-001078,SEQ-DDED0505F0A0,1,6
RNA-001079,SEQ-7D9524C90707,1,5
RNA-001080,SEQ-6C36278F0B0A,1,3
RNA-001081,SEQ-C092031798DC,1,9
RNA-001082,SEQ-14291E3CE259,1,8
RNA-001082,SEQ-ABFC0ED56828,0,1
RNA-001083,SEQ-FEC243CFB5BA,1,4
RNA-001083,SEQ-1F8DE927081A,0,1
RNA-001084,SEQ-5C981C50800B,1,7
RNA-001085,SEQ-B46A72A9BEB5,1,10
RNA-001086,SEQ-D2F28DB5F269,1,7
RNA-001087,SEQ-5CDF29F881D0,1,3
RNA-001088,SEQ-F74CAAEF52DC,1,4
RNA-001089,SEQ-B6C2FAF2E7B7,1,3
RNA-001090,SEQ-F61D062BCE7B,1,14
RNA-001091,SEQ-8FECABBE4443,1,5
RNA-001092,SEQ-C64DDAC52F65,1,8
RNA-001093,SEQ-353B7DF2F1D0,1,5
RNA-001094,SEQ-79BE378BDC57,1,5
RNA-001094,SEQ-A57461EC073E,0,3
RNA-001095,SEQ-0CCD15DC9537,1,7
RNA-001096,SEQ-5EC33F65D355,1,3
RNA-001097,SEQ-6B85043EF6C7,1,4
RNA-001098,SEQ-41DDF02E74A5,1,3
RNA-001099,SEQ-14E6DF767730,1,5
RNA-001100,SEQ-217118F9D8C4,1,6
RNA-001101,SEQ-516974DA74EC,1,4
RNA-001102,SEQ-40CBF109C205,1,7
RNA-001103,SEQ-D0EAE5759360,1,3
RNA-001104,SEQ-0A97AEC745DA,1,5
RNA-001105,SEQ-BF8A8C0FECE1,1,6
RNA-001106,SEQ-5549236EC2B0,1,12
RNA-001107,SEQ-85E6349E3F7E,1,6
RNA-001108,SEQ-5FC28686D563,1,6
RNA-001109,SEQ-BAF6AD531A21,1,5
RNA-001110,SEQ-8392A72DAB0B,1,7
RNA-001111,SEQ-7604AF115FDB,1,3
RNA-001112,SEQ-AE09A5CE0AB5,1,6
RNA-001113,SEQ-0163A329B516,1,3
RNA-001113,SEQ-7AACC5982E6C,0,1
RNA-001114,SEQ-53E581AAF6CB,1,4
RNA-001115,SEQ-84721A456F3A,1,3
RNA-001116,SEQ-29BEE15CE0CD,1,8
RNA-001117,SEQ-FF14B92484C3,1,3
RNA-001117,SEQ-679B5CF57C8D,0,2
RNA-001118,SEQ-6645796FCC23,1,3
RNA-001119,SEQ-373AB34D88DF,1,4
RNA-001119,SEQ-AF6756B726A8,0,4
RNA-001120,SEQ-A406B40D0A9B,1,4
RNA-001121,SEQ-2E69AA9A0FBD,1,4
RNA-001121,SEQ-9D6F631BF31B,0,1
RNA-001122,SEQ-9D5E2D0641D1,1,6
RNA-001123,SEQ-FF8A71C8B270,1,4
RNA-001124,SEQ-FE0320A352E7,1,3
RNA-001124,SEQ-39D8609E6DBB,0,1
RNA-001125,SEQ-50783BF11EC2,1,8
RNA-001126,SEQ-65DF7524B54C,1,6
RNA-001127,SEQ-4792306CF9FE,1,4
RNA-001128,SEQ-F3B2104DEB55,1,6
RNA-001129,SEQ-3AECFE90A53B,1,5
RNA-001129,SEQ-63A3B820A6D2,0,4
RNA-001130,SEQ-B6DD3030E907,1,7
RNA-001131,SEQ-8DEBFFAE60F4,1,4
RNA-001132,SEQ-0590EE5E388D,1,6
RNA-001132,SEQ-7197A91F407C,0,1
RNA-001133,SEQ-09365973214E,1,9
RNA-001134,SEQ-7B455A6CA041,1,6
RNA-001136,SEQ-9A2B81D1F482,1,4
RNA-001136,SEQ-94E8C043B35A,0,1
RNA-001136,SEQ-E07CF7343672,0,1
RNA-001137,SEQ-E1B756D40493,1,3
RNA-001138,SEQ-410B41FE5F3D,1,4
RNA-001139,SEQ-81587AFF792E,1,4
RNA-001140,SEQ-551D2263A1E0,1,4
RNA-001140,SEQ-5A112F7B64BC,0,1
RNA-001141,SEQ-BF4447DF4E5A,1,3
RNA-001142,SEQ-6190B11A2B0A,1,5
RNA-001142,SEQ-02011C2A99C9,0,1
RNA-001143,SEQ-CC75751AE2D4,1,4
RNA-001144,SEQ-1D8B08AAC3CE,1,9
RNA-001144,SEQ-6C464C1CFBE7,0,1
RNA-001145,SEQ-E6A9F669390C,1,6
RNA-001146,SEQ-7F9B2946BB43,1,5
RNA-001147,SEQ-28AFE7A41CA7,1,6
RNA-001148,SEQ-12F1D037BD27,1,4
RNA-001149,SEQ-B2AD462BC8AA,1,7
RNA-001150,SEQ-EAE9FFAC528C,1,9
RNA-001151,SEQ-26B004540A9F,1,6
RNA-001152,SEQ-42522790FC18,1,6
RNA-001152,SEQ-D43504955DB2,0,1
RNA-001153,SEQ-7C2414433F0F,1,2
RNA-001154,SEQ-248159230462,1,10
RNA-001155,SEQ-DC3B4FF1FAAC,1,6
RNA-001156,SEQ-BDC1231CD0D0,1,62
RNA-001157,SEQ-18B98FF418D3,1,2
RNA-001158,SEQ-2D45493C0027,1,4
RNA-001158,SEQ-C160D4944DDD,0,2
RNA-001159,SEQ-4CFC5B80061B,1,4
RNA-001160,SEQ-E362534F2329,1,6
RNA-001161,SEQ-FCA589732725,1,4
RNA-001162,SEQ-3BC56F306EDD,1,4
RNA-001162,SEQ-D425DAF7CF39,0,1
RNA-001163,SEQ-644186022A33,1,10
RNA-001163,SEQ-16F60E915E4C,0,1
RNA-001164,SEQ-34D3BF030967,1,6
RNA-001165,SEQ-0A6E1B3A5D79,1,6
RNA-001166,SEQ-D94DE00FB3C5,1,4
RNA-001167,SEQ-DB989F60970F,1,8
RNA-001168,SEQ-7933116ACAF4,1,3
RNA-001169,SEQ-6527CF5586B8,1,5
RNA-001170,SEQ-EFD880401AB4,1,3
RNA-001171,SEQ-6380BC3AE82D,1,3
RNA-001172,SEQ-FCE0255D132E,1,2
RNA-001172,SEQ-280F1B0E7AEB,0,2
RNA-001173,SEQ-2312C7743F43,1,94
RNA-001174,SEQ-47BD62CC37A8,1,7
RNA-001175,SEQ-52658DDD560D,1,5
RNA-001176,SEQ-130DDF211DCC,1,4
RNA-001177,SEQ-1B83FF0BF7F6,1,8
RNA-001177,SEQ-0367C24E477D,0,3
RNA-001178,SEQ-F174C6DFC00A,1,3
RNA-001179,SEQ-B5C2D3058136,1,7
RNA-001180,SEQ-47C59372FFAC,1,4
RNA-001181,SEQ-07A4FAF61919,1,4
RNA-001181,SEQ-BC7816790103,0,2
RNA-001182,SEQ-B2439034C87B,1,8
RNA-001183,SEQ-1ECFB98A09B3,1,5
RNA-001184,SEQ-F28616D185E8,1,4
RNA-001185,SEQ-5C804C7F2B31,1,4
RNA-001186,SEQ-5DB9877D8D16,1,7
RNA-001186,SEQ-CFF86E91D4E1,0,1
RNA-001187,SEQ-E10AA8D20C9F,1,3
RNA-001188,SEQ-59EF17EA3D86,1,7
RNA-001188,SEQ-16F30EFCCF57,0,2
RNA-001189,SEQ-81E3CF772E90,1,4
RNA-001190,SEQ-F77E131FB6A3,1,2
RNA-001191,SEQ-E3E968758A63,1,4
RNA-001192,SEQ-5ED1BEB409E2,1,8
RNA-001193,SEQ-D9764EF5106F,1,6
RNA-001194,SEQ-76963D81B8CD,1,3
RNA-001195,SEQ-25258196DCBC,1,7
RNA-001196,SEQ-10BA0CFBB1BD,1,4
RNA-001197,SEQ-D3A21451C03C,1,4
RNA-001198,SEQ-89B7109C42C4,1,11
RNA-001198,SEQ-1434FFCA3C51,0,2
RNA-001199,SEQ-62581062FE5F,1,4
RNA-001200,SEQ-47A5F5C2602F,1,9
RNA-001200,SEQ-DB42750AFC63,0,1
RNA-001201,SEQ-28D08A582D2A,1,3
RNA-001201,SEQ-2F00BFC3375B,0,1
RNA-001202,SEQ-B1F13DA84378,1,4
RNA-001203,SEQ-7A8E4882456E,1,3
RNA-001203,SEQ-20DCDFA94696,0,1
RNA-001204,SEQ-818583F24D74,1,5
RNA-001205,SEQ-FB8D6FCB55C4,1,5
RNA-001206,SEQ-A907A63B7577,1,7
RNA-001207,SEQ-898FB0C04E53,1,6
RNA-001208,SEQ-5AF0878F6A57,1,4
RNA-001209,SEQ-35DD48E52330,1,4
RNA-001210,SEQ-90788A1CD997,1,5
RNA-001211,SEQ-08C907B711DF,1,4
RNA-001212,SEQ-0DBA1E3C3088,1,8
RNA-001213,SEQ-069E634729C2,1,6
RNA-001214,SEQ-13B814A529FE,1,6
RNA-001215,SEQ-288C7C82B5FA,1,4
RNA-001216,SEQ-69E47F4DF324,1,6
RNA-001217,SEQ-45DAEE98C860,1,6
RNA-001217,SEQ-33973FF1756F,0,1
RNA-001218,SEQ-5713DA8BD03D,1,5
RNA-001219,SEQ-0326C321FBAA,1,9
RNA-001220,SEQ-A7A920752DBA,1,5
RNA-001221,SEQ-051C5189C77B,1,3
RNA-001222,SEQ-EABE344C298C,1,3
RNA-001223,SEQ-01DF431E11E8,1,11
RNA-001224,SEQ-20B24FF4DA31,1,5
RNA-001225,SEQ-9C2845937A26,1,5
RNA-001225,SEQ-BDCA18B45767,0,1
RNA-001226,SEQ-1A77506E5121,1,6
RNA-001227,SEQ-CD61BEC2B884,1,4
RNA-001228,SEQ-ACD3875AF776,1,6
RNA-001229,SEQ-E81A73C655A0,1,4
RNA-001229,SEQ-97CA8C0BFB88,0,3
RNA-001230,SEQ-59C0373FC6C5,1,2
RNA-001231,SEQ-5CDDF4ECAE26,1,6
RNA-001232,SEQ-662996AB94F8,1,9
RNA-001232,SEQ-D55F56A19946,0,5
RNA-001233,SEQ-8367CCB4538C,1,4
RNA-001234,SEQ-DED12E199F15,1,4
RNA-001235,SEQ-86C722DA9C8D,1,2
RNA-001236,SEQ-8A21A9FD849F,1,10
RNA-001237,SEQ-3365496554C1,1,6
RNA-001238,SEQ-DC77AA03BFB5,1,7
RNA-001239,SEQ-2A037D2933AA,1,5
RNA-001240,SEQ-091B1BE454E8,1,6
RNA-001241,SEQ-EBA813B0C086,1,6
RNA-001242,SEQ-C6F747AF7E13,1,10
RNA-001243,SEQ-C6A62ABA3AE7,1,4
RNA-001243,SEQ-95FBC149F59C,0,2
RNA-001244,SEQ-68A4A2F32142,1,7
RNA-001244,SEQ-EA730C95C863,0,1
RNA-001245,SEQ-E898A87A97C1,1,8
RNA-001246,SEQ-28269524D335,1,5
RNA-001247,SEQ-0DDBD6FEE7C5,1,7
RNA-001247,SEQ-4595ED1C41B8,0,1
RNA-001248,SEQ-6CCA7430A0AE,1,20
RNA-001249,SEQ-380B49A0A949,1,3
RNA-001250,SEQ-703B55907EC3,1,9
RNA-001251,SEQ-6162DA7967A7,1,7
RNA-001252,SEQ-D3B579397D91,1,7
RNA-001253,SEQ-2F307C018EC1,1,3
RNA-001254,SEQ-244B9D3DF7B5,1,4
RNA-001255,SEQ-2CEB3E56D266,1,3
RNA-001256,SEQ-C0B72E3730E6,1,3
RNA-001257,SEQ-24ACA0A43123,1,2
RNA-001258,SEQ-64E0D2A72854,1,4
RNA-001259,SEQ-8132625B1A31,1,7
RNA-001260,SEQ-BCC391317714,1,6
RNA-001261,SEQ-9384360D33B2,1,7
RNA-001262,SEQ-9C6A0334D606,1,5
RNA-001263,SEQ-4F586F50D47B,1,3
RNA-001264,SEQ-7C3CFDCE90E3,1,6
RNA-001265,SEQ-0A40B7080C29,1,4
RNA-001266,SEQ-3726ACF1982C,1,2
RNA-001267,SEQ-993A1C621941,1,4
RNA-001267,SEQ-49028887D589,0,2
RNA-001268,SEQ-19CCF398C1A0,1,3
RNA-001269,SEQ-361FB1EA115B,1,6
RNA-001270,SEQ-3CB3BE64CAD9,1,2
RNA-001271,SEQ-8545316DC697,1,3
RNA-001272,SEQ-915C48A3C530,1,3
RNA-001273,SEQ-13B2C3CC31FD,1,7
RNA-001274,SEQ-93E4B19F96B3,1,6
RNA-001275,SEQ-FFCD5502239A,1,9
RNA-001276,SEQ-020716BF69E5,1,6
RNA-001277,SEQ-DCBC43A960EF,1,7
RNA-001278,SEQ-99A318488AE0,1,7
RNA-001278,SEQ-5EEE4B0CFB93,0,2
RNA-001279,SEQ-702E1FC51FC8,1,7
RNA-001280,SEQ-EB535E646506,1,4
RNA-001281,SEQ-115C2449596C,1,7
RNA-001282,SEQ-46C446BE6E90,1,3
RNA-001283,SEQ-77F3909B50EA,1,3
RNA-001284,SEQ-2AD68372ABC0,1,4
RNA-001285,SEQ-DACE504180D3,1,6
RNA-001286,SEQ-2607AB08FD0B,1,4
RNA-001287,SEQ-AC7CAECF0545,1,6
RNA-001288,SEQ-55A85ADC7E8F,1,8
RNA-001289,SEQ-E5FDBF85B53E,1,7
RNA-001290,SEQ-D4D660CE37EF,1,10
RNA-001291,SEQ-649FAB31D96F,1,5
RNA-001292,SEQ-C2A210BA2FE0,1,5
RNA-001292,SEQ-2C2520F52097,0,3
RNA-001293,SEQ-927A39787798,1,7
RNA-001294,SEQ-0E286CF73B3A,1,7
RNA-001295,SEQ-AB789114FE29,1,4
RNA-001295,SEQ-2ABAAA72DAE7,0,1
RNA-001296,SEQ-DB98C13356B8,1,5
RNA-001297,SEQ-BAB0CDCF1B09,1,4
RNA-001298,SEQ-CA76C1602CA3,1,5
RNA-001299,SEQ-DB3294B2E6E1,1,5
RNA-001300,SEQ-E05CCB85C2E1,1,3
RNA-001301,SEQ-2C64E5492C84,1,8
RNA-001302,SEQ-9B46DF54E3CF,1,3
RNA-001303,SEQ-A66C814E00F0,1,7
RNA-001304,SEQ-2A92FCFA4B12,1,8
RNA-001305,SEQ-332E91788648,1,7
RNA-001306,SEQ-452E27F3E6FC,1,6
RNA-001307,SEQ-2C9C4DEB2BAB,1,3
RNA-001308,SEQ-08B16E293767,1,8
RNA-001309,SEQ-02B3C8F41520,1,5
RNA-001310,SEQ-E6B365E2E85C,1,7
RNA-001310,SEQ-EDF929EA98D3,0,2
RNA-001311,SEQ-70F2039B0F24,1,4
RNA-001312,SEQ-41B73AD8D5DF,1,6
RNA-001313,SEQ-141D41DFF7F1,1,6
RNA-001313,SEQ-A129FE2E27DC,0,1
RNA-001314,SEQ-20655499A2FD,1,6
RNA-001315,SEQ-01A9A9E79823,1,3
RNA-001316,SEQ-B4B9B8F3213E,1,4
RNA-001317,SEQ-D21F84CF6599,1,5
RNA-001318,SEQ-023C2063B6D9,1,6
RNA-001319,SEQ-9FA831E0F307,1,3
RNA-001320,SEQ-A92EAE2CD919,1,7
RNA-001321,SEQ-F1293391CB7C,1,2
RNA-001322,SEQ-C2DC53AE4DE8,1,8
RNA-001323,SEQ-3744EFFC1AA2,1,6
RNA-001324,SEQ-2F1FBFDE3DAC,1,7
RNA-001324,SEQ-B166924FD311,0,4
RNA-001325,SEQ-A4DF4B9B8C4C,1,2
RNA-001326,SEQ-5ACE1611511F,1,4
RNA-001327,SEQ-3DE8655A3836,1,7
RNA-001328,SEQ-A7F693118331,1,3
RNA-001329,SEQ-02E0585E236C,1,6
RNA-001330,SEQ-FBA8E2833F2A,1,8
RNA-001330,SEQ-DAD52C160410,0,1
RNA-001331,SEQ-CB6F767A7EAB,1,4
RNA-001332,SEQ-F9453EB2D6C7,1,8
RNA-001333,SEQ-C2B7FB1E88EE,1,7
RNA-001334,SEQ-C0AFB669E914,1,14
RNA-001335,SEQ-EB9B59C2A0B5,1,3
RNA-001336,SEQ-4253BCFE836F,1,21
RNA-001336,SEQ-9FA50A2DCA2B,0,1
RNA-001337,SEQ-B9F651272F23,1,5
RNA-001338,SEQ-78C6F8572CCF,1,7
RNA-001339,SEQ-900737CBA89F,1,9
RNA-001340,SEQ-2BA01CADF241,1,3
RNA-001341,SEQ-5FEB392F3F74,1,6
RNA-001342,SEQ-876E3F46D9B9,1,4
RNA-001343,SEQ-AA65172115B1,1,5
RNA-001344,SEQ-DA4BA0CEEACF,1,4
RNA-001345,SEQ-ADDF9752CBC2,1,7
RNA-001345,SEQ-8EE65E75DA9A,0,5
RNA-001346,SEQ-52534E5EDFDB,1,3
RNA-001347,SEQ-936BADA9A51C,1,6
RNA-001347,SEQ-ACCFD7D22298,0,1
RNA-001348,SEQ-1864644BCC9C,1,3
RNA-001349,SEQ-5C62F34C8434,1,3
RNA-001350,SEQ-FD0655B4AA84,1,4
RNA-001351,SEQ-0044006A8280,1,5
RNA-001352,SEQ-DB71C61E361D,1,4
RNA-001353,SEQ-13826C4FB77D,1,5
RNA-001354,SEQ-2912C79BA012,1,3
RNA-001355,SEQ-98F78EE8D086,1,4
RNA-001355,SEQ-A9FAFF226477,0,1
RNA-001356,SEQ-14B8E3E1C4B6,1,6
RNA-001357,SEQ-54B57229C347,1,4
RNA-001358,SEQ-2C3CA674BF10,1,4
RNA-001359,SEQ-8619FEF01553,1,3
RNA-001360,SEQ-470097BB90D0,1,5
RNA-001361,SEQ-D52C15650270,1,5
RNA-001361,SEQ-A31002008026,0,1
RNA-001361,SEQ-7180C5298596,0,1
RNA-001362,SEQ-01DE47DF117B,1,19
RNA-001362,SEQ-0C8CE37C7434,0,1
RNA-001364,SEQ-6A1079C26205,1,3
RNA-001365,SEQ-5512B4548F8D,1,5
RNA-001366,SEQ-ECACB97A9931,1,5
RNA-001367,SEQ-570437FBB9D1,1,6
RNA-001367,SEQ-CDB47A3C70A5,0,2
RNA-001368,SEQ-3E9F768D3BFD,1,6
RNA-001368,SEQ-7FEAA7213DBA,0,1
RNA-001369,SEQ-1698293B4995,1,6
RNA-001370,SEQ-C831D70C5D29,1,5
RNA-001370,SEQ-F4F75E7327AA,0,1
RNA-001371,SEQ-A12A30610EB5,1,6
RNA-001372,SEQ-4C3159247D71,1,4
RNA-001373,SEQ-EF7DBDDC1325,1,9
RNA-001374,SEQ-D1FB002A9971,1,5
RNA-001375,SEQ-FB62438D2E3D,1,6
RNA-001375,SEQ-054FA4A38CA9,0,5
RNA-001376,SEQ-A7230481383A,1,5
RNA-001377,SEQ-1134B709FEF0,1,4
RNA-001378,SEQ-0B4DA9167D2C,1,7
RNA-001378,SEQ-588F6E91E391,0,1
RNA-001379,SEQ-1C11B5CB207C,1,5
RNA-001380,SEQ-A97C8F6C9706,1,7
RNA-001381,SEQ-DBC1FF4C8F3F,1,4
RNA-001381,SEQ-EB9F36E972DC,0,3
RNA-001382,SEQ-79D97EFE5C4C,1,3
RNA-001382,SEQ-88039FF15110,0,1
RNA-001383,SEQ-8B18D26A5CAF,1,8
RNA-001384,SEQ-F7436F17725E,1,16
RNA-001385,SEQ-B28C5B0C5985,1,9
RNA-001386,SEQ-3DACDC7A648A,1,8
RNA-001387,SEQ-B9B5C1ACDB0A,1,4
RNA-001388,SEQ-E974BE8F569F,1,3
RNA-001389,SEQ-953B7941CA05,1,9
RNA-001390,SEQ-38F7730191B2,1,4
RNA-001391,SEQ-77D0AFEBAD24,1,2
RNA-001391,SEQ-08D962EB0113,0,1
RNA-001392,SEQ-0C4C57CEC9C7,1,7
RNA-001393,SEQ-7BD881035D6D,1,4
RNA-001394,SEQ-13C6C33D3C3B,1,5
RNA-001395,SEQ-5CEC3A206B2F,1,8
RNA-001395,SEQ-236BAB9EE6E2,0,7
RNA-001396,SEQ-1B21F5617A5A,1,2
RNA-001396,SEQ-8E1F18A19E6C,0,2
RNA-001397,SEQ-E001C8D4B290,1,4
RNA-001398,SEQ-E7FA956B8D59,1,7
RNA-001398,SEQ-A3076B108B84,0,4
RNA-001398,SEQ-5889D864478F,0,1
RNA-001399,SEQ-617563AEB546,1,11
RNA-001399,SEQ-72B2C8E7D671,0,1
RNA-001400,SEQ-9D586F05D972,1,5
RNA-001400,SEQ-F0527B767A4F,0,4
RNA-001401,SEQ-0C20199868A9,1,4
RNA-001402,SEQ-AB4E06EA3CAB,1,4
RNA-001403,SEQ-147F9387F84E,1,4
RNA-001404,SEQ-183AD28B6CB8,1,3
RNA-001405,SEQ-DB1A57E3AB5F,1,6
RNA-001406,SEQ-983ED0E1F0F5,1,5
RNA-001407,SEQ-F1FC82C9CD54,1,3
RNA-001408,SEQ-E405A476E90B,1,6
RNA-001409,SEQ-ECB6AF0EB5D4,1,16
RNA-001410,SEQ-82B7F9038EED,1,2
RNA-001411,SEQ-51A0D13CC7A2,1,2
RNA-001412,SEQ-5D3A507847BB,1,1
RNA-001413,SEQ-E0F7246AD65B,1,9
RNA-001413,SEQ-A4945E887AF3,0,1
RNA-001413,SEQ-6CBEC5D43A10,0,1
RNA-001414,SEQ-451F99AC90B9,1,6
RNA-001415,SEQ-C4E15DFD5CDD,1,6
RNA-001416,SEQ-90729DFC86D0,1,3
RNA-001417,SEQ-AC1CD9FE6ECD,1,5
RNA-001417,SEQ-0BA4E1D8E719,0,2
RNA-001418,SEQ-B22C0950288E,1,2
RNA-001419,SEQ-DAA872703E10,1,2
RNA-001420,SEQ-9BE06C939EFB,1,4
RNA-001421,SEQ-374B75F53A13,1,2
RNA-001422,SEQ-57DF1AD75C03,1,9
RNA-001423,SEQ-9A61834B55A3,1,5
RNA-001423,SEQ-8BEEAB83972D,0,4
RNA-001424,SEQ-499B17EE10D0,1,4
RNA-001425,SEQ-6695D75E9820,1,7
RNA-001425,SEQ-4D1CCEE84BDC,0,1
RNA-001426,SEQ-523626AD25DD,1,4
RNA-001427,SEQ-96494B9BD805,1,7
RNA-001428,SEQ-41FD80F26055,1,4
RNA-001429,SEQ-A5D98DF10B1A,1,2
RNA-001430,SEQ-F1EF5166D612,1,6
RNA-001431,SEQ-EAC081329D10,1,3
RNA-001432,SEQ-B773EEF54D97,1,3
RNA-001433,SEQ-3DD88A118A7D,1,6
RNA-001434,SEQ-3A09E71B2472,1,5
RNA-001434,SEQ-D818FFC0CB98,0,1
RNA-001435,SEQ-ADEB0E304ED8,1,4
RNA-001436,SEQ-91F579DA6CE1,1,5
RNA-001437,SEQ-985ECAC7F352,1,7
RNA-001438,SEQ-D25D359D3EE0,1,3
RNA-001439,SEQ-8C4F0E19D526,1,3
RNA-001440,SEQ-7B75AA28D7AA,1,4
RNA-001440,SEQ-86E121D677A9,0,1
RNA-001441,SEQ-5443FDCCCA1F,1,6
RNA-001442,SEQ-B6C62F79B4F4,1,4
RNA-001443,SEQ-423B65846DFA,1,6
RNA-001444,SEQ-F3B7D97959EE,1,9
RNA-001445,SEQ-A7E2ECD4D7A4,1,5
RNA-001446,SEQ-876C857ED9BA,1,6
RNA-001446,SEQ-8ADF7F04E0BE,0,2
RNA-001447,SEQ-4ED9973E484A,1,3
RNA-001448,SEQ-BF278CD40B48,1,6
RNA-001449,SEQ-10A47C8E51C7,1,4
RNA-001450,SEQ-D198AB7A7669,1,4
RNA-001451,SEQ-3D20FD0412AD,1,10
RNA-001452,SEQ-A2BA3A99208D,1,7
RNA-001453,SEQ-8CB8ADB14CB3,1,8
RNA-001454,SEQ-9AC964A95028,1,4
RNA-001455,SEQ-204C7FC0EF9B,1,3
RNA-001456,SEQ-17A8364DBCB8,1,3
RNA-001457,SEQ-F41C08F00E00,1,6
RNA-001458,SEQ-1FF93E3DF358,1,7
RNA-001458,SEQ-7B10BE10A764,0,1
RNA-001459,SEQ-7359CFAA6C71,1,4
RNA-001460,SEQ-4194C5802E3A,1,5
RNA-001461,SEQ-A4D9E65D7D44,1,6
RNA-001462,SEQ-9858932EE130,1,5
RNA-001463,SEQ-509BA24E0CB0,1,9
RNA-001464,SEQ-4DF884BBD494,1,3
RNA-001465,SEQ-0F1FDF1B86AB,1,3
RNA-001466,SEQ-A5B6C068F895,1,4
RNA-001467,SEQ-AB602462B990,1,4
RNA-001468,SEQ-E17AB76B3E87,1,4
RNA-001469,SEQ-2EAC1510404A,1,4
RNA-001470,SEQ-1B67BB3327CD,1,6
RNA-001471,SEQ-467476F00689,1,4
RNA-001471,SEQ-F06ABCFEDC7D,0,3
RNA-001472,SEQ-DF6549AF3909,1,9
RNA-001473,SEQ-4D94790E9C33,1,4
RNA-001474,SEQ-0A2AE3188DEF,1,7
RNA-001475,SEQ-43074C4BD1E6,1,6
RNA-001476,SEQ-E62A10427179,1,6
RNA-001477,SEQ-A153369E5638,1,2
RNA-001478,SEQ-7B3E53A02F91,1,16
RNA-001479,SEQ-1E7E2F9A0F32,1,3
RNA-001480,SEQ-C56883D1C86B,1,7
RNA-001481,SEQ-1626C8EF4251,1,4
RNA-001481,SEQ-F950D9D6363D,0,2
RNA-001482,SEQ-9475C536476B,1,7
RNA-001483,SEQ-785A04472120,1,4
RNA-001484,SEQ-778598587300,1,2
RNA-001485,SEQ-A8024901D6DA,1,5
RNA-001486,SEQ-EA3F3CD71375,1,7
RNA-001487,SEQ-E03BAB49E9D3,1,4
RNA-001488,SEQ-05ADB47EFE21,1,7
RNA-001489,SEQ-0FE874E98BD6,1,7
RNA-001490,SEQ-ED9838A92638,1,3
RNA-001491,SEQ-E1B167255B39,1,4
RNA-001492,SEQ-DE94E7259B7D,1,3
RNA-001493,SEQ-38909B400E53,1,3
RNA-001494,SEQ-6C29780BA15E,1,7
RNA-001495,SEQ-0D4EA9BAB9C1,1,4
RNA-001496,SEQ-73BFE5BF2A86,1,5
RNA-001497,SEQ-71DA6D85D86E,1,7
RNA-001498,SEQ-3E8BE6B5CCDA,1,4
RNA-001499,SEQ-F7C150C44FF9,1,9
RNA-001499,SEQ-B706B4309C77,0,1
RNA-001500,SEQ-202B4C10A37F,1,4
RNA-001501,SEQ-1769446E43BF,1,6
RNA-001502,SEQ-29D24C8179B5,1,7
RNA-001503,SEQ-60321A2A94FA,1,3
RNA-001504,SEQ-B4D368141F33,1,6
RNA-001505,SEQ-7021CCD0F9EB,1,2
RNA-001505,SEQ-22BFC1E36391,0,1
RNA-001506,SEQ-3B3FD1A358CE,1,4
RNA-001507,SEQ-D392C178C4C0,1,2
RNA-001508,SEQ-AEFB21D8F2AA,1,5
RNA-001509,SEQ-D665142258D1,1,8
RNA-001510,SEQ-2180222374EC,1,3
RNA-001511,SEQ-65D6C4BE2EA6,1,7
RNA-001512,SEQ-707CB9E0191A,1,3
RNA-001512,SEQ-2D0116886E20,0,1
RNA-001513,SEQ-2061F2F06BC4,1,4
RNA-001513,SEQ-9624B26EE6BA,0,1
RNA-001514,SEQ-2C45394A7087,1,6
RNA-001514,SEQ-98B37691E782,0,2
RNA-001515,SEQ-FE7D6F8DD516,1,3
RNA-001516,SEQ-8446CBACDA4B,1,5
RNA-001517,SEQ-B098BD245124,1,8
RNA-001518,SEQ-EE6A9062F74E,1,4
RNA-001519,SEQ-01EA9A43E797,1,7
RNA-001520,SEQ-120B2674F934,1,12
RNA-001521,SEQ-DC9F53CA1BCE,1,4
RNA-001522,SEQ-B1CA72AA2FF5,1,4
RNA-001523,SEQ-673FD822F675,1,3
RNA-001523,SEQ-ABC62F7BBA08,0,1
RNA-001524,SEQ-0F92BEF1D8D3,1,3
RNA-001525,SEQ-9DAA374E8B53,1,6
RNA-001526,SEQ-7A967E17648F,1,7
RNA-001527,SEQ-AF1CB83D9777,1,3
RNA-001528,SEQ-35FB089E18B3,1,4
RNA-001529,SEQ-AF9BE8C773CB,1,3
RNA-001530,SEQ-ADE25A97944E,1,6
RNA-001531,SEQ-0183883C98E4,1,7
RNA-001532,SEQ-576DEA88BC12,1,6
RNA-001533,SEQ-9AFB0AA1D7EE,1,5
RNA-001534,SEQ-5F6AC9930065,1,4
RNA-001535,SEQ-FA6B603202BB,1,5
RNA-001536,SEQ-AA2865C2F511,1,5
RNA-001537,SEQ-735B21DB3198,1,3
RNA-001538,SEQ-408F79B0D078,1,3
RNA-001539,SEQ-59638D3088E0,1,7
RNA-001539,SEQ-0E0D55792568,0,1
RNA-001540,SEQ-755B7F04F935,1,4
RNA-001541,SEQ-4295EC74D61D,1,1
RNA-001542,SEQ-35D5DDBF2132,1,4
RNA-001543,SEQ-FEAA7FC6F40C,1,5
RNA-001543,SEQ-58EFAB97ED9D,0,1
RNA-001544,SEQ-567553FEEF3C,1,9
RNA-001545,SEQ-DE7402375A75,1,4
RNA-001545,SEQ-318A1C093BCE,0,3
RNA-001546,SEQ-AC291CD4007C,1,5
RNA-001547,SEQ-21333428C8F8,1,4
RNA-001548,SEQ-3419A4BAA192,1,2
RNA-001549,SEQ-EFFF58200CCA,1,5
RNA-001550,SEQ-70A274946E54,1,10
RNA-001551,SEQ-ABB63C009338,1,3
RNA-001551,SEQ-813B6FE73FD6,0,3
RNA-001552,SEQ-9EF46B1EAA52,1,6
RNA-001553,SEQ-245AA4F5E17B,1,5
RNA-001554,SEQ-6A219E217009,1,6
RNA-001555,SEQ-6689496E6CDE,1,2
RNA-001556,SEQ-77B02C5FE95F,1,3
RNA-001557,SEQ-88E59CE30CD5,1,5
RNA-001558,SEQ-B9D3D271F98C,1,7
RNA-001559,SEQ-12416EAC51DD,1,3
RNA-001560,SEQ-4F240FDE1013,1,7
RNA-001561,SEQ-98EB9E266C94,1,10
RNA-001562,SEQ-B951584D4ED0,1,3
RNA-001563,SEQ-A64A2817E7E9,1,4
RNA-001564,SEQ-AA976A4CFE2A,1,3
RNA-001565,SEQ-E84720DBD193,1,4
RNA-001565,SEQ-A744D7F4EB42,0,1
RNA-001566,SEQ-280CE5EB7E9B,1,5
RNA-001567,SEQ-C5B4C3DA041B,1,4
RNA-001567,SEQ-33C1E101B48D,0,1
RNA-001567,SEQ-1A7C5E430BD8,0,1
RNA-001568,SEQ-EE211CFBD076,1,3
RNA-001569,SEQ-0CE5DF49E6E7,1,2
RNA-001570,SEQ-386705FDA0CF,1,3
RNA-001571,SEQ-7E36D6A65A42,1,4
RNA-001572,SEQ-49B525F0CDE1,1,3
RNA-001573,SEQ-9479E74F94F3,1,6
RNA-001574,SEQ-B9C06AE84798,1,3
RNA-001575,SEQ-493707868AB8,1,7
RNA-001576,SEQ-96E4A4469167,1,7
RNA-001577,SEQ-B28A51517679,1,4
RNA-001578,SEQ-198A92F4FA32,1,3
RNA-001579,SEQ-00B28215D4F8,1,5
RNA-001580,SEQ-C66E4C7DFF23,1,5
RNA-001581,SEQ-969C36D51709,1,5
RNA-001582,SEQ-3B76BF49667B,1,4
RNA-001582,SEQ-9A3FD3CA3F47,0,4
RNA-001583,SEQ-D53512D403BA,1,6
RNA-001583,SEQ-009F755C5405,0,2
RNA-001583,SEQ-A89F86FCF15D,0,1
RNA-001584,SEQ-828DA905E16C,1,4
RNA-001585,SEQ-8C86511C128B,1,5
RNA-001586,SEQ-393C9E352D19,1,6
RNA-001587,SEQ-B3E09C88893F,1,6
RNA-001587,SEQ-7B9D486C6163,0,1
RNA-001588,SEQ-8C5462AB0B86,1,3
RNA-001589,SEQ-27182092C79E,1,3
RNA-001590,SEQ-95E52B7450A4,1,5
RNA-001591,SEQ-2700BBF5E1E6,1,3
RNA-001592,SEQ-16D9DDEC6362,1,6
RNA-001593,SEQ-AA866FB3DC88,1,5
RNA-001594,SEQ-7FCA3222C9AE,1,5
RNA-001595,SEQ-56AB77CA006D,1,4
RNA-001596,SEQ-6E0A05EE6EAE,1,5
RNA-001597,SEQ-94AF380C5BB6,1,6
RNA-001598,SEQ-D7F0B7DB00A2,1,5
RNA-001598,SEQ-EF5A4CC36E38,0,4
RNA-001599,SEQ-6AF02FC276AE,1,7
RNA-001600,SEQ-3B40C46907B0,1,4
RNA-001601,SEQ-F70C0F084E46,1,4
RNA-001602,SEQ-2B35029CCBB6,1,5
RNA-001603,SEQ-067F4E2EAB5C,1,2
RNA-001604,SEQ-D243FF1656B7,1,4
RNA-001604,SEQ-826FE5CEF375,0,1
RNA-001605,SEQ-33056EDF61A4,1,7
RNA-001606,SEQ-5E4C8BBD75F2,1,6
RNA-001607,SEQ-13CB3811A4FE,1,4
RNA-001608,SEQ-75925F01AF92,1,6
RNA-001609,SEQ-F0B97E8B8753,1,9
RNA-001610,SEQ-A1B1CE3045BF,1,7
RNA-001611,SEQ-24B9F58341F1,1,2
RNA-001612,SEQ-38E660FC0A34,1,7
RNA-001613,SEQ-EDAD7AD2B27B,1,6
RNA-001614,SEQ-4E026455FCC4,1,2
RNA-001615,SEQ-3C637F96F70E,1,1
RNA-001615,SEQ-361EAF9EFB31,0,1
RNA-001616,SEQ-EF73DFD64AF7,1,8
RNA-001617,SEQ-11696441E1E5,1,3
RNA-001617,SEQ-28B9E9381056,0,1
RNA-001618,SEQ-4555DD91FA3C,1,5
RNA-001619,SEQ-D1F863298BB9,1,5
RNA-001619,SEQ-BF34A649A88B,0,3
RNA-001620,SEQ-56F2627DD8CB,1,4
RNA-001621,SEQ-8C86B56D62F8,1,11
RNA-001621,SEQ-6B45588BA561,0,1
RNA-001622,SEQ-0CCA8B15D2F8,1,4
RNA-001623,SEQ-5E0610F41062,1,2
RNA-001624,SEQ-B250D0E8856E,1,5
RNA-001624,SEQ-94C0D811DF89,0,1
RNA-001625,SEQ-0D34AAE09B6A,1,9
RNA-001626,SEQ-80786482BC7C,1,4
RNA-001627,SEQ-E53E3E7633D0,1,3
RNA-001628,SEQ-72F2F18708C0,1,5
RNA-001629,SEQ-A8974E18DC92,1,3
RNA-001629,SEQ-CB064BFB6DE3,0,2
RNA-001630,SEQ-AA7CEB90217E,1,4
RNA-001631,SEQ-B7ED98F8AEE6,1,5
RNA-001632,SEQ-EA571C7B280B,1,2
RNA-001633,SEQ-EABC564C14A3,1,3
RNA-001634,SEQ-ED7866C37CA3,1,3
RNA-001635,SEQ-DFCB92DE938E,1,5
RNA-001636,SEQ-CEBE4ED93194,1,4
RNA-001637,SEQ-620B2061B4E3,1,3
RNA-001637,SEQ-00B142C93871,0,2
RNA-001638,SEQ-3A22BEE6FF08,1,4
RNA-001639,SEQ-D3E1552FA680,1,5
RNA-001640,SEQ-45E69405D54A,1,6
RNA-001641,SEQ-B233AA3AE1A2,1,3
RNA-001642,SEQ-34B9FAD75A6E,1,7
RNA-001643,SEQ-968F3E3650C1,1,5
RNA-001644,SEQ-41631BA0998E,1,3
RNA-001645,SEQ-25595A88293D,1,4
RNA-001646,SEQ-C3043654DA89,1,5
RNA-001646,SEQ-6EA5828CCA8E,0,5
RNA-001647,SEQ-2C1EB47D1AB9,1,3
RNA-001648,SEQ-9C9FA5B2F5AE,1,8
RNA-001649,SEQ-3F9BBA8A87DC,1,7
RNA-001650,SEQ-6733D5FAFDD3,1,3
RNA-001651,SEQ-64807E81260F,1,4
RNA-001652,SEQ-B2E0B5EF5FF8,1,1
RNA-001653,SEQ-70FCE7FBAEF8,1,2
RNA-001654,SEQ-AF1D8946F2EB,1,5
RNA-001654,SEQ-1DCC97F96BED,0,2
RNA-001655,SEQ-C47514448FE3,1,3
RNA-001656,SEQ-5F7E6A62F237,1,6
RNA-001657,SEQ-835D5B2EFADF,1,5
RNA-001657,SEQ-84CF538A055C,0,3
RNA-001658,SEQ-A79F396B6599,1,3
RNA-001659,SEQ-1ED521B822FA,1,5
RNA-001659,SEQ-4858C6A586F6,0,1
RNA-001660,SEQ-10E6FD284E9C,1,3
RNA-001661,SEQ-5F820C2760E3,1,7
RNA-001662,SEQ-C50DD5C8F65F,1,5
RNA-001662,SEQ-0CC630220A04,0,1
RNA-001663,SEQ-1AC005B14C9D,1,2
RNA-001664,SEQ-738618DEAB8D,1,4
RNA-001664,SEQ-5B2E2E064382,0,3
RNA-001665,SEQ-1DC7524586AB,1,4
RNA-001666,SEQ-1055802BDB6A,1,4
RNA-001667,SEQ-B5D81B12484E,1,5
RNA-001667,SEQ-C5480835DEB4,0,1
RNA-001668,SEQ-B81063314193,1,4
RNA-001669,SEQ-D6042B22A021,1,3
RNA-001670,SEQ-F99A9D8270C2,1,5
RNA-001671,SEQ-F1B600D36549,1,7
RNA-001672,SEQ-95A2B963DB33,1,6
RNA-001673,SEQ-351230C0198C,1,3
RNA-001674,SEQ-EC81D658E150,1,6
RNA-001675,SEQ-FFC2DD7B6685,1,5
RNA-001676,SEQ-00A6D4B260B3,1,3
RNA-001677,SEQ-1CDCD657EBD1,1,4
RNA-001678,SEQ-B9C5BBBF252A,1,5
RNA-001679,SEQ-F30C9667A25A,1,7
RNA-001679,SEQ-3EFED5F86980,0,2
RNA-001679,SEQ-826FE5CEF375,0,1
RNA-001680,SEQ-9ED6C60A1DD8,1,2
RNA-001681,SEQ-55FD1828E4E0,1,8
RNA-001682,SEQ-D4D7AD021068,1,3
RNA-001683,SEQ-5C7725C0528C,1,6
RNA-001684,SEQ-07A418C410E6,1,6
RNA-001685,SEQ-7EC82FA08B85,1,5
RNA-001686,SEQ-FE9FB725D81A,1,6
RNA-001687,SEQ-BBB0CB7B6EE9,1,10
RNA-001688,SEQ-88901AA91EC0,1,4
RNA-001689,SEQ-D05AD8D5AB68,1,9
RNA-001690,SEQ-1F904B3F7459,1,6
RNA-001690,SEQ-A7E6B802D353,0,1
RNA-001691,SEQ-EE9D2889A54F,1,8
RNA-001692,SEQ-83DC2F03B1DB,1,7
RNA-001693,SEQ-3AA792FB3552,1,3
RNA-001694,SEQ-37237F368C69,1,11
RNA-001695,SEQ-3882EA2669A1,1,4
RNA-001696,SEQ-9F2D210F16E8,1,8
RNA-001696,SEQ-29127176B2FC,0,1
RNA-001697,SEQ-6637F5D8A8DD,1,8
RNA-001698,SEQ-564EBCA75FCD,1,12
RNA-001698,SEQ-BD500E3C39A3,0,1
RNA-001699,SEQ-DE855D1EB291,1,6
RNA-001700,SEQ-68757A2E16FB,1,4
RNA-001700,SEQ-3685DBA9534C,0,2
RNA-001701,SEQ-B6D87C6D43C7,1,3
RNA-001702,SEQ-B02E278B3923,1,5
RNA-001703,SEQ-097504EC615E,1,6
RNA-001704,SEQ-062EA42C238B,1,4
RNA-001705,SEQ-4EDF59FA27C6,1,6
RNA-001706,SEQ-C0B7C1CE0744,1,10
RNA-001707,SEQ-16047A001199,1,3
RNA-001708,SEQ-F73CB1670C8C,1,6
RNA-001708,SEQ-91C284BA15A0,0,2
RNA-001709,SEQ-19156DE0FA69,1,5
RNA-001710,SEQ-2E857FE4D813,1,4
RNA-001711,SEQ-F307F246FA93,1,5
RNA-001712,SEQ-50567EB81A14,1,3
RNA-001713,SEQ-FFB182213E4C,1,5
RNA-001714,SEQ-2E7D0FEF2A36,1,4
RNA-001714,SEQ-BA64064E2A31,0,1
RNA-001715,SEQ-2B00DD0A4488,1,4
RNA-001715,SEQ-B4EEE6F6C8C1,0,2
RNA-001716,SEQ-28AA340238CF,1,4
RNA-001717,SEQ-1C0A8B867B05,1,3
RNA-001718,SEQ-939E9553FDA0,1,7
RNA-001719,SEQ-B56290DDD1C2,1,2
RNA-001720,SEQ-60C7EA81C579,1,4
RNA-001721,SEQ-7E1A55B43B2C,1,3
RNA-001721,SEQ-10F5853D4E9B,0,1
RNA-001722,SEQ-C5D0DA9CF523,1,8
RNA-001723,SEQ-5E253455F305,1,6
RNA-001724,SEQ-582CA60F3801,1,4
RNA-001725,SEQ-BFFD2AB15AA2,1,4
RNA-001726,SEQ-93C1ED5214E1,1,3
RNA-001727,SEQ-DE82AACC0569,1,3
RNA-001728,SEQ-2B788D852AD2,1,7
RNA-001729,SEQ-4237475381D9,1,3
RNA-001730,SEQ-D2A4BB588A49,1,6
RNA-001731,SEQ-4C2934E6FE7C,1,7
RNA-001732,SEQ-187C31957D95,1,5
RNA-001732,SEQ-36701CAF29AC,0,1
RNA-001733,SEQ-36190E8D06A3,1,5
RNA-001734,SEQ-DD43E2E1B702,1,3
RNA-001735,SEQ-FBAE51A0B4F6,1,6
RNA-001736,SEQ-9E271C724EA2,1,5
RNA-001737,SEQ-DB97972DA46C,1,3
RNA-001738,SEQ-A0ED1DFB619B,1,5
RNA-001739,SEQ-0CC877CAE258,1,5
RNA-001740,SEQ-1D9341FCD315,1,7
RNA-001741,SEQ-677B8E22414E,1,3
RNA-001742,SEQ-1348E9AF4A7E,1,10
RNA-001743,SEQ-351BC9D18BB8,1,3
RNA-001744,SEQ-938324E43937,1,4
RNA-001745,SEQ-123777C34383,1,4
RNA-001745,SEQ-45E965351417,0,1
RNA-001746,SEQ-1EB0796A4B8A,1,6
RNA-001747,SEQ-F28C12EA0F70,1,3
RNA-001748,SEQ-59CAE906E9F4,1,4
RNA-001749,SEQ-C0004059A124,1,5
RNA-001749,SEQ-853585A5C27D,0,1
RNA-001750,SEQ-015786E643E5,1,4
RNA-001750,SEQ-32A6F953E91B,0,2
RNA-001751,SEQ-A300CEAF9813,1,3
RNA-001751,SEQ-8EFD5586FCD2,0,3
RNA-001752,SEQ-E8AD24B176E6,1,4
RNA-001753,SEQ-DB13880E08D2,1,4
RNA-001754,SEQ-1C76A445C041,1,15
RNA-001755,SEQ-5AC91F5F63D7,1,4
RNA-001755,SEQ-89FADD6747FC,0,1
RNA-001756,SEQ-7B8941F5E146,1,7
RNA-001756,SEQ-EB3BF5D4FAB8,0,1
RNA-001757,SEQ-03597A43FFA9,1,8
RNA-001757,SEQ-6735C71B26F7,0,2
RNA-001758,SEQ-9FFABB0FC628,1,6
RNA-001759,SEQ-02BB757F7ED1,1,9
RNA-001760,SEQ-F37EB5990513,1,7
RNA-001761,SEQ-C33F83822C19,1,4
RNA-001761,SEQ-D9E7EF1714D5,0,2
RNA-001762,SEQ-A6097D1A0F7C,1,3
RNA-001763,SEQ-1C33B434C253,1,3
RNA-001764,SEQ-34AC9713AEE8,1,11
RNA-001765,SEQ-316B0E2E62CE,1,4
RNA-001765,SEQ-9FBB31DF140B,0,1
RNA-001766,SEQ-CE91D3D0A656,1,5
RNA-001766,SEQ-850A251CBF10,0,1
RNA-001767,SEQ-7934E3147375,1,4
RNA-001767,SEQ-B74BAB0DC995,0,1
RNA-001768,SEQ-C4E8202A882F,1,5
RNA-001769,SEQ-71EF38504C30,1,5
RNA-001770,SEQ-9C456EFE1E29,1,8
RNA-001770,SEQ-1EB72D21355D,0,1
RNA-001771,SEQ-9DF1A10940E1,1,5
RNA-001772,SEQ-0F0620E22BAC,1,4
RNA-001772,SEQ-8CEFB3B3DA71,0,1
RNA-001773,SEQ-3ECD6CD19A37,1,7
RNA-001774,SEQ-8A57C5488E39,1,5
RNA-001775,SEQ-00816D7B4511,1,5
RNA-001776,SEQ-9623062E718B,1,4
RNA-001777,SEQ-F2132A422A01,1,6
RNA-001778,SEQ-46610522A023,1,5
RNA-001779,SEQ-1F8AEF1DC5DD,1,3
RNA-001780,SEQ-277580364DD0,1,4
RNA-001780,SEQ-5BFD17B00EE6,0,2
RNA-001781,SEQ-4A5EDEE46135,1,7
RNA-001781,SEQ-26670DA8B03A,0,2
RNA-001782,SEQ-4BC75B267C5F,1,4
RNA-001783,SEQ-F27161AF9BFC,1,7
RNA-001784,SEQ-3842693A902C,1,9
RNA-001831,SEQ-F9C25D057D0F,1,5
RNA-001831,SEQ-06FDE3939969,0,4
RNA-001832,SEQ-A380A06CB9A8,1,4
RNA-001833,SEQ-173A522608FD,1,613
RNA-001835,SEQ-9068F91392F3,1,1
RNA-001836,SEQ-4937779DACEC,1,1
RNA-001837,SEQ-323DC67143B3,1,1
RNA-001838,SEQ-5AF744802D30,1,1
RNA-001839,SEQ-EB5261DC295F,1,1
RNA-001840,SEQ-DC1C1E5A2A47,1,1
RNA-001841,SEQ-22947DB18834,1,1
RNA-001842,SEQ-861745856DFB,1,1
RNA-001843,SEQ-0B92FEC42D19,1,1
RNA-001844,SEQ-57EA6441AD9C,1,1
RNA-001845,SEQ-A20CA7B25E47,1,1
RNA-001846,SEQ-859E15CC2EF2,1,1
RNA-001847,SEQ-658CD7984387,1,1
RNA-001850,SEQ-361E10509418,1,1
RNA-001851,SEQ-4D1F623C2ED1,1,1
RNA-001852,SEQ-53C23006F8A5,1,1
RNA-001853,SEQ-E970AFA08E87,1,1
RNA-001854,SEQ-74DD2C352ED0,1,1
RNA-001855,SEQ-649B546EA927,1,1
RNA-001856,SEQ-2BD849C292AD,1,1
RNA-001857,SEQ-F67A49E2BB2D,1,1
RNA-001858,SEQ-7F228175071B,1,1
RNA-001859,SEQ-097CC6B4D72D,1,1
RNA-001860,SEQ-93D303F1296F,1,1
RNA-001861,SEQ-8B4D15F90A12,1,1
RNA-001862,SEQ-9AA31A5946A0,1,1
RNA-001863,SEQ-92057B179FC7,1,1
RNA-001864,SEQ-567E7346C062,1,1
RNA-001865,SEQ-12481DAFDEF6,1,1
RNA-001866,SEQ-FE35B3911F47,1,1
RNA-001867,SEQ-F1611AA8CC43,1,1
RNA-001868,SEQ-22D588AC9174,1,1
RNA-001869,SEQ-E565510FDBDE,1,1
RNA-001870,SEQ-C9ED6F4E864F,1,1
RNA-001871,SEQ-A0BC88EE8354,1,1
RNA-001872,SEQ-D62064819AB4,1,1
RNA-001873,SEQ-9AB181EE6940,1,1
RNA-001874,SEQ-D57945B019CE,1,1
RNA-001875,SEQ-2EDCEC1FA203,1,1
RNA-001876,SEQ-644EE2339B1B,1,1
RNA-001877,SEQ-04AED897CA23,1,1
RNA-001878,SEQ-598EC7C14715,1,1
RNA-001879,SEQ-DF7BA948101E,1,1
RNA-001880,SEQ-F85BE1F44606,1,1
RNA-001881,SEQ-32A844D2EB73,1,1
RNA-001882,SEQ-F25546448632,1,1
RNA-001883,SEQ-474C9002CE72,1,1
RNA-001884,SEQ-62ECC8281EA6,1,1
RNA-001885,SEQ-3143B71B3BE7,1,1
RNA-001886,SEQ-DCA892B0B9BF,1,1
RNA-001887,SEQ-DAD5112107F5,1,1
RNA-001888,SEQ-4EF428650CBA,1,1
RNA-001889,SEQ-11FF4D897E04,1,1
RNA-001890,SEQ-22006928E4D5,1,1
RNA-001891,SEQ-6293183C1245,1,1
RNA-001892,SEQ-EC7A7392FE47,1,1
RNA-001893,SEQ-54098D6E7B18,1,1
RNA-001894,SEQ-EABEFC43C777,1,1
RNA-001895,SEQ-F145A29A0941,1,1
RNA-001896,SEQ-CA05111DF1FE,1,1
RNA-001897,SEQ-D5AA059A23FF,1,1
RNA-001898,SEQ-415D35EB4420,1,1
RNA-001899,SEQ-862A2344E004,1,1
RNA-001900,SEQ-D1B1AE7395F6,1,1
RNA-001901,SEQ-0ADCD4AD6FA6,1,1
RNA-001902,SEQ-04D9BDF70FAC,1,1
RNA-001903,SEQ-E6DB3B9D6626,1,1
RNA-001904,SEQ-140FD17C7E38,1,1
RNA-001905,SEQ-54886DDD383F,1,1
RNA-001906,SEQ-AC27B862C9F4,1,1
RNA-001907,SEQ-E0B6B3850EEC,1,1
RNA-001908,SEQ-5ECC59765D8D,1,1
RNA-001909,SEQ-A1A30B7B6E5F,1,1
RNA-001910,SEQ-B9FC581F70B8,1,1
RNA-001911,SEQ-BC04B16C6472,1,1
RNA-001912,SEQ-E7F9BD412586,1,1
RNA-001913,SEQ-F386653D7965,1,1
RNA-001914,SEQ-AA6DB5F9DAF1,1,1
RNA-001915,SEQ-AA7D901D1E41,1,1
RNA-001916,SEQ-4F6D57A5D6C5,1,1
RNA-001917,SEQ-18B5290D9CF6,1,1
RNA-001918,SEQ-7F6D8E5A69CA,1,1
RNA-001919,SEQ-40CD35504D3B,1,1
RNA-001920,SEQ-CCD6C196ECED,1,1
RNA-001921,SEQ-3B6820E5EB93,1,1
RNA-001922,SEQ-1FEB32C45B02,1,1
RNA-001923,SEQ-B7DD8DC5A551,1,1
RNA-001924,SEQ-61DEC3F58DB4,1,1
RNA-001925,SEQ-0B521D086A69,1,1
RNA-001926,SEQ-844CC172009F,1,1
RNA-001927,SEQ-EE21AE6BADFF,1,1
RNA-001928,SEQ-C5F7B1560CC7,1,1
RNA-001929,SEQ-A64AB073CA01,1,1
RNA-001930,SEQ-D328E8D9E42F,1,1
RNA-001931,SEQ-61515FA7D7C9,1,1
RNA-001932,SEQ-4008BA865729,1,1
RNA-001933,SEQ-B1EF772344A1,1,1
RNA-001934,SEQ-CFE1C25E08DF,1,1
RNA-001935,SEQ-8B114E6F768A,1,1
RNA-001936,SEQ-4BC8C65EB77D,1,1
RNA-001937,SEQ-966D46C03599,1,1
RNA-001938,SEQ-43DFAF4108DA,1,1
RNA-001939,SEQ-5F8434E6A48F,1,1
RNA-001940,SEQ-78F71BA53E5A,1,1
RNA-001941,SEQ-0028A102015F,1,1
RNA-001942,SEQ-8AB9512804B5,1,1
RNA-001943,SEQ-AD8FD70C8706,1,1
RNA-001944,SEQ-667C4241D17C,1,1
RNA-001945,SEQ-D5BF0407493F,1,1
RNA-001946,SEQ-BD13A1660609,1,1
RNA-001947,SEQ-0D96F5593DCD,1,1
RNA-001948,SEQ-47231307A5ED,1,1
RNA-001949,SEQ-0374DED75649,1,1
RNA-001950,SEQ-C87B109D7DDF,1,1
RNA-001951,SEQ-F51CB9A157B0,1,1
RNA-001952,SEQ-271D68904D50,1,1
RNA-001953,SEQ-CAE384B9CB2A,1,1
RNA-001954,SEQ-FFE214023A2A,1,1
RNA-001955,SEQ-A07FB0D8567B,1,1
RNA-001956,SEQ-D7920A047A29,1,1
RNA-001957,SEQ-01C55089321F,1,1
RNA-001958,SEQ-659E22153F7A,1,1
RNA-001959,SEQ-6F2BB09719A3,1,1
RNA-001960,SEQ-5B4A6FA424AB,1,1
RNA-001961,SEQ-F614575FC43E,1,1
RNA-001962,SEQ-D22AC8891512,1,1
RNA-001963,SEQ-7E24B9CA7708,1,1
RNA-001964,SEQ-99AD94FC4FC5,1,1
RNA-001965,SEQ-83908CF041BD,1,1
RNA-001966,SEQ-6B8F531B1739,1,1
RNA-001967,SEQ-4386DB31B728,1,1
RNA-001968,SEQ-D1D3C0841124,1,1
RNA-001969,SEQ-A14178BAE4E6,1,1
RNA-001970,SEQ-76FFEADFD080,1,1
RNA-001971,SEQ-0027F9C172B8,1,1
RNA-001972,SEQ-28E9D8B71C99,1,1
RNA-001973,SEQ-75C2B5A1430E,1,1
RNA-001974,SEQ-F939045AD3B7,1,1
RNA-001975,SEQ-D9BF601628AF,1,1
RNA-001976,SEQ-84EBCAD604BA,1,1
RNA-001977,SEQ-33CB4218B4B2,1,1
RNA-001978,SEQ-530AA282550A,1,1
RNA-001979,SEQ-E5B507BA49A9,1,1
RNA-001980,SEQ-E7DDD040E508,1,1
RNA-001981,SEQ-C71CB77121F9,1,1
RNA-001982,SEQ-366D0E0AC256,1,1
RNA-001984,SEQ-5CBBDDEFE2BB,1,1
RNA-001985,SEQ-52C95FE88069,1,1
RNA-001986,SEQ-7BCB0296B304,1,1
RNA-001987,SEQ-4FE84EB76CF4,1,1
RNA-001988,SEQ-A8564430AEEE,1,1
RNA-001989,SEQ-D7AEA61478A3,1,1
RNA-001990,SEQ-82E5BC9D7E28,1,1
RNA-001991,SEQ-1379FAD7404F,1,1
RNA-001992,SEQ-32405AB2F367,1,1
RNA-001993,SEQ-537564300E5E,1,1
RNA-001994,SEQ-2115639BF32A,1,1
RNA-001995,SEQ-167E42719360,1,1
RNA-001996,SEQ-D4AF354536B6,1,1
RNA-001997,SEQ-239CEFB2BDF8,1,1
RNA-001998,SEQ-8600BBD99A7F,1,1
RNA-001999,SEQ-7FCA7F2C62EF,1,1
RNA-002000,SEQ-7C0A429F6452,1,1
RNA-002001,SEQ-96139E96F4E7,1,1
RNA-002002,SEQ-2DD6E5401257,1,1
RNA-002003,SEQ-F2E0E08B90C2,1,1
RNA-002004,SEQ-4781E4166877,1,1
RNA-002005,SEQ-4CE6360AF670,1,1
RNA-002006,SEQ-001CE1F4D2BA,1,1
RNA-002007,SEQ-A25586ACC8A1,1,1
RNA-002008,SEQ-781DE6E7DD72,1,1
RNA-002009,SEQ-A06491ECF586,1,1
RNA-002010,SEQ-C57B137B6DD6,1,1
RNA-002011,SEQ-986DA8E131E1,1,1
RNA-002012,SEQ-986DA8E131E1,1,1
RNA-002013,SEQ-E35FC68BEC61,1,1
RNA-002014,SEQ-4A77E64829C8,1,1
RNA-002016,SEQ-70BFF82FCC24,1,1
RNA-002017,SEQ-22C18E8F00EB,1,1
RNA-002018,SEQ-44A0B281E077,1,1
RNA-002019,SEQ-44A0B281E077,1,1
RNA-002020,SEQ-40963DF8E20A,1,1
RNA-002021,SEQ-25BB37E338C2,1,1
RNA-002022,SEQ-FD1468CC85C7,1,1
RNA-002023,SEQ-1FABA56B0E86,1,1
RNA-002024,SEQ-EDBCE92BC6B2,1,1
RNA-002026,SEQ-4C0793AF3CF5,1,1
RNA-002028,SEQ-FF31E29355D3,1,1
RNA-002029,SEQ-71757C8E070B,1,1
RNA-002030,SEQ-954AE81018FB,1,1
RNA-002031,SEQ-136F4AE4C0CF,1,1
RNA-002032,SEQ-136F4AE4C0CF,1,1
RNA-002033,SEQ-82AB45FFDB4C,1,1
RNA-002034,SEQ-B7E66655050F,1,1
RNA-002035,SEQ-5B62DF8510F4,1,1
RNA-002036,SEQ-4A215DAD117F,1,1
RNA-002037,SEQ-AD5B0889B8DE,1,1
RNA-002038,SEQ-84FF3742EF56,1,1
RNA-002039,SEQ-3CE9E7F7290B,1,1
RNA-002040,SEQ-6D0C1F21156C,1,1
RNA-002041,SEQ-6E4E3E06B495,1,1
RNA-002042,SEQ-31C4364129A2,1,1
RNA-002043,SEQ-B3DC8EA2F202,1,1
RNA-002044,SEQ-B1DC60EA054A,1,1
RNA-002045,SEQ-9EE9C169C503,1,1
RNA-002046,SEQ-CF3D1FB87D5E,1,1
RNA-002047,SEQ-74A46BDD09F6,1,1
RNA-002048,SEQ-E1B282BC1866,1,1
RNA-002049,SEQ-679815A26A0E,1,1
RNA-002050,SEQ-0F89773E784A,1,1
RNA-002051,SEQ-B131CE4996FD,1,1
RNA-002052,SEQ-EE653FE2886A,1,1
RNA-002053,SEQ-758BAC3229DF,1,1
RNA-002054,SEQ-896A5395224B,1,1
RNA-002055,SEQ-EC2F68CE014A,1,1
RNA-002056,SEQ-617039B5AA61,1,1
RNA-002057,SEQ-553A6DAE5021,1,1
RNA-002058,SEQ-C6BCFBD3A942,1,1
RNA-002059,SEQ-A8648C17E6E5,1,1
RNA-002060,SEQ-A232481D6470,1,1
RNA-002061,SEQ-4AAF33A3D10F,1,1
RNA-002062,SEQ-BBE96C205F8D,1,1
RNA-002063,SEQ-73C7D4C55828,1,1
RNA-002064,SEQ-CEF77D681802,1,1
RNA-002066,SEQ-DA4937BEC69A,1,1
RNA-002067,SEQ-A2505BC3A775,1,1
RNA-002068,SEQ-8978A8CCB028,1,1
RNA-002069,SEQ-2B294DE15B3E,1,1
RNA-002070,SEQ-D5BB5D58D747,1,1
RNA-002071,SEQ-8C14776A6CD4,1,1
RNA-002072,SEQ-DE6D27832DE8,1,1
RNA-002073,SEQ-F568022EF0FC,1,1
RNA-002074,SEQ-49979B764EE9,1,1
RNA-002075,SEQ-8116A5E9FA0D,1,1
RNA-002076,SEQ-333FFE858A2B,1,1
RNA-002077,SEQ-2EEFAF7A72EB,1,1
RNA-002078,SEQ-FE47E26A1FC4,1,1
RNA-002079,SEQ-2532C6F35744,1,1
RNA-002080,SEQ-55CCC5CC49FE,1,1
RNA-002081,SEQ-1C55ECF80FD0,1,1
RNA-002082,SEQ-C702806B2CE4,1,1
RNA-002083,SEQ-7354F33F9C23,1,1
RNA-002084,SEQ-0B1C96ED8BF0,1,1
RNA-002085,SEQ-1ED58459607D,1,1
RNA-002086,SEQ-3BFC5CFF817A,1,1
RNA-002087,SEQ-D391D1FF258D,1,1
RNA-002088,SEQ-2064BA27191F,1,1
RNA-002089,SEQ-BF4CB60B1910,1,1
RNA-002090,SEQ-45FCF7A891F1,1,1
RNA-002091,SEQ-EDABFE2BEFC5,1,1
RNA-002092,SEQ-FEC032188ABC,1,1
RNA-002093,SEQ-18E1AF74D9DD,1,1
RNA-002094,SEQ-33228EDD91BC,1,1
RNA-002095,SEQ-4EA367131C78,1,1
RNA-002096,SEQ-93F35422E717,1,1
RNA-002097,SEQ-10C2B0A68904,1,1
RNA-002098,SEQ-1F3CAF4DB231,1,1
RNA-002099,SEQ-0F74AE3B13D9,1,1
RNA-002100,SEQ-C50FA79A8F3C,1,1
RNA-002101,SEQ-5F6A02270C26,1,1
RNA-002102,SEQ-29904D1C29E9,1,1
RNA-002103,SEQ-9DC969089AF4,1,1
RNA-002104,SEQ-E13AF4CF2ACA,1,1
RNA-002105,SEQ-BF4DE7B3F4F6,1,1
RNA-002106,SEQ-29AE8B78BB75,1,1
RNA-002107,SEQ-AC041731A58A,1,1
RNA-002108,SEQ-E9DDC815BCC3,1,1
RNA-002109,SEQ-449327789FD9,1,1
RNA-002110,SEQ-9C433F818DE6,1,1
RNA-002111,SEQ-8D9B374BFC30,1,1
RNA-002112,SEQ-601FD799C53E,1,1
RNA-002113,SEQ-C5B306483235,1,1
RNA-002115,SEQ-5DA6B5F3FCCF,1,1
RNA-002116,SEQ-C2856D35CAB1,1,1
RNA-002117,SEQ-1A835366CAC4,1,1
RNA-002118,SEQ-C6EC9A3F8A9B,1,1
RNA-002119,SEQ-686E6EFE105A,1,1
RNA-002120,SEQ-D7AD386383DC,1,1
RNA-002121,SEQ-DA54B8260748,1,1
RNA-002122,SEQ-8E28B2720953,1,1
RNA-002123,SEQ-BAF3E5B67A95,1,1
RNA-002124,SEQ-A4F8E9BEFDC2,1,1
RNA-002125,SEQ-D70EF81CD958,1,1
RNA-002126,SEQ-B83189E7F07D,1,1
RNA-002127,SEQ-593C663EB21B,1,1
RNA-002128,SEQ-23B14E137C23,1,1
RNA-002129,SEQ-30527F3EA09C,1,1
RNA-002130,SEQ-021567B37C83,1,1
RNA-002131,SEQ-9B308A9F76EF,1,1
RNA-002132,SEQ-569005371683,1,1
RNA-002133,SEQ-BCEBA9A43861,1,1
RNA-002134,SEQ-23ECDB3DDB5A,1,1
RNA-002135,SEQ-E61DF3DB20DA,1,1
RNA-002136,SEQ-21D861D0363F,1,1
RNA-002137,SEQ-1B806B110F8D,1,1
RNA-002138,SEQ-16C334792891,1,1
RNA-002139,SEQ-633A9F0B527A,1,1
RNA-002140,SEQ-DE6E96906AB2,1,1
RNA-002141,SEQ-580931C89532,1,1
RNA-002142,SEQ-9DBC9B4CB1DF,1,1
RNA-002143,SEQ-2CCEFD76C314,1,1
RNA-002144,SEQ-DB4F819FC9BC,1,1
RNA-002145,SEQ-EB5B1F3DEECD,1,1
RNA-002146,SEQ-CD6C8E248936,1,1
RNA-002147,SEQ-27A691EA8CF8,1,1
RNA-002148,SEQ-215C71156BD6,1,1
RNA-002149,SEQ-30EA0E0BD9CC,1,1
RNA-002150,SEQ-EB5B1F3DEECD,1,1
RNA-002151,SEQ-EB5B1F3DEECD,1,1
RNA-002152,SEQ-2A472AE000B9,1,1
RNA-002153,SEQ-EB5B1F3DEECD,1,1
RNA-002154,SEQ-EB5B1F3DEECD,1,1
RNA-002155,SEQ-7E78B5EF10BA,1,1
RNA-002156,SEQ-EB5B1F3DEECD,1,1
RNA-002157,SEQ-220ACBA4B202,1,1
RNA-002158,SEQ-42E9AE1A4F8A,1,1
RNA-002159,SEQ-4342FEB2EE22,1,1
RNA-002160,SEQ-C562100BF3F3,1,1
RNA-002161,SEQ-65CA68219057,1,1
RNA-002162,SEQ-046AEB878A05,1,1
RNA-002163,SEQ-CFCC634E0ECD,1,1
RNA-002164,SEQ-B08B8214BB49,1,1
RNA-002165,SEQ-C424D8C19064,1,1
RNA-002166,SEQ-5EC738B81E58,1,1
RNA-002167,SEQ-E35A221CF603,1,1
RNA-002168,SEQ-803A890193A2,1,1
RNA-002169,SEQ-612A4F4541EC,1,1
RNA-002170,SEQ-3B9820F67CFF,1,1
RNA-002171,SEQ-D222F0D4B82A,1,1
RNA-002172,SEQ-38E737E67BE9,1,1
RNA-002173,SEQ-42F606A05ED6,1,1
RNA-002174,SEQ-AC789CBF3511,1,1
RNA-002175,SEQ-610063327217,1,1
RNA-002176,SEQ-5797B56D645A,1,1
RNA-002177,SEQ-976A1F94D28F,1,1
RNA-002178,SEQ-9DEED414FC59,1,1
RNA-002179,SEQ-652119CAF2AA,1,1
RNA-002180,SEQ-6F87DB19FD2F,1,1
RNA-002181,SEQ-F67B87275610,1,1
RNA-002182,SEQ-67AA423D9D2C,1,1
RNA-002183,SEQ-B967AAD50C55,1,1
RNA-002184,SEQ-2EF27BB276C4,1,1
RNA-002185,SEQ-4403302ACCCF,1,1
RNA-002186,SEQ-73FC64119BC0,1,1
RNA-002187,SEQ-9642273A78E7,1,1
RNA-002188,SEQ-3F1FA91FC091,1,1
RNA-002189,SEQ-8495B8DDB44D,1,1
RNA-002190,SEQ-36B5C497F3AE,1,1
RNA-002191,SEQ-05658A1CEA46,1,1
RNA-002192,SEQ-0A59B3AA778B,1,1
RNA-002193,SEQ-EFAFC152B2C1,1,1
RNA-002194,SEQ-B9F345B54222,1,1
RNA-002195,SEQ-A31E5D5D7F3C,1,1
RNA-002196,SEQ-A37B4BBC847C,1,1
RNA-002197,SEQ-B193C14ADEDF,1,1
RNA-002198,SEQ-B11DBC86698C,1,1
RNA-002199,SEQ-0A6C0B30B760,1,1
RNA-002200,SEQ-3AC20F70F738,1,1
RNA-002201,SEQ-EEB87E9B7206,1,1
RNA-002202,SEQ-FE9C47283218,1,1
RNA-002203,SEQ-251463D26BD0,1,1
RNA-002204,SEQ-685F1A2AEDB1,1,1
RNA-002205,SEQ-DBF0BD0243F1,1,1
RNA-002206,SEQ-FF9D1A09713A,1,1
RNA-002207,SEQ-3A3CA35F9CB3,1,1
RNA-002208,SEQ-EAB71C377B32,1,1
RNA-002209,SEQ-F8A327235DA4,1,1
RNA-002210,SEQ-AD6891B9876F,1,1
RNA-002211,SEQ-A45A97AF3017,1,1
RNA-002212,SEQ-2D9F88EAADE7,1,1
RNA-002213,SEQ-197FA3C4B203,1,1
RNA-002214,SEQ-BC93EB4A7C61,1,1
RNA-002215,SEQ-DEEB83277B5F,1,1
RNA-002216,SEQ-F1945F641CC5,1,1
RNA-002217,SEQ-DF19F79BEA3F,1,1
RNA-002218,SEQ-B6ABA91000C8,1,1
RNA-002219,SEQ-34A8729D5AF6,1,1
RNA-002220,SEQ-E4C81E974DCB,1,1
RNA-002221,SEQ-59911565B930,1,1
RNA-002222,SEQ-99B8E5A1351D,1,1
RNA-002223,SEQ-3C311B432890,1,1
RNA-002224,SEQ-9930F35EDA42,1,1
RNA-002225,SEQ-840A9E56A58B,1,1
RNA-002226,SEQ-B211A43E3435,1,1
RNA-002227,SEQ-A0F6002A9F24,1,1
RNA-002229,SEQ-B79CBB3EB40E,1,1
RNA-002231,SEQ-4FC55B6EFCBA,1,1
RNA-002234,SEQ-FD02D73CDAEF,1,1
RNA-002235,SEQ-5023384E3743,1,1
RNA-002236,SEQ-98E0D90DEA88,1,1
RNA-002237,SEQ-04CCB27C201E,1,1
RNA-002238,SEQ-831FC3781090,1,1
RNA-002239,SEQ-C3CD4FD48849,1,1
RNA-002240,SEQ-A9BADA4800BB,1,1
RNA-002241,SEQ-108B8A4A3C7F,1,1
RNA-002242,SEQ-DF3B985662FA,1,1
RNA-002243,SEQ-E81F63252031,1,1
RNA-002244,SEQ-AC7E13982659,1,1
RNA-002245,SEQ-EDF671640BC8,1,1
RNA-002246,SEQ-B66C9B7FDF08,1,1
RNA-002247,SEQ-75552E26A378,1,1
RNA-002248,SEQ-5CF9AF5B8376,1,1
RNA-002249,SEQ-6CBF1AF73593,1,1
RNA-002250,SEQ-354340EDE47F,1,1
RNA-002251,SEQ-9B02119CB18F,1,1
RNA-002253,SEQ-1D2BCA3F3BF8,1,1
RNA-002254,SEQ-943143C2F408,1,1
RNA-002255,SEQ-530584D62A1B,1,1
RNA-002256,SEQ-A766C18FC9FF,1,1
RNA-002257,SEQ-B1183E464C0A,1,1
RNA-002258,SEQ-D420385C67F9,1,1
RNA-002259,SEQ-46BA0A037E39,1,1
RNA-002260,SEQ-7FD3AE6895F8,1,1
RNA-002261,SEQ-483808484245,1,1
RNA-002262,SEQ-9B989B916C69,1,1
RNA-002263,SEQ-389FFEBB3CE0,1,1
RNA-002264,SEQ-8C70D3804CD7,1,1
RNA-002265,SEQ-5BBD60661104,1,1
RNA-002266,SEQ-5599D5A3ECBE,1,1
RNA-002267,SEQ-8316AED7B3EA,1,1
RNA-002268,SEQ-1CF5BF85D22F,1,1
RNA-002269,SEQ-8E1380B637F9,1,1
RNA-002270,SEQ-A16B3D813C88,1,1
RNA-002271,SEQ-2CB584132D08,1,1
RNA-002272,SEQ-19A7D3E6A8D2,1,1
RNA-002273,SEQ-94C1EF4D33B9,1,1
RNA-002274,SEQ-75618F517F78,1,1
RNA-002275,SEQ-F8AED0C80001,1,1
RNA-002277,SEQ-8F18758F5A5F,1,1
RNA-002278,SEQ-5B34B950B948,1,1
RNA-002279,SEQ-C52EC38A4804,1,1
RNA-002280,SEQ-64A5228C919B,1,1
RNA-002281,SEQ-867603917AAB,1,1
RNA-002282,SEQ-8A8C0CEF1A9A,1,1
RNA-002283,SEQ-72F8D8D4E9B3,1,1
RNA-002284,SEQ-DD38D219DE4B,1,1
RNA-002285,SEQ-148A6CF9EA9C,1,1
RNA-002286,SEQ-A362472926E4,1,1
RNA-002290,SEQ-737BC6C4776A,1,1
RNA-002291,SEQ-15A42876150E,1,1
RNA-002292,SEQ-98069D43F2FB,1,1
RNA-002293,SEQ-263E876396D1,1,1
RNA-002294,SEQ-7B6B45AD8FDF,1,1
RNA-002295,SEQ-37597CCB12E0,1,1
RNA-002296,SEQ-CC13267DAED7,1,1
RNA-002297,SEQ-041F0E7769F5,1,1
RNA-002298,SEQ-64580DCAA177,1,1
RNA-002299,SEQ-49268A11F6D2,1,1
RNA-002300,SEQ-58BE569B9DB0,1,1
RNA-002301,SEQ-3B02100C00D4,1,1
RNA-002302,SEQ-F2E7BB1ACA3B,1,1
RNA-002303,SEQ-ED857E93DB8C,1,1
RNA-002304,SEQ-AC8AC2635D50,1,1
RNA-002305,SEQ-76CAE808B6A5,1,1
RNA-002306,SEQ-619B78A49143,1,1
RNA-002307,SEQ-8006131EFD1F,1,1
RNA-002308,SEQ-5C7C1C168EAB,1,1
RNA-002309,SEQ-25EC10F91E23,1,1
RNA-002310,SEQ-DD82357C8C2C,1,1
RNA-002311,SEQ-4BEF49AB6E33,1,1
RNA-002312,SEQ-C0D337F29DA9,1,1
RNA-002313,SEQ-25E9C9C36A4B,1,1
RNA-002314,SEQ-9F8614088C3E,1,1
RNA-002315,SEQ-B7C0644125C6,1,1
RNA-002316,SEQ-3013EED46131,1,1
RNA-002317,SEQ-F1499BE3365F,1,1
RNA-002318,SEQ-3E1B6AE4BD93,1,1
RNA-002319,SEQ-A021C85A54CF,1,1
RNA-002320,SEQ-515C1DDBBC04,1,1
RNA-002321,SEQ-756C1C5737EB,1,1
RNA-002322,SEQ-A5D740D1E193,1,1
RNA-002323,SEQ-6437F5D95696,1,1
RNA-002324,SEQ-AD999A9FA14C,1,1
RNA-002325,SEQ-AAF82B6C09ED,1,1
RNA-002326,SEQ-4B807BA6A1D6,1,1
RNA-002327,SEQ-3F0C28FC70CC,1,1
RNA-002328,SEQ-C23408A46D58,1,1
RNA-002329,SEQ-B688C699F0BA,1,1
RNA-002330,SEQ-F30045A00269,1,1
RNA-002331,SEQ-D1F80A7EB0AB,1,1
RNA-002332,SEQ-B05CC0002AC4,1,1
RNA-002333,SEQ-08408978E8D5,1,1
RNA-002334,SEQ-6F282D46D1E6,1,1
RNA-002335,SEQ-C2B38C0E7C5B,1,1
RNA-002336,SEQ-9C4FA4F65E1D,1,1
RNA-002337,SEQ-59ABD1E9BCF7,1,1
RNA-002338,SEQ-1A589E689372,1,1
RNA-002339,SEQ-3FEF61E6C7FB,1,1
RNA-002340,SEQ-0F2F9B490585,1,1
RNA-002341,SEQ-D88CBA9F011A,1,1
RNA-002342,SEQ-79CB31C522EC,1,1
RNA-002343,SEQ-E851C3C7E85D,1,1
RNA-002344,SEQ-6DFD8A83AF00,1,1
RNA-002345,SEQ-5BCC5DF8BC70,1,1
RNA-002346,SEQ-A6A4D8E47DFA,1,1
RNA-002347,SEQ-52BEFB4B6CA7,1,1
RNA-002348,SEQ-F3AFE46D121E,1,1
RNA-002349,SEQ-A144C485B941,1,1
RNA-002350,SEQ-0C6DCA2A256C,1,1
RNA-002351,SEQ-870CEAE18735,1,1
RNA-002352,SEQ-D6EBD7EEDEC2,1,1
RNA-002353,SEQ-64B0D933DA71,1,1
RNA-002354,SEQ-4C2C7BCE6830,1,1
RNA-002355,SEQ-916478A685A3,1,1
RNA-002356,SEQ-350C66511B60,1,1
RNA-002357,SEQ-EE84002B67DE,1,1
RNA-002358,SEQ-BFF600FC0DF5,1,1
RNA-002359,SEQ-F54A7DC7E86F,1,1
RNA-002360,SEQ-E0180B893425,1,1
RNA-002361,SEQ-D7285F7BD288,1,1
RNA-002362,SEQ-063CB1BEE946,1,1
RNA-002363,SEQ-C43A19714274,1,1
RNA-002364,SEQ-D933C4652FA3,1,1
RNA-002365,SEQ-484757B5AD28,1,1
RNA-002366,SEQ-D78234B5276C,1,1
RNA-002367,SEQ-F65911BF35C6,1,1
RNA-002368,SEQ-65E414E38E60,1,1
RNA-002369,SEQ-33A3342EB184,1,1
RNA-002370,SEQ-0182F81B611C,1,1
RNA-002371,SEQ-53505FDFBE5F,1,1
RNA-002372,SEQ-247C293C1C16,1,1
RNA-002373,SEQ-5AEAB3BE79FA,1,1
RNA-002374,SEQ-C9E9A99CADD8,1,1
RNA-002376,SEQ-4FC11CB5B120,1,1
RNA-002377,SEQ-A439C6C1EC77,1,1
RNA-002378,SEQ-F552AF2E1937,1,1
RNA-002379,SEQ-76942E084B4F,1,1
RNA-002380,SEQ-CE95D9C304FE,1,1
RNA-002381,SEQ-F99C8662F463,1,1
RNA-002382,SEQ-E25FF5061A54,1,1
RNA-002383,SEQ-7FF8E19739D7,1,1
RNA-002384,SEQ-FC7A5C8A4ED5,1,1
RNA-002385,SEQ-32250F4867C3,1,1
RNA-002386,SEQ-09D225E8AE22,1,1
RNA-002387,SEQ-93B6A802FC5E,1,1
RNA-002388,SEQ-43EA789D375A,1,1
RNA-002389,SEQ-AD5E898CB2D4,1,1
RNA-002390,SEQ-FBF40ABBB20B,1,1
RNA-002391,SEQ-1C0BB13F2A96,1,1
RNA-002392,SEQ-8402445AA2F6,1,1
RNA-002393,SEQ-CA2290A950C4,1,1
RNA-002394,SEQ-48D2254196B4,1,1
RNA-002395,SEQ-F43945F64730,1,1
RNA-002396,SEQ-E12A48303E2A,1,1
RNA-002397,SEQ-BC2B62571BC9,1,1
RNA-002398,SEQ-B77C3472A568,1,1
RNA-002399,SEQ-13A0CA88D4E8,1,1
RNA-002400,SEQ-479441C48D71,1,1
RNA-002401,SEQ-C98E7FF9220D,1,1
RNA-002402,SEQ-368EC6260D0D,1,1
RNA-002403,SEQ-BD4D38E860B2,1,1
RNA-002404,SEQ-90936D261BE0,1,1
RNA-002405,SEQ-105B0692981E,1,1
RNA-002406,SEQ-95DC583E592F,1,1
RNA-002407,SEQ-78398F1F4908,1,1
RNA-002408,SEQ-A6874471EC07,1,1
RNA-002409,SEQ-13C67DB2EB3E,1,1
RNA-002410,SEQ-327CB99B83B5,1,1
RNA-002411,SEQ-B9A4D4F3E40A,1,1
RNA-002412,SEQ-02DF345227FF,1,1
RNA-002413,SEQ-9736676EA3CA,1,1
RNA-002414,SEQ-442974C83A0E,1,1
RNA-002415,SEQ-480DC7F484F6,1,1
RNA-002416,SEQ-8BFBB0AE1F2B,1,1
RNA-002417,SEQ-5023A210A808,1,1
RNA-002418,SEQ-4281EB6F1D3A,1,1
RNA-002419,SEQ-535EA994E0DF,1,1
RNA-002420,SEQ-B6013EE4CDD6,1,1
RNA-002421,SEQ-DFB58CE56348,1,1
RNA-002422,SEQ-5A4D537A6037,1,1
RNA-002423,SEQ-2BD41719822A,1,1
RNA-002424,SEQ-B94F011BF7E5,1,1
RNA-002425,SEQ-CC0902B119CA,1,1
RNA-002426,SEQ-C49329BE7CB9,1,1
RNA-002427,SEQ-02CFBF6210E4,1,1
RNA-002428,SEQ-4B799DAA5F0C,1,1
RNA-002429,SEQ-23273C5EA090,1,1
RNA-002430,SEQ-82C4F8F0C5B6,1,1
RNA-002431,SEQ-1306C3F0B0FC,1,1
RNA-002432,SEQ-8FFC0ADCB564,1,1
RNA-002433,SEQ-FC9BFD0E2E8C,1,1
RNA-002434,SEQ-FB74356C9BD3,1,1
RNA-002435,SEQ-EEA395878451,1,1
RNA-002436,SEQ-32470D047D4D,1,1
RNA-002437,SEQ-0FA3E40E772B,1,1
RNA-002438,SEQ-5C7BB17CC1FE,1,1
RNA-002439,SEQ-87FC602FCBE8,1,1
RNA-002440,SEQ-1E6170007DC9,1,1
RNA-002441,SEQ-394728E70D54,1,1
RNA-002442,SEQ-5F03C1396734,1,1
RNA-002443,SEQ-8DBE5595F660,1,11
RNA-002445,SEQ-5322232CA48B,1,1
RNA-002447,SEQ-FF2476EF9465,1,2
RNA-002457,SEQ-070951D7C597,1,34
RNA-002492,SEQ-CD41D7942FE2,1,39
RNA-002524,SEQ-5A56CA132AD5,1,2
RNA-002526,SEQ-53487A2542CE,1,1
RNA-002527,SEQ-3D1F6AB3C20D,1,1
RNA-002528,SEQ-AC4B39208085,1,12
RNA-002529,SEQ-C53CA21143CD,1,1
RNA-002530,SEQ-CC44E2F8DE21,1,8
RNA-002531,SEQ-9C7D57C727A5,1,1
RNA-002532,SEQ-C873DD1C348C,1,1
RNA-002533,SEQ-4AF152411492,1,1
RNA-001834,SEQ-E19847960F3F,1,1
RNA-002534,SEQ-6B41FBFA17B8,1,1
RNA-002535,SEQ-CA95A7077BB0,1,1
RNA-002540,SEQ-B7DB110868F4,1,1
RNA-002541,SEQ-B7DB110868F4,1,1
RNA-002543,SEQ-B7DB110868F4,1,1
RNA-002545,SEQ-A3173A95AB62,1,12
RNA-002558,SEQ-CF1C99E47373,1,4
RNA-002558,SEQ-BF8C439B0BFA,0,1
RNA-002559,SEQ-DBF737186E8E,1,5
RNA-002560,SEQ-628E47354A79,1,5
RNA-002561,SEQ-825A51347CD3,1,6
RNA-002562,SEQ-FD82BAA52932,1,6
RNA-002563,SEQ-2689C075AA4C,1,5
RNA-002563,SEQ-B4290D8AFE47,0,2
RNA-002564,SEQ-B5301A714B89,1,4
RNA-002565,SEQ-B73FD3893770,1,4
RNA-002566,SEQ-88A90D6529C0,1,4
RNA-002567,SEQ-0B919F5F7EBB,1,5
RNA-002568,SEQ-04D93F4EC4E4,1,7
RNA-002569,SEQ-F3FD86C6C39C,1,7
RNA-002570,SEQ-C654036EDF2F,1,6
RNA-002570,SEQ-6CBEC5D43A10,0,1
RNA-002571,SEQ-85BD55ED5A7B,1,7
RNA-002572,SEQ-71BEBA94B7C9,1,5
RNA-002573,SEQ-AA1E5A12A518,1,5
RNA-002573,SEQ-E8B28B9EEA3F,0,4
RNA-002574,SEQ-12621CE549F3,1,4
RNA-002575,SEQ-1563A1607EDD,1,6
RNA-002575,SEQ-5EC715638125,0,2
RNA-002576,SEQ-392A8AA7F53C,1,4
RNA-002577,SEQ-166B1B95C6A1,1,6
RNA-002577,SEQ-1D8FB7AC3672,0,1
RNA-002578,SEQ-E0521891FB41,1,3
RNA-002579,SEQ-925BD3F9E276,1,8
RNA-002580,SEQ-8B7A87D38637,1,7
RNA-002581,SEQ-C048486B2594,1,5
RNA-002582,SEQ-544872C7375D,1,10
RNA-002583,SEQ-D81179E5410E,1,2
RNA-002583,SEQ-84397E5B1643,0,1
RNA-002584,SEQ-4AA78E11BE35,1,3
RNA-002584,SEQ-5954D33DACE6,0,1
RNA-002585,SEQ-D4BE8E357E75,1,7
RNA-002585,SEQ-CDDCE561EE77,0,1
RNA-002585,SEQ-F50796D0E06B,0,1
RNA-002586,SEQ-47AF2419A0AC,1,6
RNA-002587,SEQ-8608F674763A,1,5
RNA-002588,SEQ-E1D4D50245DA,1,4
RNA-002589,SEQ-BA9612BABC0D,1,6
RNA-002590,SEQ-38FE46F18BE2,1,4
RNA-002591,SEQ-F0A4E22B5A05,1,6
RNA-002592,SEQ-E154DB364DBF,1,3
RNA-002593,SEQ-2C0AD20AD1A3,1,6
RNA-002593,SEQ-16AF629DDB89,0,2
RNA-002593,SEQ-50614EA97AB1,0,1
RNA-002594,SEQ-E775F0D07C7E,1,4
RNA-002595,SEQ-ED587EEBD848,1,3
RNA-002595,SEQ-40F7B54999FD,0,3
RNA-002596,SEQ-D48088BBF6C0,1,4
RNA-002596,SEQ-46BBEF1DFF67,0,2
RNA-002597,SEQ-F4B5598C0D44,1,4
RNA-002597,SEQ-C2FF02F2710A,0,1
RNA-002598,SEQ-00A18D82AFFF,1,6
RNA-002599,SEQ-E837814BAA19,1,2
RNA-002599,SEQ-33C1E101B48D,0,1
RNA-002600,SEQ-B9CFB19DB715,1,4
RNA-002601,SEQ-71D36A91DB24,1,5
RNA-002602,SEQ-D4686D032BB9,1,5
RNA-002603,SEQ-36801EA715B5,1,3
RNA-002604,SEQ-0E110F66DA19,1,5
RNA-002605,SEQ-AD13D6707476,1,4
RNA-002606,SEQ-151AF7E4FDA2,1,4
RNA-002606,SEQ-50EC8ACAF258,0,2
RNA-002607,SEQ-3673F965AF7B,1,4
RNA-002608,SEQ-D30404416D7D,1,5
RNA-002609,SEQ-13A7E874C238,1,2
RNA-002610,SEQ-CCE32062B8EF,1,4
RNA-002611,SEQ-20B1ABBE977B,1,7
RNA-002612,SEQ-E1F86F4A61E5,1,5
RNA-002613,SEQ-0EA755042575,1,5
RNA-002614,SEQ-D3AF3AAB7D15,1,3
RNA-002615,SEQ-EAF7A61870F4,1,4
RNA-002615,SEQ-F76938D11146,0,1
RNA-002616,SEQ-6249B1D3CDC8,1,3
RNA-002617,SEQ-71C569D4603D,1,3
RNA-002618,SEQ-29751A401E30,1,6
RNA-002619,SEQ-AB01DE6431F0,1,3
RNA-002620,SEQ-666F1FDADBA2,1,3
RNA-002621,SEQ-BC0F58F797B8,1,6
RNA-002622,SEQ-8F9802B0CF0A,1,4
RNA-002623,SEQ-0733FFFA0F3A,1,6
RNA-002624,SEQ-4A6A07DB8F47,1,2
RNA-002625,SEQ-7B99A01133E7,1,5
RNA-002626,SEQ-DFFB666A2B25,1,6
RNA-002627,SEQ-8DD3961ABD0D,1,6
RNA-002628,SEQ-F0D4690F8EE4,1,3
RNA-002629,SEQ-E75FFFEB9A5E,1,5
RNA-002630,SEQ-F0A70B91AED5,1,12
RNA-002631,SEQ-533F317F32B4,1,6
RNA-002631,SEQ-50B0D27F03FB,0,1
RNA-002632,SEQ-6C37A1F8162A,1,8
RNA-002633,SEQ-73EA52E0754F,1,12
RNA-002634,SEQ-AC493D0F02C3,1,4
RNA-002635,SEQ-65DCEDA82EDE,1,2
RNA-002636,SEQ-331D4A7EB916,1,5
RNA-002637,SEQ-4E1489C4B76A,1,5
RNA-002638,SEQ-B4FC042749B0,1,6
RNA-002638,SEQ-51ABFC4426E8,0,1
RNA-002639,SEQ-4E401757326E,1,3
RNA-002640,SEQ-20645FA290AF,1,4
RNA-002641,SEQ-47001DA508B9,1,6
RNA-002642,SEQ-8FEDFC3DE6CF,1,5
RNA-002643,SEQ-06F2E8E4B4D9,1,3
RNA-002644,SEQ-394EA6B7E569,1,2
RNA-002645,SEQ-900DC67EBEA1,1,4
RNA-002646,SEQ-A2D78C1DD003,1,3
RNA-002647,SEQ-2A6699FB5F00,1,3
RNA-002648,SEQ-A86E506AF9C6,1,6
RNA-002649,SEQ-304E23DC86FB,1,10
RNA-002650,SEQ-157917E94A68,1,3
RNA-002651,SEQ-86DD76B13154,1,2
RNA-002652,SEQ-621CEEDDEA84,1,2
RNA-002653,SEQ-C789C3A9872D,1,4
RNA-002654,SEQ-122DE26D7622,1,3
RNA-002655,SEQ-00AD147528C4,1,2
RNA-002656,SEQ-64B9845ED91A,1,3
RNA-002657,SEQ-B1843EEA5FEE,1,2
RNA-002657,SEQ-F93DFA8895C7,0,1
RNA-002658,SEQ-B29E002A452D,1,4
RNA-002659,SEQ-6D2F12601BE9,1,7
RNA-002659,SEQ-F958447F7759,0,3
RNA-002660,SEQ-FF9F5FF8D68F,1,5
RNA-002660,SEQ-FA7499DCF5ED,0,1
RNA-002661,SEQ-DC551C591B5A,1,3
RNA-002662,SEQ-E9747B2AC553,1,3
RNA-002663,SEQ-A5DEEF4F66DE,1,5
RNA-002664,SEQ-E3F9F767423C,1,3
RNA-002664,SEQ-110095CBD178,0,3
RNA-002665,SEQ-6825CABB5C01,1,3
RNA-002666,SEQ-71C569D4603D,1,3
RNA-002667,SEQ-28FACB543D00,1,2
RNA-002668,SEQ-4CA18B35AE95,1,4
RNA-002669,SEQ-1E422D7807E5,1,5
RNA-002670,SEQ-DA2D2D280FAF,1,3
RNA-002671,SEQ-DE174EA012DE,1,2
RNA-002672,SEQ-32DF4AAEAD5C,1,3
RNA-002673,SEQ-276C0795832D,1,4
RNA-002673,SEQ-01854660E834,0,3
RNA-002674,SEQ-E1C02D266631,1,2
RNA-002675,SEQ-19986E89463E,1,4
RNA-002676,SEQ-F2C5568B2DAE,1,4
RNA-002677,SEQ-8CE383B8CD7B,1,5
RNA-002678,SEQ-52AD5FCD7D66,1,5
RNA-002679,SEQ-0FBC3CD4B162,1,6
RNA-002680,SEQ-6B7A6974BC36,1,3
RNA-002681,SEQ-1E166D2466B5,1,6
RNA-002682,SEQ-B2891CC48153,1,11
RNA-002683,SEQ-E34DF664DE09,1,6
RNA-002683,SEQ-985173F3C28F,0,1
RNA-002684,SEQ-157917E94A68,1,3
RNA-002685,SEQ-02E345CB645D,1,1
RNA-002686,SEQ-27F9417A9DCE,1,6
RNA-002687,SEQ-DD459D806782,1,3
RNA-002687,SEQ-5F170EF49842,0,1
RNA-002687,SEQ-AF404F3987AD,0,1
RNA-002688,SEQ-CCDD1A71944D,1,7
RNA-002689,SEQ-6D141BD577D3,1,4
RNA-002690,SEQ-2BA042642214,1,5
RNA-002690,SEQ-51ABFC4426E8,0,1
RNA-002691,SEQ-C853FF62796E,1,3
RNA-002692,SEQ-804B91AC6F5C,1,7
RNA-002693,SEQ-9863D931BBF4,1,7
RNA-002694,SEQ-203ACBD64FE1,1,3
RNA-002695,SEQ-9906C0E7A3A1,1,2
RNA-002696,SEQ-52F11F4140AD,1,3
RNA-002696,SEQ-D95563D10C17,0,1
RNA-002697,SEQ-5DE384E09EDB,1,4
RNA-002698,SEQ-E9CBF5D5D2AE,1,4
RNA-002699,SEQ-1E29B3E15050,1,3
RNA-002700,SEQ-BCB2AD4E45AE,1,3
RNA-002701,SEQ-82FAB260BBDD,1,3
RNA-002701,SEQ-30F95A0A5F1E,0,1
RNA-002702,SEQ-A9554945D212,1,2
RNA-002703,SEQ-2899A7066AFA,1,4
RNA-002704,SEQ-830831956844,1,7
RNA-002705,SEQ-54B990D4FB35,1,5
RNA-002706,SEQ-676BB374B886,1,3
RNA-002707,SEQ-6401A3336811,1,7
RNA-002708,SEQ-17E31A65687E,1,4
RNA-002708,SEQ-BCFE67B29B08,0,1
RNA-002709,SEQ-844043CE7E47,1,3
RNA-002710,SEQ-98F7BB081DFC,1,7
RNA-002711,SEQ-CCFB39A64CA4,1,4
RNA-002712,SEQ-F27A37258A47,1,4
RNA-002713,SEQ-C1B2AA5EBD8B,1,3
RNA-002713,SEQ-27CE0D67B182,0,1
RNA-002714,SEQ-2DB3A14A2758,1,7
RNA-002716,SEQ-AFB61A90402B,1,3
RNA-002717,SEQ-40098D8F3F8D,1,6
RNA-002718,SEQ-85C26CC43417,1,4
RNA-002718,SEQ-CEF94AC98713,0,3
RNA-002719,SEQ-E2992D721AEB,1,3
RNA-002720,SEQ-7629DEE686A6,1,4
RNA-002721,SEQ-C883764015D0,1,3
RNA-002722,SEQ-BDA01E295F69,1,7
RNA-002722,SEQ-7FF0000EA6EF,0,1
RNA-002723,SEQ-52142837C184,1,2
RNA-002723,SEQ-05AEACAE5750,0,1
RNA-002724,SEQ-373A2BD7EE19,1,3
RNA-002725,SEQ-5BA1F477608E,1,3
RNA-002726,SEQ-30280A987AE4,1,2
RNA-002727,SEQ-BC62ED1CB0FB,1,3
RNA-002727,SEQ-D4A4FFE68CF7,0,1
RNA-002728,SEQ-8A69EAE6AD36,1,3
RNA-002729,SEQ-13B7FCC432BC,1,2
RNA-002730,SEQ-BAC4C579FBD1,1,4
RNA-002731,SEQ-7ADEE7D0B568,1,3
RNA-002732,SEQ-68F8882B8AE9,1,5
RNA-002733,SEQ-1658C8520AF2,1,2
RNA-002734,SEQ-F294DD85127C,1,5
RNA-002735,SEQ-02F5DF24A1A9,1,6
RNA-002736,SEQ-8548D51D9FA3,1,7
RNA-002736,SEQ-349841550AD6,0,4
RNA-002737,SEQ-10A063789D49,1,5
RNA-002738,SEQ-67146C7B0F53,1,5
RNA-002739,SEQ-D6BB103CF891,1,5
RNA-002740,SEQ-7703DB2686E7,1,3
RNA-002741,SEQ-E2BB1F72A14C,1,5
RNA-002741,SEQ-17E29200A942,0,1
RNA-002741,SEQ-7197A91F407C,0,1
RNA-002742,SEQ-F43037D562DB,1,5
RNA-002743,SEQ-6E02A1E8B24E,1,4
RNA-002744,SEQ-8B3BD8DB2183,1,3
RNA-002745,SEQ-2B1F078A1193,1,4
RNA-002746,SEQ-DFCA5B930139,1,4
RNA-002747,SEQ-1B6DE479F880,1,3
RNA-002748,SEQ-03809A5EFEF2,1,5
RNA-002749,SEQ-F5BD1FFB2130,1,4
RNA-002749,SEQ-B505F5DCB8EC,0,3
RNA-002750,SEQ-EC51422D77C0,1,7
RNA-002751,SEQ-333B13759172,1,6
RNA-002752,SEQ-9E12B9FCBC0F,1,4
RNA-002753,SEQ-E5F0D204C200,1,4
RNA-002754,SEQ-227BBBDB5477,1,3
RNA-002755,SEQ-5230147C42DA,1,3
RNA-002756,SEQ-02B6C5204E6E,1,5
RNA-002756,SEQ-B3C258CB723C,0,2
RNA-002757,SEQ-35C68F03611E,1,4
RNA-002758,SEQ-FF6BA02A5030,1,3
RNA-002759,SEQ-33BE7F2A9F4A,1,3
RNA-002760,SEQ-A0BDC920631D,1,5
RNA-002761,SEQ-36329A8481B3,1,2
RNA-002762,SEQ-7226AAFE9654,1,7
RNA-002763,SEQ-86370FEFC556,1,4
RNA-002764,SEQ-71C569D4603D,1,3
RNA-002765,SEQ-D9084C731440,1,5
RNA-002766,SEQ-BDAB3623212F,1,4
RNA-002767,SEQ-673FA8728092,1,4
RNA-002768,SEQ-EA6431665A7B,1,4
RNA-002769,SEQ-099CC0FAF01C,1,3
RNA-002769,SEQ-F1A2EB2E090C,0,2
RNA-002770,SEQ-49F59A284013,1,3
RNA-002771,SEQ-64C31F0A1D1C,1,4
RNA-002772,SEQ-5057AD9368D2,1,3
RNA-002773,SEQ-D7A9EF38DEE1,1,5
RNA-002774,SEQ-42CF46644DC3,1,4
RNA-002775,SEQ-4142F9C47EC5,1,5
RNA-002776,SEQ-BF292E93240F,1,6
RNA-002776,SEQ-C60B12EC037E,0,1
RNA-002777,SEQ-8B8550750F87,1,2
RNA-002778,SEQ-0C9391C2C344,1,4
RNA-002779,SEQ-45847E069278,1,4
RNA-002780,SEQ-9F1FF5E80224,1,6
RNA-002781,SEQ-A8236A130141,1,3
RNA-002782,SEQ-B2A309E39D51,1,3
RNA-002783,SEQ-0C00581103EE,1,4
RNA-002784,SEQ-9F3A955A5492,1,4
RNA-002785,SEQ-72A21C936181,1,3
RNA-002786,SEQ-56A26DC5847E,1,4
RNA-002787,SEQ-790231018244,1,3
RNA-002787,SEQ-C615750221D7,0,2
RNA-002788,SEQ-C0E006464870,1,3
RNA-002789,SEQ-4C4AEFF34D1E,1,3
RNA-002790,SEQ-A9F060B53B69,1,3
RNA-002791,SEQ-C8470C84B1A3,1,2
RNA-002792,SEQ-BE549CB11366,1,3
RNA-002793,SEQ-B2D0B38D6924,1,3
RNA-002794,SEQ-66A7D4317F65,1,3
RNA-002795,SEQ-500580980712,1,3
RNA-002796,SEQ-B40CEADD1D6E,1,3
RNA-002797,SEQ-97CDE2C0DD49,1,2
RNA-002797,SEQ-79F6EB747FD8,0,1
RNA-002798,SEQ-B8269A0A8102,1,4
RNA-002799,SEQ-C0853163E732,1,3
RNA-002800,SEQ-A1416C9559A3,1,3
RNA-002800,SEQ-FF450FEB9CC8,0,2
RNA-002801,SEQ-47DABCBB46E9,1,3
RNA-002802,SEQ-0A604741DE64,1,2
RNA-002803,SEQ-58E80A36CCD7,1,5
RNA-002804,SEQ-CB509BD29DB2,1,4
RNA-002805,SEQ-D493126EF6C3,1,3
RNA-002806,SEQ-8D6C7D960763,1,3
RNA-002807,SEQ-7E0B10F2DDEA,1,6
RNA-002808,SEQ-E29A4F742256,1,3
RNA-002809,SEQ-6410E75FB400,1,3
RNA-002810,SEQ-46306E0E9CDE,1,4
RNA-002811,SEQ-58AE686A3155,1,3
RNA-002812,SEQ-2169A508E944,1,5
RNA-002813,SEQ-2CA5B0EDEF43,1,8
RNA-002814,SEQ-FF306F0F747E,1,2
RNA-002815,SEQ-726C0A5A55B2,1,3
RNA-002816,SEQ-F013F8A1D14F,1,2
RNA-002817,SEQ-00F9D61866A1,1,3
RNA-002818,SEQ-28C9161069A9,1,2
RNA-002819,SEQ-782DE92B4D46,1,3
RNA-002820,SEQ-324422860293,1,2
RNA-002821,SEQ-9569A3225A61,1,6
RNA-002822,SEQ-EADF91516F05,1,3
RNA-002823,SEQ-5C656F3555D3,1,3
RNA-002824,SEQ-5A9DD82498C4,1,2
RNA-002825,SEQ-4EC859A57D79,1,3
RNA-002826,SEQ-624B9C8A3AC8,1,7
RNA-002826,SEQ-9BB8DC76FEA1,0,1
RNA-002827,SEQ-DB1E065236F8,1,3
RNA-002828,SEQ-0976E5F50576,1,3
RNA-002829,SEQ-FC37E1CE3BAD,1,5
RNA-002830,SEQ-103902624820,1,2
RNA-002831,SEQ-147C3D151CBD,1,3
RNA-002832,SEQ-AE76BAE419D7,1,3
RNA-002833,SEQ-241CF98441AC,1,4
RNA-002834,SEQ-0AA1C28452F3,1,4
RNA-002835,SEQ-BCE57B339747,1,5
RNA-002836,SEQ-976A4CCD74FC,1,4
RNA-002837,SEQ-D5D4CD5D89BE,1,3
RNA-002838,SEQ-E8AA67F77AEC,1,2
RNA-002839,SEQ-16154FA56B18,1,2
RNA-002840,SEQ-B0B49C573783,1,3
RNA-002841,SEQ-11C7804A89AE,1,4
RNA-002842,SEQ-E4637EAE540A,1,2
RNA-002843,SEQ-B9890D20CA2B,1,3
RNA-002844,SEQ-44127C766D36,1,3
RNA-002845,SEQ-0D52789D37B4,1,3
RNA-002846,SEQ-292B4A78B697,1,4
RNA-002847,SEQ-D9BAE439DAA0,1,3
RNA-002848,SEQ-F2FF9CC7B7A6,1,3
RNA-002849,SEQ-825F01AE06EC,1,2
RNA-002850,SEQ-F176CF4B08F9,1,4
RNA-002852,SEQ-2CD2D4D2C209,1,8
RNA-002853,SEQ-1272FF9FDE55,1,5
RNA-002854,SEQ-A513693CFFD3,1,4
RNA-002854,SEQ-94E8C043B35A,0,2
RNA-002854,SEQ-5BE1F935F3E4,0,1
RNA-002855,SEQ-2CBA1E516734,1,3
RNA-002855,SEQ-45A5E0EE7FC2,0,1
RNA-002856,SEQ-7EEE40DA7D7C,1,2
RNA-002857,SEQ-1E8F0D7B31E0,1,5
RNA-002858,SEQ-484A433A95A7,1,7
RNA-002859,SEQ-8BF83F48A9A4,1,4
RNA-002859,SEQ-BCB99E9375C2,0,4
RNA-002860,SEQ-488CB57BF901,1,5
RNA-002860,SEQ-1BCCBB29D5F1,0,1
RNA-002861,SEQ-C2C4DF00D6BC,1,2
RNA-002862,SEQ-E2B8383575B5,1,3
RNA-002863,SEQ-57170F496DB2,1,7
RNA-002864,SEQ-DFA73AE14D59,1,4
RNA-002865,SEQ-B24C98773F97,1,3
RNA-002865,SEQ-454EDF8E1E21,0,1
RNA-002866,SEQ-D68836859FBA,1,4
RNA-002867,SEQ-35CD37036189,1,6
RNA-002868,SEQ-BBA056E16BF4,1,6
RNA-002869,SEQ-0D822D5911FE,1,3
RNA-002870,SEQ-954844906166,1,3
RNA-002870,SEQ-E3FC6AA0C158,0,3
RNA-002870,SEQ-1A7C5E430BD8,0,1
RNA-002871,SEQ-018A6E0AF697,1,3
RNA-002872,SEQ-B5AA3DFD766E,1,4
RNA-002873,SEQ-66B52DEB4CA6,1,5
RNA-002874,SEQ-758955EB862D,1,3
RNA-002875,SEQ-60052E6014EC,1,4
RNA-002876,SEQ-E355FF88C4DA,1,4
RNA-002877,SEQ-06470249411C,1,4
RNA-002877,SEQ-67B1AB9EAD7E,0,1
RNA-002878,SEQ-9CBA741A69A6,1,4
RNA-002879,SEQ-3665CCFA8C06,1,4
RNA-002880,SEQ-14940E160BAA,1,7
RNA-002881,SEQ-A48F937B3BFA,1,2
RNA-002882,SEQ-3CCA699C2B3C,1,3
RNA-002883,SEQ-802E1F2C0CDC,1,5
RNA-002884,SEQ-3BF78EB960AE,1,5
RNA-002886,SEQ-3D061A1B9718,1,4
RNA-002887,SEQ-26F754FE3919,1,8
RNA-002887,SEQ-4D1CCEE84BDC,0,1
RNA-002888,SEQ-2C3295CF4688,1,3
RNA-002889,SEQ-1BA36A39130B,1,4
RNA-002890,SEQ-4B3202F6C29B,1,7
RNA-002891,SEQ-052E6E93F070,1,6
RNA-002892,SEQ-103B8AE24649,1,4
RNA-002893,SEQ-2D153489800A,1,4
RNA-002894,SEQ-9AB8B514D50D,1,4
RNA-002895,SEQ-488D04BF19E9,1,8
RNA-002896,SEQ-E9F889338A84,1,4
RNA-002897,SEQ-C5389D40C265,1,3
RNA-002898,SEQ-081FD542FAFA,1,5
RNA-002899,SEQ-B1608C1C7405,1,2
RNA-002900,SEQ-EFA2316DB375,1,2
RNA-002901,SEQ-415B087F9896,1,2
RNA-002902,SEQ-7661C3204FB2,1,3
RNA-002903,SEQ-E1CE91D6939F,1,2
RNA-002904,SEQ-53E55103F835,1,3
RNA-002905,SEQ-075D4A1D6466,1,5
RNA-002906,SEQ-55D44EFCEA68,1,3
RNA-002907,SEQ-3250037EE632,1,9
RNA-002908,SEQ-0D1DE8D94631,1,4
RNA-002909,SEQ-31F10A8C014B,1,4
RNA-002910,SEQ-AC4DBA5BBAC4,1,3
RNA-002911,SEQ-DAE7055A479F,1,5
RNA-002912,SEQ-35BE1C6E21E5,1,3
RNA-002913,SEQ-37A1EFF1F7EC,1,4
RNA-002914,SEQ-F0E4888A5874,1,2
RNA-002915,SEQ-570068153A54,1,3
RNA-002916,SEQ-FFFBC626F8B3,1,2
RNA-002917,SEQ-A2AB89EB0C39,1,4
RNA-002918,SEQ-AEAB6F3F444E,1,5
RNA-002919,SEQ-F08C0561383F,1,4
RNA-002920,SEQ-61560ECD041B,1,5
RNA-002921,SEQ-D42EACDC2CC4,1,2
RNA-002922,SEQ-5D04A3D79BE5,1,2
RNA-002923,SEQ-C9A2F767EEF8,1,4
RNA-002924,SEQ-2FCB023FA62A,1,4
RNA-002925,SEQ-49E68776D049,1,2
RNA-002926,SEQ-9561FA6CA1B9,1,2
RNA-002927,SEQ-C6A31789B5B9,1,5
RNA-002928,SEQ-54A2A2E5D5C5,1,3
RNA-002928,SEQ-B3AE0EDB7527,0,1
RNA-002929,SEQ-534AE77A861C,1,3
RNA-002930,SEQ-7FCC8EAC6348,1,3
RNA-002930,SEQ-3CA94AEC8028,0,3
RNA-002931,SEQ-B256DE82FED4,1,4
RNA-002931,SEQ-F4E2FF8E3EAC,0,1
RNA-002932,SEQ-A6AFEA0095A4,1,6
RNA-002933,SEQ-918D1BC4F71E,1,4
RNA-002934,SEQ-8E612742EC7C,1,5
RNA-002935,SEQ-4B3F30E8D0C2,1,1
RNA-002936,SEQ-C5B81F3F05A5,1,6
RNA-002937,SEQ-A288DB4091C2,1,6
RNA-002938,SEQ-FC73EE245A4C,1,4
RNA-002939,SEQ-E405563CB993,1,5
RNA-002940,SEQ-84914ADF237C,1,3
RNA-002941,SEQ-680BDD865CE9,1,4
RNA-002942,SEQ-9E02C97DE71F,1,4
RNA-002943,SEQ-C8FFFA457B1E,1,3
RNA-002944,SEQ-F305D0BF8D5A,1,4
RNA-002944,SEQ-F66584FF5087,0,1
RNA-002945,SEQ-55C18A479768,1,3
RNA-002946,SEQ-463F709F5459,1,5
RNA-002947,SEQ-D386FEDDAC9F,1,2
RNA-002948,SEQ-C77A14EA9183,1,3
RNA-002949,SEQ-E1F97A8089AC,1,2
RNA-002950,SEQ-B52D1F2CFAC5,1,4
RNA-002951,SEQ-1E553C876BAD,1,6
RNA-002952,SEQ-FC0DB2B572B9,1,4
RNA-002953,SEQ-F2DB0A3B8F05,1,4
RNA-002954,SEQ-CD441F45BF08,1,4
RNA-002955,SEQ-610D2921CFE5,1,3
RNA-002956,SEQ-71299EC8300E,1,3
RNA-002957,SEQ-6236DD9E458B,1,2
RNA-002958,SEQ-271FF9FCB92A,1,3
RNA-002959,SEQ-D4D5E8847BA1,1,2
RNA-002960,SEQ-3F93F12C0533,1,2
RNA-002961,SEQ-4AF830B0F31E,1,2
RNA-002962,SEQ-D40D9DCA4FE7,1,6
RNA-002963,SEQ-B9E151876166,1,4
RNA-002964,SEQ-E2EE3397F8AB,1,3
RNA-002965,SEQ-57EDF4798BF6,1,3
RNA-002966,SEQ-576F062EB7DC,1,3
RNA-002967,SEQ-486D841F0320,1,3
RNA-002968,SEQ-F3093184D1D9,1,3
RNA-002969,SEQ-EE518C13A543,1,4
RNA-002970,SEQ-4DF0B9ED99AB,1,4
RNA-002971,SEQ-EC97B59CB711,1,2
RNA-002972,SEQ-46571170829E,1,3
RNA-002973,SEQ-674A93FF9DE6,1,4
RNA-002974,SEQ-FE12AD92BCE5,1,2
RNA-002975,SEQ-7F08B5845E5D,1,2
RNA-002976,SEQ-86B7B190B9CF,1,6
RNA-002977,SEQ-5266CCE31BA4,1,6
RNA-002978,SEQ-532A2D00993D,1,3
RNA-002979,SEQ-BE3083EBC92C,1,4
RNA-002979,SEQ-3BC2FC9B64FA,0,2
RNA-002980,SEQ-C04292598849,1,5
RNA-002981,SEQ-D5DC51151C8A,1,270
RNA-002982,SEQ-90C639C2EB40,1,3
RNA-002983,SEQ-295AAF1B9963,1,4
RNA-002983,SEQ-850C1819370B,0,1
RNA-002984,SEQ-5B6409075668,1,3
RNA-002985,SEQ-200B461BBEFC,1,5
RNA-002986,SEQ-520DA620EAA3,1,4
RNA-002987,SEQ-34396EAFAD2F,1,6
RNA-002988,SEQ-4BDDCBF28528,1,3
RNA-002989,SEQ-BAA596352398,1,3
RNA-002990,SEQ-0C1A9929BF9B,1,3
RNA-002991,SEQ-F7F9CA442F44,1,5
RNA-002992,SEQ-7FA3A45AE854,1,2
RNA-002993,SEQ-52C841DA62D5,1,3
RNA-002994,SEQ-6746D67C5D81,1,4
RNA-002995,SEQ-769C85BE3D69,1,4
RNA-002996,SEQ-8EA4459C6FC1,1,4
RNA-002997,SEQ-97E838BCA3D8,1,4
RNA-002998,SEQ-90F19F5D2D68,1,3
RNA-002998,SEQ-8DEA84193059,0,1
RNA-002999,SEQ-0176558A5C63,1,2
RNA-002999,SEQ-EF68CB764AE0,0,1
RNA-003000,SEQ-849A4E59458F,1,4
RNA-003001,SEQ-C3318029B677,1,4
RNA-003001,SEQ-7D631B268590,0,4
RNA-003002,SEQ-2D5912709E90,1,3
RNA-003003,SEQ-2DE0B7A99237,1,3
RNA-003004,SEQ-F59D3D8065EB,1,2
RNA-003005,SEQ-DC77C0D6E8C9,1,4
RNA-003006,SEQ-37F86176D34D,1,6
RNA-003007,SEQ-9050C6B46C8D,1,3
RNA-003008,SEQ-1A3F2FD2450C,1,2
RNA-003009,SEQ-950BCFD278BA,1,3
RNA-003010,SEQ-8FD42879CB93,1,2
RNA-003011,SEQ-8D30A233C1CA,1,3
RNA-003012,SEQ-E2B45E9CCC37,1,3
RNA-003013,SEQ-BE57C8805457,1,4
RNA-003014,SEQ-5A42EBA54E84,1,2
RNA-003015,SEQ-A9F20547937D,1,6
RNA-003016,SEQ-5841CC9E3C81,1,2
RNA-003017,SEQ-F0A1281D3B1D,1,4
RNA-003018,SEQ-32249592E425,1,6
RNA-003019,SEQ-B23E325E6859,1,3
RNA-003020,SEQ-D1D1A4BA4207,1,5
RNA-003021,SEQ-3E2EDE9F849A,1,6
RNA-003022,SEQ-89C934AB777B,1,2
RNA-003023,SEQ-8E7715E0DFBF,1,3
RNA-003024,SEQ-443B9AE491CB,1,3
RNA-003025,SEQ-20288FED189D,1,3
RNA-003026,SEQ-EF517D7A12B9,1,3
RNA-003027,SEQ-707050AF1716,1,2
RNA-003028,SEQ-C31ADAD5F91D,1,5
RNA-003029,SEQ-0F78C7D76B95,1,5
RNA-003030,SEQ-91496CB273E0,1,5
RNA-003031,SEQ-C333E32E4C97,1,3
RNA-003032,SEQ-E8877DC112B1,1,2
RNA-003033,SEQ-9188D7A1F6EA,1,13
RNA-003033,SEQ-4CDEE8D49DFE,0,2
RNA-003034,SEQ-6D3D21AC4C5B,1,5
RNA-003035,SEQ-70BAEA36E633,1,4
RNA-003036,SEQ-900F673574EA,1,3
RNA-003037,SEQ-76AA8947C34B,1,6
RNA-003038,SEQ-552176C65CBD,1,3
RNA-003039,SEQ-DFF599AD4250,1,8
RNA-003040,SEQ-6E14145199B5,1,5
RNA-003041,SEQ-61DF790B71B7,1,4
RNA-003042,SEQ-5A9FF4906C17,1,4
RNA-003043,SEQ-7262FD71AA9B,1,6
RNA-003044,SEQ-F79609069150,1,4
RNA-003045,SEQ-FFB9BE12DAF3,1,3
RNA-003046,SEQ-F1E0F77140D9,1,4
RNA-003047,SEQ-04B4ED3AC061,1,2
RNA-003048,SEQ-87B18716627B,1,3
RNA-003049,SEQ-3F0AA8B43AF6,1,5
RNA-003050,SEQ-726DC533A073,1,3
RNA-003051,SEQ-7F752452D3C1,1,6
RNA-003051,SEQ-68D2EFBAA148,0,1
RNA-003052,SEQ-E2E0BF71800C,1,4
RNA-003053,SEQ-480A9F223FA8,1,5
RNA-003055,SEQ-ADDF662E188C,1,4
RNA-003056,SEQ-DA3AAC65EAAE,1,3
RNA-003057,SEQ-5EAAA7FA1EBA,1,3
RNA-003058,SEQ-E189491AE3DC,1,2
RNA-003059,SEQ-689CD38A777F,1,4
RNA-003059,SEQ-15A6ECD3C265,0,1
RNA-003060,SEQ-2AB35B79BD42,1,3
RNA-003061,SEQ-A4C491ED5BC3,1,3
RNA-003062,SEQ-33D74A93870E,1,6
RNA-003063,SEQ-239AB5187FD9,1,3
RNA-003063,SEQ-B10EF4EB74CE,0,1
RNA-003064,SEQ-5DC45DDD761A,1,3
RNA-003064,SEQ-58F473CD5CF7,0,1
RNA-003065,SEQ-08608999A74D,1,3
RNA-003066,SEQ-5B32DDF1000D,1,2
RNA-003067,SEQ-8CB1AA433A8D,1,3
RNA-003068,SEQ-2A93B88810AD,1,3
RNA-003069,SEQ-469D1E12B282,1,4
RNA-003070,SEQ-22D01162D17C,1,2
RNA-003071,SEQ-4A374FEDB406,1,3
RNA-003072,SEQ-7E7A7F02DF01,1,3
RNA-003073,SEQ-78B224B67C59,1,8
RNA-003074,SEQ-0D9B2EE61A03,1,6
RNA-003075,SEQ-B9EC3DA6F599,1,3
RNA-003076,SEQ-64A59DDCAF6B,1,4
RNA-003077,SEQ-A7263206A8CC,1,3
RNA-003077,SEQ-DFA34BB0FB6A,0,2
RNA-003078,SEQ-16D6FEA5155C,1,5
RNA-003079,SEQ-D272BDB75BA9,1,5
RNA-003079,SEQ-AA21FE44F49E,0,1
RNA-003080,SEQ-BFB5E90BB30C,1,3
RNA-003081,SEQ-72B3CEA3604E,1,8
RNA-003082,SEQ-85C888503418,1,4
RNA-003083,SEQ-EE889D68F37F,1,3
RNA-003084,SEQ-BD8AFDECF7A0,1,2
RNA-003085,SEQ-17F74A07F5F6,1,5
RNA-003086,SEQ-11C893DDE8C4,1,4
RNA-003087,SEQ-F7C52A5C446A,1,4
RNA-003088,SEQ-6B83C913035B,1,3
RNA-003089,SEQ-50F3F3C48939,1,4
RNA-003090,SEQ-A1E4A0CF3DEA,1,4
RNA-003091,SEQ-24C883C34EA2,1,2
RNA-003092,SEQ-F0E5DBAA2BFC,1,2
RNA-003093,SEQ-37B8897A1E53,1,4
RNA-003093,SEQ-9D6F631BF31B,0,1
RNA-003094,SEQ-4BDD5E72B495,1,3
RNA-003095,SEQ-C323DF125FEE,1,3
RNA-003095,SEQ-C5A21F653D88,0,1
RNA-003096,SEQ-D6F54D311E84,1,3
RNA-003097,SEQ-CA0AB698E727,1,4
RNA-003098,SEQ-387A72643B1C,1,2
RNA-003099,SEQ-FC7F76741193,1,3
RNA-003100,SEQ-2E3D45476394,1,3
RNA-003101,SEQ-3A4B6FE895CB,1,4
RNA-003102,SEQ-43855A200A10,1,4
RNA-003102,SEQ-4FF660C5019F,0,2
RNA-003103,SEQ-C650F6AA7810,1,3
RNA-003104,SEQ-7A8F060C4671,1,6
RNA-003105,SEQ-621E460A0BFA,1,3
RNA-003105,SEQ-A11C95566FFE,0,1
RNA-003105,SEQ-7621B6E40116,0,1
RNA-003106,SEQ-E204EAEB0640,1,2
RNA-003107,SEQ-CA2375377F75,1,6
RNA-003108,SEQ-6FA066CB8890,1,7
RNA-003108,SEQ-2E1C128C6887,0,4
RNA-003109,SEQ-1CACCBDF44CD,1,3
RNA-003110,SEQ-B42FE71F5AC6,1,5
RNA-003111,SEQ-A81441E65263,1,3
RNA-003112,SEQ-71D925EC636B,1,4
RNA-003113,SEQ-C01DCEFA66AB,1,5
RNA-003113,SEQ-073E039816C8,0,2
RNA-003114,SEQ-75E11C3EC5D7,1,4
RNA-003115,SEQ-ED59632B1D51,1,4
RNA-003116,SEQ-E7A802FAC756,1,5
RNA-003117,SEQ-FFE1A9C1101D,1,3
RNA-003118,SEQ-395D9A49AB04,1,5
RNA-003118,SEQ-4595ED1C41B8,0,1
RNA-003119,SEQ-1ADE20AFDF00,1,6
RNA-003120,SEQ-C13C8E8B3F81,1,4
RNA-003121,SEQ-7A866B05D74B,1,3
RNA-003122,SEQ-9A15CF030DDF,1,3
RNA-003123,SEQ-8D9CF9DAFD45,1,3
RNA-003124,SEQ-ADFC86A25EC5,1,4
RNA-003125,SEQ-F51ABB8DEE7E,1,4
RNA-003126,SEQ-E6C614E76B28,1,2
RNA-003126,SEQ-22C7DD374CAC,0,1
RNA-003127,SEQ-882DC3B2D777,1,6
RNA-003128,SEQ-A2E7BAA588DD,1,3
RNA-003129,SEQ-6EBE9FA35786,1,6
RNA-003130,SEQ-1D8DE183BABE,1,6
RNA-003131,SEQ-3B55DDBA2AC4,1,3
RNA-003132,SEQ-2519EC1A1D78,1,4
RNA-003133,SEQ-31407AB038E9,1,7
RNA-003134,SEQ-2AC22987F425,1,5
RNA-003135,SEQ-0F8B4B011F4B,1,6
RNA-003136,SEQ-621D21C2B0A8,1,4
RNA-003136,SEQ-A7965B8B0F96,0,1
RNA-003137,SEQ-3C690CB5CAE0,1,5
RNA-003138,SEQ-AF0DCDAF0807,1,3
RNA-003139,SEQ-B90013D3DA3F,1,3
RNA-003140,SEQ-FC6A02C4BC5D,1,4
RNA-003141,SEQ-16036C66A050,1,4
RNA-003142,SEQ-F81076056439,1,3
RNA-003143,SEQ-8DA1F7F652D5,1,6
RNA-003144,SEQ-BE25E16EB1CB,1,4
RNA-003145,SEQ-4F63390A50E8,1,4
RNA-003146,SEQ-88FFECA058A1,1,3
RNA-003147,SEQ-2C11B7E4553B,1,3
RNA-003148,SEQ-71995DDCB3D1,1,4
RNA-003149,SEQ-9EBA267C4BE6,1,3
RNA-003150,SEQ-737F642E6ABF,1,5
RNA-003150,SEQ-89E514CEA7FB,0,2
RNA-003151,SEQ-14D5474BF913,1,3
RNA-003152,SEQ-D647312CC52A,1,3
RNA-003153,SEQ-F7B5788F4FAA,1,7
RNA-003153,SEQ-AE3FB9C5785C,0,1
RNA-003154,SEQ-F401D8A1016A,1,3
RNA-003155,SEQ-6AC2E9F2C6F0,1,4
RNA-003156,SEQ-BC9D14924430,1,3
RNA-003157,SEQ-D6C0229D826C,1,4
RNA-003158,SEQ-FBD4657D98CB,1,3
RNA-003159,SEQ-290720A578F7,1,2
RNA-003160,SEQ-BFB37897D859,1,3
RNA-003161,SEQ-4FA30BC3431D,1,4
RNA-003162,SEQ-2F63BACF7DDC,1,3
RNA-003162,SEQ-AF39D769FFC3,0,1
RNA-003162,SEQ-39BBEDCAD9BF,0,1
RNA-003163,SEQ-495C2F0005E0,1,4
RNA-003164,SEQ-8B179A68ED61,1,4
RNA-003165,SEQ-D172A545F1DE,1,3
RNA-003165,SEQ-6518F0D7D197,0,1
RNA-003166,SEQ-8B242156D879,1,3
RNA-003167,SEQ-7C89B16DD8E3,1,3
RNA-003168,SEQ-8211BD90D3CA,1,3
RNA-003168,SEQ-C872CDB75414,0,1
RNA-003169,SEQ-1D896633A488,1,4
RNA-003170,SEQ-6850074825E5,1,4
RNA-003171,SEQ-53057666F145,1,4
RNA-003172,SEQ-D9CFE04B14AD,1,4
RNA-003173,SEQ-5A9486D4A346,1,5
RNA-003174,SEQ-6F9DA15DD61E,1,2
RNA-003175,SEQ-EC94BF28BB72,1,2
RNA-003176,SEQ-22DBE9A523E9,1,4
RNA-003177,SEQ-903AB509B480,1,2
RNA-003178,SEQ-974EDE915C36,1,2
RNA-003178,SEQ-7A8F4C3E221B,0,1
RNA-003179,SEQ-BB7F9699A622,1,2
RNA-003180,SEQ-ED062C9A8D2A,1,3
RNA-003181,SEQ-925BE7FD4BAD,1,3
RNA-003182,SEQ-40B57C2ED43A,1,5
RNA-003183,SEQ-65A157CD5483,1,3
RNA-003184,SEQ-59C7073E7148,1,3
RNA-003185,SEQ-DB2DC0D66A39,1,2
RNA-003186,SEQ-2C49DBA48CA9,1,4
RNA-003187,SEQ-FAE71D734015,1,3
RNA-003188,SEQ-EAD17AEBBBFE,1,2
RNA-003188,SEQ-CD4F1044980B,0,2
RNA-003189,SEQ-6AA2083D872F,1,3
RNA-003190,SEQ-111B9E9585A6,1,7
RNA-003191,SEQ-90AD88B33443,1,4
RNA-003192,SEQ-8B09C50BD0E5,1,7
RNA-003193,SEQ-8B2FAF5D9C71,1,7
RNA-003194,SEQ-3C865793FA8A,1,4
RNA-003194,SEQ-B4290D8AFE47,0,1
RNA-003195,SEQ-E0B24865F873,1,4
RNA-003196,SEQ-38B816819949,1,4
RNA-003197,SEQ-593F9D3C0337,1,4
RNA-003198,SEQ-802B2384C752,1,5
RNA-003199,SEQ-A15E7F163792,1,3
RNA-003200,SEQ-8128838A5BD3,1,5
RNA-003200,SEQ-AAF79E3E0707,0,1
RNA-003201,SEQ-7323D6B34173,1,4
RNA-003202,SEQ-1BE512E04E2C,1,3
RNA-003203,SEQ-826F02DB7BE1,1,4
RNA-003204,SEQ-C3BA98606191,1,4
RNA-003205,SEQ-C99753525E80,1,5
RNA-003205,SEQ-0F450C7134D0,0,1
RNA-003206,SEQ-5CABD4476A20,1,4
RNA-003207,SEQ-BFF6D9282980,1,2
RNA-003208,SEQ-CAF400EEBAF6,1,2
RNA-003209,SEQ-C569F573BA16,1,6
RNA-003210,SEQ-B12E5A2F6769,1,2
RNA-003211,SEQ-2411F50DA896,1,5
RNA-003212,SEQ-853D3895042E,1,5
RNA-003213,SEQ-C7BAB2EB7805,1,3
RNA-003213,SEQ-E07CF7343672,0,1
RNA-003213,SEQ-65FECD4D1D90,0,1
RNA-003214,SEQ-7645F9BBE2AC,1,6
RNA-003215,SEQ-2C5DDDD2DD12,1,4
RNA-003216,SEQ-F38BC07A2A24,1,3
RNA-003217,SEQ-DE1E4C656922,1,8
RNA-003218,SEQ-78A318BDEE05,1,5
RNA-003218,SEQ-765A8075A680,0,1
RNA-003219,SEQ-F55D40B3CD52,1,3
RNA-003220,SEQ-1C5FB6588DFD,1,2
RNA-003221,SEQ-51A8E0A1D822,1,5
RNA-003222,SEQ-16B7B07050C3,1,3
RNA-003223,SEQ-517FB7AFD8F4,1,3
RNA-003224,SEQ-EF01CE08E980,1,3
RNA-003226,SEQ-B3A5560EE2F5,1,6
RNA-003226,SEQ-D29663017307,0,4
RNA-003227,SEQ-526D1D2E3D98,1,5
RNA-003227,SEQ-70D697380A0C,0,1
RNA-003228,SEQ-86AE55403228,1,3
RNA-003229,SEQ-E14BB002801B,1,3
RNA-003230,SEQ-ACDA58C7797A,1,5
RNA-003231,SEQ-101155A25BBB,1,10
RNA-003232,SEQ-8523CDC4E54F,1,4
RNA-003232,SEQ-93227E94C57C,0,4
RNA-003233,SEQ-485E04424411,1,3
RNA-003234,SEQ-3329866388C5,1,4
RNA-003236,SEQ-E6493C40913C,1,3
RNA-003237,SEQ-B156043853BB,1,3
RNA-003238,SEQ-972E59ED8753,1,2
RNA-003239,SEQ-45BB9DB63849,1,3
RNA-003241,SEQ-D528DA34E282,1,2
RNA-003242,SEQ-ED5E4976CDDE,1,3
RNA-003242,SEQ-4389ABC41CB9,0,2
RNA-003243,SEQ-E95B93B04CE1,1,3
RNA-003244,SEQ-FF8755D4D6A5,1,4
RNA-003245,SEQ-D4DD14F95493,1,2
RNA-003246,SEQ-C876E255A8A5,1,6
RNA-003247,SEQ-4570BC9263C2,1,2
RNA-003248,SEQ-1AD260251D60,1,4
RNA-003249,SEQ-AFAFD1D16E67,1,2
RNA-003250,SEQ-8E41BFF8566D,1,3
RNA-003251,SEQ-240BF651D488,1,5
RNA-003252,SEQ-74C14246DAEA,1,3
RNA-003253,SEQ-3487644BCCE4,1,3
RNA-003254,SEQ-B00BB5AC1D19,1,4
RNA-003255,SEQ-3698A3ED0275,1,4
RNA-003256,SEQ-E3512C15BD48,1,3
RNA-003256,SEQ-D8641E563FA2,0,1
RNA-003257,SEQ-0A92D1403CF0,1,3
RNA-003258,SEQ-0386B0C29CCB,1,3
RNA-003259,SEQ-8A6A2615D12F,1,2
RNA-003260,SEQ-3277E55C2DCF,1,3
RNA-003261,SEQ-4FE3B60C45EA,1,2
RNA-003262,SEQ-96C39CD6EE06,1,3
RNA-003263,SEQ-82298F52E415,1,5
RNA-003264,SEQ-E36822D5074C,1,2
RNA-003265,SEQ-61D229555AFB,1,4
RNA-003266,SEQ-3D10D651601D,1,6
RNA-003266,SEQ-A11C95566FFE,0,1
RNA-003267,SEQ-5601A0D1E03C,1,2
RNA-003268,SEQ-F7C5E69B571E,1,4
RNA-003269,SEQ-B929520789FB,1,2
RNA-003270,SEQ-E8C5DDBA824C,1,3
RNA-003271,SEQ-37F2D2B90FED,1,4
RNA-003272,SEQ-7EBCBB6E5A02,1,2
RNA-003273,SEQ-31D8C7A82B44,1,2
RNA-003274,SEQ-A3C02D724735,1,2
RNA-003274,SEQ-8367552EB91C,0,2
RNA-003275,SEQ-D57EA735DB57,1,2
RNA-003275,SEQ-DC3D229F9CC4,0,1
RNA-003276,SEQ-2C08BD4F4146,1,2
RNA-003277,SEQ-D0E7F7A32391,1,4
RNA-003278,SEQ-A3874352355E,1,1
RNA-003279,SEQ-31E287441D11,1,7
RNA-003280,SEQ-80F17ADC1484,1,3
RNA-003281,SEQ-6C3127E80FF0,1,3
RNA-003282,SEQ-356B81DA2578,1,3
RNA-003283,SEQ-DBB16F931848,1,3
RNA-003283,SEQ-F4133781B751,0,2
RNA-003284,SEQ-9D6844035E80,1,2
RNA-003285,SEQ-B751B4990A24,1,3
RNA-003286,SEQ-9C52EC6DC757,1,3
RNA-003287,SEQ-5E5BB64E7100,1,2
RNA-003287,SEQ-0A835F845C17,0,1
RNA-003288,SEQ-B6F2815B05E7,1,4
RNA-003289,SEQ-D79E61C4472E,1,3
RNA-003290,SEQ-0367E3CF38FD,1,5
RNA-003291,SEQ-AEB89F1823CA,1,2
RNA-003292,SEQ-B3D7E21EF39C,1,3
RNA-003293,SEQ-7C2F0281D711,1,6
RNA-003294,SEQ-EDB6F32B7B6A,1,5
RNA-003295,SEQ-EA35DAA01301,1,2
RNA-003295,SEQ-577A3C3CA4C5,0,1
RNA-003296,SEQ-319B27204DC2,1,6
RNA-003297,SEQ-7E3EAD13AE23,1,5
RNA-003298,SEQ-708DDC16F7F9,1,2
RNA-003299,SEQ-7C74BDAAD8E6,1,3
RNA-003300,SEQ-19F61FFFED1F,1,3
RNA-003301,SEQ-ED489D700065,1,3
RNA-003301,SEQ-AD27EE8FC5E4,0,3
RNA-003302,SEQ-871439EF29AB,1,5
RNA-003303,SEQ-3651E593E67B,1,4
RNA-003303,SEQ-EB0DF8722E23,0,2
RNA-003303,SEQ-1427D22B8541,0,1
RNA-003304,SEQ-DF0DBB8EBEE6,1,3
RNA-003304,SEQ-4C9AB820E852,0,1
RNA-003304,SEQ-0B6026781E24,0,1
RNA-003305,SEQ-D17E30A6CF06,1,2
RNA-003306,SEQ-07EBB99F36DE,1,2
RNA-003307,SEQ-D58907471E55,1,3
RNA-003308,SEQ-24788E8E6F82,1,3
RNA-003309,SEQ-DA13D47013E1,1,4
RNA-003310,SEQ-FA11253068AC,1,4
RNA-003311,SEQ-96712FEF8B82,1,3
RNA-003312,SEQ-46CD508D7429,1,5
RNA-003313,SEQ-185A77DB2996,1,3
RNA-003314,SEQ-27306048C4A3,1,4
RNA-003315,SEQ-B6051F56C2E6,1,6
RNA-003316,SEQ-470B303341B5,1,5
RNA-003317,SEQ-D493D9DDE569,1,3
RNA-003318,SEQ-6807F8DB3636,1,2
RNA-003319,SEQ-329E662F9AFF,1,3
RNA-003320,SEQ-8B86884734A2,1,4
RNA-003321,SEQ-89B2ED8C1D5F,1,3
RNA-003322,SEQ-C2E12F27493B,1,3
RNA-003323,SEQ-52189B1F1BB4,1,2
RNA-003324,SEQ-7910415C213D,1,4
RNA-003325,SEQ-43D0769B0D8E,1,3
RNA-003326,SEQ-3593AAF13530,1,2
RNA-003327,SEQ-6FEE9179C6B9,1,2
RNA-003328,SEQ-B6364E359B25,1,4
RNA-003329,SEQ-10DD38307294,1,7
RNA-003329,SEQ-0E0D55792568,0,1
RNA-003330,SEQ-8F737740F9A5,1,3
RNA-003331,SEQ-40292C2963B3,1,5
RNA-003332,SEQ-A0008824DD47,1,4
RNA-003333,SEQ-EA074264C621,1,2
RNA-003334,SEQ-14C613B06338,1,3
RNA-003335,SEQ-A5EA39840934,1,6
RNA-003336,SEQ-A4AABB3BDA05,1,4
RNA-003337,SEQ-E521AB463513,1,6
RNA-003338,SEQ-50EAEA8AD09D,1,2
RNA-003339,SEQ-A70599D4164C,1,3
RNA-003340,SEQ-356F67E9B70F,1,3
RNA-003341,SEQ-25791DB11C51,1,4
RNA-003342,SEQ-7F7EB9C2E8CF,1,3
RNA-003343,SEQ-D507E2B45E5B,1,3
RNA-003344,SEQ-3183278297B7,1,5
RNA-003344,SEQ-851B32B45B09,0,1
RNA-003346,SEQ-AB854C4116E2,1,4
RNA-003347,SEQ-411C9DD3215A,1,4
RNA-003347,SEQ-55996DE3348D,0,2
RNA-003348,SEQ-BDC14E692309,1,2
RNA-003349,SEQ-8EB4C3417C55,1,3
RNA-003349,SEQ-850C1819370B,0,1
RNA-003350,SEQ-D1A8BFE28473,1,4
RNA-003351,SEQ-EF61CF7E64F5,1,1
RNA-003352,SEQ-20F986FEA150,1,3
RNA-003353,SEQ-F83B26CB8E9A,1,1
RNA-003354,SEQ-DA9AF8F9C388,1,2
RNA-003355,SEQ-3D078AD0DD28,1,3
RNA-003356,SEQ-45528663348B,1,2
RNA-003356,SEQ-87BCD0EED669,0,2
RNA-003357,SEQ-41C5D08EB868,1,6
RNA-003358,SEQ-8684E6FFFC0C,1,2
RNA-003359,SEQ-D8DEC7DB832F,1,2
RNA-003360,SEQ-D9A6BEE11733,1,4
RNA-003360,SEQ-5BE1F935F3E4,0,1
RNA-003361,SEQ-EA36115AE74B,1,3
RNA-003362,SEQ-AC67589E7325,1,3
RNA-003363,SEQ-E3CC16C376EE,1,2
RNA-003364,SEQ-07B74E4C70BE,1,1
RNA-003365,SEQ-589840F937BF,1,4
RNA-003366,SEQ-2B8C0864B5BF,1,2
RNA-003367,SEQ-18E10D76D2D2,1,2
RNA-003368,SEQ-1C6A4E71E30D,1,3
RNA-003369,SEQ-3330E71366F7,1,3
RNA-003370,SEQ-DDFE80E13B4E,1,3
RNA-003371,SEQ-121498902BE0,1,3
RNA-003372,SEQ-4A3ECDDAB98B,1,2
RNA-003373,SEQ-3D77D0B9E0EA,1,4
RNA-003374,SEQ-0696DB0C2967,1,4
RNA-003374,SEQ-CEAC2D40C1E8,0,1
RNA-003375,SEQ-50260AE87633,1,6
RNA-003376,SEQ-BA2FA06EF6DF,1,3
RNA-003377,SEQ-A83F7A9A4FED,1,3
RNA-003378,SEQ-6AC9D46D974A,1,2
RNA-003379,SEQ-D262B09F5589,1,4
RNA-003380,SEQ-736CDBF97831,1,3
RNA-003381,SEQ-E09C40C79677,1,2
RNA-003382,SEQ-184B9A5225CD,1,3
RNA-003383,SEQ-0BAF57FEE44F,1,3
RNA-003384,SEQ-545CEF54982F,1,2
RNA-003385,SEQ-95D48CC3809F,1,3
RNA-003386,SEQ-0464CDC95D8C,1,5
RNA-003387,SEQ-09150BC9A299,1,3
RNA-003388,SEQ-65CF0553AA64,1,3
RNA-003388,SEQ-29AF67ABC4B0,0,1
RNA-003389,SEQ-F96E11969739,1,1
RNA-003390,SEQ-869E22740266,1,3
RNA-003391,SEQ-9EE08154A93F,1,6
RNA-003392,SEQ-DA13C03F8E94,1,3
RNA-003392,SEQ-5AA0EFF01369,0,1
RNA-003393,SEQ-449AFB2CB373,1,3
RNA-003394,SEQ-738FF21FC269,1,3
RNA-003395,SEQ-DA311150CB21,1,3
RNA-003396,SEQ-1EE40D73C7A0,1,1
RNA-003397,SEQ-2E6E9D3C877B,1,3
RNA-003398,SEQ-31C5E6E02572,1,2
RNA-003399,SEQ-517BD2E47BA1,1,2
RNA-003400,SEQ-049DABBEE195,1,3
RNA-003401,SEQ-2271D178DE27,1,2
RNA-003402,SEQ-645CDE9DB4FC,1,3
RNA-003403,SEQ-C16886AF315D,1,5
RNA-003404,SEQ-D3E7F8B99CE8,1,3
RNA-003405,SEQ-1FE60C53758C,1,4
RNA-003406,SEQ-C85F6BB1DDEB,1,3
RNA-003407,SEQ-719B90F8C98F,1,8
RNA-003408,SEQ-41B017C3A807,1,3
RNA-003408,SEQ-26FD45FF39FC,0,1
RNA-003409,SEQ-13B179A181A4,1,4
RNA-003409,SEQ-EA44ACC0FCC5,0,1
RNA-003410,SEQ-3E217D99DBF3,1,3
RNA-003411,SEQ-0F4AB2856D6F,1,4
RNA-003412,SEQ-97053DF8EF12,1,5
RNA-003413,SEQ-A45847102703,1,5
RNA-003414,SEQ-B2A414D03487,1,6
RNA-003415,SEQ-E66400B474CF,1,5
RNA-003416,SEQ-95FD5E17B666,1,4
RNA-003417,SEQ-647B6AD0BB44,1,2
RNA-003418,SEQ-8211E1805CE0,1,3
RNA-003419,SEQ-64D6ED18A664,1,3
RNA-003420,SEQ-5D9F73A6BDAE,1,4
RNA-003421,SEQ-2998031C3EBD,1,3
RNA-003422,SEQ-0CDC1BD999D7,1,3
RNA-003423,SEQ-C0B96949A9DA,1,2
RNA-003424,SEQ-2F6B9BBBF12D,1,3
RNA-003425,SEQ-8A0DD3EB3F7B,1,5
RNA-003425,SEQ-4C6EF1CE68C0,0,1
RNA-003426,SEQ-0E5D2F1853E9,1,3
RNA-003427,SEQ-9FD2CEA5D250,1,6
RNA-003428,SEQ-F178D09C91D1,1,3
RNA-003429,SEQ-53A20A0E33C4,1,4
RNA-003430,SEQ-2FCBBE3A0EA3,1,6
RNA-003431,SEQ-D774E36EE967,1,3
RNA-003432,SEQ-1951A459A36F,1,3
RNA-003432,SEQ-F0A2E6064517,0,1
RNA-003433,SEQ-847380A0B59F,1,4
RNA-003434,SEQ-38866190B399,1,7
RNA-003435,SEQ-60112BAE7759,1,4
RNA-003436,SEQ-13CCBBC304E4,1,6
RNA-003437,SEQ-46A8335F1583,1,7
RNA-003438,SEQ-19F598B3E9C6,1,3
RNA-003438,SEQ-1B98529EF60F,0,1
RNA-003439,SEQ-99DAF60BC6A9,1,3
RNA-003440,SEQ-6E0BE605772D,1,8
RNA-003440,SEQ-419B57410213,0,1
RNA-003441,SEQ-B35905054605,1,5
RNA-003442,SEQ-B311276F370F,1,3
RNA-003443,SEQ-8FA473664012,1,2
RNA-003444,SEQ-AFE17DB85A5C,1,6
RNA-003445,SEQ-EE6CED991AB4,1,3
RNA-003446,SEQ-CC6E5F26C745,1,3
RNA-003447,SEQ-F4AE1CC83ADC,1,3
RNA-003448,SEQ-DF4224108907,1,6
RNA-003449,SEQ-21182E6CD7D3,1,4
RNA-003449,SEQ-ACCFD7D22298,0,1
RNA-003450,SEQ-18BD530C4B90,1,3
RNA-003451,SEQ-DBA1B1A8446D,1,3
RNA-003452,SEQ-4E5114080CAB,1,3
RNA-003453,SEQ-75282017275D,1,5
RNA-003454,SEQ-F28DB8738DDD,1,3
RNA-003455,SEQ-BD36818939FD,1,4
RNA-003456,SEQ-90C61BCBBE29,1,2
RNA-003456,SEQ-BA091258318F,0,1
RNA-003457,SEQ-689169112D1B,1,4
RNA-003458,SEQ-37A2251C1124,1,7
RNA-003459,SEQ-F1DB5FA4BB5F,1,2
RNA-003460,SEQ-4F633752F760,1,2
RNA-003461,SEQ-995D78E4B8B6,1,5
RNA-003461,SEQ-5889D864478F,0,1
RNA-003462,SEQ-A93E2EBC2399,1,8
RNA-003462,SEQ-C4870FF6C01F,0,1
RNA-003463,SEQ-076E3AEE5DB8,1,3
RNA-003464,SEQ-E26EBEDAC58C,1,2
RNA-003465,SEQ-7227219B00A5,1,3
RNA-003466,SEQ-346E0C249EA3,1,2
RNA-003467,SEQ-D5717FC9CA59,1,4
RNA-003468,SEQ-8C5E56F7CCB0,1,2
RNA-003469,SEQ-B7EBBEB212B3,1,2
RNA-003470,SEQ-26E910C9FC12,1,2
RNA-003471,SEQ-86781CB964F1,1,2
RNA-003472,SEQ-C7ED29D285A0,1,2
RNA-003473,SEQ-33B864162E15,1,3
RNA-003474,SEQ-52E0A886177A,1,1
RNA-003475,SEQ-28EB986C48DB,1,4
RNA-003476,SEQ-4466CE5252C0,1,3
RNA-003477,SEQ-4466CE5252C0,1,2
RNA-003478,SEQ-688B1C4739D2,1,2
RNA-003479,SEQ-391C0D8B3BF8,1,3
RNA-003480,SEQ-4B63A8A37D6D,1,4
RNA-003481,SEQ-7D7B040E72B0,1,4
RNA-003481,SEQ-9F08E799E47D,0,2
RNA-003482,SEQ-AEF5074B2B69,1,4
RNA-003483,SEQ-60544B0DC7E3,1,3
RNA-003485,SEQ-19DFBF57A562,1,3
RNA-003486,SEQ-A1D0B81381AE,1,3
RNA-003487,SEQ-9C20F54E0452,1,5
RNA-003488,SEQ-7095235254C2,1,4
RNA-003489,SEQ-1F4D6310F3AC,1,4
RNA-003490,SEQ-BD57E8C72C02,1,3
RNA-003491,SEQ-55BB3C6CDAF3,1,4
RNA-003492,SEQ-E1EE28B95A4F,1,4
RNA-003492,SEQ-F4E2FF8E3EAC,0,1
RNA-003493,SEQ-FC80DDEDEA4E,1,3
RNA-003494,SEQ-893E8ACAEE17,1,3
RNA-003495,SEQ-D6CC103D0EF9,1,4
RNA-003495,SEQ-4CD62E858B82,0,1
RNA-003496,SEQ-8470033986BE,1,2
RNA-003497,SEQ-DDD4EDF803DE,1,7
RNA-003498,SEQ-345DEE17F261,1,2
RNA-003499,SEQ-2496000CFDB6,1,4
RNA-003500,SEQ-A260B620B59E,1,2
RNA-003501,SEQ-B97F9538ED45,1,4
RNA-003502,SEQ-E07152757820,1,3
RNA-003503,SEQ-55BCEB9E982C,1,4
RNA-003503,SEQ-655E46556466,0,1
RNA-003504,SEQ-B34F630A3E5B,1,2
RNA-003505,SEQ-2053D385E52C,1,3
RNA-003506,SEQ-3A3118FCE87C,1,4
RNA-003507,SEQ-B97F241B9DBF,1,4
RNA-003508,SEQ-86928DDAE7EB,1,3
RNA-003509,SEQ-367B85269016,1,3
RNA-003510,SEQ-B7F137BE347D,1,5
RNA-003511,SEQ-D8357B643EBB,1,2
RNA-003512,SEQ-A08322C9597C,1,3
RNA-003513,SEQ-53B6BD507D76,1,3
RNA-003513,SEQ-97CA8C0BFB88,0,1
RNA-003513,SEQ-226B65675679,0,1
RNA-003514,SEQ-9541FAD9ECCB,1,6
RNA-003515,SEQ-9F7B72B486D9,1,3
RNA-003516,SEQ-DEB352D50482,1,3
RNA-003517,SEQ-9B1339998E86,1,4
RNA-003518,SEQ-BFBB174149DE,1,6
RNA-003519,SEQ-72E75677CF7C,1,2
RNA-003520,SEQ-25B62BCCA802,1,3
RNA-003521,SEQ-1559450B35D8,1,3
RNA-003522,SEQ-15AC39FC4CE5,1,2
RNA-003523,SEQ-7F274E6E91D8,1,4
RNA-003524,SEQ-5C84803EAAE8,1,3
RNA-003525,SEQ-16EF220E2633,1,2
RNA-003526,SEQ-6EE87B3FCD40,1,5
RNA-003527,SEQ-84C84339C0FE,1,2
RNA-003528,SEQ-642FF382D0DE,1,5
RNA-003529,SEQ-CF412BEAD137,1,3
RNA-003530,SEQ-110541F05988,1,5
RNA-003531,SEQ-E73F498BE842,1,2
RNA-003532,SEQ-1CAC5A437B6B,1,3
RNA-003533,SEQ-196B2014DC68,1,3
RNA-003534,SEQ-B61A7C816E0E,1,2
RNA-003535,SEQ-49E54584564A,1,2
RNA-003536,SEQ-638A807BE7ED,1,6
RNA-003537,SEQ-5B475E098AAF,1,2
RNA-003538,SEQ-4E74F6399BD9,1,3
RNA-003539,SEQ-AC0297B0C9BA,1,3
RNA-003540,SEQ-20B61881922E,1,2
RNA-003541,SEQ-EB60E9DD8703,1,6
RNA-003542,SEQ-150008292917,1,2
RNA-003543,SEQ-61C4BBEBD818,1,3
RNA-003544,SEQ-FB82AA026B03,1,3
RNA-003545,SEQ-B747C9497FA0,1,2
RNA-003546,SEQ-40899633F471,1,4
RNA-003547,SEQ-555621642CC9,1,9
RNA-003547,SEQ-1D8FB7AC3672,0,1
RNA-003548,SEQ-E66BF02F2651,1,4
RNA-003549,SEQ-FDD1F0D5115B,1,3
RNA-003550,SEQ-7EC42326A140,1,3
RNA-003551,SEQ-4B328E95B895,1,7
RNA-003552,SEQ-32CC49468900,1,7
RNA-003552,SEQ-F66584FF5087,0,1
RNA-003553,SEQ-76BFB18375C5,1,7
RNA-003553,SEQ-85C3029352A2,0,1
RNA-003554,SEQ-9433E2A6CADD,1,7
RNA-003555,SEQ-81D81605792B,1,7
RNA-003556,SEQ-157917E94A68,1,2
RNA-003557,SEQ-AD6C00669CF0,1,8
RNA-003557,SEQ-8663F28B3895,0,1
RNA-003558,SEQ-264314966295,1,1
RNA-003559,SEQ-FC1DBE9087E6,1,4
RNA-003560,SEQ-14698FA7FFEC,1,6
RNA-003561,SEQ-8E1DCCA9DF6A,1,5
RNA-003562,SEQ-F40DF5AA0DF5,1,4
RNA-003563,SEQ-EC49F259580B,1,3
RNA-003564,SEQ-0C0D294D7B0D,1,5
RNA-003565,SEQ-4129B5FF2B27,1,4
RNA-003566,SEQ-A05BA37D31D2,1,3
RNA-003567,SEQ-69B1AC19C0A0,1,4
RNA-003568,SEQ-5EC0646AB7DB,1,5
RNA-003569,SEQ-188077B40B5D,1,3
RNA-003570,SEQ-B167313B37CA,1,4
RNA-003571,SEQ-A2AC4CDC0B74,1,7
RNA-003572,SEQ-5E8D9E53F949,1,3
RNA-003573,SEQ-FDDF094CAAE6,1,5
RNA-003574,SEQ-20976471F0AC,1,4
RNA-003574,SEQ-A466B219F2AB,0,1
RNA-003575,SEQ-BF2643B8A257,1,4
RNA-003576,SEQ-7E16EE3A92CD,1,3
RNA-003577,SEQ-E75E552F1C77,1,8
RNA-003578,SEQ-B4B7D95DC1B6,1,2
RNA-003579,SEQ-D60ED68AC697,1,6
RNA-003580,SEQ-B383950653A7,1,3
RNA-003581,SEQ-30D99F4D2423,1,3
RNA-003582,SEQ-E987CBCB0744,1,2
RNA-003583,SEQ-5E0090CA4AF0,1,8
RNA-003584,SEQ-24BF73902517,1,6
RNA-003585,SEQ-26AC256E564D,1,6
RNA-003585,SEQ-5BC5E268C018,0,4
RNA-003586,SEQ-09C4BC979834,1,6
RNA-003587,SEQ-A3781B43EDAE,1,4
RNA-003588,SEQ-C44BF6C1C42B,1,3
RNA-003589,SEQ-E648D56DD028,1,3
RNA-003589,SEQ-20BF0B9EA9CA,0,1
RNA-003590,SEQ-BD71060D2871,1,5
RNA-003591,SEQ-0B5C92D35570,1,6
RNA-003592,SEQ-81C52AFE278C,1,4
RNA-003592,SEQ-17E29200A942,0,1
RNA-003592,SEQ-B07D72CF9135,0,1
RNA-003593,SEQ-6B6F12297462,1,8
RNA-003594,SEQ-FDE6403428A3,1,5
RNA-003595,SEQ-584495A82B3C,1,4
RNA-003596,SEQ-C83472975B0B,1,4
RNA-003597,SEQ-5055E2A1DFC7,1,5
RNA-003598,SEQ-52F8D4F0AFE5,1,4
RNA-003598,SEQ-DE797AF7EB1B,0,2
RNA-003599,SEQ-681BA764B76F,1,3
RNA-003600,SEQ-C761C4818A8B,1,4
RNA-003601,SEQ-EF356DF3DEB4,1,4
RNA-003602,SEQ-339B8AA0815C,1,3
RNA-003603,SEQ-DB5A604B4C32,1,3
RNA-003604,SEQ-0AA1FD544E0D,1,3
RNA-003605,SEQ-C4291469BC61,1,2
RNA-003606,SEQ-8910591EEA38,1,3
RNA-003606,SEQ-EF68CB764AE0,0,1
RNA-003607,SEQ-AA0EF7D2C5B1,1,2
RNA-003608,SEQ-1A7C6ADF60E9,1,2
RNA-003609,SEQ-3E07E05D1DE1,1,3
RNA-003610,SEQ-D783DE2FC7D5,1,2
RNA-003611,SEQ-A671CAEEC5A3,1,1
RNA-003612,SEQ-15D449A72BB8,1,4
RNA-003613,SEQ-0B4BB77CDF4E,1,3
RNA-003614,SEQ-C14CAFD7257F,1,3
RNA-003615,SEQ-A72640FAE9DD,1,2
RNA-003616,SEQ-11EBC58C6BEB,1,3
RNA-003617,SEQ-4FAC5547DFC8,1,2
RNA-003618,SEQ-AA293A66C472,1,2
RNA-003619,SEQ-96D44A8A7911,1,2
RNA-003620,SEQ-4A3B02E758CF,1,3
RNA-003621,SEQ-970EA643014C,1,2
RNA-003622,SEQ-EF29962982A9,1,1
RNA-003623,SEQ-7AEFD333DC0B,1,2
RNA-003624,SEQ-A4793E8B9EE2,1,1
RNA-003625,SEQ-D6ABD706ED25,1,2
RNA-003626,SEQ-ADC55B162171,1,3
RNA-003627,SEQ-4DA8050242B0,1,4
RNA-003628,SEQ-78AB8E839501,1,2
RNA-003629,SEQ-26AD1A0FAD4E,1,3
RNA-003629,SEQ-C0C394076B80,0,1
RNA-003630,SEQ-E95536AADBE6,1,3
RNA-003630,SEQ-341BFE0172F3,0,1
RNA-003632,SEQ-476F259C7BFF,1,5
RNA-003633,SEQ-8E1DBBEC3B6F,1,2
RNA-003634,SEQ-1FF65732D6DC,1,4
RNA-003635,SEQ-9341F1F0438D,1,2
RNA-003636,SEQ-E08F0888A5E1,1,3
RNA-003637,SEQ-63EA0D9F7491,1,4
RNA-003638,SEQ-4E74DD65C9FF,1,4
RNA-003639,SEQ-406A4178E8D5,1,3
RNA-003640,SEQ-D7BA45C0CC19,1,2
RNA-003641,SEQ-786275901AF9,1,2
RNA-003642,SEQ-71C569D4603D,1,3
RNA-003643,SEQ-96712FEF8B82,1,3
RNA-003644,SEQ-FED1E3EA4D05,1,3
RNA-003645,SEQ-1EBB09FB7595,1,3
RNA-003646,SEQ-B8666CD5429C,1,3
RNA-003647,SEQ-9F8F13AB0F25,1,3
RNA-003648,SEQ-B788835AC484,1,2
RNA-003649,SEQ-E848D17C286A,1,3
RNA-003650,SEQ-DE5108BFAC7C,1,3
RNA-003651,SEQ-635F20FE95CA,1,4
RNA-003652,SEQ-D087B265841F,1,1
RNA-003653,SEQ-47E297619478,1,5
RNA-003654,SEQ-334D3AAEDBDB,1,3
RNA-003655,SEQ-F2ED61A5BE3F,1,3
RNA-003656,SEQ-F987460598AC,1,4
RNA-003657,SEQ-67253B6E2A49,1,3
RNA-003658,SEQ-49A51A5D7B0C,1,5
RNA-003659,SEQ-880275F2B2F9,1,4
RNA-003661,SEQ-474F8EA4BA89,1,2
RNA-003662,SEQ-CA13667BBB0E,1,2
RNA-003663,SEQ-5D79E153DBD9,1,3
RNA-003664,SEQ-5CAD98B6152A,1,3
RNA-003665,SEQ-AE5851800FC1,1,4
RNA-003666,SEQ-C432F6323C30,1,3
RNA-003667,SEQ-241AE60513AE,1,3
RNA-003668,SEQ-A563C6FC1FBF,1,3
RNA-003669,SEQ-078025326BFC,1,3
RNA-003670,SEQ-23530294ABBD,1,6
RNA-003670,SEQ-AF39D769FFC3,0,1
RNA-003671,SEQ-120D1F4AEBF7,1,3
RNA-003672,SEQ-101C98227F86,1,8
RNA-003673,SEQ-6EA620573528,1,2
RNA-003674,SEQ-D774B75AB1E1,1,3
RNA-003675,SEQ-CBD156DBB625,1,1
RNA-003676,SEQ-30B614E90D61,1,3
RNA-003677,SEQ-0215C9CE40C8,1,4
RNA-003678,SEQ-F0229C23CE4D,1,2
RNA-003679,SEQ-7F12C881CD54,1,3
RNA-003681,SEQ-C958CB8763A4,1,3
RNA-003682,SEQ-9997EDE97EDA,1,2
RNA-003683,SEQ-9C00675C7F70,1,4
RNA-003684,SEQ-2A973D3C8F46,1,4
RNA-003685,SEQ-4197A10E2238,1,3
RNA-003686,SEQ-72BB3BC88A66,1,2
RNA-003687,SEQ-689C95DE3C5A,1,3
RNA-003688,SEQ-BD915EDC6743,1,3
RNA-003689,SEQ-7EB17B53D58A,1,3
RNA-003690,SEQ-B965A80F534B,1,3
RNA-003691,SEQ-37B7ED81AA78,1,5
RNA-003692,SEQ-273EE5A15176,1,3
RNA-003693,SEQ-8E61808BF64D,1,1
RNA-003694,SEQ-3C2455F00ED8,1,2
RNA-003695,SEQ-F20696AED39D,1,4
RNA-003696,SEQ-F452DE294DC7,1,3
RNA-003697,SEQ-8EC0BE00AAA5,1,1
RNA-003698,SEQ-D3186CFFF630,1,4
RNA-003699,SEQ-2419D47E12AC,1,2
RNA-003699,SEQ-971B07440F58,0,2
RNA-003700,SEQ-881C42B6CFE6,1,3
RNA-003701,SEQ-BBE142CE79F2,1,3
RNA-003702,SEQ-66963B4D2774,1,2
RNA-003703,SEQ-17C9BC74F0AC,1,3
RNA-003704,SEQ-EC9FECBE2B37,1,6
RNA-003705,SEQ-8F86FDC876A8,1,3
RNA-003705,SEQ-BEE035ADF9D8,0,1
RNA-003706,SEQ-FB29654D0BC5,1,2
RNA-003707,SEQ-93F271E3CFFE,1,3
RNA-003707,SEQ-B5346EAEF671,0,1
RNA-003708,SEQ-0D864593C5B7,1,2
RNA-003709,SEQ-F1187F79A36B,1,3
RNA-003710,SEQ-965B0DE6F1E7,1,3
RNA-003711,SEQ-09F98C54836F,1,3
RNA-003712,SEQ-45A65BD21A83,1,3
RNA-003713,SEQ-20254525DEB2,1,3
RNA-003714,SEQ-1B533FE3C898,1,3
RNA-003715,SEQ-572F6C21E3A4,1,4
RNA-003716,SEQ-94D64368E10F,1,3
RNA-003717,SEQ-07DA0273E987,1,2
RNA-003718,SEQ-06D05DBD2D3D,1,4
RNA-003719,SEQ-55AE0C9F4C17,1,2
RNA-003720,SEQ-7B116910CF8E,1,2
RNA-003721,SEQ-3566BDB46B77,1,4
RNA-003722,SEQ-BF7791AC6E51,1,2
RNA-003723,SEQ-A07D86795301,1,3
RNA-003724,SEQ-1488362ED6EC,1,4
RNA-003725,SEQ-93289B8F22BA,1,2
RNA-003726,SEQ-2BC604AF875B,1,4
RNA-003727,SEQ-A7702E68A120,1,3
RNA-003728,SEQ-B92B4CC1E544,1,3
RNA-003729,SEQ-3FBE3734E700,1,2
RNA-003730,SEQ-76D3BE4229C1,1,4
RNA-003731,SEQ-074DC0DFCD1B,1,4
RNA-003732,SEQ-BD80A168841F,1,2
RNA-003733,SEQ-9061620695C4,1,1
RNA-003734,SEQ-1BAAB1B4FA24,1,3
RNA-003735,SEQ-CE44E2E71249,1,3
RNA-003736,SEQ-D65F0680833C,1,3
RNA-003737,SEQ-3F64F0F9C88C,1,4
RNA-003738,SEQ-6CCEEB8F965A,1,2
RNA-003739,SEQ-44696104261D,1,3
RNA-003740,SEQ-613ABD86EB13,1,3
RNA-003740,SEQ-68E86A9C40B4,0,1
RNA-003741,SEQ-B907066A2B8B,1,2
RNA-003742,SEQ-D093AEA6DDDB,1,3
RNA-003743,SEQ-7076166E452C,1,2
RNA-003744,SEQ-8FD725C5CA9B,1,3
RNA-003745,SEQ-9FBA8094CADE,1,5
RNA-003745,SEQ-AA56B4D82F1D,0,4
RNA-003746,SEQ-3AAF90EF48B3,1,5
RNA-003747,SEQ-A21E72B1E922,1,5
RNA-003747,SEQ-10900BA34275,0,5
RNA-003748,SEQ-4F05CF06C032,1,3
RNA-003748,SEQ-24445E2FD2DA,0,3
RNA-003749,SEQ-433FCBA2DF64,1,3
RNA-003750,SEQ-D9F56890268C,1,2
RNA-003750,SEQ-8309FA8749AC,0,1
RNA-003751,SEQ-A08F95A44176,1,3
RNA-003752,SEQ-88C568FE62F7,1,3
RNA-003753,SEQ-D86E6C776F48,1,5
RNA-003754,SEQ-AC09F792CD42,1,3
RNA-003755,SEQ-EB0ABACC2847,1,6
RNA-003756,SEQ-C2EDDE6C429D,1,8
RNA-003757,SEQ-4E918F6299F0,1,2
RNA-003758,SEQ-D26DCBB3E02F,1,4
RNA-003759,SEQ-8A3F980A402D,1,5
RNA-003760,SEQ-53AC4B60E10E,1,4
RNA-003761,SEQ-3DF4C239875D,1,4
RNA-003762,SEQ-E36C900853A3,1,3
RNA-003763,SEQ-A88DBF52F6B0,1,4
RNA-003764,SEQ-19B18C278BFA,1,4
RNA-003765,SEQ-82799F344FB2,1,2
RNA-003766,SEQ-6329B96C303B,1,3
RNA-003767,SEQ-CDB007F82B50,1,4
RNA-003768,SEQ-A0924AE3131A,1,10
RNA-003769,SEQ-B763B7302D3D,1,4
RNA-003770,SEQ-ACED319F0DD5,1,9
RNA-003771,SEQ-96506AF92198,1,4
RNA-003772,SEQ-1A1EB96B1FE6,1,4
RNA-003773,SEQ-6999F4DD69C2,1,2
RNA-003774,SEQ-763AB4D4DBD7,1,10
RNA-003775,SEQ-894323DE5EBC,1,1
RNA-003776,SEQ-FF8FE391D886,1,8
RNA-003777,SEQ-29D403C7513E,1,4
RNA-003778,SEQ-B0AA916F7E09,1,7
RNA-003779,SEQ-CA45F4A18D1E,1,8
RNA-003780,SEQ-4507894CAFBF,1,5
RNA-003781,SEQ-BC6C6400C0E0,1,3
RNA-003782,SEQ-E7D1E8C31544,1,5
RNA-003783,SEQ-E07DFEF1DE64,1,3
RNA-003784,SEQ-129A7D0C324A,1,3
RNA-003785,SEQ-2696EE63FF73,1,5
RNA-003786,SEQ-6F4BAF44A180,1,3
RNA-003787,SEQ-D46BA05C6BF6,1,10
RNA-003788,SEQ-6F3F55677D85,1,3
RNA-003789,SEQ-3F68D0F1B909,1,3
RNA-003790,SEQ-2FCF39736D05,1,3
RNA-003791,SEQ-C6CDF1A3AEB2,1,5
RNA-003792,SEQ-35CF958350F3,1,3
RNA-003792,SEQ-3C95FBED596A,0,1
RNA-003793,SEQ-58ECB2392AED,1,5
RNA-003793,SEQ-214AD9306ABE,0,5
RNA-003794,SEQ-A9BE4BE8A7B6,1,5
RNA-003795,SEQ-E57CEEB10495,1,6
RNA-003795,SEQ-839CAAA70A87,0,1
RNA-003796,SEQ-523800AD6D26,1,4
RNA-003797,SEQ-5A62D9434BDB,1,4
RNA-003798,SEQ-2CF957D35E78,1,5
RNA-003798,SEQ-9C9E6899DDD2,0,1
RNA-003799,SEQ-C1F1FE33CEF4,1,3
RNA-003800,SEQ-73F9828A0770,1,3
RNA-003801,SEQ-D327E6252846,1,4
RNA-003802,SEQ-735851E482F5,1,2
RNA-003803,SEQ-F7CBC373CD53,1,6
RNA-003804,SEQ-C9DC44E0C244,1,2
RNA-003805,SEQ-7F135A666D7E,1,2
RNA-003806,SEQ-3557B1FC1B47,1,1
RNA-003807,SEQ-5D541C6DCA32,1,4
RNA-003807,SEQ-9D5F805BDEAD,0,1
RNA-003808,SEQ-19FE42924440,1,2
RNA-003809,SEQ-7F3EC8D45AF4,1,1
RNA-003810,SEQ-98A6B48E899F,1,2
RNA-003811,SEQ-19DE154DC916,1,5
RNA-003812,SEQ-9C73A8BDE28F,1,2
RNA-003812,SEQ-2EB7AD638BD6,0,1
RNA-003813,SEQ-D674BA0A9977,1,4
RNA-003814,SEQ-DACEF0F2B013,1,4
RNA-003815,SEQ-8F524DFB21A6,1,4
RNA-003816,SEQ-8CC239CE7928,1,5
RNA-003817,SEQ-988DDD24AED6,1,3
RNA-003818,SEQ-20AD390C7781,1,3
RNA-003819,SEQ-CBFF94D519BA,1,2
RNA-003820,SEQ-620F9C940D55,1,2
RNA-003821,SEQ-AA2E2578BE56,1,3
RNA-003822,SEQ-6D6A305C0F5E,1,3
RNA-003823,SEQ-61CC945EB9E3,1,2
RNA-003824,SEQ-56203F070C55,1,2
RNA-003825,SEQ-7E84C35C9795,1,2
RNA-003826,SEQ-962EA0D74AAB,1,4
RNA-003827,SEQ-893D159CD057,1,1
RNA-003828,SEQ-0D36DE88BF3E,1,2
RNA-003829,SEQ-A14A43F22B7F,1,2
RNA-003830,SEQ-74EA5737D325,1,2
RNA-003831,SEQ-9BF167D07A84,1,3
RNA-003832,SEQ-E3399EE4FA38,1,3
RNA-003833,SEQ-C2DC410C65AE,1,4
RNA-003835,SEQ-3742B28BE235,1,5
RNA-003836,SEQ-E51A5F8721EF,1,4
RNA-003837,SEQ-263C92F3AE26,1,3
RNA-003838,SEQ-1F7CFC967B7F,1,3
RNA-003839,SEQ-1153AB0123EF,1,3
RNA-003840,SEQ-08443F75BE9E,1,1
RNA-003841,SEQ-4ACDB2B85F1D,1,3
RNA-003842,SEQ-429290623145,1,1
RNA-003843,SEQ-B44EC51937A0,1,2
RNA-003844,SEQ-F7A38D3568BC,1,2
RNA-003845,SEQ-632BE069DA29,1,2
RNA-003846,SEQ-BED6A2C93BE7,1,4
RNA-003847,SEQ-4466CE5252C0,1,2
RNA-003848,SEQ-688B1C4739D2,1,2
RNA-003849,SEQ-688B1C4739D2,1,3
RNA-003850,SEQ-71C569D4603D,1,3
RNA-003851,SEQ-157917E94A68,1,3
RNA-003852,SEQ-F760FDAF7613,1,2
RNA-003853,SEQ-816B41847C37,1,2
RNA-003854,SEQ-924900ECD237,1,4
RNA-003855,SEQ-1E42947CB7D2,1,2
RNA-003855,SEQ-89839352DB96,0,2
RNA-003856,SEQ-1E42947CB7D2,1,1
RNA-003857,SEQ-48B7DAE0E699,1,3
RNA-003858,SEQ-620951B61648,1,3
RNA-003859,SEQ-D76E72677190,1,3
RNA-003860,SEQ-E2A128A51577,1,3
RNA-003861,SEQ-A959726F2B25,1,5
RNA-003862,SEQ-770F7AAFB586,1,4
RNA-003863,SEQ-C054E7CEFA82,1,4
RNA-003864,SEQ-2038AA7BBA37,1,2
RNA-003865,SEQ-2348AAB8450B,1,2
RNA-003866,SEQ-048FC8417A0D,1,3
RNA-003867,SEQ-42537D09251F,1,2
RNA-003868,SEQ-6A1C66FB6326,1,3
RNA-003869,SEQ-BA1D6C4993FE,1,3
RNA-003870,SEQ-30D1F7C860F4,1,1
RNA-003871,SEQ-1F9185E08737,1,2
RNA-003872,SEQ-015931D64199,1,3
RNA-003873,SEQ-C42CD4DB3998,1,3
RNA-003874,SEQ-D54C31D3D106,1,2
RNA-003875,SEQ-42194FFD7827,1,3
RNA-003876,SEQ-7AEEF58DB84D,1,3
RNA-003877,SEQ-90243CA235C6,1,5
RNA-003878,SEQ-6153918CE123,1,3
RNA-003879,SEQ-D707C7C9FD37,1,2
RNA-003880,SEQ-032B2F6D5A73,1,3
RNA-003881,SEQ-3C0FDA4F2D7E,1,3
RNA-003882,SEQ-7470D332A30D,1,5
RNA-003882,SEQ-30E8E4FE6ADD,0,1
RNA-003883,SEQ-A4178787F556,1,1
RNA-003884,SEQ-C2BE0A542D79,1,3
RNA-003885,SEQ-DAEA811C458B,1,2
RNA-003886,SEQ-5507C7218B7C,1,3
RNA-003887,SEQ-F62A7C593194,1,2
RNA-003888,SEQ-287918D07C82,1,2
RNA-003889,SEQ-562CA7BF66AD,1,5
RNA-003890,SEQ-0AA1C120FC32,1,4
RNA-003892,SEQ-0D8DE662C76D,1,3
RNA-003893,SEQ-323E7EEB122B,1,2
RNA-003894,SEQ-CD8D0EAE181E,1,4
RNA-003895,SEQ-3CF27274B1DE,1,4
RNA-003895,SEQ-BEF28AB8303D,0,4
RNA-003896,SEQ-3F7842DC6E0B,1,1
RNA-003897,SEQ-DC8AB185F8D5,1,3
RNA-003898,SEQ-CE0B132F7625,1,3
RNA-003899,SEQ-C6E3323F035E,1,3
RNA-003900,SEQ-4EC10598E51F,1,2
RNA-003901,SEQ-70F4027EC353,1,2
RNA-003902,SEQ-3DA64D38273A,1,1
RNA-003903,SEQ-49C8412353AA,1,2
RNA-003904,SEQ-AEAF6B500E42,1,4
RNA-003905,SEQ-5091997B20E9,1,2
RNA-003906,SEQ-FAB6A6C39FB0,1,1
RNA-003907,SEQ-C9FEE8475E8A,1,3
RNA-003908,SEQ-E337953D0179,1,3
RNA-003909,SEQ-4D630D2E5ABD,1,3
RNA-003910,SEQ-E14A0D4C9653,1,1
RNA-003911,SEQ-DEAFB42E85CF,1,4
RNA-003912,SEQ-5F4CF9F733BF,1,3
RNA-003913,SEQ-6175BD6E0AEF,1,3
RNA-003914,SEQ-C922EC39CAE1,1,2
RNA-003914,SEQ-35035C0E0E9C,0,1
RNA-003915,SEQ-792A033DD254,1,3
RNA-003916,SEQ-D99B397CB1B7,1,3
RNA-003917,SEQ-E88D448AD0AC,1,4
RNA-003918,SEQ-87FF2346BA36,1,6
RNA-003919,SEQ-F9FE8D683FAD,1,2
RNA-003920,SEQ-7171B2D50DA7,1,3
RNA-003920,SEQ-5FFD69F4DBFD,0,1
RNA-003921,SEQ-6E02B5CD13E7,1,3
RNA-003922,SEQ-EBC330E2AE43,1,3
RNA-003923,SEQ-CA32037B149E,1,4
RNA-003924,SEQ-47E41D44D9E3,1,3
RNA-003925,SEQ-6C51E2B5F5B9,1,2
RNA-003926,SEQ-6CC1BE7D28FC,1,2
RNA-003927,SEQ-B43CCD239654,1,3
RNA-003928,SEQ-BD7C10CAA864,1,2
RNA-003929,SEQ-9212DA96FED6,1,2
RNA-003930,SEQ-D1241E77C828,1,2
RNA-003931,SEQ-F04261F017B5,1,2
RNA-003932,SEQ-BE52270A194C,1,3
RNA-003933,SEQ-900DF801AD4E,1,2
RNA-003934,SEQ-EF29D97224E1,1,3
RNA-003935,SEQ-24FCD41476D6,1,4
RNA-003936,SEQ-D17487396B58,1,2
RNA-003937,SEQ-2FF9CA28D7DF,1,3
RNA-003938,SEQ-13CA28D42C9D,1,3
RNA-003939,SEQ-88BFB3F3BCCE,1,3
RNA-003940,SEQ-2F1FA2369B6E,1,3
RNA-003941,SEQ-FBC4F260FAB3,1,4
RNA-003942,SEQ-774C5736F5B0,1,3
RNA-003943,SEQ-FF16312AA728,1,9
RNA-003944,SEQ-1B1453C38B00,1,7
RNA-003945,SEQ-57073C42BD5C,1,3
RNA-003946,SEQ-DB6388909EE7,1,1
RNA-003947,SEQ-639BCCEB99C4,1,3
RNA-003948,SEQ-ADF0799BE135,1,3
RNA-003949,SEQ-6D35C64289BB,1,2
RNA-003950,SEQ-A8090FFE5304,1,2
RNA-003951,SEQ-0C21DA051E32,1,3
RNA-003952,SEQ-950EF8707F39,1,1
RNA-003953,SEQ-8BAE08458FF1,1,3
RNA-003954,SEQ-CCCED251E3C7,1,3
RNA-003955,SEQ-E59ED8159BDE,1,3
RNA-003956,SEQ-741C84B368C1,1,5
RNA-003957,SEQ-E83418A23F41,1,3
RNA-003958,SEQ-1A56C4145AC0,1,3
RNA-003959,SEQ-1B94D849C94D,1,2
RNA-003960,SEQ-946E03300AAA,1,3
RNA-003961,SEQ-A37473E6CFBA,1,3
RNA-003962,SEQ-54D3C8727666,1,5
RNA-003962,SEQ-EE58183DC034,0,1
RNA-003963,SEQ-FE68482EA24D,1,9
RNA-003964,SEQ-8A18867D4322,1,3
RNA-003965,SEQ-9F7C3DBACD6A,1,3
RNA-003966,SEQ-0F557290BADE,1,3
RNA-003967,SEQ-89B2BA08933F,1,6
RNA-003968,SEQ-D22DB2BB1050,1,3
RNA-003969,SEQ-285802319343,1,3
RNA-003970,SEQ-157917E94A68,1,7
RNA-003971,SEQ-8CB18BF8B233,1,6
RNA-003971,SEQ-7A45158C6146,0,2
RNA-003971,SEQ-70837DA4C1D9,0,1
RNA-003972,SEQ-A700D42A9142,1,4
RNA-003973,SEQ-6142794A4A40,1,6
RNA-003974,SEQ-7C0EE571FA72,1,3
RNA-003975,SEQ-21D133B34712,1,5
RNA-003976,SEQ-A670BF4FAF50,1,4
RNA-003977,SEQ-5159EE02EBBD,1,3
RNA-003978,SEQ-FBD0E22F0665,1,3
RNA-003979,SEQ-F1024C2109D4,1,5
RNA-003980,SEQ-D5186297FDA1,1,4
RNA-003981,SEQ-5C8DF887D951,1,2
RNA-003982,SEQ-CE7121C4808C,1,2
RNA-003983,SEQ-0F54ABA2EE41,1,2
RNA-003984,SEQ-D097FB5F3761,1,3
RNA-003985,SEQ-2E24B8CBDF8B,1,3
RNA-003985,SEQ-687E809FD247,0,1
RNA-003986,SEQ-A2FDD86B001E,1,11
RNA-003986,SEQ-E72D303761EE,0,1
RNA-003987,SEQ-8C402556377E,1,4
RNA-003988,SEQ-7E6CD9A1E679,1,4
RNA-003989,SEQ-104F4A03A2EF,1,5
RNA-003990,SEQ-7594D7269761,1,5
RNA-003991,SEQ-5951AC4ABA45,1,3
RNA-003992,SEQ-FB44F000FA93,1,4
RNA-003992,SEQ-94CCA6C29087,0,1
RNA-003993,SEQ-B75AF166C234,1,3
RNA-003994,SEQ-E2AE4B84639B,1,3
RNA-003995,SEQ-5C4D7ECFE30A,1,2
RNA-003996,SEQ-8012C2620BA8,1,3
RNA-003997,SEQ-8E944594F426,1,3
RNA-003998,SEQ-F4F2E71E0C15,1,3
RNA-003999,SEQ-5F52D6144DFF,1,2
RNA-004000,SEQ-3CF8CB778695,1,4
RNA-004001,SEQ-908C0793BA67,1,2
RNA-004002,SEQ-C6ED474F0363,1,2
RNA-004003,SEQ-6040CB08D2DA,1,4
RNA-004004,SEQ-28BEC45B28A7,1,5
RNA-004005,SEQ-0E70821D9414,1,8
RNA-004006,SEQ-B1F1BBA6E3E3,1,5
RNA-004007,SEQ-84419B383EAB,1,5
RNA-004008,SEQ-DB8A33119C79,1,3
RNA-004009,SEQ-F8B9D6612D3C,1,3
RNA-004010,SEQ-F44393B7A005,1,5
RNA-004011,SEQ-F08B2D337886,1,4
RNA-004012,SEQ-A8CDBBD79C68,1,2
RNA-004013,SEQ-80135D2CE129,1,4
RNA-004013,SEQ-D9422CEE4495,0,1
RNA-004014,SEQ-675C65ED65C2,1,2
RNA-004015,SEQ-3B330CA0027D,1,4
RNA-004016,SEQ-BE3D6FD6F78B,1,4
RNA-004017,SEQ-473572B897E4,1,3
RNA-004018,SEQ-255DAF7B97E6,1,4
RNA-004019,SEQ-AD383C02852D,1,3
RNA-004020,SEQ-88ABE0976627,1,4
RNA-004021,SEQ-2EE632C56429,1,3
RNA-004022,SEQ-362E26918A23,1,3
RNA-004023,SEQ-EB43F0F10D7C,1,3
RNA-004024,SEQ-DDBE6FA18C44,1,5
RNA-004025,SEQ-FFBEAEE278C0,1,7
RNA-004026,SEQ-A9F925A02273,1,4
RNA-004027,SEQ-F116EE40E5DD,1,3
RNA-004028,SEQ-2D6FE44AC12B,1,15
RNA-004029,SEQ-3B329B4739C6,1,5
RNA-004030,SEQ-D82ACF87806C,1,5
RNA-004031,SEQ-7DC1ADE7CA0D,1,3
RNA-004032,SEQ-06A17DE03E48,1,4
RNA-004033,SEQ-E8CBA3A633C7,1,3
RNA-004034,SEQ-B581AB48E7AC,1,3
RNA-004035,SEQ-A421ECECBCD6,1,4
RNA-004036,SEQ-A5C85A7CC02F,1,3
RNA-004037,SEQ-BA422B6F3875,1,5
RNA-004038,SEQ-B7C1188CDC76,1,7
RNA-004039,SEQ-FADA146AD224,1,5
RNA-004039,SEQ-70500A88EC51,0,1
RNA-004040,SEQ-8BF7F9460BFF,1,5
RNA-004041,SEQ-0E6AE608D4A7,1,4
RNA-004042,SEQ-331E6F485EB4,1,3
RNA-004043,SEQ-D26FA19FAFB7,1,7
RNA-004044,SEQ-9B328CE0890A,1,5
RNA-004045,SEQ-BCE4C717943E,1,6
RNA-004046,SEQ-63611F3B3AB6,1,3
RNA-004047,SEQ-6C78ACE71F1D,1,3
RNA-004048,SEQ-5ABE22A26D1B,1,7
RNA-004049,SEQ-EB0BE87773B9,1,6
RNA-004050,SEQ-C38535C1C664,1,4
RNA-004051,SEQ-49B9BD322CB1,1,6
RNA-004052,SEQ-6DF2E3F8214C,1,2
RNA-004053,SEQ-2B164CA177F3,1,2
RNA-004053,SEQ-3EACBDA6BBD7,0,1
RNA-004054,SEQ-7851F3E59E56,1,2
RNA-004055,SEQ-3C54978630E7,1,2
RNA-004056,SEQ-448D2FAACA0A,1,2
RNA-004057,SEQ-6E93BA018605,1,4
RNA-004058,SEQ-4D9E936AC6B8,1,2
RNA-004059,SEQ-54E933F1C996,1,4
RNA-004060,SEQ-E65BAC64ADA2,1,1
RNA-004061,SEQ-4B8D90E82BD7,1,2
RNA-004062,SEQ-B79C756AF071,1,3
RNA-004063,SEQ-8A9B2B1AE9CD,1,4
RNA-004064,SEQ-09AE42BA4853,1,3
RNA-004064,SEQ-A295ED3DD296,0,2
RNA-004065,SEQ-424FF87AC5B5,1,3
RNA-004066,SEQ-4FDCE0F591FE,1,3
RNA-004067,SEQ-76C24A26F00A,1,2
RNA-004068,SEQ-4DF0BB113758,1,3
RNA-004069,SEQ-1CE6AD37D67C,1,1
RNA-004070,SEQ-5B672A6384E2,1,3
RNA-004071,SEQ-A8BC562B3AAD,1,2
RNA-004072,SEQ-3FC70A9E0C77,1,4
RNA-004073,SEQ-4BF832B06A5F,1,3
RNA-004074,SEQ-559F65B388D8,1,6
RNA-004075,SEQ-1694A94765B7,1,2
RNA-004076,SEQ-05DE61B99B96,1,2
RNA-004077,SEQ-45E7C8B97B7D,1,2
RNA-004078,SEQ-4A415BCBFBBA,1,3
RNA-004078,SEQ-353D1F534DE7,0,1
RNA-004079,SEQ-2E09B653FC9C,1,2
RNA-004079,SEQ-365A83806C03,0,1
RNA-004080,SEQ-4A8852B780B9,1,1
RNA-004081,SEQ-EDE7306450F6,1,2
RNA-004082,SEQ-D130D5756A70,1,1
RNA-004082,SEQ-4757D849D6E9,0,1
RNA-004083,SEQ-CA5CCAFF80BA,1,2
RNA-004084,SEQ-23EF70E4825C,1,4
RNA-004085,SEQ-F345D1282FBC,1,2
RNA-004086,SEQ-49D87C2FA90E,1,2
RNA-004087,SEQ-95B545398E7A,1,3
RNA-004088,SEQ-BD569542EA49,1,4
RNA-004089,SEQ-05D57DD5B1FE,1,2
RNA-004090,SEQ-FF3F2C7CB094,1,2
RNA-004091,SEQ-57CE3BF2F395,1,2
RNA-004092,SEQ-D1182DF7DC61,1,4
RNA-004093,SEQ-C6A11FC3B312,1,3
RNA-004094,SEQ-BA0E2AC9281D,1,2
RNA-004095,SEQ-80534B894240,1,6
RNA-004096,SEQ-BFEEE6AF6DBB,1,2
RNA-004097,SEQ-2CB299D8AABC,1,4
RNA-004098,SEQ-F36F1D1BD736,1,3
RNA-004098,SEQ-A8C43021C9F3,0,2
RNA-004098,SEQ-3530553F4634,0,1
RNA-004099,SEQ-4EFAA9B6C6B7,1,3
RNA-004100,SEQ-318736483E9F,1,3
RNA-004101,SEQ-1959B3F5889B,1,3
RNA-004102,SEQ-D01A5E7CB684,1,2
RNA-004103,SEQ-592ADB60CAFA,1,3
RNA-004104,SEQ-A3769F3FC631,1,1
RNA-004105,SEQ-4940BEEEF341,1,3
RNA-004106,SEQ-601F5CC8EC4B,1,3
RNA-004107,SEQ-F7B5F73941E3,1,2
RNA-004108,SEQ-00CBBDF6DA7A,1,2
RNA-004109,SEQ-30EF7F140782,1,3
RNA-004110,SEQ-508D0C925F81,1,2
RNA-004111,SEQ-91CEF3BE8364,1,4
RNA-004112,SEQ-7DF2CB18EFEC,1,3
RNA-004113,SEQ-28EAF410F660,1,2
RNA-004114,SEQ-9921FC5DAF26,1,4
RNA-004115,SEQ-A10C6B21641E,1,2
RNA-004116,SEQ-FD894F894515,1,3
RNA-004117,SEQ-07B0A72A5D4B,1,4
RNA-004117,SEQ-CC483068F409,0,1
RNA-004119,SEQ-C87C68F6BAB7,1,4
RNA-004120,SEQ-839555E304FE,1,4
RNA-004121,SEQ-5FC3D5537419,1,2
RNA-004122,SEQ-8C279AE41EF0,1,2
RNA-004123,SEQ-8E40FC55FA70,1,1
RNA-004124,SEQ-1F71E4B93838,1,2
RNA-004125,SEQ-CB17CF2B6AF2,1,4
RNA-004126,SEQ-1500A2868D9C,1,6
RNA-004126,SEQ-51067EBD5682,0,1
RNA-004127,SEQ-990442D2526D,1,3
RNA-004128,SEQ-667FD9048F6A,1,2
RNA-004129,SEQ-54153CE51D3E,1,3
RNA-004130,SEQ-6EEB686EB4BD,1,3
RNA-004132,SEQ-4BF91D4D4FC3,1,3
RNA-004134,SEQ-F2C991326942,1,1
RNA-004135,SEQ-ECD31E913EFC,1,1
RNA-004136,SEQ-5B996753D91E,1,3
RNA-004137,SEQ-4A953A6B1286,1,3
RNA-004138,SEQ-322927C101DC,1,3
RNA-004139,SEQ-F03C007A9F1A,1,3
RNA-004140,SEQ-19CB0F33DFBA,1,5
RNA-004141,SEQ-472D89D644DA,1,4
RNA-004142,SEQ-9A6D01536285,1,5
RNA-004143,SEQ-C8359FA5FA1A,1,3
RNA-004144,SEQ-A1BC34452BE2,1,3
RNA-004144,SEQ-16AF629DDB89,0,1
RNA-004145,SEQ-552BC40D5772,1,3
RNA-004146,SEQ-A546535568A9,1,5
RNA-004147,SEQ-B3A50D19AD69,1,2
RNA-004147,SEQ-433C792535FA,0,1
RNA-004148,SEQ-41E35B826B05,1,2
RNA-004149,SEQ-3AFAA793A4BD,1,3
RNA-004150,SEQ-3F90FAB48B57,1,2
RNA-004151,SEQ-D237ADA8899C,1,5
RNA-004152,SEQ-598EC9AC9026,1,4
RNA-004153,SEQ-155FE0D02DDB,1,2
RNA-004154,SEQ-B5EBEC606443,1,3
RNA-004155,SEQ-5120A603DE84,1,2
RNA-004156,SEQ-21998E3AFE81,1,3
RNA-004157,SEQ-CEE5D2F83D1F,1,2
RNA-004158,SEQ-66D27C0972F0,1,4
RNA-004159,SEQ-1E7B8A79CFCC,1,3
RNA-004160,SEQ-65332F65469B,1,3
RNA-004161,SEQ-D4FC0AB7B458,1,3
RNA-004162,SEQ-3136773872E9,1,1
RNA-004163,SEQ-58FA07021731,1,2
RNA-004164,SEQ-30E258EDB1A7,1,3
RNA-004165,SEQ-10EC965FDE7B,1,2
RNA-004166,SEQ-1254F570C319,1,3
RNA-004167,SEQ-5B9B814AE3C0,1,3
RNA-004168,SEQ-8BA1C0C47FA3,1,3
RNA-004168,SEQ-A02092A6195F,0,1
RNA-004169,SEQ-B6306EF4B5C3,1,4
RNA-004170,SEQ-67C89DDE8D9A,1,3
RNA-004171,SEQ-74209AB177F2,1,2
RNA-004172,SEQ-AAEE835AD38E,1,1
RNA-004173,SEQ-A587C0DC9E4C,1,3
RNA-004174,SEQ-D4212E1880C1,1,3
RNA-004175,SEQ-96AFB4AE00B3,1,2
RNA-004176,SEQ-D55866F1634C,1,3
RNA-004177,SEQ-C2FD9E6ACA14,1,5
RNA-004178,SEQ-7F1CF2978BAF,1,4
RNA-004179,SEQ-0BC2F4ABC629,1,2
RNA-004179,SEQ-16F60E915E4C,0,1
RNA-004180,SEQ-1239C6CDF3AE,1,2
RNA-004180,SEQ-62668973AC74,0,1
RNA-004181,SEQ-837FBBBE367A,1,4
RNA-004182,SEQ-470AF12B8544,1,2
RNA-004183,SEQ-264113349CE9,1,1
RNA-004184,SEQ-5C7AB309258E,1,1
RNA-004185,SEQ-306F7C524503,1,3
RNA-004186,SEQ-3AE389D31E27,1,2
RNA-004187,SEQ-234F0087A1DD,1,2
RNA-004188,SEQ-54925CA786E5,1,2
RNA-004189,SEQ-D9C68F275487,1,3
RNA-004190,SEQ-B6BD5C8D38AA,1,2
RNA-004191,SEQ-440991A8D0D0,1,1
RNA-004192,SEQ-5CA04A29EF4B,1,4
RNA-004193,SEQ-C3702F18C973,1,3
RNA-004194,SEQ-3E08DE626FAB,1,3
RNA-004195,SEQ-7D84EFCBAC42,1,3
RNA-004196,SEQ-D6C1B6E65576,1,5
RNA-004197,SEQ-D6FCC1A23AC3,1,1
RNA-004198,SEQ-B2D61AEBE740,1,2
RNA-004199,SEQ-DE81B8ADEB49,1,2
RNA-004200,SEQ-9BCE9188F1B7,1,1
RNA-004201,SEQ-F6B6E8E8E542,1,3
RNA-004202,SEQ-60A34EAE83AD,1,2
RNA-004203,SEQ-73E42AF0B9E5,1,3
RNA-004204,SEQ-64C02575065F,1,2
RNA-004204,SEQ-3398D7C8AE10,0,1
RNA-004205,SEQ-47A9C417E907,1,2
RNA-004206,SEQ-50FBCB2ECCCC,1,2
RNA-004207,SEQ-90410C119B60,1,4
RNA-004208,SEQ-3FBA5EF6938C,1,2
RNA-004209,SEQ-2F12FA375D75,1,2
RNA-004210,SEQ-080CB223B950,1,3
RNA-004211,SEQ-E9359ABCFBDA,1,2
RNA-004212,SEQ-1F8939FFDCEA,1,2
RNA-004213,SEQ-BC3D012DF31D,1,3
RNA-004214,SEQ-64E562D02DFC,1,4
RNA-004215,SEQ-24D6D10E42EA,1,3
RNA-004217,SEQ-354C845AB5CB,1,2
RNA-004218,SEQ-772914B3F3BC,1,2
RNA-004219,SEQ-DE147FA57215,1,4
RNA-004220,SEQ-77BA5EC5F346,1,4
RNA-004221,SEQ-E188555272F5,1,3
RNA-004222,SEQ-BF35D2BFC2C1,1,3
RNA-004223,SEQ-108FF880A569,1,3
RNA-004224,SEQ-299ED768F42F,1,3
RNA-004225,SEQ-77079FA86236,1,5
RNA-004226,SEQ-03A247E2E639,1,4
RNA-004226,SEQ-0F747F405080,0,1
RNA-004227,SEQ-9EC73A7945E9,1,1
RNA-004228,SEQ-82922C60083A,1,2
RNA-004229,SEQ-395A74061BC1,1,2
RNA-004230,SEQ-1423D5AB41FD,1,1
RNA-004231,SEQ-0ED829530C36,1,5
RNA-004232,SEQ-2B475F0CEE46,1,2
RNA-004233,SEQ-54558B53E270,1,2
RNA-004234,SEQ-4D1DE671C967,1,2
RNA-004235,SEQ-A57E2B0AA406,1,2
RNA-004236,SEQ-A9FE320A6399,1,4
RNA-004237,SEQ-829D152EFC87,1,3
RNA-004237,SEQ-F7490933116A,0,1
RNA-004238,SEQ-5E076AB64ECD,1,3
RNA-004239,SEQ-9C53C1DA9EDB,1,4
RNA-004240,SEQ-E4AE6DC61593,1,2
RNA-004241,SEQ-50A047413C00,1,2
RNA-004242,SEQ-A1893FAB9300,1,2
RNA-004243,SEQ-BB8DEE88B2E0,1,4
RNA-004244,SEQ-2ADB3CE797E6,1,2
RNA-004245,SEQ-BCF0F5ABED7D,1,2
RNA-004246,SEQ-B763EC57C596,1,3
RNA-004247,SEQ-1402D2BE7046,1,6
RNA-004248,SEQ-8AAF1D7D7AD2,1,3
RNA-004249,SEQ-7D300B6B4D18,1,4
RNA-004250,SEQ-08EAF12C49D6,1,3
RNA-004251,SEQ-CD64F0A5DBB1,1,4
RNA-004252,SEQ-97BA0CB9AC5C,1,2
RNA-004253,SEQ-F8595FBDEF6E,1,3
RNA-004254,SEQ-6B36DC2F81AD,1,2
RNA-004255,SEQ-A9519BA84019,1,7
RNA-004256,SEQ-15936C23909A,1,5
RNA-004257,SEQ-1E63D74CDFBB,1,5
RNA-004257,SEQ-C1F9361A14D6,0,1
RNA-004258,SEQ-6A3ABFAC506A,1,3
RNA-004259,SEQ-E4701AB8BF5B,1,8
RNA-004260,SEQ-5E2E50F4A6BC,1,2
RNA-004261,SEQ-04A6AA539F5F,1,3
RNA-004262,SEQ-A74E3DCE1D2F,1,6
RNA-004263,SEQ-2503FB7DC303,1,4
RNA-004264,SEQ-BBBDBC5B6575,1,4
RNA-004264,SEQ-DE16D2DB245D,0,2
RNA-004265,SEQ-1157FE35B2CE,1,5
RNA-004265,SEQ-E81419B5D7C8,0,1
RNA-004266,SEQ-E70EC389958B,1,5
RNA-004267,SEQ-6F7FF65A88E4,1,2
RNA-004268,SEQ-600BB86DB1F0,1,7
RNA-004269,SEQ-FD6EBD894D0B,1,4
RNA-004270,SEQ-52FFBAF982B4,1,5
RNA-004271,SEQ-B7C7B2C65678,1,4
RNA-004272,SEQ-4C76E5F793FC,1,3
RNA-004272,SEQ-14599FCE5002,0,1
RNA-004273,SEQ-C4006D53F936,1,5
RNA-004274,SEQ-CEB854F3798B,1,3
RNA-004275,SEQ-608D7A2D31DA,1,7
RNA-004276,SEQ-F9FB04AEDBA6,1,4
RNA-004277,SEQ-A5D15292EAE9,1,3
RNA-004278,SEQ-B1C15DA7AA0F,1,4
RNA-004279,SEQ-17EF22AF6775,1,3
RNA-004280,SEQ-8A6342E31B41,1,3
RNA-004280,SEQ-36701CAF29AC,0,1
RNA-004280,SEQ-17309882BEDD,0,1
RNA-004281,SEQ-78F455DAAADF,1,8
RNA-004282,SEQ-4BF9DDF7829B,1,5
RNA-004283,SEQ-FD643C75FD06,1,7
RNA-004284,SEQ-C3574F35658D,1,3
RNA-004285,SEQ-3AC406E09454,1,3
RNA-004286,SEQ-990E2B620221,1,4
RNA-004287,SEQ-D9D4B80665ED,1,3
RNA-004288,SEQ-A8258D6483F6,1,5
RNA-004289,SEQ-6A51A48F0042,1,5
RNA-004290,SEQ-ADACC58655B2,1,3
RNA-004290,SEQ-FB672EEE893A,0,2
RNA-004291,SEQ-225925908C68,1,4
RNA-004292,SEQ-63412510743F,1,4
RNA-004293,SEQ-86AF226AC983,1,5
RNA-004294,SEQ-0BAEA87043EA,1,3
RNA-004295,SEQ-346835517E4B,1,5
RNA-004296,SEQ-517A9EFBF3AA,1,2
RNA-004297,SEQ-77109A6C31F9,1,2
RNA-004298,SEQ-17A6ECC539CC,1,4
RNA-004299,SEQ-4EA49422EAB7,1,3
RNA-004300,SEQ-21FB7CB3D600,1,9
RNA-004300,SEQ-2A6DFC32211F,0,1
RNA-004301,SEQ-CEF0C27CDC3E,1,4
RNA-004301,SEQ-5581B77A9028,0,3
RNA-004302,SEQ-A7F14A857CFF,1,5
RNA-004303,SEQ-675A7C29770C,1,5
RNA-004304,SEQ-0D2746767F22,1,6
RNA-004305,SEQ-8058C5AA0039,1,4
RNA-004306,SEQ-F105165E999F,1,3
RNA-004307,SEQ-BAD1CB75D4EE,1,3
RNA-004308,SEQ-979A10860F78,1,3
RNA-004309,SEQ-AA864A046FEA,1,6
RNA-004310,SEQ-BE33B4F508D7,1,3
RNA-004311,SEQ-E7402E3A6E5D,1,4
RNA-004312,SEQ-02584D417D3D,1,3
RNA-004313,SEQ-A833571833D2,1,3
RNA-004314,SEQ-886C6DB26F96,1,7
RNA-004315,SEQ-861BF04DF4A6,1,6
RNA-004316,SEQ-2384A7274E57,1,3
RNA-004317,SEQ-C9F852C13103,1,3
RNA-004318,SEQ-9B76E9B2545C,1,5
RNA-004319,SEQ-319B0CBCB40D,1,3
RNA-004320,SEQ-EDB5CF931FD5,1,4
RNA-004321,SEQ-0996752BECFA,1,3
RNA-004322,SEQ-ECDC2D6D3C53,1,11
RNA-004323,SEQ-0010BC09E31B,1,3
RNA-004323,SEQ-6596967C361F,0,3
RNA-004324,SEQ-AD55B44558AD,1,2
RNA-004325,SEQ-29F56DD027CD,1,5
RNA-004326,SEQ-369E3B6AF986,1,3
RNA-004327,SEQ-B2A62ACBB96E,1,3
RNA-004328,SEQ-10664B45D238,1,3
RNA-004329,SEQ-BDA1F473F473,1,4
RNA-004330,SEQ-6F88CBAC5E35,1,3
RNA-004331,SEQ-36C196E943E6,1,5
RNA-004332,SEQ-95F873CB05FC,1,2
RNA-004333,SEQ-04053335AB3E,1,3
RNA-004334,SEQ-C0BB2142FE90,1,3
RNA-004335,SEQ-42FB875975FF,1,3
RNA-004336,SEQ-1F7D79A5F8CA,1,5
RNA-004337,SEQ-D2D2463B03DD,1,3
RNA-004338,SEQ-5BF63AEAEF51,1,3
RNA-004338,SEQ-DC54F9D97CA3,0,1
RNA-004339,SEQ-1148662284A4,1,3
RNA-004340,SEQ-7506E506F729,1,6
RNA-004341,SEQ-1060BED8E36E,1,6
RNA-004342,SEQ-180806FDEC09,1,5
RNA-004343,SEQ-B5D075E87D55,1,2
RNA-004344,SEQ-EF0F39911395,1,3
RNA-004345,SEQ-F53BCEF1BAB0,1,3
RNA-004346,SEQ-41FD63B2922C,1,2
RNA-004347,SEQ-E795F6C6C240,1,5
RNA-004348,SEQ-67031E68EA8C,1,9
RNA-004348,SEQ-6A1E52B6A3D8,0,1
RNA-004349,SEQ-4380A81F656E,1,4
RNA-004350,SEQ-3C26C36F629A,1,3
RNA-004351,SEQ-C9434F978F75,1,3
RNA-004352,SEQ-1A6788E93DA8,1,4
RNA-004353,SEQ-CFB63B542488,1,4
RNA-004355,SEQ-5CC58811B593,1,4
RNA-004356,SEQ-8F25C22766DB,1,4
RNA-004357,SEQ-FB55CFCB9A0C,1,3
RNA-004358,SEQ-55ABB186978A,1,4
RNA-004359,SEQ-9F11CAF3FE25,1,2
RNA-004360,SEQ-A5E0E83B6A18,1,4
RNA-004361,SEQ-1B1D32651387,1,5
RNA-004362,SEQ-D42DCD6C6199,1,3
RNA-004363,SEQ-DBBE271ABE74,1,4
RNA-004364,SEQ-D32C90671D13,1,2
RNA-004365,SEQ-69AEF1A51CA0,1,3
RNA-004366,SEQ-F067DB5046EF,1,3
RNA-004367,SEQ-64CFAA354FFF,1,2
RNA-004368,SEQ-CD6BB27E60DD,1,3
RNA-004369,SEQ-7C91D46FFF14,1,3
RNA-004370,SEQ-5D0AFD1D6955,1,4
RNA-004371,SEQ-C04DF37B225F,1,5
RNA-004373,SEQ-F8E307EF36BB,1,2
RNA-004374,SEQ-9D007C43003D,1,6
RNA-004375,SEQ-C6664BE7DAA9,1,2
RNA-004375,SEQ-ABC62F7BBA08,0,1
RNA-004376,SEQ-3E572A3891E4,1,4
RNA-004377,SEQ-03653392E49B,1,3
RNA-004378,SEQ-86B362FA7823,1,2
RNA-004379,SEQ-1220254CB0FE,1,3
RNA-004380,SEQ-8AF510C60F00,1,7
RNA-004381,SEQ-97A4A234035C,1,5
RNA-004382,SEQ-4394C4238E85,1,3
RNA-004383,SEQ-E5C9E2F75FBF,1,3
RNA-004383,SEQ-9787F1CC771F,0,1
RNA-004384,SEQ-7A527BB42736,1,5
RNA-004385,SEQ-B02B60F2AF44,1,4
RNA-004386,SEQ-0DDD8376651F,1,6
RNA-004387,SEQ-6E26022ACB09,1,5
RNA-004388,SEQ-840D74EED7F6,1,3
RNA-004389,SEQ-8299E984E26A,1,2
RNA-004390,SEQ-93D569E6B059,1,3
RNA-004391,SEQ-8693C25F76A6,1,3
RNA-004392,SEQ-1773FFFCB560,1,5
RNA-004393,SEQ-932ECFDB6049,1,3
RNA-004394,SEQ-7F232D067FBD,1,4
RNA-004395,SEQ-0D132F7B23B3,1,4
RNA-004396,SEQ-5E38A1A55038,1,5
RNA-004397,SEQ-68AA4D6AB329,1,4
RNA-004398,SEQ-8CBF8873DA64,1,6
RNA-004399,SEQ-F94CAE2F5445,1,6
RNA-004400,SEQ-B11536027B85,1,2
RNA-004401,SEQ-F662430E8B87,1,3
RNA-004404,SEQ-DA7EC7D44EFE,1,1
RNA-004405,SEQ-7EA164A2AE16,1,2
RNA-004406,SEQ-43AC9B6EE714,1,1
RNA-004407,SEQ-DEB603366802,1,2
RNA-004407,SEQ-DB593BABA58B,0,1
RNA-004408,SEQ-44CECE16EBA3,1,4
RNA-004409,SEQ-B4259BBCBC29,1,2
RNA-004410,SEQ-E01DE77FE051,1,6
RNA-004411,SEQ-5AF996FBD30F,1,3
RNA-004412,SEQ-CA00D804F9E5,1,3
RNA-004413,SEQ-BE224DB327AF,1,8
RNA-004414,SEQ-D4944210C627,1,3
RNA-004414,SEQ-CC2FDE71019A,0,1
RNA-004415,SEQ-049A0D4078E5,1,2
RNA-004416,SEQ-C6CF33FA8A15,1,2
RNA-004417,SEQ-1E2422FC8994,1,2
RNA-004418,SEQ-B0A38DD21013,1,3
RNA-004419,SEQ-1D47ACCE29DF,1,1
RNA-004420,SEQ-F0ED1FC74CDB,1,2
RNA-004421,SEQ-290F9500A10F,1,3
RNA-004422,SEQ-63F6F70B199C,1,2
RNA-004423,SEQ-9B1AF2E250D4,1,2
RNA-004424,SEQ-FF8CDE2B3DEE,1,3
RNA-004425,SEQ-80867CAB5E9B,1,2
RNA-004426,SEQ-6BEB63DE39B9,1,5
RNA-004426,SEQ-F5062EFCA488,0,3
RNA-004427,SEQ-358E5500317B,1,1
RNA-004428,SEQ-F04E07E34059,1,3
RNA-004429,SEQ-E3F95D100BE6,1,1
RNA-004430,SEQ-B796F5ED7B7A,1,2
RNA-004431,SEQ-50E9CDF11F75,1,3
RNA-004432,SEQ-E68697EF876B,1,2
RNA-004433,SEQ-1619328DCA5C,1,1
RNA-004434,SEQ-F6639DB3A18D,1,3
RNA-004435,SEQ-EE5ADC31F132,1,1
RNA-004436,SEQ-3DB630CECC26,1,3
RNA-004437,SEQ-B01F4537BDB2,1,7
RNA-004438,SEQ-AFD3DBB4FEDF,1,3
RNA-004439,SEQ-E6686F49F3C8,1,3
RNA-004440,SEQ-CA09DACC652A,1,4
RNA-004441,SEQ-E99C8ED5D06E,1,3
RNA-004444,SEQ-DDDEF27D1126,1,1
RNA-004445,SEQ-324D0912769F,1,2
RNA-004446,SEQ-CC435D03C1F4,1,2
RNA-004447,SEQ-A65A031D245D,1,2
RNA-004448,SEQ-95A2B01011E9,1,2
RNA-004449,SEQ-256F494B14B3,1,1
RNA-004450,SEQ-E8CAD14E182D,1,2
RNA-004451,SEQ-7C2F04169A0B,1,4
RNA-004452,SEQ-1D79CBF1DC57,1,1
RNA-004453,SEQ-3BB3D7A5737E,1,4
RNA-004454,SEQ-7F7DA37E0DF5,1,1
RNA-004455,SEQ-F1AABBE37EF2,1,1
RNA-004456,SEQ-BE3A31E051E6,1,1
RNA-004457,SEQ-57F299039252,1,1
RNA-004458,SEQ-A060860A7DB2,1,3
RNA-004459,SEQ-082B50A5FD9F,1,1
RNA-004460,SEQ-387FA7A9740D,1,5
RNA-004461,SEQ-F62C549EDC64,1,2
RNA-004462,SEQ-5A60581A688C,1,1
RNA-004463,SEQ-CB231AA91D79,1,2
RNA-004464,SEQ-1E5204BCE0D2,1,3
RNA-004465,SEQ-37DD63F17D8F,1,3
RNA-004466,SEQ-84B2265DBE5E,1,2
RNA-004467,SEQ-ECEBCD8A583D,1,3
RNA-004468,SEQ-7C35E085D473,1,2
RNA-004469,SEQ-28A5D0FCEB81,1,3
RNA-004470,SEQ-D7446F338AE6,1,3
RNA-004471,SEQ-A5C0CA947917,1,2
RNA-004472,SEQ-F0E82D2A2C88,1,2
RNA-004473,SEQ-6E6B45FAE043,1,4
RNA-004474,SEQ-17D7FC164BE1,1,6
RNA-004475,SEQ-3821BE52FE1D,1,2
RNA-004476,SEQ-D508BAD1AA24,1,2
RNA-004477,SEQ-CD07ADD1E304,1,3
RNA-004478,SEQ-790E8FE66737,1,2
RNA-004479,SEQ-BD2399CF1ADF,1,2
RNA-004480,SEQ-7295F98AE0D9,1,2
RNA-004481,SEQ-FA5245848276,1,1
RNA-004482,SEQ-6E9585EB65ED,1,4
RNA-004483,SEQ-E09E43F46987,1,4
RNA-004484,SEQ-80174059A2BF,1,3
RNA-004485,SEQ-015C0872EA5C,1,3
RNA-004486,SEQ-E0599F5CF705,1,1
RNA-004487,SEQ-EA83C5940EE3,1,5
RNA-004488,SEQ-54BA313866CA,1,2
RNA-004489,SEQ-18CC638E7148,1,2
RNA-004490,SEQ-1C06118622FC,1,2
RNA-004491,SEQ-5CD388E8B89F,1,5
RNA-004492,SEQ-D002409B6E7F,1,2
RNA-004493,SEQ-4AEE67427DFE,1,4
RNA-004494,SEQ-79BB24EC8FF8,1,4
RNA-004495,SEQ-AC70F35719FB,1,2
RNA-004496,SEQ-136D05130719,1,2
RNA-004497,SEQ-EDCC81F0A56B,1,3
RNA-004498,SEQ-1ACE18406BB7,1,3
RNA-004499,SEQ-511A31680102,1,3
RNA-004500,SEQ-7B49DBC43CEC,1,2
RNA-004501,SEQ-FCF178DA48D3,1,4
RNA-004502,SEQ-F3D6EB92FFFC,1,2
RNA-004503,SEQ-64519AF80BBC,1,3
RNA-004504,SEQ-1012DECA0FDD,1,2
RNA-004505,SEQ-9EA6BBAC272F,1,3
RNA-004506,SEQ-9E847B8C2014,1,2
RNA-004507,SEQ-FE7A9A5C11EF,1,2
RNA-004508,SEQ-7E924A5E9A94,1,3
RNA-004509,SEQ-5C12753FDB84,1,3
RNA-004509,SEQ-0F450C7134D0,0,1
RNA-004510,SEQ-0A396B28E994,1,3
RNA-004511,SEQ-E6380EDBC4A2,1,1
RNA-004512,SEQ-E2CF139EBA79,1,1
RNA-004513,SEQ-AB862B7FA395,1,1
RNA-004514,SEQ-947C715A645C,1,5
RNA-004515,SEQ-28EA62F21BD0,1,3
RNA-004516,SEQ-4375A56EA63E,1,1
RNA-004517,SEQ-891317455CFD,1,2
RNA-004518,SEQ-1D6C7DC6EA0A,1,5
RNA-004519,SEQ-6D94510D3F9E,1,2
RNA-004520,SEQ-55050C343E5C,1,3
RNA-004522,SEQ-532624F99104,1,2
RNA-004523,SEQ-3F7716E17C16,1,3
RNA-004524,SEQ-FBDD9EE64839,1,5
RNA-004524,SEQ-AF404F3987AD,0,1
RNA-004525,SEQ-91010120CDBD,1,3
RNA-004525,SEQ-BD500E3C39A3,0,1
RNA-004526,SEQ-BBD60B59AC0E,1,2
RNA-004527,SEQ-D89C6B637B7D,1,1
RNA-004528,SEQ-4A726E7EF29B,1,2
RNA-004529,SEQ-A583504B2A13,1,2
RNA-004530,SEQ-80BAFD61A52A,1,3
RNA-004531,SEQ-993A0531D44E,1,1
RNA-004532,SEQ-CF6AD76C941B,1,2
RNA-004533,SEQ-302DE65756B2,1,1
RNA-004534,SEQ-E507FC35AB2F,1,2
RNA-004535,SEQ-2364688F4F8A,1,3
RNA-004536,SEQ-193DB3CD8668,1,3
RNA-004537,SEQ-3B7A6947AD27,1,3
RNA-004538,SEQ-E3110FD0B17C,1,1
RNA-004539,SEQ-4629F1621CC5,1,2
RNA-004540,SEQ-DE36CD454082,1,2
RNA-004541,SEQ-7DE9753C17CD,1,2
RNA-004542,SEQ-CCA080F873D2,1,1
RNA-004543,SEQ-FEE30FD9AABD,1,7
RNA-004543,SEQ-C60B12EC037E,0,1
RNA-004544,SEQ-526F08446AB3,1,3
RNA-004545,SEQ-D2FA0722A4F4,1,3
RNA-004546,SEQ-BF2B6E91CE18,1,2
RNA-004547,SEQ-0D2A57B138B0,1,1
RNA-004548,SEQ-261BD69506B7,1,3
RNA-004549,SEQ-416964643D6B,1,2
RNA-004550,SEQ-2EFC08A4C13C,1,3
RNA-004551,SEQ-2A22B21100B8,1,3
RNA-004552,SEQ-ACD6BB799E45,1,3
RNA-004552,SEQ-9CEB6DBDD2FE,0,1
RNA-004553,SEQ-0ABBF49AFB3E,1,2
RNA-004554,SEQ-091682AC5BA1,1,3
RNA-004555,SEQ-F51F72FE8E1C,1,4
RNA-004556,SEQ-92CA3D650802,1,4
RNA-004557,SEQ-EAF241048486,1,2
RNA-004558,SEQ-EE686043D98F,1,3
RNA-004559,SEQ-4B4479A489A7,1,4
RNA-004560,SEQ-6DD5BBD491D3,1,3
RNA-004561,SEQ-E483133D850C,1,2
RNA-004562,SEQ-29A4F5AB48CE,1,2
RNA-004563,SEQ-D7D5829FFE7E,1,2
RNA-004564,SEQ-1EACDC6D9030,1,3
RNA-004565,SEQ-271397B3513B,1,4
RNA-004565,SEQ-14D02187259F,0,1
RNA-004566,SEQ-8B6C10389191,1,3
RNA-004567,SEQ-7173A1C777DA,1,2
RNA-004568,SEQ-93A0226CC4CE,1,1
RNA-004569,SEQ-2D8DC191D131,1,2
RNA-004570,SEQ-454B6A7E77EF,1,2
RNA-004571,SEQ-E9ED3D949DD5,1,2
RNA-004572,SEQ-A954D487DBC2,1,7
RNA-004573,SEQ-797994C464CF,1,3
RNA-004574,SEQ-83E2BA83D1EC,1,3
RNA-004575,SEQ-05043C12F164,1,4
RNA-004576,SEQ-9A8911022F8A,1,3
RNA-004577,SEQ-7A2B73FC2A4E,1,3
RNA-004578,SEQ-2F7926253C11,1,3
RNA-004579,SEQ-C6D85AD08881,1,2
RNA-004580,SEQ-07EC7C65735C,1,5
RNA-004581,SEQ-D55B528D0EB0,1,4
RNA-004581,SEQ-0A8BB3191686,0,2
RNA-004582,SEQ-5A2D487F828C,1,3
RNA-004583,SEQ-B5491E402F9C,1,2
RNA-004584,SEQ-415699ACEF27,1,4
RNA-004585,SEQ-5404E15D30E6,1,2
RNA-004586,SEQ-CFA2FB93ACCF,1,3
RNA-004587,SEQ-B9BE8A929643,1,2
RNA-004588,SEQ-10273411FF4B,1,2
RNA-004589,SEQ-16258145328F,1,1
RNA-004590,SEQ-2BFF45CE83A0,1,3
RNA-004591,SEQ-F3A40E6B7B0C,1,2
RNA-004592,SEQ-C59B0AF44504,1,2
RNA-004593,SEQ-241B1BB676F0,1,3
RNA-004594,SEQ-9F017DC389A7,1,3
RNA-004595,SEQ-A21C4EF1FEB2,1,2
RNA-004596,SEQ-0A322C7DC360,1,2
RNA-004597,SEQ-6FEDC1FE1E35,1,4
RNA-004598,SEQ-1CAE68E46125,1,4
RNA-004599,SEQ-8E3FA40694EC,1,2
RNA-004600,SEQ-2E23E6325E49,1,2
RNA-004601,SEQ-1B93B9979D50,1,3
RNA-004602,SEQ-44C82B86CA43,1,2
RNA-004602,SEQ-4563DA59C5E8,0,2
RNA-004603,SEQ-1ADC606165FA,1,2
RNA-004604,SEQ-514748D55EFE,1,2
RNA-004604,SEQ-B01E446CE497,0,1
RNA-004605,SEQ-FA472646557C,1,2
RNA-004606,SEQ-C63377154008,1,2
RNA-004607,SEQ-1394E25D23CB,1,1
RNA-004608,SEQ-5D57F2CF1E94,1,3
RNA-004609,SEQ-F95D15D1D5F7,1,2
RNA-004610,SEQ-FA27976602A5,1,4
RNA-004611,SEQ-904B908AFCFF,1,2
RNA-004612,SEQ-F9A9D429B89B,1,2
RNA-004613,SEQ-B00423A7ED34,1,2
RNA-004614,SEQ-89F173373960,1,4
RNA-004615,SEQ-7DF5C80B2014,1,3
RNA-004616,SEQ-060429648A30,1,2
RNA-004617,SEQ-1856486AF6A5,1,4
RNA-004618,SEQ-C98E00A0427B,1,2
RNA-004619,SEQ-B6384B6131E2,1,3
RNA-004620,SEQ-3E865CA3E937,1,4
RNA-004621,SEQ-6F8B3D615B75,1,3
RNA-004622,SEQ-6B64C7A2EA47,1,5
RNA-004623,SEQ-A7D7A286F6DF,1,1
RNA-004624,SEQ-D65C6E862759,1,4
RNA-004625,SEQ-2B7AD463026A,1,1
RNA-004626,SEQ-ECFB3E2650D0,1,3
RNA-004627,SEQ-0F29BC61405B,1,2
RNA-004628,SEQ-540F6D0C7755,1,3
RNA-004628,SEQ-1C9EB05DECAE,0,1
RNA-004629,SEQ-6673B238E375,1,3
RNA-004630,SEQ-8968E39D3AEA,1,2
RNA-004630,SEQ-B2FF2AB4DD1A,0,1
RNA-004630,SEQ-DC54F9D97CA3,0,1
RNA-004631,SEQ-8E3E52C45918,1,1
RNA-004632,SEQ-B012BCE8F6C3,1,3
RNA-004633,SEQ-3D6F87DC8C23,1,4
RNA-004634,SEQ-6FDB9B33B6E5,1,2
RNA-004635,SEQ-2C8949F70C65,1,3
RNA-004636,SEQ-A6D8DF36DD07,1,3
RNA-004637,SEQ-AEBDA12345A1,1,3
RNA-004638,SEQ-32C260C8F15F,1,2
RNA-004639,SEQ-1568D4EFD5A4,1,2
RNA-004640,SEQ-965CAB953446,1,3
RNA-004641,SEQ-CEC32CFCF8A5,1,1
RNA-004642,SEQ-7E3D841F5392,1,3
RNA-004643,SEQ-038FF64EB8F3,1,8
RNA-004644,SEQ-2BECAC7D6BE3,1,3
RNA-004644,SEQ-A2A05946077C,0,1
RNA-004645,SEQ-3AB45F7094CD,1,4
RNA-004646,SEQ-C1E8B8DAC5C8,1,3
RNA-004646,SEQ-2EBCCD33DAC0,0,1
RNA-004647,SEQ-7DF11171DABA,1,6
RNA-004647,SEQ-A09F32C203CC,0,1
RNA-004648,SEQ-CABD5014C22B,1,3
RNA-004649,SEQ-FFE12EE0DD26,1,4
RNA-004650,SEQ-B8B37ACBBDA1,1,3
RNA-004651,SEQ-F4D1BD8EAA8B,1,3
RNA-004652,SEQ-DCF05AA90322,1,3
RNA-004653,SEQ-C09D6014B200,1,5
RNA-004654,SEQ-2B13B1837E1A,1,5
RNA-004655,SEQ-D6F7ADCE58CE,1,4
RNA-004656,SEQ-1AA47D51F3E3,1,5
RNA-004657,SEQ-811C8753AB1F,1,4
RNA-004658,SEQ-6F808F382FCB,1,8
RNA-004659,SEQ-CB6E2F4DDE14,1,4
RNA-004660,SEQ-923B0D41512F,1,2
RNA-004660,SEQ-0977247C4517,0,1
RNA-004661,SEQ-9944DE2B99E8,1,9
RNA-004662,SEQ-132E96FCB984,1,5
RNA-004663,SEQ-7D9100DC929C,1,3
RNA-004664,SEQ-3CBE23FC5F7B,1,3
RNA-004665,SEQ-F12FAACCCFB3,1,5
RNA-004666,SEQ-F611BA80F7BD,1,3
RNA-004666,SEQ-DE2B28E519E7,0,1
RNA-004667,SEQ-65629BED3DB1,1,2
RNA-004668,SEQ-7128516E4D9C,1,3
RNA-004669,SEQ-ECD84B805D6C,1,3
RNA-004670,SEQ-DAF71695B1DB,1,3
RNA-004671,SEQ-D6307BE3ED02,1,4
RNA-004672,SEQ-8E32C343F621,1,4
RNA-004672,SEQ-91A39C504D1B,0,3
RNA-004673,SEQ-8CFED377F7E5,1,4
RNA-004674,SEQ-A7B35426911F,1,3
RNA-004674,SEQ-D507FDB3A2B7,0,1
RNA-004675,SEQ-23558B393EF5,1,5
RNA-004676,SEQ-5AD02BFCE8DE,1,5
RNA-004677,SEQ-B435D0796C8F,1,6
RNA-004678,SEQ-2D70B617E29C,1,2
RNA-004679,SEQ-6B61005DFB39,1,3
RNA-004680,SEQ-A3ED2DA45809,1,3
RNA-004680,SEQ-E1AA5B7AFAEB,0,1
RNA-004681,SEQ-080B85EA6499,1,4
RNA-004682,SEQ-401465412807,1,2
RNA-004682,SEQ-2B78B71E9442,0,1
RNA-004683,SEQ-C9DA35167BA4,1,2
RNA-004684,SEQ-B979CAA5EA31,1,4
RNA-004685,SEQ-12CBE3D82D99,1,3
RNA-004686,SEQ-45F21C9C60F3,1,2
RNA-004687,SEQ-581BC7A66E79,1,4
RNA-004688,SEQ-E01A13FB2297,1,10
RNA-004689,SEQ-E240B8FF2040,1,6
RNA-004690,SEQ-D6DB94FB33D9,1,3
RNA-004691,SEQ-08E2367F2371,1,4
RNA-004692,SEQ-20BA48BE93EE,1,6
RNA-004693,SEQ-7ABC1A9992C1,1,3
RNA-004693,SEQ-2558B8C8EE7A,0,2
RNA-004694,SEQ-BDD270AE79BF,1,5
RNA-004695,SEQ-3C98D977A585,1,4
RNA-004695,SEQ-99942C64F1F8,0,3
RNA-004696,SEQ-4B959A7FEED1,1,3
RNA-004696,SEQ-994E83ECF37B,0,1
RNA-004697,SEQ-0B5934A65DBE,1,3
RNA-004698,SEQ-B8A1942F846E,1,2
RNA-004699,SEQ-88E0912B00BA,1,4
RNA-004700,SEQ-5902F696CA63,1,2
RNA-004700,SEQ-645AFFA7F2F6,0,1
RNA-004701,SEQ-35B7D7A874E1,1,5
RNA-004702,SEQ-CE014B638C76,1,3
RNA-004703,SEQ-AD7EF339B8B9,1,3
RNA-004703,SEQ-419B57410213,0,1
RNA-004704,SEQ-BEBA31C6A758,1,3
RNA-004704,SEQ-BC780AEB4106,0,2
RNA-004705,SEQ-6A35BAB71CD6,1,5
RNA-004706,SEQ-383C7A412A31,1,3
RNA-004707,SEQ-C29DC533E404,1,3
RNA-004708,SEQ-0FA25AB3A5C0,1,5
RNA-004709,SEQ-FD6031432C32,1,3
RNA-004710,SEQ-B48FA7392D85,1,2
RNA-004711,SEQ-D12966C41BC4,1,3
RNA-004712,SEQ-E8ED126F16EF,1,4
RNA-004713,SEQ-E37B0A80EB35,1,3
RNA-004714,SEQ-911AE8F2599D,1,4
RNA-004715,SEQ-8A32FC663EA7,1,3
RNA-004716,SEQ-BF4B8E9E9FE5,1,2
RNA-004717,SEQ-2D7F0112360B,1,5
RNA-004718,SEQ-CD4A904A403D,1,4
RNA-004719,SEQ-0169876B3300,1,2
RNA-004720,SEQ-70C99E4A0F8B,1,3
RNA-004721,SEQ-543C0463B24D,1,2
RNA-004722,SEQ-B50BF951C7C1,1,3
RNA-004723,SEQ-9F1614DC778F,1,2
RNA-004724,SEQ-DA8483B45B8F,1,3
RNA-004725,SEQ-00D3DC95EC84,1,2
RNA-004726,SEQ-C1BF784169F8,1,5
RNA-004727,SEQ-D44421E39330,1,3
RNA-004728,SEQ-D87CBB99AD69,1,3
RNA-004729,SEQ-46E64F3E4BFD,1,1
RNA-004730,SEQ-E966AA2721E5,1,2
RNA-004731,SEQ-94D8CE94AC23,1,2
RNA-004732,SEQ-F25C445BF478,1,3
RNA-004733,SEQ-7D82691A9F34,1,3
RNA-004734,SEQ-C90B9EB6E89B,1,7
RNA-004735,SEQ-0BE93D7A4796,1,5
RNA-004736,SEQ-8B4D43529AB3,1,2
RNA-004737,SEQ-FB0380F0702C,1,2
RNA-004738,SEQ-7542FAD21FD3,1,3
RNA-004739,SEQ-1D02B602810F,1,2
RNA-004740,SEQ-868B51C263C0,1,5
RNA-004741,SEQ-98B4A9BBC188,1,2
RNA-004742,SEQ-2F375CFEC305,1,3
RNA-004743,SEQ-94DE09D645E3,1,5
RNA-004744,SEQ-30DED1C1F823,1,4
RNA-004745,SEQ-0F16A8518948,1,3
RNA-004746,SEQ-6F1FFB065BF0,1,2
RNA-004746,SEQ-10F5853D4E9B,0,1
RNA-004747,SEQ-09E754CFB408,1,2
RNA-004748,SEQ-96CFC2FC4812,1,4
RNA-004749,SEQ-E066E8E0E9F5,1,3
RNA-004750,SEQ-5BF552EA5942,1,4
RNA-004751,SEQ-47A524F5C10F,1,4
RNA-004752,SEQ-6E14BA6AB149,1,2
RNA-004753,SEQ-CC4B31DD1577,1,4
RNA-004754,SEQ-AD690541C0B4,1,2
RNA-004755,SEQ-5A7504FB77E6,1,3
RNA-004756,SEQ-17D16EE594B6,1,2
RNA-004756,SEQ-5785E428250C,0,2
RNA-004756,SEQ-E72D303761EE,0,1
RNA-004757,SEQ-CB2570A2B21C,1,4
RNA-004758,SEQ-2A868AA344BC,1,3
RNA-004759,SEQ-8E2A34990886,1,2
RNA-004760,SEQ-9D8F22E2201C,1,5
RNA-004761,SEQ-8F42A4AA019D,1,3
RNA-004762,SEQ-533685C4F5FA,1,4
RNA-004763,SEQ-907ABDBD2F8C,1,3
RNA-004764,SEQ-892E22143F03,1,3
RNA-004765,SEQ-03270B89B669,1,3
RNA-004765,SEQ-65C35A3F3440,0,2
RNA-004766,SEQ-3625E14B8976,1,3
RNA-004766,SEQ-BCAD94D8DCDC,0,1
RNA-004767,SEQ-720B2E722D37,1,9
RNA-004768,SEQ-EA6DCB786208,1,4
RNA-004769,SEQ-55E993DB3E05,1,5
RNA-004770,SEQ-8E944594F426,1,2
RNA-004771,SEQ-9A319A02F722,1,2
RNA-004772,SEQ-F788F508C1A9,1,5
RNA-004772,SEQ-CBCBAB98D67B,0,1
RNA-004773,SEQ-B58A29634B7C,1,2
RNA-004774,SEQ-7F8A1F1907CD,1,8
RNA-004775,SEQ-F66A78F96B5F,1,5
RNA-004776,SEQ-A68CBC8A6B5D,1,4
RNA-004777,SEQ-695D7CAB7198,1,4
RNA-004778,SEQ-266962B18285,1,4
RNA-004778,SEQ-4F93DBFF86A7,0,2
RNA-004779,SEQ-33CC1763895B,1,2
RNA-004780,SEQ-68311D4F98F6,1,3
RNA-004780,SEQ-BB5962376E98,0,1
RNA-004781,SEQ-C4BF0B4D07D9,1,5
RNA-004782,SEQ-F90BAF9CB376,1,3
RNA-004783,SEQ-0438A5FFD4DB,1,3
RNA-004784,SEQ-9C0725D5EDF6,1,3
RNA-004785,SEQ-EC1E2612726C,1,6
RNA-004785,SEQ-C951393CA622,0,3
RNA-004786,SEQ-9A31A88F00AB,1,3
RNA-004787,SEQ-AD08E886951D,1,5
RNA-004788,SEQ-9DD4C65CA881,1,2
RNA-004789,SEQ-861EEF4D3625,1,4
RNA-004790,SEQ-03A622FBCB6A,1,2
RNA-004791,SEQ-AF1BE3396732,1,4
RNA-004792,SEQ-66DFC4B74925,1,5
RNA-004793,SEQ-78E2ACA4BA9F,1,3
RNA-004793,SEQ-BF98A2D67191,0,1
RNA-004794,SEQ-4BEC010F629F,1,3
RNA-004795,SEQ-875A8DD85D7A,1,5
RNA-004796,SEQ-F5CE22CC313D,1,2
RNA-004797,SEQ-A8EC3F83D0D2,1,8
RNA-004798,SEQ-9BFDDA58DB84,1,4
RNA-004799,SEQ-96A59B5B1F68,1,5
RNA-004800,SEQ-C4DCEB2B380E,1,3
RNA-004801,SEQ-157917E94A68,1,3
RNA-004802,SEQ-A16C090457A3,1,3
RNA-004803,SEQ-5698CA985C62,1,4
RNA-004804,SEQ-FAA1D4ACB739,1,5
RNA-004805,SEQ-B2E1DEFECFCF,1,3
RNA-004806,SEQ-0211111AD76D,1,3
RNA-004807,SEQ-E5065CD12818,1,2
RNA-004808,SEQ-7929403DFC56,1,3
RNA-004809,SEQ-3BCFBB5D42EA,1,5
RNA-004810,SEQ-3837DEC8E175,1,3
RNA-004811,SEQ-A37487159623,1,4
RNA-004812,SEQ-8109CEC3F19C,1,3
RNA-004813,SEQ-D76C400A691F,1,2
RNA-004814,SEQ-493FA956A749,1,3
RNA-004815,SEQ-F3D8D80C3642,1,3
RNA-004815,SEQ-740C2C1AAA83,0,2
RNA-004816,SEQ-7DC1ADE7CA0D,1,2
RNA-004817,SEQ-D503AC9CDD80,1,2
RNA-004818,SEQ-AFF20A4850CC,1,3
RNA-004819,SEQ-BBED4EFEF4B5,1,3
RNA-004820,SEQ-2FB14236BE8B,1,3
RNA-004821,SEQ-460E061A9651,1,2
RNA-004821,SEQ-A1BAD5DF5339,0,2
RNA-004822,SEQ-ED9616FB50EB,1,12
RNA-004823,SEQ-40A9CF459638,1,4
RNA-004824,SEQ-C4E2B0110E1B,1,2
RNA-004825,SEQ-CA0BC2D33D65,1,3
RNA-004826,SEQ-EBBF78588952,1,2
RNA-004827,SEQ-2930313A3C3C,1,2
RNA-004828,SEQ-948087638AD6,1,5
RNA-004829,SEQ-32E9F60D01C8,1,2
RNA-004829,SEQ-3530553F4634,0,1
RNA-004830,SEQ-2A601B894D5F,1,3
RNA-004831,SEQ-269DBC231D62,1,2
RNA-004831,SEQ-86EB0349C670,0,1
RNA-004832,SEQ-21C770505D91,1,5
RNA-004832,SEQ-46AD0349227E,0,1
RNA-004833,SEQ-3BDD7F5BBAEC,1,2
RNA-004834,SEQ-DA8C83D8ADF9,1,3
RNA-004834,SEQ-68E86A9C40B4,0,1
RNA-004835,SEQ-423E38C121E5,1,2
RNA-004836,SEQ-E4E56675F58D,1,3
RNA-004837,SEQ-63B288D2A138,1,3
RNA-004838,SEQ-05BF2382DC3C,1,3
RNA-004839,SEQ-A0A9A6884CCE,1,3
RNA-004840,SEQ-5FED7E5D078A,1,2
RNA-004841,SEQ-78E75ABD9B3B,1,2
RNA-004842,SEQ-D39E49CAC25C,1,2
RNA-004842,SEQ-4625C5EBF436,0,2
RNA-004843,SEQ-F6881D79DF84,1,3
RNA-004844,SEQ-C4D183F3D756,1,2
RNA-004845,SEQ-AECECF65BAB2,1,3
RNA-004846,SEQ-219735AA2827,1,3
RNA-004847,SEQ-B602F67958DB,1,3
RNA-004848,SEQ-CE4212AB254B,1,2
RNA-004849,SEQ-E24AD9F9F0B0,1,3
RNA-004850,SEQ-B8C9D039753C,1,2
RNA-004851,SEQ-A416011015F7,1,4
RNA-004852,SEQ-6E7AC4FCD746,1,3
RNA-004853,SEQ-FBA528D35B53,1,2
RNA-004854,SEQ-96712FEF8B82,1,4
RNA-004855,SEQ-FBE00299BAAE,1,7
RNA-004856,SEQ-4E49D85A95DB,1,4
RNA-004857,SEQ-63F583D2E780,1,3
RNA-004858,SEQ-FB02CB63B87F,1,2
RNA-004859,SEQ-8C80AB5F5066,1,1
RNA-004860,SEQ-85BD2B8D7359,1,3
RNA-004861,SEQ-1366396EC3C1,1,7
RNA-004862,SEQ-0023F71C1F07,1,2
RNA-004863,SEQ-8698A029526C,1,6
RNA-004864,SEQ-6904FB4BD245,1,2
RNA-004865,SEQ-86AEAEA83F66,1,2
RNA-004866,SEQ-27A6CBD53748,1,2
RNA-004867,SEQ-8B67C490C411,1,3
RNA-004868,SEQ-DECFC850EEE6,1,2
RNA-004869,SEQ-9B7F452A626C,1,3
RNA-004870,SEQ-E502ED42EABD,1,4
RNA-004871,SEQ-9C58B95D3189,1,2
RNA-004872,SEQ-A49810D65536,1,2
RNA-004873,SEQ-2914B9893523,1,2
RNA-004874,SEQ-93E629D42469,1,7
RNA-004875,SEQ-29B27D6DBEB2,1,4
RNA-004876,SEQ-1057F3AA018D,1,2
RNA-004877,SEQ-A9C80635F927,1,2
RNA-004878,SEQ-9479B1307132,1,2
RNA-004879,SEQ-E304390A79D4,1,3
RNA-004880,SEQ-AABBCD64F590,1,2
RNA-004881,SEQ-9751309E4C7A,1,3
RNA-004881,SEQ-7DC34490DA36,0,1
RNA-004882,SEQ-BF70BEF7BB7A,1,2
RNA-004882,SEQ-3F976FFEDEDD,0,2
RNA-004883,SEQ-0B4564AC5E83,1,8
RNA-004884,SEQ-64F598311BE3,1,2
RNA-004885,SEQ-9735BCDB1F0D,1,2
RNA-004886,SEQ-B7EF86D0AFD9,1,2
RNA-004887,SEQ-68F3E98F1DA7,1,2
RNA-004888,SEQ-C444A681DE13,1,3
RNA-004889,SEQ-5E1A668510EA,1,3
RNA-004890,SEQ-276127EA3586,1,3
RNA-004891,SEQ-6D0603B30038,1,4
RNA-004892,SEQ-8AE22CE6DAAB,1,3
RNA-004893,SEQ-300037FC6CAE,1,9
RNA-004894,SEQ-2544EF326A19,1,3
RNA-004895,SEQ-296903E3427E,1,2
RNA-004896,SEQ-298F36E48AA5,1,2
RNA-004897,SEQ-177A88A1827E,1,3
RNA-004898,SEQ-6B879A32ED15,1,4
RNA-004898,SEQ-114E89E3A611,0,3
RNA-004899,SEQ-BEADFF14DD13,1,2
RNA-004900,SEQ-5AD5075BA4DB,1,6
RNA-004900,SEQ-E1AA5B7AFAEB,0,1
RNA-004901,SEQ-F0A25550CADD,1,2
RNA-004902,SEQ-7DF2CB18EFEC,1,3
RNA-004903,SEQ-717DB5D1DAA2,1,3
RNA-004904,SEQ-4C5B66C5FC15,1,2
RNA-004905,SEQ-0C50511742A6,1,2
RNA-004907,SEQ-E4D67BF7822C,1,2
RNA-004908,SEQ-C4291DD6083E,1,3
RNA-004909,SEQ-42D671D50E25,1,3
RNA-004910,SEQ-7883FB071FAD,1,4
RNA-004911,SEQ-856B88B5282D,1,2
RNA-004912,SEQ-362DA344AE43,1,3
RNA-004913,SEQ-B0D82EF318D8,1,9
RNA-004914,SEQ-0195E7303BB1,1,2
RNA-004915,SEQ-1E8023A92193,1,3
RNA-004916,SEQ-335C9230C2EB,1,3
RNA-004917,SEQ-9F5959F554B0,1,4
RNA-004918,SEQ-EF4460C77269,1,5
RNA-004919,SEQ-3DCFD5EB46F6,1,2
RNA-004920,SEQ-1933C8DBEE59,1,2
RNA-004921,SEQ-9EACE8AEB14F,1,3
RNA-004922,SEQ-6E7C2DED0AF3,1,2
RNA-004923,SEQ-E4EC1A56F0EF,1,6
RNA-004924,SEQ-A66BD2306987,1,2
RNA-004925,SEQ-7AEC3D904D5B,1,2
RNA-004926,SEQ-B92846882337,1,3
RNA-004927,SEQ-0E00B6BD1EBF,1,3
RNA-004928,SEQ-75FE211B4442,1,2
RNA-004929,SEQ-8E402BED9EA4,1,3
RNA-004930,SEQ-34BD600889AE,1,2
RNA-004931,SEQ-D8889BA887E8,1,2
RNA-004932,SEQ-26F259122975,1,1
RNA-004933,SEQ-52D06AA38D40,1,2
RNA-004934,SEQ-1430AB0774E9,1,3
RNA-004935,SEQ-1BFCA1F61A41,1,9
RNA-004936,SEQ-0A604510B2AF,1,3
RNA-004937,SEQ-129A17C35797,1,7
RNA-004938,SEQ-B775B936DF0C,1,2
RNA-004939,SEQ-7A1723DE5965,1,2
RNA-004940,SEQ-B6ED8EF2F958,1,3
RNA-004941,SEQ-433F3D189897,1,2
RNA-004942,SEQ-8E944594F426,1,2
RNA-004943,SEQ-806436B4FB49,1,5
RNA-004944,SEQ-8B195FB0FA61,1,2
RNA-004945,SEQ-86097A6C132E,1,2
RNA-004946,SEQ-F252F8140B71,1,6
RNA-004947,SEQ-F17ECDADE67D,1,4
RNA-004948,SEQ-EA50D4C457DC,1,2
RNA-004949,SEQ-E66C974BB0BA,1,2
RNA-004950,SEQ-357371194F6C,1,4
RNA-004951,SEQ-45AB294680F8,1,3
RNA-004951,SEQ-D17A2E2EDA19,0,2
RNA-004952,SEQ-D99EBBB03C40,1,2
RNA-004953,SEQ-6E0B25F15E24,1,1
RNA-004954,SEQ-B6D99CE6EB61,1,3
RNA-004955,SEQ-AB5785D49D45,1,2
RNA-004956,SEQ-1F04345AE49C,1,1
RNA-004957,SEQ-E967DF0AC7B1,1,3
RNA-004958,SEQ-37DDC879FBB1,1,3
RNA-004959,SEQ-275C712F8B1B,1,2
RNA-004960,SEQ-FEBC5A5956A0,1,3
RNA-004961,SEQ-7F35AE0037CF,1,2
RNA-004962,SEQ-D3342CE7E012,1,2
RNA-004963,SEQ-CDBA55DCB78A,1,2
RNA-004964,SEQ-4D77DD99FA09,1,2
RNA-004965,SEQ-E94FA5767DE6,1,5
RNA-004967,SEQ-6D957300F8D5,1,2
RNA-004968,SEQ-2976A4C6B027,1,1
RNA-004969,SEQ-86B783CCE591,1,2
RNA-004970,SEQ-FA35BF290C4C,1,5
RNA-004971,SEQ-7549FAEEF21B,1,2
RNA-004972,SEQ-0777055F49E1,1,1
RNA-004973,SEQ-A88C6222ECEA,1,3
RNA-004974,SEQ-3E554EC93379,1,2
RNA-004975,SEQ-134372B76502,1,1
RNA-004976,SEQ-340FA173BE2F,1,2
RNA-004977,SEQ-F09B1FF5EE87,1,2
RNA-004977,SEQ-8C2E39F2C0D0,0,2
RNA-004978,SEQ-5D0F98DE7443,1,3
RNA-004979,SEQ-EAF686E332B6,1,2
RNA-004979,SEQ-384DF88A4139,0,1
RNA-004980,SEQ-BF6BD5A5216A,1,2
RNA-004981,SEQ-5D09A78D310F,1,3
RNA-004982,SEQ-00078F9D5C98,1,5
RNA-004983,SEQ-88A113CEA653,1,2
RNA-004985,SEQ-3ADD7844FD50,1,3
RNA-004986,SEQ-F1669EBC8197,1,2
RNA-004987,SEQ-8CECD644602D,1,3
RNA-004988,SEQ-E3929D8AB906,1,3
RNA-004989,SEQ-EF7C122FEC88,1,7
RNA-004990,SEQ-BB1AC9B7FF43,1,4
RNA-004991,SEQ-A437446FF5BB,1,5
RNA-004992,SEQ-F23E0FEA1FA6,1,2
RNA-004993,SEQ-20CD3B45533E,1,3
RNA-004994,SEQ-70D5C4954145,1,3
RNA-004995,SEQ-648153B69ACF,1,5
RNA-004996,SEQ-6587A87AA326,1,2
RNA-004997,SEQ-853F08ED81F0,1,3
RNA-004998,SEQ-6927A8512EB5,1,2
RNA-004999,SEQ-2329FD058519,1,3
RNA-005000,SEQ-35BC7412E574,1,2
RNA-005001,SEQ-4A43D41C122A,1,2
RNA-005002,SEQ-639BC18F3FC3,1,1
RNA-005003,SEQ-AD63AF028621,1,3
RNA-005004,SEQ-06D2CBD6F025,1,3
RNA-005005,SEQ-ED60DF7C7C42,1,2
RNA-005006,SEQ-49A8E743EA45,1,5
RNA-005007,SEQ-F35C69BC615D,1,3
RNA-005007,SEQ-6875CC0C6F33,0,2
RNA-005008,SEQ-39D4D23C0D3F,1,2
RNA-005009,SEQ-975E1B6DA316,1,2
RNA-005010,SEQ-9183113E0BA7,1,4
RNA-005011,SEQ-18562DFE4D7E,1,4
RNA-005012,SEQ-0BDE2C90D314,1,5
RNA-005013,SEQ-90DAB06EEDA3,1,5
RNA-005013,SEQ-AA0C2CA14AC3,0,1
RNA-005014,SEQ-558B2060F97C,1,2
RNA-005015,SEQ-10664B45D238,1,2
RNA-005016,SEQ-8E944594F426,1,2
RNA-005017,SEQ-688B1C4739D2,1,2
RNA-005018,SEQ-EEC00BA75486,1,2
RNA-005019,SEQ-816A2FC93D2F,1,2
RNA-005020,SEQ-D0E6B0EFC5E6,1,4
RNA-005021,SEQ-A2D4BC44E435,1,3
RNA-005022,SEQ-B181C82FC574,1,2
RNA-005023,SEQ-40B393C19E5D,1,2
RNA-005024,SEQ-F84DB28331F1,1,2
RNA-005026,SEQ-A2ECAF1D8512,1,1
RNA-005027,SEQ-66495B76562E,1,2
RNA-005027,SEQ-48A29D7D56A0,0,1
RNA-005028,SEQ-B45B33188F50,1,2
RNA-005028,SEQ-22F2E45B1EAE,0,2
RNA-005029,SEQ-E286FC94D9B7,1,2
RNA-005030,SEQ-06AC07F36B64,1,2
RNA-005031,SEQ-C0E18EE5B5A5,1,2
RNA-005032,SEQ-9773DE7C2F9E,1,2
RNA-005033,SEQ-F747D76BEC78,1,1
RNA-005034,SEQ-3DF47028D55B,1,3
RNA-005035,SEQ-9C75C9E522EB,1,2
RNA-005036,SEQ-ED5798FAA35F,1,1
RNA-005037,SEQ-E87747BD8025,1,3
RNA-005038,SEQ-375C2A00EE5F,1,2
RNA-005039,SEQ-802F1519E9E0,1,2
RNA-005040,SEQ-9AC2D69A3146,1,2
RNA-005041,SEQ-4FC4FDAC999D,1,2
RNA-005042,SEQ-2C1BE5DE23BC,1,2
RNA-005043,SEQ-27748801007E,1,2
RNA-005044,SEQ-856EB2B2D5A8,1,3
RNA-005045,SEQ-0592119F7235,1,2
RNA-005046,SEQ-AA01DDECE073,1,1
RNA-005047,SEQ-DADC7B1549FB,1,2
RNA-005048,SEQ-BE478AA793F4,1,2
RNA-005049,SEQ-60569205DEE1,1,5
RNA-005050,SEQ-81C6784225D2,1,2
RNA-005051,SEQ-92D227DC84AF,1,2
RNA-005052,SEQ-BB99F7707469,1,2
RNA-005053,SEQ-F0CD888F37A8,1,2
RNA-005054,SEQ-99A7A63FAA26,1,2
RNA-005055,SEQ-C5D4342F4BA2,1,2
RNA-005056,SEQ-3E36AAA8ADDC,1,2
RNA-005057,SEQ-E2291D34FBD4,1,5
RNA-005057,SEQ-2EFC937EB297,0,2
RNA-005058,SEQ-10414736E0ED,1,5
RNA-005059,SEQ-7760A30CFEE0,1,2
RNA-005060,SEQ-328B3454E427,1,3
RNA-005061,SEQ-68E4F8C2F443,1,2
RNA-005062,SEQ-E12964CD9569,1,1
RNA-005062,SEQ-5902C3E304C8,0,1
RNA-005063,SEQ-657070C3EB69,1,4
RNA-005064,SEQ-0069DD21FDA2,1,1
RNA-005065,SEQ-6CF5413BF785,1,2
RNA-005066,SEQ-0203F327DCDC,1,2
RNA-005067,SEQ-152C5DCB41F4,1,5
RNA-005068,SEQ-99189981B090,1,1
RNA-005069,SEQ-A1E48BF6F138,1,4
RNA-005070,SEQ-25A06E11CADA,1,3
RNA-005071,SEQ-6AB94627E27F,1,1
RNA-005072,SEQ-A8ABBBD36C5C,1,3
RNA-005073,SEQ-D9A62CD4995B,1,2
RNA-005074,SEQ-156954689FD0,1,1
RNA-005075,SEQ-B4DA81822E33,1,1
RNA-005076,SEQ-EA98DF9F415A,1,2
RNA-005077,SEQ-910CAC536914,1,1
RNA-005078,SEQ-5D1701C8E27C,1,2
RNA-005079,SEQ-760A468AD039,1,4
RNA-005080,SEQ-3699E26BDD91,1,1
RNA-005080,SEQ-7D2B7BA2D46F,0,1
RNA-005081,SEQ-B3A3DF542CED,1,2
RNA-005081,SEQ-5F710F5DBC9A,0,1
RNA-005082,SEQ-03E9DDE3663C,1,4
RNA-005083,SEQ-FAA433D4B7CA,1,2
RNA-005084,SEQ-619C2079AF64,1,1
RNA-005085,SEQ-422AF467057B,1,1
RNA-005086,SEQ-8B4957030FEF,1,2
RNA-005086,SEQ-A97164536262,0,1
RNA-005087,SEQ-02011C2A99C9,1,3
RNA-005087,SEQ-7EDB19F0D654,0,1
RNA-005088,SEQ-C6A3A9333587,1,1
RNA-005089,SEQ-588B43C72FDD,1,1
RNA-005090,SEQ-8D7EE4784504,1,1
RNA-005091,SEQ-10B128D6157B,1,2
RNA-005092,SEQ-3DA94197EA66,1,1
RNA-005093,SEQ-67043D5B3571,1,1
RNA-005094,SEQ-855D9E0C0DBA,1,3
RNA-005095,SEQ-3A71E8E4378F,1,1
RNA-005096,SEQ-789DB67E0365,1,2
RNA-005097,SEQ-055AA90568FE,1,1
RNA-005098,SEQ-F571529DC8A9,1,1
RNA-005099,SEQ-7CFCA67ED134,1,1
RNA-005100,SEQ-BAE409EEC25E,1,3
RNA-005101,SEQ-EF803D068F6D,1,2
RNA-005102,SEQ-D0FEEFEFFF7B,1,3
RNA-005103,SEQ-A6BD9BDBF84D,1,1
RNA-005104,SEQ-97621A50D042,1,7
RNA-005104,SEQ-F57DA1B9104D,0,5
RNA-005105,SEQ-4C82EDC66019,1,1
RNA-005106,SEQ-CB5E37459FBF,1,1
RNA-005107,SEQ-BF56DAB4278C,1,1
RNA-005108,SEQ-61856FAA03A4,1,2
RNA-005109,SEQ-0AECCCC8FF32,1,3
RNA-005110,SEQ-7C0C4155D003,1,2
RNA-005111,SEQ-BC9274C91DF5,1,2
RNA-005112,SEQ-4219EB2FB674,1,3
RNA-005113,SEQ-C45C851F62F4,1,2
RNA-005114,SEQ-3AF79F4A2537,1,1
RNA-005115,SEQ-2E72135718C9,1,2
RNA-005116,SEQ-C675AF9681CA,1,1
RNA-005117,SEQ-9C41EFD62570,1,3
RNA-005117,SEQ-DAFA71AE1863,0,2
RNA-005118,SEQ-14E7BB4460BC,1,2
RNA-005119,SEQ-BB214B9480AA,1,3
RNA-005120,SEQ-297139DD683D,1,3
RNA-005121,SEQ-CA5FC141D8E3,1,2
RNA-005122,SEQ-EC2BB1A53037,1,3
RNA-005123,SEQ-CAC7EE800D02,1,1
RNA-005124,SEQ-078B9369B70E,1,2
RNA-005124,SEQ-B4E993AFE711,0,1
RNA-005125,SEQ-E03718574457,1,1
RNA-005126,SEQ-F987442DB1EB,1,1
RNA-005127,SEQ-1055646DE90F,1,3
RNA-005128,SEQ-0E55FA488419,1,2
RNA-005129,SEQ-769B5FDE2725,1,1
RNA-005130,SEQ-E4C1C21D2149,1,1
RNA-005131,SEQ-520BA127C347,1,2
RNA-005132,SEQ-A832C0160458,1,3
RNA-005132,SEQ-CFF0756F2E23,0,1
RNA-005133,SEQ-F0FF4873B6A6,1,2
RNA-005134,SEQ-E4C61C56C51D,1,3
RNA-005135,SEQ-A82183D5C3E8,1,2
RNA-005136,SEQ-73146A92DA9E,1,1
RNA-005137,SEQ-048F60534734,1,4
RNA-005138,SEQ-EF1455A48DC0,1,2
RNA-005139,SEQ-7659C8A9DAA3,1,6
RNA-005139,SEQ-39BBEDCAD9BF,0,1
RNA-005140,SEQ-C5AE394A5F87,1,1
RNA-005141,SEQ-BC13DBA87A7D,1,1
RNA-005142,SEQ-B6E8D63ECE52,1,3
RNA-005143,SEQ-065311F8AC5F,1,1
RNA-005144,SEQ-D0A470340F6C,1,2
RNA-005145,SEQ-D5C191E64905,1,3
RNA-005145,SEQ-5DE6DF2E9A8D,0,2
RNA-005146,SEQ-D703943F113C,1,3
RNA-005147,SEQ-468790E5F2BB,1,3
RNA-005148,SEQ-FB035E3F8B68,1,3
RNA-005149,SEQ-F0FC72F578C4,1,2
RNA-005150,SEQ-4417963F049A,1,4
RNA-005151,SEQ-2D25D42F5EA1,1,2
RNA-005152,SEQ-1E7DF3141824,1,2
RNA-005153,SEQ-9012B8F3D0C5,1,2
RNA-005154,SEQ-6D9BF3F88DD7,1,3
RNA-005155,SEQ-4D71C37493CD,1,1
RNA-005156,SEQ-3D140A402CBE,1,1
RNA-005157,SEQ-13B92ED4246F,1,4
RNA-005158,SEQ-7C7ACD4CABE7,1,2
RNA-005159,SEQ-3D97FBE00D68,1,2
RNA-005160,SEQ-A294CE285ABE,1,1
RNA-005161,SEQ-32E15B64C8BF,1,1
RNA-005162,SEQ-CDF1EEFBEE0F,1,2
RNA-005163,SEQ-D7C68E58CD63,1,2
RNA-005164,SEQ-3E0A8AE87C85,1,4
RNA-005165,SEQ-86AC698D72B1,1,2
RNA-005166,SEQ-11889F2D435B,1,2
RNA-005167,SEQ-12D514C2BA36,1,2
RNA-005168,SEQ-08A377A5A8AE,1,1
RNA-005169,SEQ-24FB4E53732A,1,5
RNA-005170,SEQ-EF94DCFDFD6D,1,3
RNA-005171,SEQ-D2E0C5A87AC8,1,1
RNA-005172,SEQ-9ED446D7AA00,1,2
RNA-005174,SEQ-F2FD19B59118,1,3
RNA-005175,SEQ-8A0CE6BEACCC,1,1
RNA-005175,SEQ-BAA822400E3F,0,1
RNA-005176,SEQ-DF9CCC00158C,1,1
RNA-005177,SEQ-1C7F72A909AA,1,1
RNA-005178,SEQ-CBA3864ADC63,1,2
RNA-005178,SEQ-A2E2F6ED03AB,0,1
RNA-005179,SEQ-B1153790EB76,1,3
RNA-005181,SEQ-C163E9CF953C,1,4
RNA-005182,SEQ-711E0AD0B302,1,7
RNA-005182,SEQ-05F241FD6D04,0,4
RNA-005183,SEQ-E988B803F06F,1,2
RNA-005184,SEQ-C6998C94010D,1,4
RNA-005185,SEQ-EFB5F32C94BE,1,1
RNA-005186,SEQ-620A8FAAEA76,1,1
RNA-005186,SEQ-81200EF755BE,0,1
RNA-005187,SEQ-F6708B6D0747,1,3
RNA-005188,SEQ-294972B647D9,1,2
RNA-005189,SEQ-5570D3E97626,1,2
RNA-005190,SEQ-5F2384FB2D7C,1,9
RNA-005191,SEQ-A0F9D5BE9970,1,2
RNA-005192,SEQ-9D912EF464B9,1,3
RNA-005193,SEQ-8AAC57A71281,1,3
RNA-005194,SEQ-AE47E5F3497F,1,1
RNA-005195,SEQ-043710897A5E,1,3
RNA-005196,SEQ-9D7865EF62CD,1,4
RNA-005197,SEQ-A3B33CE4CF22,1,4
RNA-005198,SEQ-4D84FC0AF779,1,1
RNA-005199,SEQ-F0FD211FB088,1,1
RNA-005200,SEQ-B7D06AB1C5FA,1,1
RNA-005201,SEQ-D506437F322F,1,1
RNA-005202,SEQ-6F9A73AC2025,1,1
RNA-005203,SEQ-A3E760E0198D,1,2
RNA-005204,SEQ-F489D31EB69A,1,1
RNA-005205,SEQ-BD8E114E554D,1,1
RNA-005206,SEQ-1C5F8EEAF816,1,1
RNA-005207,SEQ-6499CADEB3F2,1,1
RNA-005208,SEQ-25E69F8C0DDA,1,3
RNA-005209,SEQ-D68CCD6E72EF,1,2
RNA-005210,SEQ-DCE0CFD397E6,1,2
RNA-005211,SEQ-BD8E114E554D,1,1
RNA-005212,SEQ-1411910F7765,1,2
RNA-005213,SEQ-840E6600D7BB,1,2
RNA-005214,SEQ-AE8436857F09,1,7
RNA-005215,SEQ-70340BF9D14D,1,2
RNA-005217,SEQ-1CBD0B64E62A,1,1
RNA-005218,SEQ-570C92B288CB,1,2
RNA-005218,SEQ-34BC5C396CDA,0,1
RNA-005219,SEQ-370ED1FE97ED,1,2
RNA-005220,SEQ-5F49C7B976A6,1,1
RNA-005221,SEQ-C58ABF4E9FF1,1,3
RNA-005222,SEQ-CB5B99172FDA,1,2
RNA-005223,SEQ-A17A3BC70DB4,1,2
RNA-005224,SEQ-2EE9BBBB45F2,1,1
RNA-005225,SEQ-0FFF467E5442,1,1
RNA-005226,SEQ-AD2CDB815427,1,1
RNA-005227,SEQ-096288D0DBBB,1,1
RNA-005228,SEQ-67D437A2C28D,1,4
RNA-005229,SEQ-6596D52F3CE9,1,2
RNA-005230,SEQ-3322B5177568,1,4
RNA-005231,SEQ-7CD80BB1CC43,1,2
RNA-005232,SEQ-98F59B3BC023,1,1
RNA-005233,SEQ-2DDE00BA78F5,1,2
RNA-005234,SEQ-51B0C81F3B52,1,1
RNA-005235,SEQ-9DDB77A48BF5,1,1
RNA-005236,SEQ-23D8724A5438,1,3
RNA-005237,SEQ-192F3088BF5E,1,2
RNA-005238,SEQ-B115303D4953,1,2
RNA-005239,SEQ-8928163EEE6C,1,4
RNA-005240,SEQ-F00F09C6B420,1,2
RNA-005241,SEQ-1F870DC8087E,1,2
RNA-005242,SEQ-DCA067C923D4,1,3
RNA-005243,SEQ-9719AF967A7C,1,1
RNA-005244,SEQ-E7ECDF11F569,1,3
RNA-005246,SEQ-C7BD5151206D,1,2
RNA-005247,SEQ-5E78F135C36F,1,1
RNA-005248,SEQ-EFF069147F31,1,3
RNA-005249,SEQ-859128A793E5,1,1
RNA-005250,SEQ-6AC26C63B23E,1,1
RNA-005251,SEQ-92848FD85CAC,1,2
RNA-005252,SEQ-1DFA1403ADCA,1,2
RNA-005253,SEQ-0E0DB2F9DF64,1,4
RNA-005254,SEQ-6FA23A0AF657,1,1
RNA-005255,SEQ-69D4E8171459,1,3
RNA-005256,SEQ-76F5185C1742,1,2
RNA-005257,SEQ-B32A96AE27B8,1,1
RNA-005258,SEQ-8D39DC5F3022,1,1
RNA-005259,SEQ-B680967DDE90,1,1
RNA-005260,SEQ-435A36205EFB,1,1
RNA-005261,SEQ-3200ACB960D0,1,4
RNA-005262,SEQ-21B4CEDF5291,1,1
RNA-005263,SEQ-C033B91087C8,1,2
RNA-005264,SEQ-A7BFC7E3EEEE,1,1
RNA-005265,SEQ-7DC1ADE7CA0D,1,1
RNA-005266,SEQ-381B322C3CB1,1,1
RNA-005267,SEQ-4593B5073E86,1,1
RNA-005268,SEQ-9C7F28B412E7,1,5
RNA-005269,SEQ-5C52F55FC511,1,1
RNA-005270,SEQ-93943C8097C4,1,1
RNA-005271,SEQ-73F55904B437,1,3
RNA-005272,SEQ-3499A36800D9,1,1
RNA-005273,SEQ-8EAE42C18880,1,1
RNA-005274,SEQ-2801C340DD42,1,1
RNA-005276,SEQ-C001DBDF2B13,1,1
RNA-005277,SEQ-461523CE50B5,1,1
RNA-005278,SEQ-389E7E60D379,1,1
RNA-005279,SEQ-354314B1EC1A,1,1
RNA-005280,SEQ-60907B7E2BD6,1,1
RNA-005281,SEQ-B5B549DD2E44,1,2
RNA-005282,SEQ-DA352C0C6855,1,1
RNA-005283,SEQ-26F0DDD4454A,1,1
RNA-005284,SEQ-BE4D0D58C5FB,1,1
RNA-005284,SEQ-E9C13CA857AE,0,1
RNA-005285,SEQ-2B5C0442AB4E,1,3
RNA-005286,SEQ-2532F3E9FBC5,1,1
RNA-005287,SEQ-281B62EBEDC1,1,1
RNA-005288,SEQ-9F09C2CB1B99,1,1
RNA-005289,SEQ-4ED3F01D697E,1,1
RNA-005290,SEQ-25C723E7ED52,1,1
RNA-005291,SEQ-D962CCE668CB,1,3
RNA-005292,SEQ-7787F3A8866E,1,1
RNA-005293,SEQ-98D6AED86158,1,1
RNA-005294,SEQ-D84FF44267F3,1,1
RNA-005295,SEQ-BBA0855522E7,1,1
RNA-005296,SEQ-6E67D56A1B44,1,1
RNA-005297,SEQ-D46A4FD38023,1,3
RNA-005298,SEQ-CDC73D216ABC,1,1
RNA-005299,SEQ-6638669ADD71,1,2
RNA-005300,SEQ-3EC0EC33A2CF,1,3
RNA-005301,SEQ-7EFBC095BDD3,1,1
RNA-005302,SEQ-C8C8D57C1F25,1,1
RNA-005304,SEQ-18794434560A,1,2
RNA-005305,SEQ-034FE24BC6AC,1,1
RNA-005306,SEQ-36D57C3469B1,1,1
RNA-005307,SEQ-E65C8E2790BC,1,1
RNA-005308,SEQ-9FD2D71A83E0,1,3
RNA-005309,SEQ-CD029F16E8AF,1,1
RNA-005310,SEQ-0306F522A95A,1,1
RNA-005311,SEQ-917DA8688646,1,1
RNA-005312,SEQ-674F2CBAA743,1,1
RNA-005313,SEQ-2E4B86E98618,1,2
RNA-005314,SEQ-3FB1C359472D,1,1
RNA-005315,SEQ-CEE08BCD2DF3,1,2
RNA-005316,SEQ-E2B64CB1B000,1,1
RNA-005317,SEQ-6C0F41701D45,1,2
RNA-005318,SEQ-1FAA4B3A1B9A,1,1
RNA-005319,SEQ-35841FDD1D5D,1,1
RNA-005320,SEQ-58403A9328EA,1,4
RNA-005321,SEQ-86097A6C132E,1,1
RNA-005322,SEQ-3E8F405FAE81,1,2
RNA-005323,SEQ-AFA97471F1C5,1,1
RNA-005324,SEQ-4990632C5CEE,1,1
RNA-005325,SEQ-7C7D44748AED,1,1
RNA-005326,SEQ-2E9267700B1C,1,3
RNA-005327,SEQ-4E01932FF548,1,1
RNA-005328,SEQ-EEF50F41BB81,1,1
RNA-005329,SEQ-1097300FCFA5,1,4
RNA-005329,SEQ-457002AAAA0C,0,1
RNA-005330,SEQ-EEB1AF58E828,1,1
RNA-005331,SEQ-7D87131FD51F,1,1
RNA-005332,SEQ-728B495BE756,1,2
RNA-005333,SEQ-2D9E4396E175,1,1
RNA-005334,SEQ-E8194F8ED5CD,1,1
RNA-005335,SEQ-0DD5575BD84D,1,1
RNA-005336,SEQ-7F9001F566E0,1,1
RNA-005337,SEQ-30946804EB19,1,1
RNA-005338,SEQ-3751C26978DE,1,1
RNA-005339,SEQ-AE54EB0A0F18,1,1
RNA-005341,SEQ-131AF716878D,1,1
RNA-005342,SEQ-747F049E191B,1,1
RNA-005343,SEQ-AB90327B779F,1,3
RNA-005344,SEQ-837EB7DCB1B8,1,1
RNA-005345,SEQ-DA20CA3B7B03,1,1
RNA-005346,SEQ-9AEFDAB7C91A,1,2
RNA-005347,SEQ-949F1B987344,1,2
RNA-005348,SEQ-D5AFAC1E0A17,1,2
RNA-005349,SEQ-92326DDE4A3F,1,1
RNA-005350,SEQ-69501E6CA976,1,1
RNA-005351,SEQ-E49CEB90E7D9,1,1
RNA-005351,SEQ-CD0FBEB2415A,0,1
RNA-005352,SEQ-68CA4B0A284D,1,2
RNA-005353,SEQ-6C81AB0E7A2D,1,1
RNA-005354,SEQ-1BD3C9FF411E,1,5
RNA-005355,SEQ-827E55F1424E,1,2
RNA-005356,SEQ-C69CF2F9DF2A,1,1
RNA-005357,SEQ-C7A7C2BD9835,1,1
RNA-005358,SEQ-32BFD10FFDFD,1,2
RNA-005358,SEQ-4C660A336147,0,1
RNA-005359,SEQ-1E9EBEA83329,1,1
RNA-005360,SEQ-14ABC28FF6F1,1,1
RNA-005361,SEQ-A32EC1C3E3B0,1,2
RNA-005362,SEQ-0B7C93C46F3F,1,1
RNA-005363,SEQ-A28F98376DF0,1,1
RNA-005364,SEQ-5964792A2BA0,1,6
RNA-005364,SEQ-2EA37394A85F,0,2
RNA-005365,SEQ-F821EA14852F,1,1
RNA-005365,SEQ-D425DAF7CF39,0,1
RNA-005366,SEQ-B3F72486ACEF,1,1
RNA-005367,SEQ-3B38368E6AE2,1,1
RNA-005368,SEQ-F21A84215F4B,1,1
RNA-005369,SEQ-267034CE635F,1,2
RNA-005370,SEQ-FA8D86E66ECA,1,1
RNA-005371,SEQ-29D85B0AFE65,1,2
RNA-005371,SEQ-F345F05706FF,0,1
RNA-005372,SEQ-02A76B68A16D,1,1
RNA-005373,SEQ-2BFF0B85C7DA,1,1
RNA-005374,SEQ-3E8424E6C180,1,2
RNA-005375,SEQ-88373A4DC8F0,1,3
RNA-005376,SEQ-1ABD39C12DDC,1,2
RNA-005377,SEQ-59D818F5E98C,1,5
RNA-005378,SEQ-640F2C04D595,1,1
RNA-005379,SEQ-7064822ECC11,1,1
RNA-005380,SEQ-4AE44E951988,1,1
RNA-005381,SEQ-3C39D0BF37EC,1,2
RNA-005382,SEQ-348E430A5DC1,1,5
RNA-005383,SEQ-E088C1A7B904,1,2
RNA-005384,SEQ-4D4CC031F89A,1,1
RNA-005385,SEQ-E68C70C8A858,1,1
RNA-005386,SEQ-C97632AE0943,1,1
RNA-005387,SEQ-34203918A698,1,2
RNA-005388,SEQ-02BC19A9AAFB,1,2
RNA-005389,SEQ-FF2C559A8E86,1,1
RNA-005390,SEQ-3B9A8E1C1503,1,1
RNA-005391,SEQ-12A689B5F7B1,1,1
RNA-005392,SEQ-4A580676127E,1,1
RNA-005393,SEQ-B87F2DBD0E07,1,1
RNA-005394,SEQ-FD55F3A8187F,1,1
RNA-005395,SEQ-8A57EEF7EF3C,1,1
RNA-005396,SEQ-C606FA6F4E45,1,1
RNA-005397,SEQ-6FC0F67E07AA,1,1
RNA-005398,SEQ-B6504722DD14,1,2
RNA-005399,SEQ-5884B349F870,1,3
RNA-005400,SEQ-EED1B18A0AAD,1,2
RNA-005401,SEQ-E17EA6A23249,1,1
RNA-005402,SEQ-FCC386D726AA,1,2
RNA-005403,SEQ-1C0A30652427,1,1
RNA-005404,SEQ-816B4C1D158A,1,4
RNA-005405,SEQ-1680EFD4A105,1,1
RNA-005406,SEQ-51611535DFE6,1,2
RNA-005407,SEQ-7D8E9BEBE30A,1,5
RNA-005408,SEQ-8DE29E622B9D,1,1
RNA-005409,SEQ-0DC0A0B9376E,1,1
RNA-005410,SEQ-45E6290F91AA,1,1
RNA-005411,SEQ-1F638B1E52A5,1,1
RNA-005412,SEQ-95F42BA0105A,1,1
RNA-005413,SEQ-633AE39867D3,1,1
RNA-005414,SEQ-A3B340E55D6B,1,1
RNA-005416,SEQ-2F19897F3901,1,1
RNA-005417,SEQ-90198CB62F5C,1,1
RNA-005418,SEQ-67AB1A1BAE33,1,3
RNA-005419,SEQ-463FC6DDDDBC,1,1
RNA-005419,SEQ-0107ED77BE64,0,1
RNA-005420,SEQ-E4F12B02CC08,1,1
RNA-005421,SEQ-8C5A3881FD73,1,1
RNA-005422,SEQ-23D56BF0FB05,1,1
RNA-005423,SEQ-5838FE2A47E9,1,1
RNA-005424,SEQ-8C0EF41F3490,1,1
RNA-005425,SEQ-82A4DE90FDDB,1,1
RNA-005426,SEQ-F80752E3AE8F,1,2
RNA-005427,SEQ-30DDBBFFA921,1,1
RNA-005428,SEQ-B1E1AB680D87,1,1
RNA-005429,SEQ-DA5640E611CD,1,1
RNA-005430,SEQ-995E66A44CC1,1,1
RNA-005431,SEQ-CCF2430FDCBE,1,1
RNA-005432,SEQ-A0CAC35AC32E,1,1
RNA-005433,SEQ-837E36E41758,1,4
RNA-005434,SEQ-1B331A23EEF5,1,1
RNA-005435,SEQ-19BD4510A1D5,1,6
RNA-005436,SEQ-75F5A0CE0E73,1,6
RNA-005437,SEQ-19788A050A95,1,2
RNA-005438,SEQ-F4E78E948FC7,1,1
RNA-005439,SEQ-C042647DBB4D,1,2
RNA-005440,SEQ-48CAC0442495,1,1
RNA-005441,SEQ-C1952E60BA02,1,1
RNA-005442,SEQ-37BC484D7705,1,1
RNA-005443,SEQ-D1985DFC6333,1,1
RNA-005444,SEQ-75D8F5A7FD62,1,2
RNA-005445,SEQ-BC3C806B37C2,1,1
RNA-005446,SEQ-4B304B14AAE7,1,2
RNA-005447,SEQ-8B4CAF5DB87E,1,1
RNA-005448,SEQ-225D48C51812,1,1
RNA-005449,SEQ-FDFF17E8939A,1,1
RNA-005450,SEQ-11E4FB6CDAC8,1,1
RNA-005451,SEQ-B33473E808AD,1,2
RNA-005452,SEQ-6730586D05A2,1,1
RNA-005453,SEQ-8B590C4857E7,1,1
RNA-005454,SEQ-DDE51225071E,1,2
RNA-005455,SEQ-669F9F790DC5,1,1
RNA-005456,SEQ-4401F2DE0D3B,1,1
RNA-005457,SEQ-3129FE98E7EC,1,2
RNA-005457,SEQ-EF5B3F0F6371,0,1
RNA-005457,SEQ-FDCA36E2485F,0,1
RNA-005458,SEQ-C489E99FF8C4,1,1
RNA-005459,SEQ-0C61517B3C18,1,1
RNA-005460,SEQ-475C7432E593,1,4
RNA-005461,SEQ-F4DF66B58BF4,1,1
RNA-005462,SEQ-B9972E8541E6,1,1
RNA-005463,SEQ-1880141F8D4D,1,1
RNA-005464,SEQ-627020362F85,1,1
RNA-005465,SEQ-6D961AA9E07F,1,1
RNA-005466,SEQ-C64C5C2D457F,1,1
RNA-005467,SEQ-2458EF70E7D4,1,1
RNA-005468,SEQ-55C2CF1ED218,1,2
RNA-005468,SEQ-1E792157FB31,0,1
RNA-005469,SEQ-694CD35E1C2D,1,2
RNA-005470,SEQ-4EFBA68EC85D,1,3
RNA-005471,SEQ-F81125B31984,1,2
RNA-005472,SEQ-64CFAA354FFF,1,1
RNA-005473,SEQ-8EBD61B09D59,1,2
RNA-005474,SEQ-FFE125090DDE,1,2
RNA-005475,SEQ-3313F23BB29F,1,1
RNA-005476,SEQ-32CC53CA5910,1,1
RNA-005477,SEQ-DDADCAB60FBC,1,1
RNA-005478,SEQ-B4496FD0197D,1,1
RNA-005479,SEQ-476779BCC169,1,1
RNA-005480,SEQ-21EF5ADF3DA2,1,1
RNA-005481,SEQ-BB1747F58922,1,1
RNA-005482,SEQ-931D575EA4A4,1,3
RNA-005483,SEQ-B75648006176,1,1
RNA-005484,SEQ-14C37C3E3A43,1,1
RNA-005485,SEQ-A24E8C89171A,1,2
RNA-005487,SEQ-F2F39E4F733B,1,5
RNA-005488,SEQ-C870B466601A,1,1
RNA-005489,SEQ-1B58C6174232,1,1
RNA-005490,SEQ-FF9C9A10301F,1,1
RNA-005491,SEQ-3BA6CB33947C,1,1
RNA-005492,SEQ-052551A347C8,1,1
RNA-005493,SEQ-51611535DFE6,1,2
RNA-005494,SEQ-6EA06C82BFF4,1,1
RNA-005495,SEQ-7232150D4DC7,1,1
RNA-005496,SEQ-CDFEC93FC50B,1,1
RNA-005497,SEQ-2B0BCEEB5BD8,1,1
RNA-005498,SEQ-808F2554C340,1,1
RNA-005499,SEQ-173F9FDB67A6,1,1
RNA-005500,SEQ-98D559AB1705,1,1
RNA-005501,SEQ-B5E007389E65,1,1
RNA-005502,SEQ-6414DF4D9A4B,1,1
RNA-005503,SEQ-770242CA364D,1,1
RNA-005504,SEQ-7B239458E841,1,1
RNA-005505,SEQ-873A93312BC5,1,1
RNA-005506,SEQ-5F27118A9193,1,2
RNA-005507,SEQ-CE3C7A0F2225,1,1
RNA-005508,SEQ-B75E58F83413,1,2
RNA-005509,SEQ-4604F3C37857,1,1
RNA-005510,SEQ-D57C9C4F93BD,1,1
RNA-005511,SEQ-3AF49F3812D0,1,3
RNA-005512,SEQ-CF11E626EF29,1,2
RNA-005513,SEQ-C294955D2CCA,1,1
RNA-005514,SEQ-6BDDE5AD70F5,1,1
RNA-005515,SEQ-95658D5BC437,1,1
RNA-005515,SEQ-9BD2ED9B7109,0,1
RNA-005516,SEQ-968B267DD7DD,1,1
RNA-005517,SEQ-06C7646B6DB3,1,8
RNA-005518,SEQ-6122772FB9CE,1,2
RNA-005519,SEQ-F9E49D064DA9,1,3
RNA-005520,SEQ-3625CDD170F8,1,2
RNA-005521,SEQ-A6F1E4952938,1,1
RNA-005522,SEQ-148B3AE6A193,1,1
RNA-005523,SEQ-B772E5080F60,1,1
RNA-005524,SEQ-374D342B9B80,1,1
RNA-005525,SEQ-CB295377A584,1,3
RNA-005526,SEQ-A53B38E658C2,1,1
RNA-005527,SEQ-D90897B05B64,1,1
RNA-005528,SEQ-14B55093FD98,1,1
RNA-005529,SEQ-D21457514DEC,1,1
RNA-005530,SEQ-EB71FAAFC4AF,1,1
RNA-005531,SEQ-1583D2E84C74,1,1
RNA-005532,SEQ-72A704CB1983,1,1
RNA-005533,SEQ-24EF31FAF24B,1,1
RNA-005534,SEQ-72A336A1C9B5,1,1
RNA-005535,SEQ-1AD859DCAB3C,1,1
RNA-005536,SEQ-786275901AF9,1,2
RNA-005537,SEQ-3CD6EB6BC67F,1,1
RNA-005538,SEQ-F05436ECB498,1,3
RNA-005539,SEQ-25B6FEA0EF0C,1,1
RNA-005540,SEQ-930507F73D37,1,1
RNA-005541,SEQ-61BDF1AE3CD7,1,1
RNA-005542,SEQ-DAFAAB4D24C6,1,1
RNA-005543,SEQ-29BAB4B3BD97,1,2
RNA-005544,SEQ-52C938280300,1,1
RNA-005545,SEQ-98D503712769,1,4
RNA-005546,SEQ-7ECB9AF9EBB8,1,1
RNA-005547,SEQ-760DB9316417,1,1
RNA-005548,SEQ-AEA001807CDA,1,1
RNA-005549,SEQ-5DEC5B2D5F18,1,1
RNA-005550,SEQ-A653EA56EB00,1,1
RNA-005551,SEQ-2BC5B14DCD46,1,1
RNA-005552,SEQ-4954D0199E2F,1,1
RNA-005553,SEQ-9DEF9962B27F,1,1
RNA-005554,SEQ-E0FE8D700931,1,1
RNA-005555,SEQ-4815C5039DEC,1,1
RNA-005556,SEQ-CE0ADE227EAE,1,1
RNA-005557,SEQ-63EBDEDA4314,1,1
RNA-005557,SEQ-C989A8DE53A4,0,1
RNA-005558,SEQ-FDA0DCDBB18A,1,1
RNA-005559,SEQ-F5EA3B3A7291,1,1
RNA-005560,SEQ-744FAF03A474,1,1
RNA-005561,SEQ-34FFBEAE5FB2,1,3
RNA-005562,SEQ-227B3BEA22ED,1,1
RNA-005562,SEQ-788B7480407D,0,1
RNA-005563,SEQ-408DB8241E3A,1,1
RNA-005564,SEQ-DDED989626DA,1,1
RNA-005565,SEQ-81A85A94223F,1,1
RNA-005566,SEQ-328C33E8FED7,1,1
RNA-005567,SEQ-C4371A6ABDFA,1,1
RNA-005568,SEQ-7F4C2D270B35,1,2
RNA-005569,SEQ-AF643DA3D2ED,1,3
RNA-005570,SEQ-D9865971140C,1,1
RNA-005571,SEQ-9519F49A2375,1,1
RNA-005572,SEQ-0FCD3F15A20E,1,1
RNA-005573,SEQ-D9B4E810CA5B,1,2
RNA-005574,SEQ-5258C42D9D7C,1,1
RNA-005575,SEQ-3E5B94AC112B,1,1
RNA-005576,SEQ-F71C35084C5A,1,1
RNA-005577,SEQ-1FB0F7229347,1,1
RNA-005578,SEQ-1066339EAED2,1,1
RNA-005579,SEQ-D959D12A85E0,1,1
RNA-005580,SEQ-665AA42A05D1,1,1
RNA-005580,SEQ-149341612CDB,0,1
RNA-005581,SEQ-985C3DA9A05F,1,3
RNA-005582,SEQ-C0B2A4CFA4DD,1,2
RNA-005583,SEQ-D42E34BC9C1C,1,1
RNA-005584,SEQ-C2ADA3C498F6,1,3
RNA-005584,SEQ-155C3582EAF6,0,1
RNA-005585,SEQ-DAEBFDB52EE8,1,1
RNA-005586,SEQ-846A04601CCA,1,1
RNA-005587,SEQ-A107A78C7C73,1,3
RNA-005588,SEQ-406246B5B669,1,1
RNA-005589,SEQ-7CE3DD8C0280,1,1
RNA-005590,SEQ-BD4FC8F97D4A,1,1
RNA-005591,SEQ-E59025599774,1,1
RNA-005592,SEQ-DB20648DE678,1,1
RNA-005593,SEQ-0EE2CD509ABB,1,1
RNA-005594,SEQ-BEF9F6A23CE6,1,1
RNA-005595,SEQ-F86D91B0E600,1,2
RNA-005596,SEQ-9012839E5AD6,1,1
RNA-005597,SEQ-D9C741A60B99,1,1
RNA-005598,SEQ-56DE1401F4BB,1,1
RNA-005599,SEQ-E44D52AA763D,1,1
RNA-005600,SEQ-674470431A2B,1,1
RNA-005601,SEQ-B78D4392D5BC,1,1
RNA-005602,SEQ-01352B7505DA,1,1
RNA-005603,SEQ-F067456E67D2,1,1
RNA-005604,SEQ-E675832D973D,1,1
RNA-005605,SEQ-280ADFB86B1D,1,1
RNA-005606,SEQ-0385D65693B9,1,2
RNA-005606,SEQ-49C0201723D9,0,1
RNA-005607,SEQ-D6A4ECA7503B,1,1
RNA-005608,SEQ-654CF833DBB8,1,1
RNA-005609,SEQ-A4F2743DCC1C,1,2
RNA-005610,SEQ-939185AC92DE,1,1
RNA-005611,SEQ-582B8009F18C,1,1
RNA-005612,SEQ-85303A170AC6,1,1
RNA-005613,SEQ-E6A238E39E92,1,1
RNA-005614,SEQ-00F04BF11816,1,2
RNA-005615,SEQ-EE70ADC451FE,1,1
RNA-005616,SEQ-9FA742BBE7E2,1,1
RNA-005617,SEQ-73A711AE77B7,1,1
RNA-005618,SEQ-979FEC564CE9,1,1
RNA-005619,SEQ-FBF0D98A4BDE,1,1
RNA-005620,SEQ-7FCB35D5C2EC,1,1
RNA-005621,SEQ-39A09BAD28AE,1,1
RNA-005622,SEQ-0405A4FDD0B9,1,1
RNA-005623,SEQ-6F4D1C63AD94,1,1
RNA-005624,SEQ-059D72C8BF71,1,1
RNA-005625,SEQ-BBF3F7E5CEF6,1,1
RNA-005626,SEQ-F6E88107A008,1,1
RNA-005627,SEQ-D3868DB47754,1,3
RNA-005628,SEQ-A6853D24F639,1,2
RNA-005629,SEQ-59C1719F4B11,1,1
RNA-005630,SEQ-C31F2D1CBAF2,1,1
RNA-005631,SEQ-6A6CBF397631,1,1
RNA-005632,SEQ-37CF4E3EC962,1,3234
RNA-005633,SEQ-78D7267B1E09,1,2
RNA-005634,SEQ-78050BB76D7E,1,3
RNA-005635,SEQ-2139A4842380,1,1
RNA-005636,SEQ-5805033D709C,1,3
RNA-005637,SEQ-6E88EBFBF9DF,1,2
RNA-005638,SEQ-AFEF82255B14,1,7
RNA-005639,SEQ-FDA8495F72BE,1,5
RNA-005640,SEQ-B1F8BA456C33,1,1
RNA-005642,SEQ-7C16EEB68427,1,1
RNA-005643,SEQ-49D7CF0A697A,1,1
RNA-005645,SEQ-21D3569C30A3,1,3
RNA-005646,SEQ-57F941E697E8,1,1
RNA-005647,SEQ-8E32C2B2865D,1,4
RNA-005647,SEQ-F22945DCB182,0,2
RNA-005648,SEQ-26153F4B4DDC,1,1
RNA-005649,SEQ-9B86E69B2E53,1,3
RNA-005650,SEQ-A2F9A6DE7145,1,2
RNA-005650,SEQ-090208DE05AB,0,1
RNA-005651,SEQ-84F0EDD78B06,1,2
RNA-005652,SEQ-DF61BD360297,1,1
RNA-005653,SEQ-370091A56964,1,2
RNA-005653,SEQ-A3A79F057F0E,0,1
RNA-005655,SEQ-23FFD9ECF25E,1,2
RNA-005656,SEQ-4B71EE158B2D,1,1
RNA-005657,SEQ-578AD9C0C266,1,2
RNA-005658,SEQ-59A2E46970F4,1,3
RNA-005661,SEQ-95D38F387EA6,1,1
RNA-005662,SEQ-3207E83BDD97,1,1
RNA-005663,SEQ-BFB771A9B09F,1,2
RNA-005663,SEQ-8D9F458D4B97,0,1
RNA-005664,SEQ-B3F8CBC553CB,1,3
RNA-005665,SEQ-B417C6BB3E7A,1,2
RNA-005666,SEQ-BE04D8A64A06,1,3
RNA-005666,SEQ-D8AD8FC6748E,0,1
RNA-005667,SEQ-E2EDED735BAA,1,1
RNA-005668,SEQ-73F06077B091,1,1
RNA-005669,SEQ-9186A0B9471C,1,3
RNA-005670,SEQ-614FF1B16B57,1,1
RNA-005671,SEQ-44C559F182AB,1,2
RNA-005673,SEQ-D93AD39B16F4,1,2
RNA-005674,SEQ-952DB6CE483E,1,1
RNA-005676,SEQ-C58EEA4B0C39,1,4
RNA-005678,SEQ-8E79AA077A15,1,3
RNA-005681,SEQ-53F2C587452B,1,2
RNA-005681,SEQ-E4272E342B23,0,1
RNA-005682,SEQ-1E866CCCB934,1,3
RNA-005683,SEQ-A1EB963B1D42,1,2
RNA-005684,SEQ-9FB9A6E229F1,1,1
RNA-005685,SEQ-51CAD12D0261,1,1
RNA-005686,SEQ-04B776EDE38A,1,2
RNA-005686,SEQ-9CF8EC321F3A,0,2
RNA-005687,SEQ-B8179F016BA3,1,1
RNA-005688,SEQ-7E4E2C40F439,1,2
RNA-005690,SEQ-328647819049,1,2
RNA-005690,SEQ-36EBF16E6D68,0,1
RNA-005691,SEQ-E2025820D72E,1,1
RNA-005692,SEQ-2022783EAF8E,1,1
RNA-005693,SEQ-070503FF3FBE,1,3
RNA-005695,SEQ-4372585FD047,1,1
RNA-005696,SEQ-4ACF1044BF84,1,1
RNA-005697,SEQ-656BDC39C2A9,1,3
RNA-005698,SEQ-64A0F7732BC2,1,2
RNA-005699,SEQ-262E16A539B3,1,2
RNA-005700,SEQ-A7D36387CE33,1,1
RNA-005701,SEQ-8B0F2BF569D9,1,3
RNA-005702,SEQ-FEDEAFDE3F9A,1,2
RNA-005703,SEQ-25F67B87670E,1,2
RNA-005704,SEQ-01D2BB39C8A2,1,8
RNA-005705,SEQ-1010231FCB85,1,1
RNA-005705,SEQ-9ED1F52F69B9,0,1
RNA-005707,SEQ-72EFE685D998,1,2
RNA-005708,SEQ-E009D3ADD494,1,5
RNA-005708,SEQ-E5EAA0C0BBED,0,3
RNA-005709,SEQ-514E37EB9B96,1,1
RNA-005712,SEQ-FB97D6356A37,1,2
RNA-005713,SEQ-A0E7E191DDA4,1,2
RNA-005714,SEQ-D50B5ACE992C,1,2
RNA-005715,SEQ-06DAC79FE3D0,1,1
RNA-005716,SEQ-3C2059650D43,1,1
RNA-005716,SEQ-8D8CE88F7C85,0,1
RNA-005719,SEQ-DA6631025297,1,2
RNA-005720,SEQ-7AB2A4B3832F,1,3
RNA-005721,SEQ-CDBF11BDA8D9,1,3
RNA-005722,SEQ-9C2252590ABD,1,2
RNA-005723,SEQ-BD6BFB3F2156,1,3
RNA-005724,SEQ-E4FFCD0585CA,1,1
RNA-005725,SEQ-30683610612D,1,2
RNA-005725,SEQ-2A9907D26591,0,1
RNA-005726,SEQ-C3D07CD3AA97,1,2
RNA-005727,SEQ-4CA01AEBDFBC,1,3
RNA-005728,SEQ-AB8645AECDB5,1,1
RNA-005729,SEQ-7663C4253C06,1,1
RNA-005730,SEQ-74725A08C2C6,1,3
RNA-005731,SEQ-1807457BCF98,1,3
RNA-005733,SEQ-250A4097072B,1,2
RNA-005734,SEQ-15000AFBC127,1,2
RNA-005735,SEQ-F0B96D912BFD,1,2
RNA-005735,SEQ-C1CB6F4DF3F3,0,1
RNA-005736,SEQ-0A1F0B32E932,1,2
RNA-005737,SEQ-407AB5B3D44B,1,2
RNA-005738,SEQ-01C489BB10D3,1,2
RNA-005739,SEQ-3EE3B9FAC7FC,1,2
RNA-005740,SEQ-0A8433412D4A,1,2
RNA-005741,SEQ-CEB8B4FB0EBB,1,1
RNA-005742,SEQ-92A7F600BFCC,1,3
RNA-005744,SEQ-7E046F62880F,1,2
RNA-005745,SEQ-780EA021C846,1,3
RNA-005746,SEQ-B04DD9BA7421,1,2
RNA-005747,SEQ-AF51E1862214,1,1
RNA-005748,SEQ-892503DEDC2A,1,2
RNA-005749,SEQ-2F2935CA73B9,1,2
RNA-005751,SEQ-E20C93809FD2,1,3
RNA-005753,SEQ-099E7B0D1403,1,1
RNA-005755,SEQ-3C695033228F,1,1
RNA-005756,SEQ-2ED2AE72F2D8,1,1
RNA-005757,SEQ-F3197E1215CF,1,2
RNA-005757,SEQ-E1A5D1E703A6,0,1
RNA-005758,SEQ-5B5BD6A17545,1,1
RNA-005759,SEQ-B3A3E7D54051,1,1
RNA-005760,SEQ-F8F67C103596,1,1
RNA-005761,SEQ-8C9FD68CF825,1,2
RNA-005762,SEQ-061CE2940666,1,1
RNA-005763,SEQ-E53F5E5BB5BC,1,1
RNA-005764,SEQ-ED76836324E4,1,2
RNA-005765,SEQ-AD3F02425BFE,1,1
RNA-005766,SEQ-CA29FA773A84,1,1
RNA-005767,SEQ-D43DA0EB267D,1,3
RNA-005769,SEQ-A88210642B97,1,2
RNA-005771,SEQ-D8D5ACFBCF03,1,1
RNA-005772,SEQ-AE053CFA7B4D,1,2
RNA-005773,SEQ-827D87490715,1,2
RNA-005774,SEQ-36E5A61AA368,1,2
RNA-005776,SEQ-0F504927B72C,1,2
RNA-005777,SEQ-85B1AFE39262,1,1
RNA-005778,SEQ-BC11B1BC2ABA,1,1
RNA-005779,SEQ-EB07F74E1A84,1,3
RNA-005780,SEQ-498FA58C5DA0,1,1
RNA-005782,SEQ-2C00CA791FC1,1,1
RNA-005783,SEQ-D1D1EB1BB880,1,1
RNA-005785,SEQ-4CAB32AFAD6B,1,3
RNA-005785,SEQ-075D05D7BE70,0,2
RNA-005786,SEQ-2AB2EB535254,1,1
RNA-005787,SEQ-C58CF7EA8699,1,3
RNA-005787,SEQ-47BD7495894B,0,1
RNA-005788,SEQ-A9EEABDC29F9,1,3
RNA-005789,SEQ-20509398718E,1,2
RNA-005789,SEQ-73DB10075AF2,0,1
RNA-005791,SEQ-4BCC308A2E6F,1,2
RNA-005792,SEQ-F43B3A869793,1,4
RNA-005792,SEQ-582830835E9E,0,2
RNA-005793,SEQ-1393491F8AF6,1,2
RNA-005794,SEQ-51C5BD9F35A1,1,2
RNA-005795,SEQ-16481F4EEF73,1,3
RNA-005796,SEQ-389FD010DF86,1,3
RNA-005797,SEQ-EDB92698D502,1,1
RNA-005798,SEQ-0810AA0D93B4,1,1
RNA-005799,SEQ-843FAA1A6622,1,2
RNA-005800,SEQ-91AEF868D5A0,1,4
RNA-005801,SEQ-7EBBF9E92F56,1,1
RNA-005802,SEQ-039AAC98897B,1,2
RNA-005803,SEQ-EF06CC5DE955,1,2
RNA-005803,SEQ-94AAD56447B9,0,1
RNA-005804,SEQ-CB0938470B25,1,6
RNA-005804,SEQ-FE2F733AF915,0,2
RNA-005805,SEQ-59F73754D407,1,2
RNA-005806,SEQ-F1FE57E035EC,1,3
RNA-005806,SEQ-276A180B37E1,0,1
RNA-005807,SEQ-03BE8BD0F0CB,1,2
RNA-005808,SEQ-0263215E01F1,1,2
RNA-005809,SEQ-A71424AA9F50,1,1
RNA-005810,SEQ-CA5830B23BF6,1,1
RNA-005811,SEQ-D001C30C5921,1,2
RNA-005811,SEQ-C4BCC1834596,0,1
RNA-005812,SEQ-F0F32722A75A,1,2
RNA-005813,SEQ-CEEB4C5AFB52,1,2
RNA-005813,SEQ-FC17C7BAB7F4,0,1
RNA-005814,SEQ-E756E15E184B,1,1
RNA-005815,SEQ-63AA7699298D,1,1
RNA-005816,SEQ-62C5F677CDF3,1,2
RNA-005817,SEQ-5BD186A75435,1,2
RNA-005818,SEQ-95AD6389C0F8,1,1
RNA-005820,SEQ-81805E25D250,1,2
RNA-005820,SEQ-71DD5600BC45,0,1
RNA-005821,SEQ-7A5E43EF7BD5,1,2
RNA-005822,SEQ-3BCCB5FE0501,1,1
RNA-005823,SEQ-27BBB123FA98,1,1
RNA-005824,SEQ-F400FDD2F5C4,1,3
RNA-005824,SEQ-C5829980A4BD,0,1
RNA-005825,SEQ-377AA57393AB,1,2
RNA-005826,SEQ-6B340B5FE2CE,1,1
RNA-005827,SEQ-057F5CE65A43,1,2
RNA-005829,SEQ-1910CE60D057,1,1
RNA-005830,SEQ-481CB54D5ED4,1,2
RNA-005831,SEQ-DBF9F06AF2E8,1,3
RNA-005833,SEQ-643699114A0E,1,1
RNA-005835,SEQ-9992AAB11533,1,2
RNA-005837,SEQ-CD7082A812A5,1,2
RNA-005838,SEQ-B7827B2908BF,1,1
RNA-005838,SEQ-A68B55A6C64D,0,1
RNA-005839,SEQ-EA48B97084DB,1,3
RNA-005840,SEQ-7D93CF98B721,1,4
RNA-005841,SEQ-0D582C0890A3,1,1
RNA-005842,SEQ-6A4ED13E9035,1,2
RNA-005842,SEQ-FBB05921DC1C,0,1
RNA-005843,SEQ-D8D4CFD5A30F,1,2
RNA-005844,SEQ-B9784400099C,1,2
RNA-005845,SEQ-CB44A4CB9971,1,2
RNA-005847,SEQ-344C25A9AA88,1,2
RNA-005849,SEQ-E5F1C1C9F404,1,2
RNA-005850,SEQ-AFEBD6253F8F,1,3
RNA-005850,SEQ-248C92B0A35D,0,1
RNA-005851,SEQ-F599029B7320,1,3
RNA-005851,SEQ-B638AE95F370,0,1
RNA-005852,SEQ-523D70E9C967,1,1
RNA-005853,SEQ-C4EB8AD2CB06,1,1
RNA-005854,SEQ-0C869514D78A,1,1
RNA-005855,SEQ-9713FC76D2C9,1,3
RNA-005855,SEQ-44E0A2FAFE90,0,1
RNA-005856,SEQ-F7423FD7DBB3,1,3
RNA-005857,SEQ-B32726378C06,1,2
RNA-005858,SEQ-11E86457BA21,1,2
RNA-005859,SEQ-3B498412DE16,1,3
RNA-005860,SEQ-B0028C05FAB0,1,3
RNA-005861,SEQ-765D487BDA68,1,2
RNA-005862,SEQ-7A173D07A3C7,1,2
RNA-005863,SEQ-BC6546244298,1,1
RNA-005865,SEQ-1936DFC67680,1,2
RNA-005866,SEQ-8D241D1C31EC,1,1
RNA-005867,SEQ-1A72CA6BB61F,1,1
RNA-005868,SEQ-9E2492596C34,1,2
RNA-005869,SEQ-BA9888C6E14B,1,2
RNA-005870,SEQ-7E1FB21B3EB3,1,3
RNA-005871,SEQ-C43B09AD0A97,1,2
RNA-005872,SEQ-E24B7555D7E8,1,1
RNA-005873,SEQ-2573309F5617,1,3
RNA-005873,SEQ-BA1BEBC381D1,0,1
RNA-005874,SEQ-9F6860EDAAFC,1,2
RNA-005875,SEQ-A98E13C05801,1,3
RNA-005876,SEQ-D801AC16FCB0,1,2
RNA-005877,SEQ-0E7DEF084575,1,1
RNA-005878,SEQ-47F53BA57389,1,1
RNA-005882,SEQ-1635E02663B4,1,5
RNA-005882,SEQ-2C256572D75D,0,1
RNA-005883,SEQ-816E95D13572,1,1
RNA-005884,SEQ-4826FBF6E4BF,1,2
RNA-005885,SEQ-2270D66EA68D,1,3
RNA-005885,SEQ-AE731F198D28,0,1
RNA-005887,SEQ-7C1B39E04CB6,1,1
RNA-005888,SEQ-082F146532B3,1,4
RNA-005889,SEQ-F99CE9220320,1,4
RNA-005890,SEQ-EF439D591B45,1,2
RNA-005891,SEQ-7B0F19687395,1,3
RNA-005893,SEQ-06F840C49583,1,2
RNA-005894,SEQ-0459D6570B30,1,1
RNA-005895,SEQ-68F4B7B3163F,1,1
RNA-005896,SEQ-73D240CAE05C,1,2
RNA-005897,SEQ-C730A1FE3465,1,2
RNA-005898,SEQ-F58A56D24454,1,2
RNA-005898,SEQ-2599D161FB4F,0,1
RNA-005899,SEQ-2D20974FF870,1,3
RNA-005900,SEQ-ACF42D0BFB8A,1,1
RNA-005902,SEQ-20CEF1AE821A,1,1
RNA-005903,SEQ-31CAC7CC2179,1,2
RNA-005904,SEQ-9F3F6DEBFE95,1,1
RNA-005905,SEQ-89C12900C756,1,2
RNA-005906,SEQ-846C83B2D680,1,2
RNA-005907,SEQ-5E48BD6446CD,1,2
RNA-005908,SEQ-E548370C305F,1,3
RNA-005909,SEQ-F605EDFD14D3,1,2
RNA-005909,SEQ-CE9E4CACCCAA,0,2
RNA-005910,SEQ-F1B9223B159F,1,3
RNA-005911,SEQ-7825E3EA7C0A,1,2
RNA-005911,SEQ-D2B9F2F35E56,0,1
RNA-005913,SEQ-924FFF134857,1,1
RNA-005914,SEQ-85853AF93090,1,2
RNA-005915,SEQ-15540168B136,1,3
RNA-005917,SEQ-59AC11990970,1,1
RNA-005919,SEQ-3B42EE99B043,1,2
RNA-005922,SEQ-1D17B294791A,1,3
RNA-005923,SEQ-D5D98A48B641,1,3
RNA-005924,SEQ-909F329673ED,1,3
RNA-005926,SEQ-11B3115379B7,1,3
RNA-005927,SEQ-6FB218335029,1,3
RNA-005928,SEQ-E9E7794DF25C,1,3
RNA-005929,SEQ-0137A6D03010,1,3
RNA-005930,SEQ-178F8B60D726,1,2
RNA-005931,SEQ-331E9877C80A,1,3
RNA-005932,SEQ-AC9B2AD6FE6C,1,3
RNA-005933,SEQ-6D337343ECA5,1,1
RNA-005934,SEQ-F43E03525843,1,2
RNA-005935,SEQ-C1B8AF277BE0,1,2
RNA-005936,SEQ-D5944A7B6FE2,1,1
RNA-005936,SEQ-374CDFC4FB39,0,1
RNA-005937,SEQ-9CFF49A65EED,1,2
RNA-005938,SEQ-9A33C6379FC6,1,2
RNA-005938,SEQ-BB3B37599537,0,1
RNA-005939,SEQ-C8601DF78D83,1,2
RNA-005940,SEQ-C87EF6ACF4F1,1,1
RNA-005941,SEQ-6325EEB01CCB,1,3
RNA-005944,SEQ-158AFB79D870,1,2
RNA-005946,SEQ-D015AAB17CD8,1,2
RNA-005946,SEQ-487C21827B5F,0,1
RNA-005947,SEQ-CEE6E6249E6F,1,2
RNA-005948,SEQ-8575EDA67429,1,2
RNA-005949,SEQ-36953037669C,1,2
RNA-005950,SEQ-266520232C08,1,2
RNA-005951,SEQ-CBB77BB9BEE0,1,3
RNA-005951,SEQ-3025F08008FB,0,1
RNA-005952,SEQ-F6DABFD4577E,1,3
RNA-005952,SEQ-C9090FA0E709,0,1
RNA-005953,SEQ-043DD56FE027,1,1
RNA-005954,SEQ-C528F831517D,1,1
RNA-005955,SEQ-9133B3886559,1,2
RNA-005955,SEQ-AD9F69987222,0,1
RNA-005956,SEQ-5A68355D1047,1,3
RNA-005957,SEQ-211FD32A1458,1,2
RNA-005958,SEQ-05F4054D7CF0,1,1
RNA-005960,SEQ-B65EDEEF6229,1,1
RNA-005961,SEQ-44E75CF5F3B6,1,2
RNA-005962,SEQ-D705881D930B,1,2
RNA-005963,SEQ-68533FB04E93,1,2
RNA-005963,SEQ-C5FDB923FCBB,0,1
RNA-005964,SEQ-4DE5C30B14B0,1,2
RNA-005965,SEQ-937CCFDFA3DC,1,1
RNA-005966,SEQ-F73070FE25FC,1,2
RNA-005967,SEQ-D92B11A8768A,1,3
RNA-005967,SEQ-194113BD3C50,0,2
RNA-005968,SEQ-C3A231293794,1,2
RNA-005969,SEQ-B0A0D0A81989,1,2
RNA-005970,SEQ-BE17279E6D5B,1,3
RNA-005971,SEQ-05B2B218C936,1,2
RNA-005971,SEQ-4E3F3BF29A3A,0,1
RNA-005975,SEQ-8E6C21488272,1,1
RNA-005977,SEQ-4624ACB595B4,1,2
RNA-005978,SEQ-E62556BED188,1,2
RNA-005979,SEQ-E657AD07A4CD,1,1
RNA-005980,SEQ-3007499824F1,1,2
RNA-005981,SEQ-A03117A41A79,1,1
RNA-005982,SEQ-7360E725C57F,1,1
RNA-005983,SEQ-82D9D64DF16F,1,3
RNA-005984,SEQ-79101F1A4E7C,1,2
RNA-005985,SEQ-0DC18E7C3020,1,4
RNA-005986,SEQ-A6CA1D1D7063,1,2
RNA-005987,SEQ-37DB2014DABA,1,2
RNA-005988,SEQ-D16C225C160D,1,2
RNA-005990,SEQ-9AB89AD595F5,1,9
RNA-005990,SEQ-DD9C90F61132,0,3
RNA-005991,SEQ-965EA6CF13B4,1,2
RNA-005991,SEQ-99CB05E6946C,0,2
RNA-005992,SEQ-3E43512C6506,1,2
RNA-005993,SEQ-C756546FF4CA,1,2
RNA-005994,SEQ-EC75D7A19D0E,1,3
RNA-005996,SEQ-38D737A66326,1,3
RNA-005997,SEQ-70EA473F3244,1,1
RNA-005999,SEQ-0FE725EC385E,1,2
RNA-006004,SEQ-5977AF8630B1,1,2
RNA-006006,SEQ-B8663D1A1803,1,2
RNA-006007,SEQ-1A6731E45FC2,1,3
RNA-006008,SEQ-EACD114EF77D,1,3
RNA-006009,SEQ-860649519FB8,1,1
RNA-006011,SEQ-2E7CFE3C8D0F,1,2
RNA-006012,SEQ-C0BC11A33289,1,3
RNA-006013,SEQ-87E6F42CB0FF,1,2
RNA-006014,SEQ-99EE4E3C6D68,1,2
RNA-006015,SEQ-0C706E4149B7,1,3
RNA-006015,SEQ-66F0D2575AA3,0,1
RNA-006016,SEQ-395E58538F49,1,3
RNA-006018,SEQ-979BF2E1A650,1,2
RNA-006021,SEQ-FC2DDF3FF081,1,2
RNA-006022,SEQ-2956457A1B84,1,3
RNA-006022,SEQ-DD02B2D7485C,0,2
RNA-006022,SEQ-65D3BBED395C,0,2
RNA-006023,SEQ-E763368CBDE6,1,2
RNA-006024,SEQ-C926A772B52B,1,2
RNA-006025,SEQ-946BE46DECB6,1,2
RNA-006027,SEQ-DB1D2CBA7C35,1,3
RNA-006029,SEQ-982B9411E5D8,1,1
RNA-006031,SEQ-96CDB1134175,1,3
RNA-006032,SEQ-EDDA4EF57189,1,3
RNA-006033,SEQ-B76DB2ED004C,1,4
RNA-006033,SEQ-C0F7BFAF4A2A,0,3
RNA-006034,SEQ-53919A5D9236,1,3
RNA-006035,SEQ-81596E8D274C,1,2
RNA-006035,SEQ-AD604815D882,0,1
RNA-006036,SEQ-F63F64F716E1,1,2
RNA-006037,SEQ-78449B678B3F,1,2
RNA-006038,SEQ-6A4052EF9A60,1,2
RNA-006039,SEQ-E7D76909C97A,1,2
RNA-006040,SEQ-63173F26A308,1,3
RNA-006042,SEQ-1A5E51C9F891,1,1
RNA-006043,SEQ-74601F19AC87,1,1
RNA-006044,SEQ-72AB3D8C5A6D,1,3
RNA-006044,SEQ-42D74E301F00,0,1
RNA-006046,SEQ-511DD479B010,1,2
RNA-006047,SEQ-ABC54E3E9A93,1,3
RNA-006047,SEQ-E01DE6B63529,0,1
RNA-006048,SEQ-0B2CA1FE1AF6,1,3
RNA-006049,SEQ-1B581F779892,1,1
RNA-006050,SEQ-EFA52A3C1597,1,1
RNA-006051,SEQ-7CCC2A01A73C,1,2
RNA-006051,SEQ-0067855E8D0A,0,1
RNA-006052,SEQ-7B721AD62F87,1,2
RNA-006052,SEQ-45CAD742CF6B,0,1
RNA-006053,SEQ-8036A0B59484,1,3
RNA-006053,SEQ-F19BDEE202E0,0,2
RNA-006054,SEQ-9C6AF494CD5C,1,3
RNA-006055,SEQ-208B6CAAD615,1,1
RNA-006056,SEQ-B9F9436307F5,1,1
RNA-006057,SEQ-F789CD231194,1,3
RNA-006058,SEQ-581D575E81A2,1,4
RNA-006060,SEQ-AB2CA333C653,1,3
RNA-006060,SEQ-77AB4B40D9F9,0,1
RNA-006061,SEQ-D97E3AAC4315,1,4
RNA-006062,SEQ-5E03E42233AD,1,6
RNA-006063,SEQ-AC5149AA830F,1,3
RNA-006065,SEQ-607306BBD781,1,1
RNA-006066,SEQ-7279DCD7BFC1,1,1
RNA-006067,SEQ-762D337E3578,1,3
RNA-006068,SEQ-ECC6A06526CE,1,2
RNA-006069,SEQ-DF001CF901F3,1,3
RNA-006070,SEQ-BD55DACEE9EC,1,3
RNA-006072,SEQ-EEB8035C45D1,1,2
RNA-006073,SEQ-A16AD90763B5,1,4
RNA-006074,SEQ-9D10641676BE,1,2
RNA-006074,SEQ-A55328D03038,0,1
RNA-006075,SEQ-0B201FF1CA5C,1,3
RNA-006076,SEQ-A5AE381E9944,1,1
RNA-006078,SEQ-F8810E480893,1,6
RNA-006079,SEQ-F861A81B1091,1,1
RNA-006080,SEQ-9457F74AB67F,1,3
RNA-006080,SEQ-F2EA10DC5E2C,0,1
RNA-006081,SEQ-67BDE5CA72FA,1,1
RNA-006082,SEQ-6660BE179A66,1,5
RNA-006082,SEQ-6ABEDC391FA7,0,2
RNA-006083,SEQ-36480F9D65D9,1,1
RNA-006084,SEQ-976A6FE63A43,1,6
RNA-006085,SEQ-26A5F2E327E7,1,3
RNA-006085,SEQ-F84DDAC563B3,0,1
RNA-006087,SEQ-090532D6ADEF,1,3
RNA-006087,SEQ-FB1B5B5A61FC,0,2
RNA-006088,SEQ-FAFB1F21FBCC,1,2
RNA-006089,SEQ-C47BCA8E8B05,1,1
RNA-006090,SEQ-A5BD42840F74,1,3
RNA-006090,SEQ-37215880C778,0,2
RNA-006091,SEQ-849C5716B13E,1,1
RNA-006092,SEQ-CA47D200C6BB,1,3
RNA-006093,SEQ-DFCA7D369A61,1,1
RNA-006094,SEQ-D4D8EB607253,1,1
RNA-006095,SEQ-46095E7CD93F,1,2
RNA-006097,SEQ-C51908D2D3AC,1,3
RNA-006097,SEQ-966C55799A73,0,2
RNA-006098,SEQ-4AB8698D34EF,1,2
RNA-006099,SEQ-D0875E0A6E95,1,1
RNA-006100,SEQ-75E57D66A84D,1,2
RNA-006102,SEQ-28F915257CF2,1,2
RNA-006103,SEQ-0EFFC7128AA5,1,5
RNA-006104,SEQ-C4E50406415C,1,2
RNA-006105,SEQ-99554856C330,1,3
RNA-006107,SEQ-3713E45B54DE,1,2
RNA-006108,SEQ-CDB518C5227D,1,2
RNA-006109,SEQ-CF421972F218,1,2
RNA-006110,SEQ-A04DDEEE03C8,1,3
RNA-006111,SEQ-FAF669FB476D,1,3
RNA-006111,SEQ-CBE91A8B509B,0,1
RNA-006112,SEQ-C58F246C13DE,1,2
RNA-006112,SEQ-BA8C8A1D68F7,0,1
RNA-006113,SEQ-5B0C1B8B775F,1,2
RNA-006114,SEQ-ABE48E86D81C,1,6
RNA-006115,SEQ-E87F2C925F99,1,2
RNA-006116,SEQ-9D65751FB825,1,2
RNA-006117,SEQ-F6078893ECDE,1,1
RNA-006118,SEQ-3B5139DF0E3A,1,1
RNA-006119,SEQ-2642D0831F48,1,2
RNA-006119,SEQ-B7AE81A8D319,0,1
RNA-006121,SEQ-B41CF117B17F,1,1
RNA-006122,SEQ-1A6C10D08C7C,1,2
RNA-006124,SEQ-E45AEBF1A11A,1,2
RNA-006124,SEQ-0E6FC160656C,0,1
RNA-006125,SEQ-7F8BDCC485DD,1,1
RNA-006126,SEQ-4F5222D73E58,1,3
RNA-006127,SEQ-F9011645AEA0,1,1
RNA-006129,SEQ-5FC102A7F613,1,3
RNA-006131,SEQ-2C1CC58CD21C,1,2
RNA-006131,SEQ-D16C1F283F8D,0,1
RNA-006133,SEQ-E5AF6C210C08,1,1
RNA-006136,SEQ-7F9C297CA425,1,2
RNA-006137,SEQ-8F69A5C6F689,1,2
RNA-006139,SEQ-6819DC08909D,1,2
RNA-006139,SEQ-735D204E8D66,0,1
RNA-006141,SEQ-EBA3E0FF285A,1,3
RNA-006142,SEQ-044D69148640,1,2
RNA-006144,SEQ-236488775D76,1,3
RNA-006145,SEQ-211A6C89F437,1,3
RNA-006146,SEQ-72B29847AD46,1,3
RNA-006149,SEQ-E74D3A96AE19,1,3
RNA-006150,SEQ-2B68B538402F,1,1
RNA-006151,SEQ-7F62F2B89179,1,2
RNA-006152,SEQ-3DA0A47B2EA5,1,1
RNA-006153,SEQ-F64460704FEE,1,2
RNA-006154,SEQ-8FAEB0B25AFA,1,1
RNA-006155,SEQ-E5F8319E4F2D,1,2
RNA-006155,SEQ-6207F3FEC0FA,0,2
RNA-006156,SEQ-8C61B020F4DD,1,2
RNA-006157,SEQ-05A4A116C1A9,1,1
RNA-006159,SEQ-7E2023FFB200,1,3
RNA-006160,SEQ-06B4D69C55CF,1,1
RNA-006161,SEQ-2895E3908414,1,1
RNA-006162,SEQ-D3923A0F82F0,1,3
RNA-006164,SEQ-C14E834E3B8A,1,1
RNA-006165,SEQ-F4C9FD33CCF7,1,2
RNA-006165,SEQ-A78FD8433543,0,1
RNA-006166,SEQ-3E02AA064786,1,2
RNA-006167,SEQ-CF5502E472A7,1,3
RNA-006168,SEQ-C7C9DF69EDDD,1,1
RNA-006170,SEQ-EA5F5D568520,1,3
RNA-006171,SEQ-4343F0633700,1,2
RNA-006173,SEQ-8BAC81E179C1,1,2
RNA-006175,SEQ-6FC301DF18DC,1,2
RNA-006175,SEQ-482EC4E4DF09,0,1
RNA-006176,SEQ-2F39E2573FAB,1,3
RNA-006177,SEQ-BC7C0652B1F0,1,1
RNA-006178,SEQ-AFD737187D09,1,2
RNA-006179,SEQ-4A53418C5B1B,1,1
RNA-006180,SEQ-38E089EDFD52,1,2
RNA-006181,SEQ-960CA00A2BB6,1,1
RNA-006185,SEQ-CA189EC37919,1,3
RNA-006186,SEQ-CCCF1E221706,1,2
RNA-006187,SEQ-746999FC9424,1,3
RNA-006187,SEQ-ABE34200742C,0,1
RNA-006188,SEQ-3978EA5DD67C,1,2
RNA-006188,SEQ-3E0FD64593D1,0,1
RNA-006189,SEQ-F05E127F0AE2,1,3
RNA-006190,SEQ-24E2C2E7380F,1,3
RNA-006190,SEQ-EEC5C3746C60,0,1
RNA-006191,SEQ-08767D869667,1,2
RNA-006191,SEQ-17F13E34DDDB,0,1
RNA-006193,SEQ-218C1B6ED7A2,1,4
RNA-006194,SEQ-E97783B00FD3,1,3
RNA-006195,SEQ-EC966538F897,1,1
RNA-006196,SEQ-E5C0D831B450,1,1
RNA-006198,SEQ-51DD22E69546,1,1
RNA-006199,SEQ-82B3BF63DE60,1,2
RNA-006200,SEQ-B5976B4646EB,1,3
RNA-006201,SEQ-579B439BEA46,1,2
RNA-006201,SEQ-EF8634366ABC,0,1
RNA-006202,SEQ-EB99A69601B9,1,2
RNA-006202,SEQ-1C75DAD7399B,0,1
RNA-006203,SEQ-3A678FE735B9,1,2
RNA-006204,SEQ-AC2998938180,1,1
RNA-006205,SEQ-46B1E37F1FCA,1,2
RNA-006206,SEQ-554B0F622464,1,2
RNA-006207,SEQ-5B3E0BBDEBF8,1,10
RNA-006208,SEQ-060E56A198D9,1,1
RNA-006209,SEQ-4F6D813F5090,1,2
RNA-006210,SEQ-58DDA0778597,1,2
RNA-006212,SEQ-0110D8A0EFAD,1,2
RNA-006212,SEQ-D094D125D9CE,0,2
RNA-006213,SEQ-6023C87143D2,1,1
RNA-006214,SEQ-6BA50FFE7857,1,3
RNA-006215,SEQ-C2B9E6E0E76C,1,3
RNA-006215,SEQ-4012F7B6B697,0,1
RNA-006216,SEQ-485963B02E24,1,3
RNA-006217,SEQ-51CD99F7C742,1,2
RNA-006218,SEQ-6285DCDE243A,1,2
RNA-006219,SEQ-25E667CAE118,1,5
RNA-006220,SEQ-8DABF75E8ED3,1,3
RNA-006221,SEQ-B82D0252A7DE,1,3
RNA-006222,SEQ-12B4A582D396,1,1
RNA-006223,SEQ-7E289BF0D5B1,1,2
RNA-006223,SEQ-6B3CE2D296AA,0,1
RNA-006225,SEQ-79A6FBE79E51,1,2
RNA-006226,SEQ-803B3F18AFA2,1,2
RNA-006227,SEQ-7559F930977E,1,1
RNA-006230,SEQ-80894EA40129,1,1
RNA-006231,SEQ-5FBAA2EC1AE6,1,2
RNA-006231,SEQ-859E4557590A,0,2
RNA-006232,SEQ-F24BD39C1B90,1,3
RNA-006233,SEQ-666E9691042D,1,2
RNA-006233,SEQ-555C06E4BE19,0,2
RNA-006234,SEQ-959E2731C4B4,1,1
RNA-006235,SEQ-6DB0D3527076,1,2
RNA-006235,SEQ-FF1E08976FAE,0,1
RNA-006238,SEQ-A1C7CFD12D71,1,6
RNA-006239,SEQ-826A501B223C,1,1
RNA-006240,SEQ-9F1010603560,1,3
RNA-006241,SEQ-7999DD0381F9,1,2
RNA-006241,SEQ-73DEB174E73F,0,1
RNA-006242,SEQ-E4BF019EEBA0,1,3
RNA-006242,SEQ-694B520FB943,0,1
RNA-006243,SEQ-35707F996C87,1,1
RNA-006244,SEQ-56B11615C26B,1,1
RNA-006245,SEQ-6C322B3B340D,1,1
RNA-006246,SEQ-4940185369C3,1,2
RNA-006247,SEQ-3384C20A6165,1,2
RNA-006250,SEQ-27B1A1BE738B,1,2
RNA-006252,SEQ-B3139BD9AFAE,1,2
RNA-006255,SEQ-E7C994C6325D,1,1
RNA-006256,SEQ-58F78AE230E5,1,3
RNA-006257,SEQ-9F3837C5DD63,1,2
RNA-006258,SEQ-FB62E8EF9309,1,2
RNA-006259,SEQ-85488A73EFDD,1,1
RNA-006260,SEQ-8364C6E56752,1,3
RNA-006261,SEQ-25D5018B21A2,1,1
RNA-006262,SEQ-4B89F0C875BA,1,2
RNA-006263,SEQ-BFD37A57803C,1,3
RNA-006265,SEQ-1727DBC6A92E,1,5
RNA-006266,SEQ-E4DB0F7EE4F0,1,2
RNA-006267,SEQ-A9E6FCB4755E,1,1
RNA-006268,SEQ-E29773DBD6DF,1,2
RNA-006269,SEQ-93F514EA455B,1,2
RNA-006270,SEQ-DDD050718E94,1,1
RNA-006272,SEQ-59C06A20057F,1,1
RNA-006273,SEQ-576B0E9B5A93,1,2
RNA-006274,SEQ-9FC8A1FEBC1D,1,1
RNA-006275,SEQ-C26F002D1B9C,1,1
RNA-006276,SEQ-F77ECD4EC915,1,3
RNA-006277,SEQ-BE891B0CAC07,1,2
RNA-006278,SEQ-C2FE20CE8CF0,1,2
RNA-006279,SEQ-2412B3825D08,1,1
RNA-006280,SEQ-8410593748D9,1,1
RNA-006281,SEQ-2B46A95A7B63,1,1
RNA-006282,SEQ-312A875E1376,1,3
RNA-006283,SEQ-4C31D8EBFC1B,1,2
RNA-006285,SEQ-25134F2BF709,1,1
RNA-006287,SEQ-F71279B42CA8,1,2
RNA-006288,SEQ-6E332D6B7741,1,4
RNA-006290,SEQ-443A30FC24E1,1,1
RNA-006292,SEQ-3ACCEBCC5391,1,2
RNA-006293,SEQ-5A65187F1728,1,2
RNA-006295,SEQ-D7C4AC4A6640,1,3
RNA-006296,SEQ-F849000CB771,1,2
RNA-006296,SEQ-134E81F51B15,0,1
RNA-006297,SEQ-35CB3A2249AD,1,2
RNA-006298,SEQ-D0E0F4E71543,1,3
RNA-006299,SEQ-9ACC79EB57B7,1,2
RNA-006300,SEQ-2E49DAD4D353,1,1
RNA-006302,SEQ-AA2282E674F7,1,2
RNA-006303,SEQ-B73899578019,1,2
RNA-006304,SEQ-956F775A0527,1,1
RNA-006305,SEQ-6700D66A555A,1,2
RNA-006306,SEQ-15E163698882,1,2
RNA-006309,SEQ-9D8FD358B60D,1,3
RNA-006311,SEQ-FF19E952A816,1,2
RNA-006313,SEQ-06C2EDAFFA9C,1,2
RNA-006314,SEQ-9804982A55F5,1,2
RNA-006315,SEQ-98A11B946D6F,1,1
RNA-006318,SEQ-9507A86105AA,1,2
RNA-006319,SEQ-CEEFF6CB08A8,1,6
RNA-006320,SEQ-989EEE1AECD0,1,1
RNA-006323,SEQ-9E51382CD5BA,1,2
RNA-006324,SEQ-C1BD5D6DBDF7,1,5
RNA-006330,SEQ-183F10A08C5A,1,1
RNA-006331,SEQ-FA5F004E1431,1,2
RNA-006333,SEQ-86A922D3303B,1,3
RNA-006333,SEQ-BB6F5B527A33,0,2
RNA-006334,SEQ-8E9F0BB78EB2,1,1
RNA-006336,SEQ-FE96CD78E168,1,1
RNA-006337,SEQ-F50C5FAA349D,1,2
RNA-006338,SEQ-BA1ADE9E9274,1,2
RNA-006339,SEQ-89B3D3F462D3,1,2
RNA-006341,SEQ-0995FF98FC33,1,1
RNA-006342,SEQ-99CE4FF2D2EA,1,1
RNA-006343,SEQ-0B50A531E48B,1,1
RNA-006344,SEQ-F881A10E85A8,1,4
RNA-006347,SEQ-90B4A57A1C67,1,3
RNA-006349,SEQ-0AA3243681C0,1,1
RNA-006350,SEQ-B18F56791A8B,1,2
RNA-006351,SEQ-EF6A4FD4A9DF,1,2
RNA-006353,SEQ-857274B0BD33,1,1
RNA-006354,SEQ-0DC6CC990DA8,1,1
RNA-006355,SEQ-A08110D43591,1,2
RNA-006356,SEQ-D8A948DA30F2,1,1
RNA-006357,SEQ-B81F92CAB825,1,1
RNA-006358,SEQ-FCE8E19998DD,1,2
RNA-006359,SEQ-11D4B2A3E60F,1,2
RNA-006359,SEQ-5E357ABCC10C,0,1
RNA-006360,SEQ-1D4D6FB0D43D,1,2
RNA-006361,SEQ-FE479315251B,1,2
RNA-006362,SEQ-14D8B026F3E6,1,2
RNA-006363,SEQ-D28B09E33F48,1,1
RNA-006364,SEQ-DF9F1CF1DB62,1,3
RNA-006364,SEQ-E9C784E22FC9,0,1
RNA-006365,SEQ-0F8B0290C4DF,1,1
RNA-006366,SEQ-700BDF943404,1,2
RNA-006367,SEQ-27613206D427,1,2
RNA-006368,SEQ-4ECC49A04592,1,2
RNA-006369,SEQ-2985065F91BB,1,2
RNA-006371,SEQ-0E79CAA779FC,1,3
RNA-006373,SEQ-01674E2A5CB9,1,2
RNA-006374,SEQ-D89F356141EC,1,3
RNA-006375,SEQ-27130A12C0EF,1,3
RNA-006376,SEQ-395CD1B0B4F5,1,1
RNA-006377,SEQ-B7E7768962CF,1,1
RNA-006378,SEQ-340A5436732B,1,2
RNA-006380,SEQ-3E58446499B8,1,3
RNA-006380,SEQ-B8712E866E67,0,1
RNA-006381,SEQ-659601FA85F4,1,2
RNA-006382,SEQ-2DBBF5C29B89,1,3
RNA-006383,SEQ-CD8A0E06C7D7,1,2
RNA-006384,SEQ-416076C15AD0,1,2
RNA-006388,SEQ-C9C68EDF68AB,1,2
RNA-006389,SEQ-4D5208423743,1,1
RNA-006391,SEQ-C732F210956C,1,1
RNA-006392,SEQ-059B12A4B4F6,1,1
RNA-006393,SEQ-6DB6C8F86274,1,2
RNA-006394,SEQ-593F785D4A6C,1,3
RNA-006395,SEQ-4C5C92C7F576,1,3
RNA-006396,SEQ-AD699E9F03D4,1,3
RNA-006397,SEQ-0C01EB02D604,1,3
RNA-006399,SEQ-CB50D9C50F81,1,3
RNA-006400,SEQ-9863FD3CC0CA,1,1
RNA-006401,SEQ-2EB723CF92F4,1,3
RNA-006404,SEQ-EA42757414FD,1,3
RNA-006408,SEQ-2212E8F6A611,1,1
RNA-006409,SEQ-CA573C5E8325,1,2
RNA-006410,SEQ-052AAC4197DA,1,1
RNA-006411,SEQ-2246BBE0A99D,1,2
RNA-006411,SEQ-8446108D53FC,0,1
RNA-006413,SEQ-03909A2C3321,1,3
RNA-006414,SEQ-712021F40C7D,1,1
RNA-006418,SEQ-3E538D4223DC,1,2
RNA-006419,SEQ-B4002253620A,1,3
RNA-006419,SEQ-175D48DA3AAD,0,2
RNA-006421,SEQ-E27A5627CFD0,1,3
RNA-006421,SEQ-18062702933E,0,2
RNA-006422,SEQ-0F3687192682,1,2
RNA-006424,SEQ-21AEF9DBB4FB,1,2
RNA-006426,SEQ-B9A0785AE332,1,3
RNA-006427,SEQ-B30D8C544EDD,1,2
RNA-006428,SEQ-4A457EC96FBC,1,2
RNA-006429,SEQ-9B5379BA3D28,1,2
RNA-006430,SEQ-A8F005862306,1,4
RNA-006431,SEQ-429D70F1DC42,1,2
RNA-006432,SEQ-626025780ED7,1,1
RNA-006434,SEQ-99C84AAEAE09,1,3
RNA-006435,SEQ-91488CA389FA,1,2
RNA-006435,SEQ-8C6BA840256C,0,1
RNA-006436,SEQ-3FDA58FEA04A,1,2
RNA-006438,SEQ-B2587967902E,1,1
RNA-006440,SEQ-429B6F04AE29,1,1
RNA-006441,SEQ-2FF7A4E50EA9,1,1
RNA-006442,SEQ-F387FD3A1517,1,1
RNA-006444,SEQ-4DAD0C1D74F4,1,1
RNA-006445,SEQ-7E5343F9B2D0,1,1
RNA-006446,SEQ-9C5229D716C6,1,1
RNA-006447,SEQ-0DF02C1CD0D0,1,1
RNA-006448,SEQ-99B64A3288F7,1,2
RNA-006448,SEQ-3C50AEA9F41B,0,2
RNA-006449,SEQ-7888AC43350F,1,1
RNA-006452,SEQ-3F0BA7EC9066,1,1
RNA-006453,SEQ-62FCBD30B8A6,1,2
RNA-006454,SEQ-2F1AA4B95F5A,1,1
RNA-006456,SEQ-D4D24D9A8896,1,2
RNA-006457,SEQ-AD4D776735E5,1,2
RNA-006458,SEQ-57EF3D1CA36A,1,2
RNA-006458,SEQ-30779EB67A00,0,1
RNA-006459,SEQ-8F423AE7E3D5,1,3
RNA-006461,SEQ-F06E017E9198,1,2
RNA-006462,SEQ-0C8CFCF71493,1,3
RNA-006462,SEQ-E8E623A792C4,0,1
RNA-006463,SEQ-34A39588F39F,1,1
RNA-006464,SEQ-791A1881F502,1,2
RNA-006465,SEQ-F6904EB10EC4,1,2
RNA-006467,SEQ-EB9210CD947D,1,1
RNA-006468,SEQ-94FC9167351B,1,2
RNA-006469,SEQ-B7F3CFEADD68,1,2
RNA-006471,SEQ-46F8CE12275E,1,1
RNA-006472,SEQ-FBBEA16156CB,1,2
RNA-006472,SEQ-C9F75317FAF3,0,1
RNA-006473,SEQ-2B86B9EE6413,1,1
RNA-006475,SEQ-EAE12CF83550,1,2
RNA-006476,SEQ-E1678D9A3D03,1,4
RNA-006478,SEQ-B55615EE9E81,1,2
RNA-006479,SEQ-CEB707810B98,1,1
RNA-006480,SEQ-5F0126C9BC54,1,1
RNA-006481,SEQ-EAF11A9A2BF2,1,1
RNA-006482,SEQ-03339DD726D6,1,1
RNA-006483,SEQ-EAC80268C425,1,2
RNA-006485,SEQ-A60FE5EFAA90,1,3
RNA-006488,SEQ-5FDF2084F7DF,1,1
RNA-006490,SEQ-9E7312A469AB,1,2
RNA-006491,SEQ-7E4F91FD81D9,1,3
RNA-006492,SEQ-046675E47A38,1,3
RNA-006493,SEQ-589D38D668EA,1,1
RNA-006495,SEQ-89359D0C87F0,1,2
RNA-006496,SEQ-3741D353EEA5,1,2
RNA-006498,SEQ-9249A88292AA,1,1
RNA-006499,SEQ-BDFFCA479758,1,2
RNA-006500,SEQ-3C199AF8EB0F,1,3
RNA-006502,SEQ-47B75AAEB2B9,1,1
RNA-006503,SEQ-41968277E120,1,1
RNA-006504,SEQ-66F3C4F2F414,1,1
RNA-006508,SEQ-7B2E1B603C32,1,2
RNA-006509,SEQ-50511252D048,1,1
RNA-006510,SEQ-88BD940C28F9,1,1
RNA-006513,SEQ-A2B0FCD1B704,1,2
RNA-006514,SEQ-D1E238AD11F7,1,2
RNA-006514,SEQ-2437231DD6D1,0,2
RNA-006517,SEQ-0750A558C6E4,1,2
RNA-006517,SEQ-935541915CFE,0,1
RNA-006518,SEQ-0DC4CB0C6420,1,1
RNA-006519,SEQ-9D290CF08299,1,2
RNA-006521,SEQ-6285D67F2FE6,1,3
RNA-006523,SEQ-6A94757FB496,1,3
RNA-006524,SEQ-840706918D86,1,2
RNA-006525,SEQ-A31EF5B82009,1,2
RNA-006525,SEQ-0C393EFCC025,0,1
RNA-006526,SEQ-30FCAD549231,1,1
RNA-006527,SEQ-F96052A2B8BE,1,1
RNA-006528,SEQ-4450508C15FB,1,3
RNA-006530,SEQ-C796F9CEB776,1,2
RNA-006532,SEQ-F0914E5BEE7B,1,2
RNA-006533,SEQ-05B7DAE9CE19,1,2
RNA-006533,SEQ-720763C243DB,0,2
RNA-006534,SEQ-84CF3B378206,1,2
RNA-006535,SEQ-50EBF42C82B8,1,1
RNA-006536,SEQ-2175B5810D98,1,1
RNA-006537,SEQ-605B3AE2223C,1,1
RNA-006538,SEQ-F84804C1B460,1,2
RNA-006538,SEQ-CFC5753C18D4,0,2
RNA-006543,SEQ-74E7EADE20A6,1,2
RNA-006546,SEQ-40D266CE2A99,1,3
RNA-006547,SEQ-0515E62FBC58,1,1
RNA-006548,SEQ-A460F1CB5B8E,1,1
RNA-006549,SEQ-38A661859102,1,2
RNA-006550,SEQ-EE47A4109307,1,1
RNA-006552,SEQ-C6138C6AC4AA,1,1
RNA-006553,SEQ-C1E7FC6FE5C4,1,1
RNA-006554,SEQ-0A4B545A869D,1,1
RNA-006555,SEQ-844116BF506F,1,1
RNA-006556,SEQ-1388F4E79A84,1,2
RNA-006556,SEQ-9F61754E692F,0,1
RNA-006558,SEQ-6C0EF539BF9B,1,1
RNA-006560,SEQ-5256C6C69540,1,2
RNA-006561,SEQ-5BF75640AE19,1,3
RNA-006562,SEQ-7561641F3A53,1,3
RNA-006563,SEQ-30BCA0720EF0,1,1
RNA-006564,SEQ-CDD119522E77,1,2
RNA-006565,SEQ-67544D1D82BB,1,1
RNA-006566,SEQ-4F8BD1EF8590,1,2
RNA-006568,SEQ-42B57E929AD0,1,2
RNA-006569,SEQ-94E31D18EB10,1,2
RNA-006571,SEQ-3A191904F04E,1,1
RNA-006572,SEQ-EEEF93B5B4FE,1,3
RNA-006572,SEQ-1FCEE9F1C1D5,0,2
RNA-006572,SEQ-C7574A04DD9F,0,1
RNA-006573,SEQ-F85C7D408E55,1,2
RNA-006574,SEQ-6FE777BD6E92,1,1
RNA-006575,SEQ-7B0A3A39425A,1,3
RNA-006576,SEQ-4C047BF323FE,1,1
RNA-006577,SEQ-D478EB8FD54B,1,1
RNA-006578,SEQ-783A8B9A1B70,1,3
RNA-006579,SEQ-848084A2A141,1,2
RNA-006580,SEQ-7B5E04A62F98,1,2
RNA-006582,SEQ-7A8B511D91A4,1,1
RNA-006584,SEQ-934E3C486065,1,1
RNA-006584,SEQ-2E65F699D6A3,0,1
RNA-006585,SEQ-BA4BC2EDA36F,1,1
RNA-006586,SEQ-0F5926E4A62E,1,2
RNA-006588,SEQ-7DCFED7C02BD,1,1
RNA-006589,SEQ-308523572861,1,1
RNA-006590,SEQ-AD46609121A2,1,1
RNA-006591,SEQ-DA1E655AFBA7,1,2
RNA-006592,SEQ-4F87A44C58E2,1,3
RNA-006593,SEQ-8896C72F1866,1,1
RNA-006595,SEQ-3F8413B197AD,1,1
RNA-006596,SEQ-2A9CE42E212C,1,1
RNA-006597,SEQ-79AB9AA61D14,1,3
RNA-006602,SEQ-E09729B18945,1,2
RNA-006603,SEQ-E7830B026FAE,1,3
RNA-006605,SEQ-978647EB7B62,1,5
RNA-006606,SEQ-FEA1EEEDE3A0,1,1
RNA-006607,SEQ-0B202821377D,1,1
RNA-006608,SEQ-3AD1E4A2599D,1,1
RNA-006610,SEQ-2556302BB7BE,1,1
RNA-006611,SEQ-2962A971062A,1,2
RNA-006612,SEQ-8EEFE9F32AE6,1,4
RNA-006613,SEQ-4615BA57548B,1,2
RNA-006614,SEQ-DC610A9BB822,1,1
RNA-006615,SEQ-A8BCBE0A48A6,1,2
RNA-006618,SEQ-194AD614A44F,1,1
RNA-006620,SEQ-B8F09CBD0CE8,1,1
RNA-006621,SEQ-707A7C4BEB8F,1,3
RNA-006622,SEQ-145E1F1A6E20,1,1
RNA-006623,SEQ-DA15B85A42DD,1,3
RNA-006625,SEQ-3A9FFC3045CC,1,2
RNA-006626,SEQ-E20EAED7BAAE,1,2
RNA-006627,SEQ-86739CB2D457,1,1
RNA-006628,SEQ-BC6D928AB82D,1,2
RNA-006629,SEQ-F7CCF71A74C1,1,1
RNA-006631,SEQ-767F6F31C00D,1,2
RNA-006631,SEQ-9294A6EC97A9,0,1
RNA-006632,SEQ-5D812A1045DE,1,2
RNA-006635,SEQ-659F1FDF382C,1,1
RNA-006636,SEQ-FC725A2D2B3A,1,2
RNA-006639,SEQ-4E3DECAB9275,1,1
RNA-006641,SEQ-7CDF5457125B,1,1
RNA-006642,SEQ-B5C0F1A57F7D,1,2
RNA-006643,SEQ-014C38A17A25,1,2
RNA-006644,SEQ-E309C203DAF2,1,3
RNA-006646,SEQ-12116A0F6087,1,1
RNA-006648,SEQ-4A40233B7CF9,1,1
RNA-006649,SEQ-98C2F0859B8B,1,3
RNA-006649,SEQ-73C7D36A150E,0,1
RNA-006650,SEQ-E0E1AB0EA0B0,1,1
RNA-006652,SEQ-C200DBA2CF5F,1,2
RNA-006655,SEQ-220D8ABAC764,1,2
RNA-006656,SEQ-7837575702D8,1,3
RNA-006657,SEQ-AF4AEE58B1A1,1,2
RNA-006658,SEQ-46782BA55C9E,1,3
RNA-006659,SEQ-88FE53CEA58F,1,1
RNA-006660,SEQ-D9DF9BD51E0B,1,1
RNA-006661,SEQ-8A4EFA13B404,1,4
RNA-006663,SEQ-72A3D5FAB4FB,1,1
RNA-006665,SEQ-B2054F994486,1,2
RNA-006668,SEQ-896F1EE67573,1,1
RNA-006670,SEQ-6364192E04FA,1,3
RNA-006672,SEQ-D212A3BA1F7F,1,2
RNA-006674,SEQ-D5670A3F9AAB,1,2
RNA-006675,SEQ-BF99FDB86509,1,2
RNA-006676,SEQ-49DFC6DA6071,1,2
RNA-006676,SEQ-5025DCE712A6,0,1
RNA-006677,SEQ-5A69C9A859B4,1,1
RNA-006678,SEQ-80243032658E,1,2
RNA-006678,SEQ-FFAF0CAED66E,0,1
RNA-006679,SEQ-AD3D1C118D1A,1,1
RNA-006680,SEQ-053B2D4B9F78,1,1
RNA-006682,SEQ-AA5CDEC3D77E,1,3
RNA-006683,SEQ-4D3FE4334F0C,1,3
RNA-006683,SEQ-AD93DB608E68,0,1
RNA-006685,SEQ-EF5AE281932A,1,1
RNA-006686,SEQ-D0FA64BC4E10,1,2
RNA-006687,SEQ-966D8601183A,1,1
RNA-006689,SEQ-346096235698,1,7
RNA-006689,SEQ-BAC5A97BC75D,0,2
RNA-006693,SEQ-D0F431081D01,1,2
RNA-006693,SEQ-A6FFC2099ACA,0,1
RNA-006694,SEQ-6FA1118318FB,1,1
RNA-006696,SEQ-387D0A341070,1,1
RNA-006700,SEQ-37FFB65963CA,1,1
RNA-006701,SEQ-A9058852C56E,1,1
RNA-006704,SEQ-E60803B08C78,1,2
RNA-006704,SEQ-DCE0CFD397E6,0,1
RNA-006705,SEQ-27086B8ED8D8,1,3
RNA-006706,SEQ-07BB0744039B,1,1
RNA-006708,SEQ-5D4A4ED15174,1,2
RNA-006709,SEQ-95E48494C85F,1,3
RNA-006710,SEQ-236334FC4147,1,2
RNA-006712,SEQ-6CE04E6CFB9C,1,2
RNA-006713,SEQ-2D5ECFA62BB9,1,3
RNA-006714,SEQ-70051E544BC3,1,1
RNA-006716,SEQ-DEAD0623157A,1,3
RNA-006717,SEQ-F05F9593D575,1,3
RNA-006718,SEQ-1E88ED618865,1,2
RNA-006722,SEQ-A6C0F18556E9,1,2
RNA-006723,SEQ-DC431C00849C,1,3
RNA-006724,SEQ-22052B38E453,1,1
RNA-006726,SEQ-7F615EE183D2,1,2
RNA-006727,SEQ-70FDEED34EFC,1,2
RNA-006731,SEQ-A1ED04E8B320,1,3
RNA-006733,SEQ-B8AA816EFA9B,1,2
RNA-006734,SEQ-26E8BD5806C3,1,2
RNA-006734,SEQ-9A9D5FDD202F,0,1
RNA-006736,SEQ-966678D9559C,1,1
RNA-006738,SEQ-5D2B46D431CF,1,2
RNA-006739,SEQ-7730397FC60E,1,3
RNA-006739,SEQ-844141ED8380,0,1
RNA-006740,SEQ-4FF183C76D0F,1,2
RNA-006741,SEQ-6A92B85B3856,1,5
RNA-006742,SEQ-9AE4D1FE1EC0,1,3
RNA-006744,SEQ-784689A19F4D,1,2
RNA-006745,SEQ-A5378EFDC4E7,1,4
RNA-006746,SEQ-2AD8764548A7,1,1
RNA-006748,SEQ-84F2A72B1907,1,1
RNA-006749,SEQ-90AAACAFC965,1,2
RNA-006750,SEQ-7409FA23803D,1,1
RNA-006753,SEQ-0B38A5C659EB,1,2
RNA-006755,SEQ-A0FA0A8E4061,1,3
RNA-006760,SEQ-D174FFB7054A,1,2
RNA-006761,SEQ-D57755C549C0,1,1
RNA-006762,SEQ-18B6A855ABF6,1,2
RNA-006764,SEQ-9C8F4DB3FCE5,1,1
RNA-006766,SEQ-1CB719192A5C,1,1
RNA-006770,SEQ-094DABB1295C,1,2
RNA-006771,SEQ-8C496BB1A08D,1,3
RNA-006773,SEQ-E8F285A1D22A,1,1
RNA-006776,SEQ-25F891468D7D,1,1
RNA-006777,SEQ-F20E952EEEA4,1,1
RNA-006778,SEQ-D4CC0FC86AEC,1,2
RNA-006781,SEQ-3EDA7D8E1571,1,2
RNA-006782,SEQ-4862DB3535A8,1,1
RNA-006783,SEQ-959A70BBD7EB,1,1
RNA-006784,SEQ-EC4F9A3FE435,1,1
RNA-006785,SEQ-17CF8D49A96B,1,1
RNA-006787,SEQ-D536A9EEBDBC,1,3
RNA-006788,SEQ-7F721A982DE6,1,1
RNA-006790,SEQ-0F1FB285FE02,1,1
RNA-006796,SEQ-0B127C19179C,1,1
RNA-006798,SEQ-A7D9FA7CBA17,1,2
RNA-006799,SEQ-341841744C6D,1,1
RNA-006802,SEQ-9B3E97393BBC,1,3
RNA-006802,SEQ-6D38542CF7DE,0,1
RNA-006803,SEQ-AE9BF7A293E5,1,1
RNA-006804,SEQ-3542568AF95E,1,2
RNA-006804,SEQ-4201193CF494,0,1
RNA-006805,SEQ-5C456F7B7492,1,2
RNA-006806,SEQ-9C9CFC48996F,1,1
RNA-006807,SEQ-5C99D57406CF,1,1
RNA-006807,SEQ-4F9366D5AA8A,0,1
RNA-006811,SEQ-945B6869A171,1,2
RNA-006812,SEQ-F773830B1F70,1,1
RNA-006813,SEQ-05ACEF63BEFD,1,2
RNA-006813,SEQ-973B4BD0455C,0,1
RNA-006815,SEQ-C24F80401813,1,3
RNA-006816,SEQ-70830BE1C7CB,1,1
RNA-006817,SEQ-8B961244BC95,1,1
RNA-006818,SEQ-CDB745B9B479,1,1
RNA-006820,SEQ-8C59867D0013,1,2
RNA-006821,SEQ-F9301C48C440,1,2
RNA-006824,SEQ-CECDE2AB3005,1,2
RNA-006826,SEQ-9AC90FC4FF66,1,2
RNA-006832,SEQ-6C9DD7653C1F,1,2
RNA-006834,SEQ-627E760DEF0E,1,3
RNA-006834,SEQ-5473337F0FCA,0,1
RNA-006836,SEQ-B21BFDDF4774,1,2
RNA-006837,SEQ-2DF8993C5332,1,2
RNA-006839,SEQ-5E02E8B2F643,1,2
RNA-006840,SEQ-A08FBDBCC573,1,2
RNA-006841,SEQ-941B4BC9C391,1,1
RNA-006845,SEQ-390E832EF631,1,1
RNA-006846,SEQ-D4682102A792,1,2
RNA-006847,SEQ-6C31D7CA6CD3,1,1
RNA-006848,SEQ-421BEA6A2145,1,1
RNA-006849,SEQ-E8C548BB3ED3,1,1
RNA-006850,SEQ-49E584350FD2,1,1
RNA-006852,SEQ-1CDE9F8AF6A1,1,1
RNA-006854,SEQ-559BB355B68B,1,2
RNA-006856,SEQ-0DA792A74AC6,1,2
RNA-006858,SEQ-3FF27EDD69C8,1,1
RNA-006861,SEQ-BCFA3AD9A99C,1,1
RNA-006862,SEQ-EC7F05775191,1,1
RNA-006863,SEQ-F60FB31B9C09,1,3
RNA-006865,SEQ-79F7283D4CD6,1,3
RNA-006866,SEQ-8C2A2F9075F9,1,1
RNA-006867,SEQ-46353A28A7AB,1,1
RNA-006869,SEQ-38EBDF1EA5CE,1,1
RNA-006870,SEQ-E65312F298DB,1,1
RNA-006875,SEQ-1CCA109E3677,1,2
RNA-006879,SEQ-26451EA43865,1,1
RNA-006880,SEQ-34BBC968DBD0,1,1
RNA-006882,SEQ-D623D98FCED4,1,2
RNA-006884,SEQ-594A003B546F,1,2
RNA-006887,SEQ-5E0F63D75D0E,1,1
RNA-006888,SEQ-C65B9C4CA200,1,1
RNA-006890,SEQ-D31FF2769AA8,1,2
RNA-006891,SEQ-188D829AF03B,1,1
RNA-006892,SEQ-037521096E2D,1,1
RNA-006893,SEQ-B497FE6DCE37,1,2
RNA-006893,SEQ-722031F85BFF,0,1
RNA-006898,SEQ-2418F286ED41,1,1
RNA-006899,SEQ-18DCB3CC84A2,1,1
RNA-006900,SEQ-8E27A0483BBC,1,1
RNA-006901,SEQ-09F019CF53C9,1,2
RNA-006902,SEQ-0BD71A9D1D87,1,2
RNA-006903,SEQ-40CF05520856,1,2
RNA-006903,SEQ-9B1439FCB4C0,0,1
RNA-006904,SEQ-B976A22FF330,1,1
RNA-006905,SEQ-A803EF670D50,1,2
RNA-006906,SEQ-C43C73D0F191,1,3
RNA-006907,SEQ-698A25BFCA23,1,3
RNA-006908,SEQ-C422CA0A260D,1,2
RNA-006910,SEQ-5029BC37AAF2,1,2
RNA-006912,SEQ-261470B5DD6C,1,1
RNA-006913,SEQ-47D475874959,1,1
RNA-006918,SEQ-2ECA28F23730,1,2
RNA-006920,SEQ-E6975C60B5BE,1,2
RNA-006921,SEQ-8272E2062468,1,2
RNA-006925,SEQ-5281460E272E,1,3
RNA-006928,SEQ-02333B3EAC05,1,2
RNA-006930,SEQ-86C2FA92D1B4,1,2
RNA-006933,SEQ-BC3BCFB6F992,1,2
RNA-006934,SEQ-8B8872DFBBED,1,2
RNA-006935,SEQ-8548ED831C71,1,1
RNA-006936,SEQ-229A13954237,1,1
RNA-006937,SEQ-6529A5A5F408,1,1
RNA-006938,SEQ-0DBEF57C846F,1,1
RNA-006939,SEQ-16DD3A98D51B,1,1
RNA-006942,SEQ-3714086EFEAB,1,1
RNA-006943,SEQ-3AF1D36521C5,1,4
RNA-006944,SEQ-C85F91E38B52,1,2
RNA-006946,SEQ-61AB73EBB23E,1,1
RNA-006953,SEQ-1D2F394A5907,1,2
RNA-006954,SEQ-6E7FE7219D17,1,2
RNA-006955,SEQ-CABBCDA0FB2C,1,2
RNA-006958,SEQ-3FC4C3256925,1,2
RNA-006959,SEQ-2440FF146F5C,1,2
RNA-006960,SEQ-CC8DC82E94C2,1,7
RNA-006960,SEQ-D3D1797A9B3B,0,1
RNA-006962,SEQ-985B7913E1B9,1,1
RNA-006965,SEQ-221E49A49EC1,1,1
RNA-006967,SEQ-A80556B4145E,1,3
RNA-006968,SEQ-FCEC791101C0,1,1
RNA-006971,SEQ-CD42F9C0F112,1,1
RNA-006972,SEQ-9DF3B784C573,1,1
RNA-006973,SEQ-88628A6BB58E,1,2
RNA-006976,SEQ-7FAA2AC22670,1,1
RNA-006978,SEQ-985D9207A115,1,2
RNA-006979,SEQ-3FF006981410,1,1
RNA-006981,SEQ-934B46970DBB,1,1
RNA-006983,SEQ-8017D142C82D,1,1
RNA-006984,SEQ-DA69C754A8C2,1,1
RNA-006985,SEQ-0093BC73491D,1,2
RNA-006985,SEQ-73375276B3C0,0,1
RNA-006986,SEQ-1332AA43713A,1,1
RNA-006988,SEQ-C5E30E07392F,1,1
RNA-006990,SEQ-C02BFCE625C3,1,3
RNA-006990,SEQ-7B3F6643F6D0,0,1
RNA-006993,SEQ-565485DD10EF,1,3
RNA-006995,SEQ-320FA7A7C701,1,1
RNA-006996,SEQ-4F9954952772,1,1
RNA-007002,SEQ-A30057F0C409,1,3
RNA-007004,SEQ-9670A7BFE985,1,1
RNA-007007,SEQ-87682E8F34A1,1,1
RNA-007009,SEQ-6A32C01F7D40,1,1
RNA-007012,SEQ-B2B425CE7634,1,2
RNA-007013,SEQ-7B6E027EA51F,1,3
RNA-007014,SEQ-E1A6984208A5,1,1
RNA-007015,SEQ-B99A61DA5F0F,1,1
RNA-007016,SEQ-866D844A1709,1,1
RNA-007017,SEQ-35A46B10C9F7,1,1
RNA-007018,SEQ-9FBEF4BC3CB5,1,4
RNA-007019,SEQ-97C9CF05DF13,1,1
RNA-007020,SEQ-FF971C127C9D,1,2
RNA-007023,SEQ-C88D4324B3F3,1,1
RNA-007025,SEQ-F622CF1C9A34,1,2
RNA-007026,SEQ-F164DB57E7E2,1,2
RNA-007027,SEQ-BC3CEFE43183,1,4
RNA-007028,SEQ-346B1D8F9A8F,1,2
RNA-007030,SEQ-C1CB6D0FF39F,1,2
RNA-007031,SEQ-FFA81EC07D73,1,1
RNA-007034,SEQ-5A08225B7F5F,1,2
RNA-007035,SEQ-9D19967976D3,1,1
RNA-007038,SEQ-AF9235834365,1,9
RNA-007040,SEQ-65C041BCF279,1,1
RNA-007043,SEQ-A30AB79D1DA0,1,2
RNA-007044,SEQ-53727EBFA3A1,1,2
RNA-007044,SEQ-9B9A12955D28,0,1
RNA-007046,SEQ-B92401F89624,1,2
RNA-007047,SEQ-5B84796AFB39,1,1
RNA-007049,SEQ-A639E1522CD6,1,3
RNA-007050,SEQ-AEEBAFF4D0C8,1,1
RNA-007052,SEQ-848E188246BE,1,2
RNA-007053,SEQ-A73BBB53ED38,1,1
RNA-007059,SEQ-5B9994A08E8B,1,3
RNA-007061,SEQ-20F738171D86,1,3
RNA-007063,SEQ-8A7ED7F8A5AA,1,1
RNA-007064,SEQ-AF16DBECB5CF,1,2
RNA-007067,SEQ-7AD79E26772D,1,1
RNA-007068,SEQ-3E4C5C163701,1,1
RNA-007071,SEQ-3EC6C20C51CE,1,1
RNA-007072,SEQ-5284101402FF,1,1
RNA-007075,SEQ-BBA60B6CE247,1,2
RNA-007077,SEQ-A3250ACA05BB,1,1
RNA-007078,SEQ-E65B1C955186,1,1
RNA-007082,SEQ-F0ECBF8F91A8,1,1
RNA-007084,SEQ-9DF3B784C573,1,2
RNA-007087,SEQ-C20C954099F6,1,2
RNA-007090,SEQ-53AF02CD43E8,1,2
RNA-007092,SEQ-B0C4F99CE47B,1,1
RNA-007093,SEQ-B73C05E15867,1,2
RNA-007093,SEQ-4FB1821A2C45,0,1
RNA-007097,SEQ-C35EEC1D781F,1,1
RNA-007099,SEQ-5413B5C6A264,1,1
RNA-007100,SEQ-78A75C5BCF59,1,1
RNA-007102,SEQ-86BACBAF5FF4,1,2
RNA-007103,SEQ-EF8F3D2B1C20,1,2
RNA-007104,SEQ-D6A609C77396,1,1
RNA-007107,SEQ-34F0277B1CFE,1,1
RNA-007108,SEQ-807BA740950E,1,1
RNA-007110,SEQ-A79E74E98181,1,3
RNA-007111,SEQ-BC6D160A29F6,1,2
RNA-007113,SEQ-A98DF817CD08,1,2
RNA-007113,SEQ-FD0750BE2CF1,0,1
RNA-007114,SEQ-73CBC4D7735B,1,1
RNA-007115,SEQ-76B50B6E0B62,1,2
RNA-007118,SEQ-CD9919C50FC1,1,1
RNA-007123,SEQ-594F1400C882,1,2
RNA-007127,SEQ-16D1CEE11891,1,1
RNA-007128,SEQ-71E2411434FD,1,1
RNA-007129,SEQ-791F202B39DE,1,1
RNA-007130,SEQ-07E2F45ECD0C,1,2
RNA-007132,SEQ-910D5ED44879,1,2
RNA-007134,SEQ-D266CC8117EF,1,1
RNA-007136,SEQ-DAEA0D617DEE,1,1
RNA-007142,SEQ-CEF2858DE321,1,1
RNA-007143,SEQ-FA2E1E356A72,1,1
RNA-007146,SEQ-D2D58B52902C,1,1
RNA-007148,SEQ-98A1AC281CC8,1,1
RNA-007151,SEQ-8EDA37ECAD12,1,2
RNA-007153,SEQ-E7B58C8E2888,1,1
RNA-007154,SEQ-6CD0C15162A2,1,3
RNA-007154,SEQ-B6F79C6A9C5D,0,1
RNA-007155,SEQ-8C4D9896C26E,1,1
RNA-007156,SEQ-4A4171ED9A2E,1,2
RNA-007157,SEQ-1A9022679746,1,1
RNA-007158,SEQ-99793047781A,1,1
RNA-007159,SEQ-4A8450964139,1,1
RNA-007159,SEQ-7ED377454208,0,1
RNA-007160,SEQ-3E05463C8F8B,1,1
RNA-007160,SEQ-A572B05720C7,0,1
RNA-007165,SEQ-1E851916B8D7,1,2
RNA-007165,SEQ-51BAA550A2BE,0,1
RNA-007166,SEQ-627BA905EC33,1,1
RNA-007168,SEQ-921A171B872A,1,2
RNA-007169,SEQ-894E061B9D35,1,1
RNA-007170,SEQ-03854FF2B14B,1,3
RNA-007172,SEQ-20A1C4B2C695,1,2
RNA-007173,SEQ-13001D402F7F,1,3
RNA-007174,SEQ-C313BFC620D5,1,1
RNA-007177,SEQ-511EE200C107,1,1
RNA-007178,SEQ-B34BE71D5FA9,1,1
RNA-007181,SEQ-C0AFCCB37472,1,2
RNA-007183,SEQ-C4BA3800D5C3,1,1
RNA-007184,SEQ-8A051BABE068,1,1
RNA-007185,SEQ-0755133FB501,1,1
RNA-007186,SEQ-E108E354AB1D,1,5
RNA-007188,SEQ-BF027E2BBBCB,1,1
RNA-007189,SEQ-AA6AE5424A9E,1,2
RNA-007191,SEQ-C2F19A0D6D5C,1,4
RNA-007192,SEQ-6CC3BAD71326,1,3
RNA-007194,SEQ-9FAA9DB48139,1,2
RNA-007203,SEQ-2B6C967B0848,1,3
RNA-007208,SEQ-F48F29209B28,1,2
RNA-007209,SEQ-8766DE50F4E9,1,2
RNA-007211,SEQ-19DDBAC6967B,1,1
RNA-007213,SEQ-4E2500BAB10D,1,2
RNA-007214,SEQ-1962F92EEC2F,1,1
RNA-007221,SEQ-8874036F2F70,1,1
RNA-007225,SEQ-37B08BC74141,1,1
RNA-007227,SEQ-FB55EC7ACD25,1,1
RNA-007229,SEQ-F2BE906E2700,1,2
RNA-007231,SEQ-8159DD0CCCAC,1,1
RNA-007235,SEQ-F1B6F99AE9AE,1,2
RNA-007236,SEQ-2A253254F125,1,3
RNA-007240,SEQ-673A0D5DB208,1,1
RNA-007242,SEQ-268281B5D722,1,2
RNA-007243,SEQ-B983D55FAC3B,1,2
RNA-007244,SEQ-9FB7F3DAEB2F,1,1
RNA-007246,SEQ-D8C3B8375992,1,1
RNA-007247,SEQ-AF63F4C1BB68,1,2
RNA-007247,SEQ-41754BD31E89,0,1
RNA-007249,SEQ-18ACE00C9884,1,1
RNA-007251,SEQ-B7999D3D8C85,1,1
RNA-007252,SEQ-9DF843436E97,1,2
RNA-007254,SEQ-D073D36AD938,1,1
RNA-007258,SEQ-EEAE9B40099E,1,2
RNA-007263,SEQ-0DCD9BB6872A,1,1
RNA-007264,SEQ-CF06B88BFB07,1,1
RNA-007268,SEQ-EFC1D97353A0,1,1
RNA-007270,SEQ-B38242FBF9AA,1,1
RNA-007271,SEQ-86DB9BD7AB31,1,2
RNA-007275,SEQ-17D442263C2B,1,2
RNA-007275,SEQ-676E98E3EA86,0,1
RNA-007280,SEQ-0DD6C555250A,1,2
RNA-007282,SEQ-0457F7459297,1,3
RNA-007282,SEQ-74BE63D23878,0,2
RNA-007285,SEQ-599D8A40DF39,1,1
RNA-007286,SEQ-969D914EFBA7,1,1
RNA-007287,SEQ-FAC7528A0C5E,1,3
RNA-007287,SEQ-BC59FBA9F4A7,0,1
RNA-007288,SEQ-1566EAF1B3D4,1,2
RNA-007289,SEQ-AD3C8F1C768A,1,1
RNA-007291,SEQ-72242F6FF503,1,1
RNA-007297,SEQ-60997CEB3D2A,1,1
RNA-007300,SEQ-F458833D7ED6,1,1
RNA-007302,SEQ-1B9185DD307D,1,2
RNA-007303,SEQ-9D7F3F6637F4,1,1
RNA-007304,SEQ-DC10DB89D228,1,2
RNA-007305,SEQ-959BF02D6FAC,1,2
RNA-007306,SEQ-0485208E5863,1,2
RNA-007307,SEQ-1917781003A9,1,1
RNA-007308,SEQ-A107DDADCAB1,1,1
RNA-007309,SEQ-ACFC325BA4AF,1,1
RNA-007310,SEQ-AB983252C890,1,1
RNA-007313,SEQ-69210419F47A,1,2
RNA-007316,SEQ-DC512F2B12CF,1,1
RNA-007318,SEQ-4EF74A5FA091,1,2
RNA-007318,SEQ-7746E4D1858D,0,2
RNA-007324,SEQ-D8FEDAA1C95C,1,3
RNA-007324,SEQ-76F13AA1F1F0,0,2
RNA-007326,SEQ-2C2B697A90EF,1,1
RNA-007328,SEQ-316A4E48A106,1,2
RNA-007328,SEQ-C68E38FAF94C,0,1
RNA-007329,SEQ-14F3D2BA0E41,1,2
RNA-007330,SEQ-381ECD40CE19,1,1
RNA-007332,SEQ-8CFE08ECFADB,1,1
RNA-007334,SEQ-A7D20B020673,1,1
RNA-007338,SEQ-2710CEC51557,1,2
RNA-007341,SEQ-108196672014,1,2
RNA-007343,SEQ-223B0E3BCB94,1,8
RNA-007344,SEQ-DE548C57CDC5,1,1
RNA-007346,SEQ-EDC5A3FB9868,1,2
RNA-007347,SEQ-BAE4AAFAB193,1,1
RNA-007352,SEQ-56EAA78D6A50,1,2
RNA-007352,SEQ-64F525BCB318,0,1
RNA-007355,SEQ-CCBE625DF2AC,1,1
RNA-007357,SEQ-8D846C458116,1,2
RNA-007358,SEQ-903CDA81D96C,1,2
RNA-007358,SEQ-9CA91A36291B,0,1
RNA-007360,SEQ-9F90295F9908,1,1
RNA-007363,SEQ-3205E7587C61,1,2
RNA-007365,SEQ-7415475D0F55,1,3
RNA-007366,SEQ-99F90E8B265E,1,1
RNA-007368,SEQ-C0E9297C7778,1,2
RNA-007373,SEQ-703F1B39BFC7,1,1
RNA-007374,SEQ-95753120A3A2,1,1
RNA-007375,SEQ-50985788BD77,1,2
RNA-007376,SEQ-AF3AABF0AA9B,1,2
RNA-007380,SEQ-4B2F5C48B4F0,1,2
RNA-007380,SEQ-520CD456924E,0,1
RNA-007385,SEQ-67747EAD8C9C,1,1
RNA-007386,SEQ-93DE63854D78,1,1
RNA-007388,SEQ-77EA15F31580,1,1
RNA-007390,SEQ-82E6639F45F9,1,3
RNA-007392,SEQ-3F243BB7AD75,1,1
RNA-007395,SEQ-ADB7A5EFE248,1,2
RNA-007399,SEQ-0CEC7A65F50F,1,1
RNA-007401,SEQ-5181D6EE3D3B,1,1
RNA-007403,SEQ-8F9BC2231CAB,1,1
RNA-007405,SEQ-14BE4328BA04,1,1
RNA-007406,SEQ-11345B490A0D,1,1
RNA-007409,SEQ-404D7FB788DB,1,1
RNA-007412,SEQ-2C06D5520343,1,1
RNA-007414,SEQ-17C480AA8BF1,1,3
RNA-007415,SEQ-1B7B3853DF65,1,1
RNA-007416,SEQ-E6FAFFE59F0D,1,2
RNA-007417,SEQ-153CBEC59AAA,1,2
RNA-007417,SEQ-197246833E64,0,1
RNA-007419,SEQ-086252190969,1,2
RNA-007420,SEQ-0895AC9737ED,1,1
RNA-007421,SEQ-3B430D44EBBC,1,1
RNA-007423,SEQ-AE153C236987,1,6
RNA-007423,SEQ-859264B8FB67,0,3
RNA-007424,SEQ-1BEA6493C54D,1,1
RNA-007430,SEQ-FFC1D02B96B1,1,1
RNA-007431,SEQ-676C596296CF,1,1
RNA-007432,SEQ-8408CB6CAC71,1,2
RNA-007433,SEQ-B1F8D25EAD36,1,1
RNA-007435,SEQ-B33B63CE9E86,1,2
RNA-007441,SEQ-65DCBC7AC6F4,1,1
RNA-007448,SEQ-700BD701179B,1,2
RNA-007451,SEQ-A047362EBDC1,1,1
RNA-007452,SEQ-3F9EFF05C79B,1,1
RNA-007453,SEQ-47228424245F,1,2
RNA-007454,SEQ-853E93CCB0F9,1,1
RNA-007455,SEQ-EF2F8F245EF9,1,1
RNA-007456,SEQ-A8A93939ED8D,1,1
RNA-007457,SEQ-7959B00C6590,1,2
RNA-007460,SEQ-F631B08AEF3C,1,1
RNA-007463,SEQ-AEECD8094DE5,1,2
RNA-007463,SEQ-DFE076F553A6,0,1
RNA-007465,SEQ-B6123C8C707D,1,1
RNA-007466,SEQ-E5F3BB8319F0,1,2
RNA-007469,SEQ-95B67607F5D3,1,1
RNA-007475,SEQ-4B7770A15AE9,1,1
RNA-007476,SEQ-E6C85CD201B6,1,1
RNA-007476,SEQ-4BDC3FE63AD9,0,1
RNA-007477,SEQ-163DB79B218B,1,2
RNA-007479,SEQ-D007CE900667,1,1
RNA-007480,SEQ-7DBDA6243E07,1,1
RNA-007482,SEQ-3E910755E191,1,2
RNA-007482,SEQ-7CAAF31CB0DA,0,2
RNA-007483,SEQ-B1517D4A4DD3,1,1
RNA-007484,SEQ-427B8F8E26E2,1,1
RNA-007485,SEQ-F0A942D58D1C,1,1
RNA-007487,SEQ-62B25D513E9E,1,1
RNA-007488,SEQ-C0562AF20CBA,1,2
RNA-007492,SEQ-ADA6ABB91732,1,1
RNA-007493,SEQ-28ECD5C3F2B5,1,1
RNA-007494,SEQ-660EE8111296,1,2
RNA-007499,SEQ-B34661FA3D9B,1,1
RNA-007502,SEQ-27590077E1B2,1,1
RNA-007505,SEQ-5B7F4FE039F4,1,1
RNA-007507,SEQ-49A5C93DD746,1,3
RNA-007507,SEQ-264763C2A93C,0,2
RNA-007508,SEQ-57C57B899728,1,1
RNA-007510,SEQ-9112928C2A48,1,1
RNA-007512,SEQ-743426FC9882,1,3
RNA-007514,SEQ-0421148A0231,1,2
RNA-007521,SEQ-EB27FC948C89,1,1
RNA-007523,SEQ-BD4ADCCA8D0E,1,1
RNA-007525,SEQ-8B071463BD1F,1,1
RNA-007528,SEQ-1F8C649B82E9,1,1
RNA-007531,SEQ-65F68179A81D,1,3
RNA-007533,SEQ-A6766E6114DA,1,1
RNA-007537,SEQ-BAE5B22F5443,1,1
RNA-007539,SEQ-7131649A51CC,1,2
RNA-007541,SEQ-E24C17146BA0,1,2
RNA-007544,SEQ-E099786FCF21,1,1
RNA-007545,SEQ-A058965CBAFE,1,1
RNA-007547,SEQ-ED8E4526FA26,1,1
RNA-007548,SEQ-C9578FA6C3D7,1,1
RNA-007548,SEQ-F62DF29001C3,0,1
RNA-007551,SEQ-289B8CDFE7FA,1,1
RNA-007553,SEQ-0986582869CF,1,1
RNA-007554,SEQ-4E3A627F0100,1,1
RNA-007557,SEQ-63CEF0C96440,1,1
RNA-007559,SEQ-D376F41BE0BB,1,1
RNA-007562,SEQ-39F8F39CEBA3,1,1
RNA-007563,SEQ-68C1664A20D4,1,3
RNA-007567,SEQ-DF40F5633455,1,2
RNA-007573,SEQ-37FE60ED2C2D,1,1
RNA-007575,SEQ-0B24F9242B0C,1,4
RNA-007581,SEQ-FA54E6515D71,1,1
RNA-007585,SEQ-CD35624CBA39,1,1
RNA-007596,SEQ-E82551EC6EFF,1,1
RNA-007598,SEQ-33FBF5853CCA,1,1
RNA-007601,SEQ-8D727D475E98,1,1
RNA-007607,SEQ-98727AFEF333,1,1
RNA-007608,SEQ-F6FB676AF73B,1,1
RNA-007609,SEQ-7984B97D6F35,1,1
RNA-007614,SEQ-F98FCD157996,1,1
RNA-007615,SEQ-A6732E34884A,1,2
RNA-007618,SEQ-799B6F7DC8D7,1,3
RNA-007624,SEQ-09E9092A09BF,1,2
RNA-007628,SEQ-E10795DB388A,1,1
RNA-007630,SEQ-1E28BB648CDC,1,3
RNA-007633,SEQ-800CBA28B258,1,1
RNA-007636,SEQ-DB071A10DCCF,1,1
RNA-007640,SEQ-AEFA1D086CF9,1,1
RNA-007646,SEQ-4B31A83F48FD,1,1
RNA-007653,SEQ-F7651AB2CD12,1,6
RNA-007654,SEQ-27EEF9FA93A4,1,1
RNA-007657,SEQ-B564511AECDE,1,1
RNA-007660,SEQ-58ED08252F70,1,1
RNA-007661,SEQ-C0C096ABA969,1,1
RNA-007664,SEQ-CAEE27E9A661,1,1
RNA-007669,SEQ-7DA922B8D962,1,2
RNA-007670,SEQ-1157B629550E,1,1
RNA-007676,SEQ-A5B53129DCCA,1,1
RNA-007679,SEQ-1C744F6B6F58,1,2
RNA-007682,SEQ-5789DA8A7296,1,2
RNA-007684,SEQ-CD3EE34EB29C,1,1
RNA-007688,SEQ-B3FAE010E3E7,1,2
RNA-007694,SEQ-FAE4B41AF214,1,2
RNA-007697,SEQ-8003B5590FE5,1,2
RNA-007699,SEQ-E0254F6DD7BB,1,1
RNA-007700,SEQ-95A2C9FF4AFA,1,2
RNA-007700,SEQ-F22B4A9A94B1,0,1
RNA-007702,SEQ-09767704527B,1,1
RNA-007704,SEQ-1AAB7CDB7C41,1,1
RNA-007709,SEQ-BDFE5872C90A,1,2
RNA-007711,SEQ-8EB9D3DB9517,1,1
RNA-007713,SEQ-A0E2F62BB0F0,1,1
RNA-007714,SEQ-7D71248E8FA9,1,1
RNA-007715,SEQ-D7F16CA38DDE,1,1
RNA-007720,SEQ-03325D00BDDA,1,1
RNA-007721,SEQ-E1F9B4F0AC02,1,2
RNA-007722,SEQ-032878DCA939,1,1
RNA-007728,SEQ-BB2D86D15C62,1,1
RNA-007729,SEQ-A6485B7F974F,1,1
RNA-007731,SEQ-A85EE6045B45,1,2
RNA-007734,SEQ-B7D756C3AAEC,1,2
RNA-007743,SEQ-C2FF6455DE41,1,1
RNA-007745,SEQ-8A3A33F2E7F4,1,1
RNA-007749,SEQ-CECD641692F3,1,2
RNA-007751,SEQ-1797926575E0,1,1
RNA-007756,SEQ-065DE3CA85BA,1,2
RNA-007758,SEQ-F338562722A7,1,1
RNA-007759,SEQ-82092AA9151D,1,1
RNA-007760,SEQ-B715B78C3055,1,3
RNA-007761,SEQ-92B019F19062,1,1
RNA-007765,SEQ-449AAC3D3B74,1,1
RNA-007767,SEQ-964CD1559FA0,1,1
RNA-007771,SEQ-1E2E71E4DA46,1,2
RNA-007772,SEQ-62F6B4DB9312,1,1
RNA-007772,SEQ-CB0140FB4732,0,1
RNA-007774,SEQ-05090A7D2BEA,1,1
RNA-007778,SEQ-0F0BACF96CE5,1,1
RNA-007780,SEQ-55E4112D3BB6,1,2
RNA-007780,SEQ-B72A877F3010,0,1
RNA-007781,SEQ-F6A687C933F9,1,2
RNA-007782,SEQ-3335956D2B5D,1,2
RNA-007783,SEQ-64240CC50DE1,1,1
RNA-007790,SEQ-D4EFCF61CDB0,1,1
RNA-007792,SEQ-AE4B781AD14D,1,1
RNA-007795,SEQ-64592B75A447,1,1
RNA-007797,SEQ-ACD4EE458DA6,1,1
RNA-007798,SEQ-89C12900C756,1,1
RNA-007799,SEQ-2948B617556D,1,214
RNA-007800,SEQ-E57C843FE3C1,1,1
RNA-007801,SEQ-FA0132716815,1,1
RNA-007802,SEQ-C8A4A5D3261D,1,1
RNA-007803,SEQ-42ED504E7B0A,1,1
RNA-007804,SEQ-6F684A7E7E47,1,1
RNA-007805,SEQ-76CC1CA9AE3E,1,1
RNA-007806,SEQ-4EEDE0AED4CA,1,1
RNA-007807,SEQ-B0C9C7D4E1AE,1,1
RNA-007808,SEQ-BD89733851B0,1,1
RNA-007809,SEQ-EA28C4EFF7A0,1,1
RNA-007810,SEQ-E68072A125E1,1,1
RNA-007811,SEQ-D8D22749A0ED,1,1
RNA-007812,SEQ-4F4EDA969BCB,1,1
RNA-007813,SEQ-51B4A4D8761E,1,1
RNA-007814,SEQ-F4B380F9F794,1,1
RNA-007815,SEQ-B7AA91F38F99,1,1
RNA-007816,SEQ-11679A45A4A7,1,1
RNA-007817,SEQ-14A9A668F480,1,1
RNA-007818,SEQ-F09CFCCED15C,1,1
RNA-007819,SEQ-599B9190B41B,1,1
RNA-007820,SEQ-01CCCCDEEEEE,1,1
RNA-007821,SEQ-8D326787C6F1,1,1
RNA-007822,SEQ-40290FC6E3AA,1,1
RNA-007823,SEQ-079662756148,1,1
RNA-007824,SEQ-FE9262DD5F49,1,1
RNA-007825,SEQ-3E4EFF8D3F1D,1,1
RNA-007826,SEQ-CF47B43C9EE9,1,1
RNA-007827,SEQ-22F88109CC94,1,1
RNA-007828,SEQ-27541794F2F3,1,1
RNA-007829,SEQ-23083A91CC56,1,1
RNA-007830,SEQ-E37546D701DE,1,1
RNA-007831,SEQ-ED5A9B218C04,1,1
RNA-007832,SEQ-52A90A7D9408,1,1
RNA-007833,SEQ-E31E982C2986,1,1
RNA-007834,SEQ-0C884C294293,1,1
RNA-007835,SEQ-5692BFF2F024,1,1
RNA-007836,SEQ-73711FB42282,1,1
RNA-007837,SEQ-84075D7D099C,1,1
RNA-007838,SEQ-D5C5C310A865,1,1
RNA-007839,SEQ-E7F6FC460561,1,1
RNA-007840,SEQ-2E8650BB8BE4,1,1
RNA-007842,SEQ-4D12E603A2DA,1,1
RNA-007843,SEQ-ECBED9990821,1,1
RNA-007844,SEQ-5983D7815D93,1,1
RNA-007845,SEQ-A5F8540C33D2,1,1
RNA-007846,SEQ-798FB5C151B4,1,1
RNA-007847,SEQ-F7780CCE6EA7,1,1
RNA-007848,SEQ-DDA8254F8ECA,1,1
RNA-007849,SEQ-E8107F169A1B,1,1
RNA-007850,SEQ-5038E02F32D6,1,1
RNA-007851,SEQ-AC24644B2090,1,1
RNA-007852,SEQ-C0B9FD109CB9,1,1
RNA-007853,SEQ-E8107F169A1B,1,1
RNA-007854,SEQ-69D6BB831136,1,1
RNA-007855,SEQ-A5AAAF9B967D,1,1
RNA-007856,SEQ-16CD0E515A4A,1,1
RNA-007857,SEQ-111A6D278377,1,1
RNA-007858,SEQ-F6C1CFBF9E70,1,1
RNA-007859,SEQ-4A264ABDE53B,1,1
RNA-007860,SEQ-2DD2DDD0C504,1,1
RNA-007861,SEQ-9A9DB98B8D58,1,1
RNA-007862,SEQ-20F21D4BBE28,1,1
RNA-007863,SEQ-4636A23287A0,1,1
RNA-007864,SEQ-7768E20283AA,1,1
RNA-007865,SEQ-220D9B8E6713,1,1
RNA-007866,SEQ-5522555ED2E9,1,1
RNA-007867,SEQ-C7730C4B538D,1,1
RNA-007868,SEQ-D740DCB2F5BC,1,1
RNA-007869,SEQ-C1B700EA7F02,1,1
RNA-007870,SEQ-A31B00D59BA6,1,1
RNA-007871,SEQ-1E57798DCA5F,1,1
RNA-007872,SEQ-23083A91CC56,1,1
RNA-007873,SEQ-D71AEA92640D,1,1
RNA-007874,SEQ-491207139308,1,1
RNA-007875,SEQ-F79578859C33,1,1
RNA-007876,SEQ-F79578859C33,1,1
RNA-007877,SEQ-3127619A372B,1,1
RNA-007878,SEQ-00ECB56636A5,1,1
RNA-007879,SEQ-34C9983501C8,1,1
RNA-007880,SEQ-46095FF0D47E,1,1
RNA-007881,SEQ-18B835E8DBF9,1,1
RNA-007882,SEQ-76A6CA63B137,1,1
RNA-007883,SEQ-20F6EF4B627B,1,1
RNA-007884,SEQ-C7F4A396DF9B,1,1
RNA-007885,SEQ-7ED61FFD1740,1,1
RNA-007886,SEQ-82788C22317E,1,1
RNA-007887,SEQ-461924BE3A86,1,1
RNA-007888,SEQ-AB54EBF0D5B5,1,1
RNA-007889,SEQ-22EB10F27BAD,1,1
RNA-007890,SEQ-1DE2F4BD3B87,1,1
RNA-007891,SEQ-A07997C68E72,1,1
RNA-007892,SEQ-6FEFF70FABEA,1,1
RNA-007893,SEQ-84467105325A,1,1
RNA-007894,SEQ-4198646CA73B,1,1
RNA-007895,SEQ-5F7827C77F26,1,1
RNA-007896,SEQ-A19321E95E4F,1,1
RNA-007897,SEQ-9C6F830B1925,1,1
RNA-007898,SEQ-53162A27576D,1,1
RNA-007899,SEQ-0134EA731AA2,1,1
RNA-007900,SEQ-759F9DEC6482,1,1
RNA-007901,SEQ-8005DBFE1A11,1,1
RNA-007902,SEQ-3D93D2F93551,1,1
RNA-007903,SEQ-D43A1082FAF9,1,1
RNA-007904,SEQ-7FEF56D4FE6D,1,1
RNA-007905,SEQ-94F8643041A4,1,1
RNA-007906,SEQ-980E89FFB3B0,1,1
RNA-007907,SEQ-62F6FBE450AD,1,1
RNA-007908,SEQ-B4A933F25591,1,1
RNA-007909,SEQ-1F870DC8087E,1,1
RNA-007910,SEQ-10653BEB0AA6,1,1
RNA-007911,SEQ-004E51D948BB,1,1
RNA-007912,SEQ-1C8A7CAA1E4A,1,1
RNA-007913,SEQ-AECECF65BAB2,1,1
RNA-007914,SEQ-0326C321FBAA,1,1
RNA-007915,SEQ-182FDBEAF82E,1,1
RNA-007916,SEQ-F3071EAB13FF,1,1
RNA-007917,SEQ-C4DCEB2B380E,1,1
RNA-007918,SEQ-AA8108B73BBB,1,1
RNA-007919,SEQ-2C11989AEE18,1,1
RNA-007920,SEQ-5926855FB40D,1,1
RNA-007921,SEQ-F30950BE5F6A,1,1
RNA-007922,SEQ-1EB495FFE4B4,1,1
RNA-007923,SEQ-BB7F310C9683,1,1
RNA-007924,SEQ-4D6D4A82B2AC,1,1
RNA-007925,SEQ-38996E2647A0,1,1
RNA-007926,SEQ-61D9A75C8AF6,1,1
RNA-007927,SEQ-BC8F7848A57D,1,1
RNA-007928,SEQ-6421D26906D9,1,1
RNA-007929,SEQ-062BBFB8D024,1,1
RNA-007930,SEQ-CAAC14D5D7FA,1,1
RNA-007931,SEQ-DE4B1CBDDB2B,1,1
RNA-007932,SEQ-E5D9D50D8DC2,1,1
RNA-007933,SEQ-FC8D465CF65F,1,1
RNA-007934,SEQ-22A067D78FC4,1,1
RNA-007935,SEQ-405A72CFA74D,1,1
RNA-007936,SEQ-44E666A11A3D,1,1
RNA-007937,SEQ-01F5849ABB58,1,1
RNA-007938,SEQ-5B86DA70CE6E,1,1
RNA-007939,SEQ-48C460DD4C8F,1,1
RNA-007940,SEQ-A91B1A2A3A50,1,1
RNA-007941,SEQ-3ECB9D9DAF39,1,1
RNA-007942,SEQ-A329911508FC,1,1
RNA-007943,SEQ-9016962B92D3,1,1
RNA-007944,SEQ-FB7F012EF02D,1,1
RNA-007945,SEQ-64C99C93242D,1,1
RNA-007946,SEQ-F12DC22EE185,1,1
RNA-007947,SEQ-E83BED6B8288,1,1
RNA-007948,SEQ-757FA083AD96,1,1
RNA-007949,SEQ-8B7C95D3097A,1,1
RNA-007950,SEQ-8DCDDAFF5914,1,1
RNA-007951,SEQ-59CD65C7301B,1,1
RNA-007952,SEQ-14A48455A39E,1,1
RNA-007953,SEQ-683FEC6F96EE,1,1
RNA-007954,SEQ-F2E1F66E9165,1,1
RNA-007955,SEQ-5C66C525DDAF,1,1
RNA-007956,SEQ-D939571AB068,1,1
RNA-007957,SEQ-24EAF8E0B725,1,1
RNA-007958,SEQ-A601C82DEB43,1,1
RNA-007959,SEQ-51AE47875F10,1,1
RNA-007960,SEQ-34ABB3EAF6E0,1,1
RNA-007961,SEQ-CECBF4D659A1,1,1
RNA-007962,SEQ-4D93C972554E,1,1
RNA-007963,SEQ-831F9565CCE9,1,1
RNA-007964,SEQ-4B88518B3F77,1,1
RNA-007965,SEQ-F2344BDD2BF8,1,1
RNA-007966,SEQ-0F0C19F1E6EA,1,1
RNA-007967,SEQ-765B9AB0D3CB,1,1
RNA-007968,SEQ-DBD43A608571,1,1
RNA-007969,SEQ-A22F5B836E6F,1,1
RNA-007970,SEQ-11745A3D8B91,1,1
RNA-007971,SEQ-76C7360109FC,1,1
RNA-007972,SEQ-B803F429FFFE,1,1
RNA-007973,SEQ-604D7E17EF70,1,1
RNA-007974,SEQ-70A16A755FB9,1,1
RNA-007975,SEQ-AE2BC4D88685,1,1
RNA-007976,SEQ-BA8E96465688,1,1
RNA-007977,SEQ-A8D728AC061A,1,1
RNA-007978,SEQ-513713531F3F,1,1
RNA-007979,SEQ-BD36312C1B26,1,1
RNA-007980,SEQ-E3A4B628599D,1,1
RNA-007981,SEQ-B2E8F9190094,1,1
RNA-007982,SEQ-E89217A56ADF,1,1
RNA-007983,SEQ-B2F2B1011CE7,1,1
RNA-007984,SEQ-9E0E777E3852,1,1
RNA-007985,SEQ-50EBE0D72367,1,1
RNA-007986,SEQ-48FB4D45F5BE,1,1
RNA-007987,SEQ-197E6B7BF5EA,1,1
RNA-007988,SEQ-8E9F7BD6834E,1,1
RNA-007989,SEQ-E4E56675F58D,1,1
RNA-007990,SEQ-FC9EAD9DDB4A,1,1
RNA-007991,SEQ-1E3926CB18B8,1,1
RNA-007992,SEQ-EF1CA48E9C89,1,1
RNA-007993,SEQ-A46B5F9C00CB,1,1
RNA-007994,SEQ-B3F0FF362216,1,1
RNA-007995,SEQ-0FC16013A789,1,1
RNA-007996,SEQ-3D95BA8A85A5,1,1
RNA-007997,SEQ-4C94DF9FA952,1,1
RNA-007998,SEQ-45D0B23D78EF,1,1
RNA-007999,SEQ-FA9F060C3D37,1,1
RNA-008000,SEQ-0B5934A65DBE,1,1
RNA-008001,SEQ-233C9EE39FD5,1,1
RNA-008002,SEQ-005BBF8D0AF9,1,1
RNA-008003,SEQ-66C7059B36BC,1,1
RNA-008004,SEQ-A155761E1850,1,1
RNA-008005,SEQ-F02EC8903BFD,1,1
RNA-008006,SEQ-A614752CE3FF,1,1
RNA-008007,SEQ-0FF8D9A25C6D,1,1
RNA-008008,SEQ-A7E23C0EDC6D,1,1
RNA-008009,SEQ-DD70A2F93162,1,1
RNA-008010,SEQ-DA56049A0AA5,1,1
RNA-008011,SEQ-3206B9F22A59,1,1
RNA-008012,SEQ-DEEF41A15578,1,1
RNA-008013,SEQ-204F11E15F47,1,1
RNA-008014,SEQ-1C4932E9A0D9,1,381
RNA-008015,SEQ-DE2B28E519E7,1,1
RNA-008016,SEQ-D7B16D698389,1,1
RNA-008016,SEQ-1F9E281C066C,0,1
RNA-008017,SEQ-2B11391DDAC8,1,5
RNA-008017,SEQ-5F170EF49842,0,1
RNA-008018,SEQ-9624B26EE6BA,1,1
RNA-008019,SEQ-41F1AB10413A,1,316
RNA-008019,SEQ-85BD05550695,0,1
RNA-008020,SEQ-B8F91E4FA1D3,1,1
RNA-008021,SEQ-031AD4260FDF,1,1
RNA-008022,SEQ-CF879057CA11,1,1
RNA-008025,SEQ-7BACF89B74B7,1,1
RNA-008027,SEQ-9046828C846A,1,1
RNA-008031,SEQ-FBF4E1653F5B,1,17
RNA-008036,SEQ-BA1241B25D41,1,1
RNA-008039,SEQ-8466DFF1DC7B,1,1
RNA-008044,SEQ-EA0EEE36EE42,1,1
RNA-008047,SEQ-487EA07BF67A,1,1
RNA-008048,SEQ-DDE88D085232,1,1
RNA-008049,SEQ-799A0BA54CFD,1,635
RNA-007054,SEQ-FC753F6080FC,1,1
RNA-007284,SEQ-2DE6FF8740AB,1,1
RNA-008050,SEQ-254EB4C750D5,1,1
RNA-008051,SEQ-ED1E9ADA6F54,1,1
RNA-008052,SEQ-C29249C236DE,1,1
RNA-008053,SEQ-7B92C4596E4A,1,1
RNA-008054,SEQ-615343BC87F6,1,1
RNA-007261,SEQ-00894652497C,1,1
RNA-006433,SEQ-FFDAF4D07F95,1,1
RNA-008056,SEQ-6D01097FA189,1,1
RNA-008057,SEQ-1DC726279A82,1,1
RNA-008058,SEQ-AB6BA4AE292D,1,1
RNA-008059,SEQ-CF3C17CB2061,1,1
RNA-008060,SEQ-202C9D683D0F,1,1
RNA-006634,SEQ-D2AFD5FC3520,1,1
RNA-008061,SEQ-3FFBD1E53F6F,1,1
RNA-007293,SEQ-D0CE60CFAE88,1,1
RNA-007293,SEQ-72AECEF70F49,0,1
RNA-006924,SEQ-D98F298C41F9,1,1
RNA-008062,SEQ-22BFDFFCA34A,1,2
RNA-008063,SEQ-19EAA1157CBE,1,1
RNA-007641,SEQ-82A4ECDB5D0C,1,2
RNA-008064,SEQ-5F06F48C66F6,1,1
RNA-007444,SEQ-38734C271CA7,1,1
RNA-006690,SEQ-3576CA94A890,1,1
RNA-008065,SEQ-53C69788C2D9,1,1
RNA-007422,SEQ-B676C7468E69,1,1
RNA-008066,SEQ-2EBB8C16C9E4,1,1
RNA-008067,SEQ-3539BC47AB50,1,1
RNA-008068,SEQ-7CEFC4B00C92,1,1
RNA-008069,SEQ-9709DE67904F,1,1
RNA-008070,SEQ-107F8A0FB62C,1,1
RNA-008071,SEQ-E2B78D74B2BD,1,1
RNA-008072,SEQ-7ACD5442733F,1,1
RNA-008073,SEQ-08934C6D0414,1,1
RNA-008074,SEQ-629A422AFD85,1,1
RNA-008075,SEQ-1F448CB00AE7,1,1
RNA-008076,SEQ-4DBF1F7C7719,1,1
RNA-007398,SEQ-BF173C9074D1,1,1
RNA-008077,SEQ-57BC22F03562,1,1
RNA-007649,SEQ-473C6D11579A,1,1
RNA-006980,SEQ-AFAD58CBF9E5,1,1
RNA-007793,SEQ-D426AC380BB5,1,1
RNA-008078,SEQ-7995F045B67E,1,1
RNA-008079,SEQ-B4F5C476ADA4,1,1
RNA-008080,SEQ-0A2B0FBA6F27,1,1
RNA-008081,SEQ-42F760582F3E,1,1
RNA-008082,SEQ-0A3FB1E88179,1,1
RNA-008083,SEQ-1FD5F55D156A,1,1
RNA-008084,SEQ-03873994DF8A,1,1
RNA-008085,SEQ-4E592F18C38D,1,2
RNA-008086,SEQ-862A9D265800,1,2
RNA-008087,SEQ-7BC998E756D6,1,1
RNA-008088,SEQ-EA064AF5D6EE,1,1
RNA-008089,SEQ-765A679B6860,1,1
RNA-008090,SEQ-3B819991A675,1,1
RNA-008091,SEQ-EF1869513A43,1,1
RNA-008092,SEQ-EE46D131DD13,1,1
RNA-008093,SEQ-A3500864557C,1,1
RNA-008094,SEQ-46E7A3816211,1,1
RNA-008095,SEQ-A8342BDC23B3,1,1
RNA-006715,SEQ-41DA3A74F9F3,1,1
RNA-007383,SEQ-886FFEF68C9E,1,1
RNA-008097,SEQ-97B7F9EFEE39,1,3
RNA-006540,SEQ-06D08AEE1C9A,1,1
RNA-007436,SEQ-1C7CE853D6FE,1,1
RNA-008098,SEQ-490A869B1D83,1,1
RNA-007239,SEQ-6171D5DA9A5D,1,1
RNA-008099,SEQ-4FFB84A8E711,1,1
RNA-008100,SEQ-A9B398AB853F,1,1
RNA-008101,SEQ-7CF5C0E96369,1,1
RNA-007331,SEQ-B4535455AC22,1,1
RNA-008102,SEQ-625BF3A6DA33,1,1
RNA-007784,SEQ-6AF73CECAB4F,1,1
RNA-008103,SEQ-19DB546AF6BD,1,1
RNA-008104,SEQ-4B66B5FEF49A,1,1
RNA-008105,SEQ-FC3DE9FBEF7B,1,1
RNA-008106,SEQ-308707AA6873,1,1
RNA-007438,SEQ-8BD31643EEEA,1,2
RNA-007438,SEQ-514CF3D866B7,0,1
RNA-008107,SEQ-9C930E82CE85,1,2
RNA-008108,SEQ-4269DEFB539D,1,1
RNA-008109,SEQ-CA2DAD318558,1,1
RNA-008110,SEQ-3155E7A860D9,1,1
RNA-008111,SEQ-939E486B3BB7,1,1
RNA-008112,SEQ-8CFA630F2B12,1,1
RNA-008113,SEQ-5C807EB94519,1,1
RNA-008114,SEQ-F2B596297109,1,1
RNA-008115,SEQ-0CA510185124,1,1
RNA-008116,SEQ-82119F3151C0,1,1
RNA-008117,SEQ-7C003487947F,1,1
RNA-008118,SEQ-FC4DBB720D16,1,1
RNA-008119,SEQ-6A8785DF9F9B,1,1
RNA-008120,SEQ-9F8D727C6968,1,1
RNA-008121,SEQ-02DF3A234682,1,1
RNA-008122,SEQ-1BBF8BC8BAF4,1,1
RNA-006654,SEQ-40F48CE8102D,1,1
RNA-005972,SEQ-96797BD47683,1,1
RNA-007342,SEQ-8DDEA6198DA3,1,1
RNA-008123,SEQ-ADE68A003A99,1,1
RNA-008124,SEQ-FA2E46B82B7A,1,1
RNA-007662,SEQ-805B1133E841,1,1
RNA-008125,SEQ-4C3C4FA6655E,1,1
RNA-008126,SEQ-6F73BD27D68D,1,1
RNA-008127,SEQ-B593B75B7567,1,1
RNA-006370,SEQ-193D1291BCCB,1,1
RNA-006370,SEQ-4A59C3D8417E,0,1
RNA-008129,SEQ-2328FEBEA73A,1,1
RNA-008130,SEQ-71249CCEFC58,1,2
RNA-006673,SEQ-97240908686D,1,2
RNA-008131,SEQ-D1C6515C0B32,1,1
RNA-008132,SEQ-1D3EA29D37E3,1,1
RNA-007381,SEQ-F39D4D40A99A,1,1
RNA-008133,SEQ-5469F249524A,1,1
RNA-007490,SEQ-653D8B7A1DE8,1,1
RNA-008134,SEQ-1620261E7F9B,1,1
RNA-008135,SEQ-F8AC38796E18,1,1
RNA-008136,SEQ-8584CE85658C,1,1
RNA-008137,SEQ-5539019B9A63,1,1
RNA-008138,SEQ-236D9DB91B5A,1,1
RNA-007283,SEQ-E24E560F72BA,1,1
RNA-007340,SEQ-473044464DFC,1,1
RNA-008139,SEQ-0B11DEBF3E85,1,1
RNA-006184,SEQ-85C07F8E00C9,1,1
RNA-006982,SEQ-190502048782,1,1
RNA-008140,SEQ-BE8B6B92BACA,1,1
RNA-008141,SEQ-3863FEAAE11A,1,1
RNA-006871,SEQ-6B510F200AE5,1,1
RNA-007526,SEQ-599484E5092B,1,1
RNA-006786,SEQ-F9BE4D234205,1,1
RNA-008142,SEQ-AEE5EE3717FA,1,1
RNA-007260,SEQ-2B513CAD8E6E,1,1
RNA-006340,SEQ-10708135AE7D,1,1
RNA-006340,SEQ-A348DDE42387,0,1
RNA-008143,SEQ-941C47A018F6,1,2
RNA-007182,SEQ-A1091B38159E,1,1
RNA-007529,SEQ-802EFF1691CC,1,1
RNA-007045,SEQ-09CCD9797295,1,1
RNA-008145,SEQ-EEF71D7E2639,1,1
RNA-008146,SEQ-AA97F68FFDD7,1,1
RNA-008147,SEQ-FE0643D0804F,1,1
RNA-008148,SEQ-29DBD1940C8C,1,1
RNA-007527,SEQ-EC923A491516,1,1
RNA-007462,SEQ-313EEF73788E,1,1
RNA-008149,SEQ-589A4E997E00,1,1
RNA-008150,SEQ-27AFEFF71ADA,1,5
RNA-008151,SEQ-E0F05EF52176,1,1
RNA-008152,SEQ-2A40C869618F,1,1
RNA-007021,SEQ-64C456A68105,1,1
RNA-007121,SEQ-2F908946D4A5,1,2
RNA-008153,SEQ-864BCDECAEF9,1,1
RNA-008154,SEQ-C115C8BA0BA0,1,1
RNA-008155,SEQ-42555A256BE5,1,1
RNA-008156,SEQ-561867082457,1,1
RNA-008156,SEQ-91A9D1BCFC8F,0,1
RNA-008157,SEQ-F676997D7477,1,1
RNA-008158,SEQ-6A0768879914,1,1
RNA-008159,SEQ-DE9B8CFE8A32,1,4
RNA-007511,SEQ-428ECBA8D94A,1,1
RNA-008160,SEQ-1712FEE71568,1,1
RNA-008161,SEQ-F2BBE84C47F6,1,1
RNA-008162,SEQ-0B55C3EAF912,1,1
RNA-008163,SEQ-6BBBF23023AD,1,1
RNA-008164,SEQ-30158E4AA91B,1,1
RNA-008165,SEQ-89507A4BD443,1,1
RNA-008166,SEQ-92B80B1AAA5A,1,1
RNA-008167,SEQ-F536EC700A70,1,1
RNA-008168,SEQ-A87C8A2CBE03,1,4
RNA-008169,SEQ-D8E8CE6E1FF9,1,1
RNA-008170,SEQ-189180AF611C,1,1
RNA-008171,SEQ-A239886DE775,1,1
RNA-008172,SEQ-C88E15C76AD1,1,2
RNA-008173,SEQ-5722BE44FE3B,1,1
RNA-008174,SEQ-7257EF5E2D00,1,1
RNA-008175,SEQ-4495052F0560,1,1
RNA-008176,SEQ-6F326F56E9C3,1,1
RNA-008177,SEQ-1BD0F8932A8D,1,1
RNA-008178,SEQ-ED614A9F2709,1,1
RNA-008179,SEQ-C6F4AA295093,1,1
RNA-008180,SEQ-E0430C2986C1,1,1
RNA-008181,SEQ-B9AE1C7EC093,1,1
RNA-008181,SEQ-1837890F1376,0,1
RNA-008182,SEQ-159C6BF78BFC,1,1
RNA-008183,SEQ-93C3F4B971AB,1,1
RNA-008184,SEQ-EDED671D909B,1,2
RNA-008185,SEQ-4767945EFDFB,1,1
RNA-006640,SEQ-CF24C0C5B669,1,1
RNA-007241,SEQ-B9F8EEE7AB1A,1,1
RNA-007105,SEQ-716270C8BA4D,1,1
RNA-007094,SEQ-79785B8BA295,1,2
RNA-008186,SEQ-831B6400577E,1,1
RNA-008187,SEQ-630EAB6D181D,1,1
RNA-007495,SEQ-7FB4C7DB51BE,1,1
RNA-007665,SEQ-214DF1634309,1,2
RNA-008188,SEQ-0F3ECB6B1175,1,1
RNA-007272,SEQ-1DCFBED05C57,1,1
RNA-006923,SEQ-59AA1620DF83,1,2
RNA-008190,SEQ-54A3671985BF,1,1
RNA-008191,SEQ-4964AC1729E6,1,2
RNA-008192,SEQ-CEBA023AAC90,1,2
RNA-008193,SEQ-9FD464CC729D,1,1
RNA-008194,SEQ-73F0E349623D,1,1
RNA-008195,SEQ-F8910D6EC460,1,1
RNA-008196,SEQ-B0D1865FCDCB,1,1
RNA-008197,SEQ-3FD4523E00C8,1,2
RNA-008197,SEQ-72CDA14DAB28,0,1
RNA-008198,SEQ-50C231E4DF0E,1,1
RNA-008199,SEQ-D149E67277E7,1,1
RNA-008200,SEQ-CCCB3BBC6B63,1,2
RNA-008201,SEQ-0AEF3A46C133,1,2
RNA-008202,SEQ-575704F27C40,1,1
RNA-007730,SEQ-755642DB4369,1,1
RNA-007498,SEQ-FE7236EF264F,1,1
RNA-008203,SEQ-2F7DFE68F5BB,1,1
RNA-008204,SEQ-2D28E63B6E0E,1,1
RNA-007378,SEQ-FE57F61A3B0B,1,1
RNA-008205,SEQ-ACBD3DD63D33,1,1
RNA-008206,SEQ-51D7931CAC2C,1,1
RNA-006301,SEQ-B9C6457B499B,1,1
RNA-005916,SEQ-3F2A346DA193,1,1
RNA-007101,SEQ-B88A6D43720C,1,3
RNA-008207,SEQ-019D0A98805C,1,1
RNA-008208,SEQ-EB4327590050,1,1
RNA-008209,SEQ-7151EACF9D6F,1,1
RNA-008210,SEQ-2916528092B0,1,1
RNA-008211,SEQ-FA8732C41AF5,1,1
RNA-008212,SEQ-49940C64355B,1,1
RNA-006831,SEQ-A865ACD95BAC,1,3
RNA-008213,SEQ-6338A512023D,1,1
RNA-008214,SEQ-194A95247A80,1,1
RNA-006264,SEQ-D902150BD2F8,1,1
RNA-006516,SEQ-D602BCDDA70B,1,1
RNA-008215,SEQ-696D1648ED3B,1,1
RNA-008216,SEQ-2C2116896DB7,1,1
RNA-008217,SEQ-114CA4368D81,1,1
RNA-008218,SEQ-C7462732DCEB,1,1
RNA-008219,SEQ-8FED02EE40DD,1,1
RNA-007690,SEQ-39230AA946BD,1,1
RNA-008220,SEQ-0BC327C24076,1,1
RNA-007139,SEQ-03525C87E518,1,1
RNA-008221,SEQ-B61DD2D424C0,1,1
RNA-008222,SEQ-184D8217E365,1,1
RNA-008223,SEQ-07970842BC69,1,1
RNA-008224,SEQ-F2FD6AE14449,1,1
RNA-008225,SEQ-9479EAE4E466,1,1
RNA-007201,SEQ-467D3932E36D,1,1
RNA-008226,SEQ-2A8E6FCD8B58,1,1
RNA-007301,SEQ-72BF68791D64,1,1
RNA-007530,SEQ-40EA6C8DAF77,1,1
RNA-006800,SEQ-24565F901BB9,1,1
RNA-007098,SEQ-2537207ADC1B,1,1
RNA-008227,SEQ-0ACCBF38E758,1,1
RNA-008228,SEQ-9B09E8A2D667,1,5
RNA-007500,SEQ-487118DCCBDA,1,1
RNA-008229,SEQ-8274EA31132E,1,1
RNA-008230,SEQ-CE7B1B270D6A,1,1
RNA-008231,SEQ-0D2351D5F4BB,1,1
RNA-008232,SEQ-5D12A9C1A819,1,1
RNA-008232,SEQ-941912C07DBE,0,1
RNA-008233,SEQ-6F5BC2868FA2,1,1
RNA-008234,SEQ-D8922B5CCE02,1,1
RNA-008235,SEQ-95A438820389,1,1
RNA-008236,SEQ-08B73306BD0D,1,1
RNA-008237,SEQ-96C8A1613327,1,1
RNA-008238,SEQ-0998A6B51929,1,1
RNA-008239,SEQ-3E285476418C,1,1
RNA-007248,SEQ-14FF0229CE28,1,2
RNA-008240,SEQ-81FB6985EC1B,1,1
RNA-008241,SEQ-9A67C0D71290,1,1
RNA-008242,SEQ-13A8752E9E45,1,1
RNA-008243,SEQ-7FAFA2D44AD3,1,1
RNA-008244,SEQ-B502F217859E,1,1
RNA-008245,SEQ-03EB1AE92BF6,1,1
RNA-008246,SEQ-1F5BD011076B,1,1
RNA-008247,SEQ-AD02CFBBCB3D,1,1
RNA-007625,SEQ-FFEA9CDE8D38,1,1
RNA-008248,SEQ-60CA8DAAF546,1,1
RNA-008249,SEQ-4D68D9B20A3C,1,2
RNA-008250,SEQ-B1975D664194,1,2
RNA-008251,SEQ-1CFA28CD2178,1,1
RNA-008252,SEQ-71EF1CA0EED3,1,1
RNA-008253,SEQ-D463377FB7F0,1,1
RNA-008254,SEQ-CBAC42144756,1,1
RNA-008255,SEQ-00050D4CE5C6,1,1
RNA-008256,SEQ-3031B4E5CCE9,1,1
RNA-008257,SEQ-2602D5C6E5B9,1,2
RNA-008258,SEQ-781616929A7C,1,1
RNA-008259,SEQ-B9F3B0FCCE52,1,1
RNA-008260,SEQ-85BEC2D986E5,1,2
RNA-008261,SEQ-08744EACB995,1,1
RNA-008262,SEQ-FC9D3F23754E,1,1
RNA-008263,SEQ-E38EE158D112,1,1
RNA-008264,SEQ-2D61A6EA0BA9,1,1
RNA-008265,SEQ-F19BD7EEB7C0,1,1
RNA-008266,SEQ-944FC396B589,1,1
RNA-008267,SEQ-F36DF99C72AD,1,1
RNA-008268,SEQ-A8E4DD545855,1,1
RNA-008269,SEQ-2F0FB310A423,1,1
RNA-008270,SEQ-87896A05B09F,1,1
RNA-008271,SEQ-D81F028FE959,1,1
RNA-008272,SEQ-8B6D889553F9,1,1
RNA-008273,SEQ-01A9A0DFBBA4,1,1
RNA-008274,SEQ-EE8639C59374,1,1
RNA-008275,SEQ-0CF46EF65C52,1,1
RNA-008276,SEQ-C796ACAD891A,1,1
RNA-008277,SEQ-39C66CD73D76,1,1
RNA-008278,SEQ-6B9482DE8260,1,2
RNA-008279,SEQ-9C9BD092A5C1,1,1
RNA-008280,SEQ-34A3A6EE5EFA,1,2
RNA-008281,SEQ-CA882299C2F2,1,1
RNA-008282,SEQ-FBB91FDFD3F9,1,1
RNA-008283,SEQ-320F05F669E9,1,1
RNA-008284,SEQ-212E1B7312AB,1,1
RNA-008285,SEQ-6CC4731CA5DB,1,1
RNA-008286,SEQ-399ACC6D4DC4,1,1
RNA-008287,SEQ-228A857F3B75,1,1
RNA-008288,SEQ-D74BA676758E,1,2
RNA-008289,SEQ-4C26E44FFCB0,1,1
RNA-008290,SEQ-0E6D77F6E08B,1,1
RNA-008291,SEQ-A39552BA6986,1,1
RNA-008292,SEQ-64C928F24FF2,1,1
RNA-008293,SEQ-D1F48F5DFA9D,1,1
RNA-008294,SEQ-A33948B35BE0,1,1
RNA-008295,SEQ-26D2CDF724F4,1,1
RNA-008296,SEQ-CC25490211E6,1,1
RNA-008297,SEQ-C1CB20CB45F7,1,1
RNA-008298,SEQ-A10B5DA63377,1,1
RNA-008299,SEQ-15F2DDA25E90,1,1
RNA-008300,SEQ-D208913B1F65,1,1
RNA-007327,SEQ-658012B8F112,1,1
RNA-007459,SEQ-7A108A144DE9,1,1
RNA-008301,SEQ-E6B1D21A84AF,1,1
RNA-008302,SEQ-67B3E7BD2653,1,1
RNA-007410,SEQ-BCC68B76B79F,1,1
RNA-005912,SEQ-52F0BB2A5454,1,1
RNA-008303,SEQ-9882D529232F,1,1
RNA-008304,SEQ-AFB400F6FB13,1,1
RNA-008305,SEQ-24D5385B60D5,1,2
RNA-008306,SEQ-128EFFA559B7,1,1
RNA-007080,SEQ-2DDAB1E7F0CB,1,1
RNA-008307,SEQ-945715579E01,1,2
RNA-008308,SEQ-C3F1A413A285,1,1
RNA-008310,SEQ-FA2CA180BEE4,1,1
RNA-008311,SEQ-14DE3CAA1921,1,1
RNA-008312,SEQ-964F931D1558,1,1
RNA-007081,SEQ-DAE02A5C3D84,1,1
RNA-008313,SEQ-6B79100E98A8,1,1
RNA-007394,SEQ-58132DD278C8,1,1
RNA-008314,SEQ-F4D2DCD04235,1,2
RNA-008315,SEQ-12EBDC48E3E8,1,1
RNA-008317,SEQ-8B51A1B83761,1,1
RNA-008318,SEQ-E67F2C1538D0,1,1
RNA-008319,SEQ-D9EB0F48A0D6,1,2
RNA-008320,SEQ-D9AD394D89CD,1,1
RNA-007764,SEQ-F1EF378B6C03,1,1
RNA-007470,SEQ-EE8C18090DB3,1,1
RNA-008321,SEQ-C677C15D2C0B,1,1
RNA-008322,SEQ-F2A551A46C8D,1,2
RNA-007779,SEQ-30E9FA13F0C7,1,1
RNA-008323,SEQ-1F51C0AAF405,1,2
RNA-008324,SEQ-22B54E61269D,1,1
RNA-007595,SEQ-6319B79848E2,1,2
RNA-008325,SEQ-45CD30CEFCE2,1,1
RNA-007576,SEQ-BCE6D9EAD6F4,1,1
RNA-007116,SEQ-597B760191D9,1,1
RNA-008326,SEQ-7FFB80D5698A,1,1
RNA-008327,SEQ-DBC42F253E58,1,2
RNA-008328,SEQ-0CD718143233,1,1
RNA-008329,SEQ-CA0F7243F0BB,1,1
RNA-008330,SEQ-58865749429B,1,1
RNA-008331,SEQ-9A062D3C554E,1,1
RNA-008332,SEQ-77FF689D3C04,1,1
RNA-008333,SEQ-CB372000B19F,1,1
RNA-008334,SEQ-AFAE50A08243,1,1
RNA-007176,SEQ-28A736357A7A,1,1
RNA-008335,SEQ-5506CF404656,1,2
RNA-007336,SEQ-FE677F9C8087,1,1
RNA-006148,SEQ-2F0D38C87448,1,1
RNA-008336,SEQ-ABE2034A963A,1,2
RNA-007218,SEQ-E522E3A9BF9E,1,2
RNA-007701,SEQ-E894A4BC2C83,1,1
RNA-007298,SEQ-D9A1F87CA04B,1,2
RNA-008337,SEQ-71C3E64C746A,1,1
RNA-006791,SEQ-18398450876C,1,2
RNA-007538,SEQ-D1412B4C0A3B,1,1
RNA-008338,SEQ-5A1B868E0495,1,1
RNA-007413,SEQ-D3E1C9D669D6,1,1
RNA-008339,SEQ-7B269E370472,1,1
RNA-008340,SEQ-AA381B1153A5,1,1
RNA-007440,SEQ-D702B3FC8DC6,1,1
RNA-008341,SEQ-826908CEFB66,1,68
RNA-008342,SEQ-28C91A3C27ED,1,1
RNA-008343,SEQ-5CE5274E45FB,1,1
RNA-008346,SEQ-8F875E69DEE6,1,1
RNA-008350,SEQ-5E13ECFA11DC,1,1
RNA-008351,SEQ-83FB9ED590A7,1,1
RNA-008352,SEQ-0081D8E23D80,1,1
RNA-008354,SEQ-186B0423BE46,1,1
RNA-008356,SEQ-1351E11CC80F,1,1
RNA-008357,SEQ-AD1B80D8A420,1,1
RNA-008358,SEQ-94F023EC382A,1,1
RNA-008359,SEQ-5BFD60064C2E,1,1
RNA-008360,SEQ-953B6C5A7839,1,1
RNA-008364,SEQ-5FBF2917E8D5,1,1
RNA-008375,SEQ-6C3DF63C97AF,1,1
RNA-008377,SEQ-30D4EB7A183B,1,1
RNA-008379,SEQ-7B49C611FC5E,1,1
RNA-008380,SEQ-E4F6C603310C,1,1
RNA-008381,SEQ-806EA660C9BA,1,1
RNA-008384,SEQ-D5D87175C586,1,1
RNA-008385,SEQ-3CE33DAA7DAE,1,1
RNA-008387,SEQ-D1C40897E160,1,1
RNA-008390,SEQ-24943DAAEA15,1,1
RNA-008391,SEQ-5E758E6C64AD,1,1
RNA-008392,SEQ-0597F9E5A133,1,1
RNA-008393,SEQ-5A5916B440F4,1,1
RNA-008394,SEQ-8967FC2861B4,1,1
RNA-008395,SEQ-6BC9B54B42A0,1,1
RNA-008396,SEQ-46B096220552,1,1
RNA-008397,SEQ-436338DBA990,1,1
RNA-008398,SEQ-29BA2630B804,1,1
RNA-008399,SEQ-022903424A04,1,1
RNA-008400,SEQ-BB025E05AFF4,1,1
RNA-008401,SEQ-63DF0B1551B9,1,1
RNA-008402,SEQ-B01715FD3696,1,1
RNA-008403,SEQ-73AD7DB1D022,1,1
RNA-008404,SEQ-FD7062974D94,1,1
RNA-008405,SEQ-880CDD2351E4,1,1
RNA-008406,SEQ-10F62BF6A13A,1,63
RNA-008406,SEQ-03926940C795,0,1
RNA-008408,SEQ-2CAE6791BBB2,1,1
RNA-008409,SEQ-8E849F63E6A2,1,2
RNA-008410,SEQ-61B8ABB6BDF8,1,2
RNA-008411,SEQ-2FB558EB4E51,1,1
RNA-008412,SEQ-3900FFD9BCCA,1,1
RNA-008412,SEQ-E87CECE1E748,0,1
RNA-008413,SEQ-B58B086B4368,1,2
RNA-008414,SEQ-1DA57B921010,1,1
RNA-008415,SEQ-D7CCEDEB3745,1,2
RNA-008416,SEQ-941652C65178,1,1
RNA-008417,SEQ-8BC82795D318,1,4
RNA-008418,SEQ-DD621D0D5991,1,1
RNA-008419,SEQ-4A5051E80521,1,2
RNA-008423,SEQ-1C064F30B8A5,1,2
RNA-008424,SEQ-810288BE242E,1,11
RNA-008425,SEQ-51F8DD0E4CE4,1,4
RNA-008030,SEQ-2A4689290E83,1,36
RNA-008426,SEQ-41E45F41D0F8,1,8
RNA-008427,SEQ-5D852AD23EAF,1,7
RNA-008428,SEQ-FD3C49A5FA81,1,1
RNA-008429,SEQ-A4950ED0E150,1,4
RNA-008431,SEQ-ADCA7AF227EB,1,2
RNA-008432,SEQ-1C88273099A4,1,19
RNA-008441,SEQ-033A054E8BF6,1,1
RNA-008442,SEQ-E458E5DA5857,1,3
RNA-008443,SEQ-C87806A33279,1,3
RNA-008445,SEQ-F3CFBB638584,1,23
RNA-008446,SEQ-CF2586DA0BDE,1,1
RNA-008452,SEQ-80F306E0DC79,1,5
RNA-008456,SEQ-F8977A5226E3,1,2
RNA-008457,SEQ-A7DAC8BAD85C,1,1
RNA-008460,SEQ-15E9041C8D46,1,2
RNA-008474,SEQ-85017B182702,1,1
RNA-008478,SEQ-CA765EBC3B40,1,1
RNA-008479,SEQ-AC3A8DE97296,1,1
RNA-008481,SEQ-F258452178F3,1,1
RNA-008494,SEQ-2463ABCCFB3F,1,1
RNA-008504,SEQ-BCD770CE39E2,1,2
RNA-008521,SEQ-A765E5DF0111,1,1
RNA-008529,SEQ-65BC3A20C416,1,1
RNA-008540,SEQ-E383E45B641B,1,2
RNA-008552,SEQ-B23C0C38FFDC,1,1
RNA-008560,SEQ-A5DF2A6F459E,1,1
RNA-008565,SEQ-121E65A3F719,1,1
RNA-008577,SEQ-89224778D280,1,1
RNA-008436,SEQ-F6E4B18E798C,1,1
RNA-008582,SEQ-C2F89C8C5866,1,2
RNA-008583,SEQ-988379FB717E,1,2
RNA-008590,SEQ-9297015C94F8,1,1
RNA-008593,SEQ-9BC93A3D9134,1,1
RNA-008622,SEQ-3FFD42B191BF,1,1
RNA-008629,SEQ-09D1B95C3225,1,3
RNA-008631,SEQ-9C46228F290A,1,114
RNA-008633,SEQ-36BBE1ABFB16,1,75
RNA-008634,SEQ-A2F58B5E3677,1,62
RNA-008635,SEQ-38676316A6C9,1,117
RNA-008637,SEQ-31A65D348AFB,1,58
RNA-008638,SEQ-42E02A2D4257,1,1
RNA-008639,SEQ-4C14086E1521,1,1
RNA-008640,SEQ-9D512FFB512F,1,58
RNA-008641,SEQ-C7110F0BF63C,1,2
RNA-008642,SEQ-14F9F2488F19,1,2
RNA-008643,SEQ-592CFEBFCCB3,1,25
RNA-008644,SEQ-AA4B0E19105C,1,1
RNA-008645,SEQ-E1423769162C,1,36
RNA-008646,SEQ-2DD8113BA569,1,2
RNA-008647,SEQ-6D9208587C71,1,73
RNA-008648,SEQ-0BA100BC7710,1,1
RNA-008649,SEQ-1C40945A39B7,1,31
RNA-008650,SEQ-CB645F09608D,1,1
RNA-008651,SEQ-E7F68FF0B371,1,37
RNA-008652,SEQ-E7CEE4232C15,1,1
RNA-008653,SEQ-52234303B0DF,1,41
RNA-008654,SEQ-45412A478475,1,1
RNA-008655,SEQ-96AD9783305D,1,1
RNA-008656,SEQ-BC060418A91F,1,1
RNA-008657,SEQ-96F2B0F6D9EC,1,1
RNA-008658,SEQ-C23AE0F64641,1,1
RNA-008659,SEQ-332F393A7235,1,1
RNA-008660,SEQ-323DC32C0CBD,1,2
RNA-008661,SEQ-EB80A4539054,1,26
RNA-008662,SEQ-AFBC9A8F878B,1,6
RNA-008664,SEQ-2409717D4140,1,1
RNA-008665,SEQ-6200FBF71E46,1,1
RNA-008666,SEQ-47A85F8F75DE,1,1
RNA-008667,SEQ-7750BF448C0E,1,22
RNA-008668,SEQ-F7EB8E9E67C3,1,2
RNA-008669,SEQ-33A871560CAE,1,19
RNA-008670,SEQ-C67724B0576B,1,1
RNA-008671,SEQ-29B27DE44CBC,1,1
RNA-008672,SEQ-CF77D74A8820,1,1
RNA-008673,SEQ-D45C861EBCEA,1,2
RNA-008674,SEQ-D07AE16048C3,1,1
RNA-008675,SEQ-213AEAF5BD2C,1,1
RNA-008676,SEQ-8C2E02993FAA,1,1
RNA-008677,SEQ-FE597AB3E355,1,1
RNA-008678,SEQ-44ED46EC998C,1,3
RNA-008679,SEQ-F0626662C007,1,56
RNA-008680,SEQ-8AA67A2A32A2,1,1
RNA-008681,SEQ-569E89700357,1,2
RNA-008682,SEQ-9CA0937A8D1A,1,1
RNA-008683,SEQ-876417DA3C5B,1,1
RNA-008684,SEQ-220BE5B0DAEE,1,1
RNA-008685,SEQ-02F9CE103326,1,1
RNA-008686,SEQ-F9FC25A617F6,1,53
RNA-008687,SEQ-2FF717B00A34,1,4
RNA-008688,SEQ-CB529031C285,1,20
RNA-008689,SEQ-20AB63E2EC40,1,37
RNA-008690,SEQ-D6B9DFFA2338,1,2
RNA-008691,SEQ-ED646D1AF77F,1,1
RNA-008692,SEQ-D848E953C648,1,1
RNA-008694,SEQ-823640A84974,1,5
RNA-008695,SEQ-5A5B8FAF30F8,1,12
RNA-008696,SEQ-D21F84CF6599,1,1
RNA-008697,SEQ-272A40044771,1,1
RNA-008698,SEQ-D58B1EF502D8,1,1
RNA-008699,SEQ-68F9F0898237,1,2
RNA-008700,SEQ-97D771BD1E0A,1,1
RNA-008701,SEQ-25A2E3DFFE5B,1,1
RNA-008702,SEQ-0036F5C25211,1,2
RNA-008703,SEQ-CB3FA12C4141,1,1
RNA-008704,SEQ-1582F04471A7,1,1
RNA-008705,SEQ-6FEFB4FA9063,1,1
RNA-008706,SEQ-B192A00243E4,1,1
RNA-008707,SEQ-6C92897BAC2B,1,1
RNA-008708,SEQ-3B0F171F229C,1,9
RNA-008709,SEQ-E2E73C534DA4,1,3
RNA-008710,SEQ-35706D38D9DE,1,22
RNA-008711,SEQ-9316C3EDF054,1,1
RNA-008712,SEQ-F2429F98A1A2,1,1
RNA-008713,SEQ-484740601091,1,2
RNA-008714,SEQ-D90830A25368,1,2
RNA-008715,SEQ-94B6A88628BF,1,2
RNA-008716,SEQ-91E06FDA79BC,1,1
RNA-008717,SEQ-B78C7BC95435,1,1
RNA-008718,SEQ-B206821D7F6C,1,3
RNA-008719,SEQ-7A7AE5970291,1,1
RNA-008720,SEQ-1CF2FCC4756C,1,1
RNA-008721,SEQ-BDF99ABD8128,1,1
RNA-008722,SEQ-178DB5C0E8BB,1,2
RNA-008723,SEQ-38EEE0DCDD09,1,2
RNA-008724,SEQ-0F765E0A268D,1,1
RNA-008725,SEQ-059C334482AC,1,1
RNA-008726,SEQ-4CE244C26BA8,1,2
RNA-008727,SEQ-9EA0EAA9FA16,1,1
RNA-008728,SEQ-B635ECA39A8F,1,5
RNA-008729,SEQ-D5717FC9CA59,1,1
RNA-008730,SEQ-84F6C8C92120,1,1
RNA-008731,SEQ-ACF846853751,1,1
RNA-008733,SEQ-873B69DBCD7F,1,1
RNA-008734,SEQ-4257415E4A12,1,1
RNA-008735,SEQ-2BF557357EFB,1,1
RNA-008736,SEQ-D6732125DB82,1,2
RNA-008737,SEQ-7B5101BA99F5,1,1
RNA-008738,SEQ-D3542B6DDE05,1,1
RNA-008739,SEQ-FC8D2A392C61,1,1
RNA-008740,SEQ-CF3AC88A84A4,1,1
RNA-008741,SEQ-83536B50465E,1,1
RNA-008742,SEQ-51DFC2D14654,1,2
RNA-008743,SEQ-A3989B5DFA98,1,1
RNA-008744,SEQ-7580C1A5B723,1,3
RNA-008745,SEQ-3EC4B3160DFD,1,2
RNA-008746,SEQ-78A6B5C6DFB3,1,1
RNA-008747,SEQ-F65D588B3C34,1,3
RNA-008748,SEQ-6EFEAC2A7318,1,1
RNA-008749,SEQ-581C690F8D61,1,1
RNA-008750,SEQ-0FAE24FDC4AD,1,1
RNA-008751,SEQ-35228EC0C96E,1,1
RNA-008752,SEQ-5E9F4C9F2CDC,1,1
RNA-008753,SEQ-C4C094D488D8,1,1
RNA-008754,SEQ-663371BB9D8B,1,5
RNA-008755,SEQ-931FBC0A3816,1,1
RNA-008756,SEQ-31AFCB22163A,1,3
RNA-008757,SEQ-1445DB960E1C,1,1
RNA-008758,SEQ-05D17F68094E,1,1
RNA-008759,SEQ-2E05E42AADC0,1,1
RNA-008760,SEQ-3100F879641A,1,2
RNA-008761,SEQ-70D236CA9EA1,1,8
RNA-008762,SEQ-9F667BE8017B,1,1
RNA-008763,SEQ-3BC104B66EE1,1,1
RNA-008764,SEQ-10F62BF6A13A,1,12
RNA-008765,SEQ-BB724BC4392E,1,3
RNA-008766,SEQ-386A657F4E62,1,1
RNA-008767,SEQ-AB9899CDBC28,1,1
RNA-008768,SEQ-AFD0B34FAB08,1,1
RNA-008769,SEQ-400E0AB9BCE4,1,2
RNA-008770,SEQ-3AE91B64451F,1,1
RNA-008771,SEQ-4212FDA2ECEB,1,2
RNA-008772,SEQ-B6D02D2FF016,1,3
RNA-008773,SEQ-B22DCEBDB336,1,1
RNA-008774,SEQ-42354BDF0D1F,1,1
RNA-008775,SEQ-8AAC35A99617,1,1
RNA-008777,SEQ-499B40686EB1,1,2
RNA-008778,SEQ-3B0976AEEF3A,1,1
RNA-008779,SEQ-3D6912830006,1,1
RNA-008780,SEQ-8B668311E3D8,1,1
RNA-008781,SEQ-E6875F5C3C38,1,1
RNA-008783,SEQ-0D93E8C2B401,1,2
RNA-008784,SEQ-99CC164D2ACF,1,1
RNA-008785,SEQ-03AC4C08497F,1,2
RNA-008787,SEQ-89AC75F1BAC5,1,1
RNA-008788,SEQ-7126B115D99D,1,7
RNA-008789,SEQ-23989C1A40C1,1,3
RNA-008790,SEQ-F3CFBB638584,1,1
RNA-008791,SEQ-5CA6E0F88A9B,1,2
RNA-008792,SEQ-5373E4BE141D,1,1
RNA-008793,SEQ-BF0C928BC492,1,3
RNA-008794,SEQ-0547B9275A1E,1,1
RNA-008796,SEQ-671E97FF2494,1,2
RNA-008797,SEQ-FD58C5D2C07A,1,1
RNA-008798,SEQ-04FA43A2B544,1,1
RNA-008799,SEQ-D8BEDE0F800F,1,4
RNA-008800,SEQ-0270411AA7F8,1,3
RNA-008801,SEQ-4D80581DA11C,1,1
RNA-008802,SEQ-55065CCA3A06,1,2
RNA-008803,SEQ-10824E860E3A,1,3
RNA-008804,SEQ-F8D3D1E2892B,1,2
RNA-008805,SEQ-EEA551187683,1,2
RNA-008806,SEQ-6EF41E46C882,1,4
RNA-008807,SEQ-5528B59030CA,1,1
RNA-008808,SEQ-28FE6B5CEF85,1,1
RNA-008809,SEQ-D8CF6EFFD307,1,1
RNA-008810,SEQ-3BF74D042577,1,1
RNA-008811,SEQ-965A0B80B9D4,1,3
RNA-008812,SEQ-005D0E8B96B7,1,1
RNA-008813,SEQ-428BF78A312F,1,1
RNA-008814,SEQ-619F4CCAF5C8,1,1
RNA-008815,SEQ-E9506F22AE8C,1,1
RNA-008816,SEQ-113FC850059C,1,1
RNA-008817,SEQ-A992C7A4BC3A,1,1
RNA-008818,SEQ-C481A89E79AA,1,1
RNA-008819,SEQ-86F79E15CA0D,1,5
RNA-008820,SEQ-4423F80C5EAA,1,1
RNA-008821,SEQ-0F170F9B0638,1,1
RNA-008822,SEQ-8EA156D110AF,1,1
RNA-008823,SEQ-A9FF106ED0AC,1,1
RNA-008824,SEQ-A7387C9181F9,1,3
RNA-008825,SEQ-DBA3031C5790,1,10
RNA-008826,SEQ-A09E482D036F,1,1
RNA-008827,SEQ-58546236F04F,1,1
RNA-008828,SEQ-1EA05AE30964,1,1
RNA-008829,SEQ-ED123A374576,1,1
RNA-008830,SEQ-3DC366E9A89E,1,1
RNA-008831,SEQ-2F2B5C9D1928,1,1
RNA-008832,SEQ-010646E46E91,1,1
RNA-008833,SEQ-F25F7A34B4FC,1,1
RNA-008834,SEQ-D79F8B71F134,1,1
RNA-008835,SEQ-F228E1030F52,1,2
RNA-008836,SEQ-6634D07CF11E,1,1
RNA-008837,SEQ-212A1F176A62,1,1
RNA-008838,SEQ-14076EA658C4,1,1
RNA-008839,SEQ-299EAF6F4287,1,1
RNA-008840,SEQ-2E7D0FEF2A36,1,1
RNA-008841,SEQ-F49FCAF6AE42,1,2
RNA-008842,SEQ-9F7B8FB041FE,1,1
RNA-008843,SEQ-65E26B2ECD25,1,1
RNA-008844,SEQ-471E0A19E014,1,2
RNA-008845,SEQ-4B4330AF348E,1,1
RNA-008846,SEQ-A9211B5DD4EE,1,1
RNA-008847,SEQ-316176CE468E,1,1
RNA-008848,SEQ-9C69DDF16462,1,1
RNA-008849,SEQ-413468AFAA87,1,1
RNA-008850,SEQ-82545CAA68F8,1,2
RNA-008851,SEQ-84C5F521B4CC,1,1
RNA-008852,SEQ-95524F8D83C5,1,1
RNA-008853,SEQ-F2A1899F688A,1,1
RNA-008854,SEQ-FDA59CCA3CC6,1,1
RNA-008855,SEQ-CA6E57852EDC,1,1
RNA-008856,SEQ-5721433F29AB,1,1
RNA-008857,SEQ-7847C45DDD55,1,1
RNA-008858,SEQ-8C0F37EA85B3,1,1
RNA-008859,SEQ-2C1C2986151C,1,1
RNA-008860,SEQ-CECA62A2DF96,1,1
RNA-008861,SEQ-E9C82D36C53F,1,2
RNA-008862,SEQ-C786FD6A5254,1,6
RNA-008863,SEQ-198E2F2EAD45,1,1
RNA-008864,SEQ-E7844BFFB76D,1,3
RNA-008865,SEQ-E39001103F48,1,3
RNA-008866,SEQ-2691A9CA6F5D,1,2
RNA-008867,SEQ-2B3F3EB5E2B6,1,1
RNA-008868,SEQ-7F2E34197D9C,1,2
RNA-008869,SEQ-29CE5A959FB4,1,1
RNA-008870,SEQ-0700C691B8CB,1,1
RNA-008871,SEQ-C70192F6198C,1,1
RNA-008872,SEQ-74AB15C27BB8,1,2
RNA-008873,SEQ-EF0D9D2FC38A,1,1
RNA-008874,SEQ-5EACEC3C5B8E,1,1
RNA-008876,SEQ-09DE73794A3E,1,1
RNA-008877,SEQ-116FD51C6468,1,1
RNA-008878,SEQ-501D7DB81F21,1,1
RNA-008879,SEQ-50123BB05495,1,1
RNA-008880,SEQ-F41A56AFA0A6,1,1
RNA-008881,SEQ-9BCA0ADBA10A,1,1
RNA-008882,SEQ-5DF9D75FF59C,1,1
RNA-008883,SEQ-3780164045C8,1,6
RNA-008884,SEQ-4F544E34D809,1,1
RNA-008886,SEQ-66B708C14F46,1,1
RNA-008887,SEQ-06496E7C4136,1,1
RNA-008888,SEQ-0C5AD76EBDC8,1,1
RNA-008889,SEQ-8F50B8C9C5D9,1,1
RNA-008890,SEQ-1CEC2A35A1F6,1,1
RNA-008892,SEQ-801933A17E81,1,4
RNA-008893,SEQ-4D5502DAF22F,1,2
RNA-008894,SEQ-A56C574EB38B,1,1
RNA-008895,SEQ-B5E15AE969AF,1,1
RNA-008896,SEQ-D3644B54EA7A,1,1
RNA-008897,SEQ-09833ED83DCB,1,1
RNA-008898,SEQ-483FDADC1A84,1,1
RNA-008899,SEQ-C9B6CCC8F892,1,3
RNA-008900,SEQ-36C41BF9FCEF,1,1
RNA-008901,SEQ-391F84C8C63E,1,1
RNA-008902,SEQ-600AEF24F4BF,1,1
RNA-008903,SEQ-9DA7F4024C45,1,1
RNA-008904,SEQ-C6CE5A68FA30,1,1
RNA-008905,SEQ-C7DB59DD801D,1,1
RNA-008906,SEQ-C797FCD42249,1,1
RNA-008907,SEQ-576876030680,1,1
RNA-008908,SEQ-13BE7E09D777,1,1
RNA-008909,SEQ-334DC4F0B57F,1,1
RNA-008910,SEQ-401063CA0C11,1,1
RNA-008911,SEQ-8A27E84323DC,1,1
RNA-008912,SEQ-7284747A1350,1,1
RNA-008913,SEQ-F5FD3FED8B80,1,1
RNA-008914,SEQ-C5B5F3171E6F,1,1
RNA-008915,SEQ-C4703A36C139,1,2
RNA-008916,SEQ-67B5C19BE504,1,1
RNA-008917,SEQ-3EE0B2DA2C88,1,1
RNA-008918,SEQ-695DA2FC98B8,1,1
RNA-008919,SEQ-9A0A65F34674,1,1
RNA-008920,SEQ-5C09D0495B63,1,6
RNA-008921,SEQ-960D7FC2D404,1,2
RNA-008922,SEQ-A02C067965AE,1,1
RNA-008923,SEQ-AEE2D91F7B22,1,1
RNA-008924,SEQ-96CA9D58685E,1,1
RNA-008925,SEQ-C1A882BB4F62,1,8
RNA-008926,SEQ-6CCA7430A0AE,1,2
RNA-008927,SEQ-03B70129554D,1,1
RNA-008928,SEQ-41C2E130B552,1,1
RNA-008929,SEQ-A41F9FFF8377,1,1
RNA-008930,SEQ-AA2B044AADEF,1,3
RNA-008931,SEQ-99F590DF20D3,1,2
RNA-008932,SEQ-ED8706330145,1,1
RNA-008933,SEQ-0D9752CD38DC,1,2
RNA-008934,SEQ-7C4DD5A1BBD1,1,1
RNA-008935,SEQ-3E353D7632EB,1,1
RNA-008936,SEQ-93A7E4898AA4,1,1
RNA-008937,SEQ-0ACB10C1FBA2,1,1
RNA-008938,SEQ-C916E8019D4E,1,1
RNA-008939,SEQ-2BEEE0B68AC8,1,1
RNA-008940,SEQ-759F97DF1CA1,1,1
RNA-008941,SEQ-22505C27BC68,1,1
RNA-008942,SEQ-61F634C679B8,1,3
RNA-008943,SEQ-12B965DA20DA,1,1
RNA-008944,SEQ-6943AD3EFA55,1,1
RNA-008945,SEQ-0E4217BB70A2,1,2
RNA-008946,SEQ-1AF5B4887AA4,1,1
RNA-008947,SEQ-2CDDB419C943,1,1
RNA-008948,SEQ-ABDC8154B861,1,1
RNA-008949,SEQ-A4EC151B720F,1,1
RNA-008950,SEQ-C1EFBF7955C4,1,4
RNA-008951,SEQ-443BA81E0009,1,1
RNA-008952,SEQ-AEBF2ABE88E7,1,1
RNA-008953,SEQ-CCD99270E8AE,1,2
RNA-008954,SEQ-A0E00D0477BF,1,1
RNA-008955,SEQ-26B992FE68AB,1,1
RNA-008956,SEQ-820D63F8BC16,1,1
RNA-008957,SEQ-AA023E53B1ED,1,2
RNA-008958,SEQ-B065E4F56B36,1,1
RNA-008960,SEQ-EB58B229345B,1,1
RNA-008961,SEQ-44B0110C59D7,1,1
RNA-008962,SEQ-829AA7896B50,1,1
RNA-008963,SEQ-519955941786,1,1
RNA-008964,SEQ-872F1DDAAA82,1,1
RNA-008965,SEQ-0298C4A9B062,1,1
RNA-008966,SEQ-57825CC1561C,1,1
RNA-008967,SEQ-6117C8633FF2,1,2
RNA-008968,SEQ-712B50A988EB,1,1
RNA-008969,SEQ-BAD8ACCCF47C,1,2
RNA-008971,SEQ-3364A15DAC14,1,6
RNA-008972,SEQ-ACDC8C49D3B4,1,2
RNA-008973,SEQ-ACC03248B398,1,1
RNA-008974,SEQ-0D0BFE9971F4,1,1
RNA-008975,SEQ-2BC84D0D70C0,1,6
RNA-008976,SEQ-2402C8B25FE5,1,1
RNA-008977,SEQ-E6DEF231E371,1,1
RNA-008978,SEQ-6793DEB8F3F4,1,1
RNA-008979,SEQ-CB3F321260CD,1,1
RNA-008980,SEQ-16F7EAA76516,1,1
RNA-008981,SEQ-17ABAF8C0566,1,1
RNA-008982,SEQ-DFA55DCB9CB7,1,2
RNA-008983,SEQ-6B71E7F15E5A,1,1
RNA-008984,SEQ-465C41429BAF,1,1
RNA-008985,SEQ-CA1A1EC94030,1,1
RNA-008986,SEQ-F605BDBB1367,1,2
RNA-008987,SEQ-63138C0E1549,1,1
RNA-008988,SEQ-C256A0AAA5FF,1,1
RNA-008989,SEQ-7E76E1E402F5,1,2
RNA-008990,SEQ-4FE8506BB7ED,1,1
RNA-008991,SEQ-0D03EB6FD728,1,1
RNA-008992,SEQ-A046D88EF2E5,1,1
RNA-008993,SEQ-CD6ADB3D4C59,1,1
RNA-008994,SEQ-E91655E0A46C,1,1
RNA-008995,SEQ-17642BC65D08,1,2
RNA-008996,SEQ-6650B429ED1E,1,1
RNA-008997,SEQ-B71047F467F8,1,1
RNA-008998,SEQ-02886202D087,1,1
RNA-008999,SEQ-621E9858CEDC,1,1
RNA-009000,SEQ-06662803AF4C,1,1
RNA-009001,SEQ-081EE72601A9,1,1
RNA-009002,SEQ-70F096DF699F,1,1
RNA-009003,SEQ-C28A37C2ACF7,1,4
RNA-009004,SEQ-7456298AE104,1,1
RNA-009005,SEQ-07D1F66FE0AA,1,1
RNA-009006,SEQ-826FBA175C78,1,2
RNA-009007,SEQ-8F2ED3E50D01,1,1
RNA-009008,SEQ-936F29D1D0B2,1,1
RNA-009009,SEQ-96C2E31D0E97,1,1
RNA-009010,SEQ-40960F17D215,1,1
RNA-009011,SEQ-C95A9E4A9E44,1,3
RNA-009012,SEQ-807B74BD3C41,1,1
RNA-009013,SEQ-1464B08D453C,1,1
RNA-009014,SEQ-44A193A46717,1,1
RNA-009015,SEQ-7C9462B15EBE,1,1
RNA-009016,SEQ-46893B3AC824,1,3
RNA-009017,SEQ-71FEF05DC1AC,1,1
RNA-009018,SEQ-4FCA1AE2BBA2,1,1
RNA-009020,SEQ-63F01BEA354D,1,1
RNA-009021,SEQ-C63E8834915A,1,2
RNA-009022,SEQ-8D9F174677E3,1,1
RNA-009023,SEQ-446AD9B5F4CD,1,1
RNA-009024,SEQ-9AAA09868C01,1,1
RNA-009026,SEQ-E045C6924D49,1,1
RNA-009027,SEQ-F89D00A05FA5,1,1
RNA-009028,SEQ-822E6CADFEAF,1,1
RNA-009029,SEQ-9DBE73C4E717,1,1
RNA-009030,SEQ-9620FDCDE5D1,1,1
RNA-009031,SEQ-84E4DE066741,1,2
RNA-009032,SEQ-4FA838969B39,1,1
RNA-009033,SEQ-98FB47432A2C,1,1
RNA-009034,SEQ-5BE885078CEA,1,1
RNA-009035,SEQ-DF0F4034D2BE,1,3
RNA-009036,SEQ-1BBC6A9DA1BC,1,1
RNA-009037,SEQ-4D2390353283,1,1
RNA-009038,SEQ-0896016C9FBD,1,2
RNA-009039,SEQ-3FE1A7BA0428,1,2
RNA-009040,SEQ-EE60A8ABC890,1,1
RNA-009041,SEQ-D5292FF84A47,1,1
RNA-009042,SEQ-FA65F8751534,1,1
RNA-009043,SEQ-F4BB87C4E4F5,1,1
RNA-009044,SEQ-3B6E9C290901,1,4
RNA-009045,SEQ-0C7A53296AA9,1,2
RNA-009046,SEQ-A6ADDC8896D6,1,1
RNA-009047,SEQ-F86512902460,1,1
RNA-009048,SEQ-2C7A97602F76,1,1
RNA-009049,SEQ-86D6BAC00FAA,1,1
RNA-009050,SEQ-B0F9BCE32425,1,1
RNA-009051,SEQ-DC9342C7F73E,1,2
RNA-009052,SEQ-75F082AEA01F,1,3
RNA-009053,SEQ-DB65D66376ED,1,1
RNA-009054,SEQ-11B0FAF3D3BD,1,2
RNA-009055,SEQ-7E82E975CF02,1,1
RNA-009056,SEQ-C41917202F4D,1,3
RNA-009057,SEQ-01CF07711274,1,1
RNA-009058,SEQ-98A10D10844A,1,1
RNA-009059,SEQ-DBDFD91E1531,1,2
RNA-009060,SEQ-78E78E18D2AB,1,1
RNA-009061,SEQ-E589B6F230B8,1,9
RNA-009062,SEQ-A4F9D24D8E1B,1,1
RNA-009063,SEQ-987E33367D12,1,1
RNA-009064,SEQ-4318293AAD13,1,1
RNA-009065,SEQ-5CA2C664B40B,1,1
RNA-009066,SEQ-BC41F1189723,1,2
RNA-009067,SEQ-094527AB7D29,1,1
RNA-009068,SEQ-E6E1C8905AAD,1,1
RNA-009069,SEQ-CCB34FAC6529,1,1
RNA-009070,SEQ-4233ACA31D7A,1,1
RNA-009071,SEQ-37C71BFC1E76,1,1
RNA-009073,SEQ-5679ED186CBA,1,1
RNA-009074,SEQ-02CC9D0DF8B4,1,1
RNA-009075,SEQ-825E7B0B7B8D,1,6
RNA-009076,SEQ-4057BD8BAA0E,1,2
RNA-009077,SEQ-A510F25B533E,1,2
RNA-009078,SEQ-C95210F3A8A1,1,3
RNA-009079,SEQ-518E8C96C830,1,1
RNA-009080,SEQ-05B288C8913A,1,1
RNA-009081,SEQ-6F13831AB399,1,1
RNA-009082,SEQ-A08DF743A84A,1,1
RNA-009083,SEQ-D4559FF58810,1,2
RNA-009084,SEQ-E1BF467AAB46,1,1
RNA-009085,SEQ-9C0CA9F8038F,1,1
RNA-009086,SEQ-E8B28B9EEA3F,1,1
RNA-009087,SEQ-7BD18AE1B97D,1,2
RNA-009088,SEQ-FF062C64D78B,1,3
RNA-009089,SEQ-46236E5C2727,1,2
RNA-009090,SEQ-42740A588FA5,1,1
RNA-009091,SEQ-1CA049D1AB72,1,1
RNA-009092,SEQ-69A8E4C0351F,1,1
RNA-009093,SEQ-80D92FD16173,1,1
RNA-009094,SEQ-97C290C94B86,1,1
RNA-009095,SEQ-9CE5A533B9C2,1,2
RNA-009096,SEQ-0EEADE2C93FD,1,2
RNA-009097,SEQ-C41911C4E004,1,1
RNA-009098,SEQ-3EA87C7E64CD,1,1
RNA-009099,SEQ-534CBFD15522,1,1
RNA-009100,SEQ-7EEEE94B75F3,1,1
RNA-009101,SEQ-743D6B237263,1,2
RNA-009102,SEQ-534A23A210EE,1,1
RNA-009103,SEQ-55B4CDFF3797,1,1
RNA-009104,SEQ-CF8F70E60A02,1,1
RNA-009105,SEQ-99A8032C7FE0,1,1
RNA-009106,SEQ-14EA04627E65,1,1
RNA-009107,SEQ-59842381FDEE,1,2
RNA-009108,SEQ-9BB2B07D9922,1,1
RNA-009109,SEQ-6AD6739C972F,1,2
RNA-009110,SEQ-0B6508A81CD5,1,1
RNA-009111,SEQ-BF0692A59DB4,1,1
RNA-009112,SEQ-EA8E0883C88D,1,1
RNA-009115,SEQ-F83CD8BBAF21,1,1
RNA-009116,SEQ-8CA3783FB5D1,1,1
RNA-009117,SEQ-48C3986C515B,1,2
RNA-009118,SEQ-DEE7D81422E8,1,1
RNA-009119,SEQ-AFF20A4850CC,1,1
RNA-009120,SEQ-34709CDCF128,1,1
RNA-009122,SEQ-1349792C7493,1,2
RNA-009123,SEQ-85E6349E3F7E,1,2
RNA-009124,SEQ-98B37691E782,1,1
RNA-009125,SEQ-3A1DE5E00968,1,1
RNA-009126,SEQ-0B0BD2120C88,1,1
RNA-009127,SEQ-668E3A4D94E0,1,1
RNA-009128,SEQ-FC195585B24D,1,3
RNA-009129,SEQ-93E4A3CA5EB7,1,1
RNA-009130,SEQ-E974BE8F569F,1,1
RNA-009131,SEQ-1983BF67853C,1,1
RNA-009132,SEQ-02E0585E236C,1,1
RNA-009133,SEQ-6416FE45DA00,1,1
RNA-009134,SEQ-3393D8801AA3,1,1
RNA-009135,SEQ-E14194966BA6,1,1
RNA-009136,SEQ-5FC9EEF659F1,1,1
RNA-009137,SEQ-570437FBB9D1,1,1
RNA-009138,SEQ-04DFB729BC55,1,1
RNA-009139,SEQ-172EB3A06D2A,1,1
RNA-009140,SEQ-B208944A3BB6,1,1
RNA-009141,SEQ-649C1EC9FD77,1,1
RNA-009142,SEQ-656EA410A7C5,1,1
RNA-009143,SEQ-D32E16E4E057,1,2
RNA-009144,SEQ-783601290450,1,1
RNA-009145,SEQ-A5864D04894B,1,1
RNA-009146,SEQ-F6DC6422371F,1,1
RNA-009147,SEQ-7A752EDE7C41,1,1
RNA-009148,SEQ-40E224D4A965,1,1
RNA-009149,SEQ-8C9D4FE629F6,1,1
RNA-009150,SEQ-325E31FB306A,1,1
RNA-009151,SEQ-E438BAB95DCE,1,1
RNA-009152,SEQ-755CB7C19FD7,1,1
RNA-009153,SEQ-2691E45CD166,1,1
RNA-009154,SEQ-1B38646E0FA6,1,1
RNA-009156,SEQ-E6EE4F336E9E,1,1
RNA-009157,SEQ-017EC3CE9E24,1,1
RNA-009158,SEQ-9A99523D0B2C,1,1
RNA-009159,SEQ-D6A3B6C993D7,1,1
RNA-009160,SEQ-3FB358770BD3,1,2
RNA-009161,SEQ-3BDA06FF4FF8,1,5
RNA-009162,SEQ-F3C798CE222B,1,2
RNA-009163,SEQ-6DD46D6D735B,1,2
RNA-009164,SEQ-190E5B1DF165,1,1
RNA-009165,SEQ-FCFE2D582D16,1,1
RNA-009166,SEQ-890E3772B5A4,1,1
RNA-009167,SEQ-A52615405659,1,2
RNA-009168,SEQ-DDD60A46DDE7,1,1
RNA-009169,SEQ-9FA7AEC7880E,1,2
RNA-009170,SEQ-414889A25C00,1,1
RNA-009171,SEQ-338D9C8E0DB0,1,2
RNA-009172,SEQ-F718892A1411,1,1
RNA-009173,SEQ-D6580ABBB798,1,2
RNA-009174,SEQ-F7BDE8DC4367,1,1
RNA-009175,SEQ-E0CCB971D2BE,1,1
RNA-009176,SEQ-66509820F64D,1,1
RNA-009177,SEQ-CCCA02F9C367,1,1
RNA-009179,SEQ-79970532991F,1,2
RNA-009180,SEQ-5208E7AE430C,1,2
RNA-009181,SEQ-115A57B6C4A0,1,1
RNA-009182,SEQ-6AC69EFDE190,1,1
RNA-009184,SEQ-DB7DC6010813,1,1
RNA-009185,SEQ-81FDD551D9EB,1,2
RNA-009186,SEQ-E8DDE844EDC8,1,1
RNA-009187,SEQ-0149BD0E2A7D,1,2
RNA-009188,SEQ-81ABE8988749,1,2
RNA-009189,SEQ-52EDC04697D8,1,1
RNA-009190,SEQ-2932A458A9FB,1,1
RNA-009191,SEQ-6B8001733DA5,1,1
RNA-009192,SEQ-9928C6398348,1,4
RNA-009193,SEQ-720ADE06415B,1,1
RNA-009194,SEQ-282058FF20A1,1,1
RNA-009195,SEQ-1F50D87DAF07,1,2
RNA-009197,SEQ-BBA11DAD6797,1,1
RNA-009198,SEQ-7E678FA7A725,1,1
RNA-009199,SEQ-26427DA6B41E,1,1
RNA-009200,SEQ-0EB86E488545,1,1
RNA-009201,SEQ-85FAFE9CDDFA,1,4
RNA-009202,SEQ-FFA4C6A5CD40,1,1
RNA-009203,SEQ-B00764CDE6F6,1,4
RNA-009204,SEQ-0D42F04E828A,1,1
RNA-009205,SEQ-BBEB9FDEA25B,1,9
RNA-009206,SEQ-CF96908A0775,1,2
RNA-009208,SEQ-8319DA2E7A13,1,10
RNA-009209,SEQ-426E83D6E969,1,4
RNA-009210,SEQ-E6C0960A06CD,1,6
RNA-009211,SEQ-A0C0451032D7,1,1
RNA-009212,SEQ-4F9183124791,1,1
RNA-009213,SEQ-DF5A26C50697,1,1
RNA-009214,SEQ-4C35AA47FEEE,1,1
RNA-009215,SEQ-BDF680897EBA,1,1
RNA-009216,SEQ-36298CD4CAB1,1,2
RNA-009217,SEQ-C9B2EDD2CEBA,1,3
RNA-009218,SEQ-A360FF86CAF0,1,2
RNA-009220,SEQ-4088FE816DE9,1,1
RNA-009221,SEQ-3BA4707853A0,1,2
RNA-009222,SEQ-09902EA348EB,1,2
RNA-009223,SEQ-8C704F00FD01,1,1
RNA-009224,SEQ-FE8FCDB6A89B,1,2
RNA-009225,SEQ-5F0653440989,1,1
RNA-009226,SEQ-4C1AC04B63E0,1,3
RNA-009227,SEQ-82CF043A586B,1,1
RNA-009228,SEQ-44701D628A62,1,1
RNA-009229,SEQ-8013A9E3CC71,1,1
RNA-009230,SEQ-DF48671A5168,1,1
RNA-009231,SEQ-FC201E1F1C97,1,1
RNA-009232,SEQ-1C9865949CD2,1,1
RNA-009233,SEQ-CD8062DE9576,1,1
RNA-009234,SEQ-12D1D960764E,1,2
RNA-009235,SEQ-9479B1307132,1,1
RNA-009236,SEQ-FF6A5B4484A8,1,1
RNA-009237,SEQ-91441F19EA36,1,1
RNA-009238,SEQ-A71F8FC11276,1,1
RNA-009239,SEQ-674C77570F8E,1,2
RNA-009240,SEQ-E925CF9EF841,1,1
RNA-009241,SEQ-5086CB928547,1,1
RNA-009242,SEQ-66E0F095CFCA,1,1
RNA-009243,SEQ-E96AF5166FCA,1,1
RNA-009244,SEQ-2A7DA4E6DE59,1,1
RNA-009245,SEQ-E186AE41D820,1,1
RNA-009246,SEQ-29F36F9EB566,1,1
RNA-009247,SEQ-6027A66C014E,1,4
RNA-009248,SEQ-688F20F597B9,1,1
RNA-009249,SEQ-11E916E3F244,1,3
RNA-009250,SEQ-8275929509F1,1,1
RNA-009251,SEQ-7A755A98053F,1,1
RNA-009252,SEQ-CDBEA672D0DC,1,1
RNA-009254,SEQ-AA9F00416B0F,1,2
RNA-009255,SEQ-8D94B81EDF59,1,1
RNA-009256,SEQ-A2C02496325E,1,2
RNA-009257,SEQ-E6B7BB52CE1E,1,1
RNA-009258,SEQ-0AAECE74A026,1,1
RNA-009260,SEQ-FA351C63B3BB,1,1
RNA-009261,SEQ-5347F63FA58C,1,2
RNA-009263,SEQ-B54B425439B4,1,1
RNA-009264,SEQ-282AE2AB4F0A,1,1
RNA-009265,SEQ-435E057F28D3,1,1
RNA-009266,SEQ-780B2B90BD5D,1,1
RNA-009267,SEQ-D7038E2CA56E,1,3
RNA-009268,SEQ-79C5BD1371BA,1,1
RNA-009269,SEQ-8307B2242876,1,1
RNA-009270,SEQ-C1058BDB6466,1,1
RNA-009271,SEQ-0DCC8DF6D27B,1,2
RNA-009272,SEQ-DD4600E28136,1,1
RNA-009273,SEQ-75C155BB4C8F,1,1
RNA-009274,SEQ-BC53008EE2A9,1,1
RNA-009275,SEQ-E70CAD3AD34F,1,1
RNA-009276,SEQ-3BE4403CDB15,1,1
RNA-009277,SEQ-C4A3DC0CAB4D,1,2
RNA-009278,SEQ-F3808A195B6A,1,2
RNA-009279,SEQ-AA39ECBA5B81,1,2
RNA-009280,SEQ-7E3EEB876760,1,1
RNA-009281,SEQ-4E864680475F,1,1
RNA-009282,SEQ-1B00CE02FA93,1,1
RNA-009283,SEQ-C9A81E59BE3C,1,1
RNA-009284,SEQ-290330E35887,1,1
RNA-009285,SEQ-5896C04531BA,1,1
RNA-009286,SEQ-74D37D3B50AA,1,1
RNA-009287,SEQ-606C0F3AE124,1,5
RNA-009288,SEQ-52E756F71811,1,1
RNA-009289,SEQ-1AC155A7FB11,1,1
RNA-009290,SEQ-BD45E3E99763,1,1
RNA-009291,SEQ-ABB29A01BDB6,1,1
RNA-009292,SEQ-CEAC559DF895,1,1
RNA-009293,SEQ-264517349EB5,1,1
RNA-009294,SEQ-6FEE0847CBFC,1,1
RNA-009295,SEQ-D595720300D4,1,1
RNA-009297,SEQ-1EA58B19240D,1,1
RNA-009298,SEQ-4791083B8BD2,1,1
RNA-009299,SEQ-DD61315355D2,1,1
RNA-009300,SEQ-58989B70BE45,1,1
RNA-009301,SEQ-C389BA0AE9FC,1,1
RNA-009302,SEQ-8EED10283FB2,1,1
RNA-009303,SEQ-218910908DBD,1,3
RNA-009304,SEQ-6C50537BC03E,1,1
RNA-009305,SEQ-3F7488F0C5D4,1,1
RNA-009306,SEQ-BE82182AC447,1,1
RNA-009307,SEQ-F7D4F83AAD38,1,2
RNA-009308,SEQ-CBB92CA32B55,1,1
RNA-009309,SEQ-5E3247BDADA7,1,1
RNA-009310,SEQ-B9A50CEB1DD4,1,1
RNA-009311,SEQ-F23EDD22EF18,1,1
RNA-009312,SEQ-D8F24B184AAD,1,3
RNA-009313,SEQ-D70688AFF489,1,1
RNA-009314,SEQ-69A513846C10,1,1
RNA-009315,SEQ-1EB1656960D4,1,1
RNA-009316,SEQ-CA0E3ABFBED9,1,1
RNA-009317,SEQ-A27433C95C4C,1,1
RNA-009318,SEQ-AD5CE1C2BC62,1,2
RNA-009319,SEQ-ACEDA1C4F3A5,1,1
RNA-009320,SEQ-DED1530D74B5,1,1
RNA-009321,SEQ-A9D52BD04008,1,1
RNA-009323,SEQ-F24768950A38,1,1
RNA-009324,SEQ-67A939F8A052,1,1
RNA-009325,SEQ-31810CD3D724,1,1
RNA-009326,SEQ-B1AD2E64589F,1,2
RNA-009327,SEQ-8C429E5A5DB6,1,1
RNA-009328,SEQ-22BF2B49DB17,1,1
RNA-009329,SEQ-0033C15DFF17,1,1
RNA-009330,SEQ-7309645C0722,1,1
RNA-009331,SEQ-B90DB35C9BBA,1,1
RNA-009332,SEQ-02114E91EBB6,1,2
RNA-009333,SEQ-AA308942180B,1,3
RNA-009334,SEQ-71208A3FB7E6,1,1
RNA-009335,SEQ-B396DAB22912,1,1
RNA-009336,SEQ-0756B945677A,1,2
RNA-009337,SEQ-93067A834F80,1,5
RNA-009338,SEQ-DCBD07A00683,1,2
RNA-009339,SEQ-32C0D7A8C709,1,4
RNA-009340,SEQ-B9F03CFAEE9A,1,5
RNA-009341,SEQ-163B1119CED1,1,5
RNA-009342,SEQ-987F01430F6E,1,5
RNA-009343,SEQ-D7AB6C3DA855,1,3
RNA-009344,SEQ-5FAD344BB313,1,2
RNA-009345,SEQ-990337F1056E,1,2
RNA-009346,SEQ-4963EAE896AA,1,8
RNA-009347,SEQ-28D58B94CEEB,1,3
RNA-009348,SEQ-36285AA8B5A3,1,1
RNA-009349,SEQ-01F511DF733B,1,1
RNA-009350,SEQ-2173463978C8,1,1
RNA-009351,SEQ-97E4498A38F1,1,4
RNA-009352,SEQ-4C03D75140A6,1,2
RNA-009353,SEQ-EE68F7656A21,1,2
RNA-009354,SEQ-555071839EA8,1,2
RNA-009355,SEQ-1F1E11F47307,1,3
RNA-009356,SEQ-13B3B830B35B,1,4
RNA-009359,SEQ-36748739CD3E,1,1
RNA-009360,SEQ-85E710946673,1,1
RNA-009362,SEQ-BAB1DAD4F64B,1,1
RNA-009364,SEQ-C05F9DE326F4,1,3
RNA-009367,SEQ-8690E284F0B7,1,2
RNA-009371,SEQ-CA8A8D47361C,1,1
RNA-009372,SEQ-4F72764AC80D,1,1
RNA-009373,SEQ-E1F43556180F,1,1
RNA-009374,SEQ-C877D2D1C96D,1,1
RNA-009376,SEQ-EEBDEE8EB2CB,1,4
RNA-009379,SEQ-BCA648ED86AC,1,1
RNA-009386,SEQ-216E78A0B6B0,1,1
RNA-009388,SEQ-ABA5AB9F8E98,1,1
RNA-009393,SEQ-848CD37B0127,1,1
RNA-009394,SEQ-72CC9E160D71,1,1
RNA-009395,SEQ-286B7E801F50,1,1
RNA-009398,SEQ-CCA5868A82FB,1,1
RNA-009401,SEQ-5A267E001CB0,1,1
RNA-009402,SEQ-0EC3881E1D0D,1,1
RNA-009405,SEQ-C4524DC6CB84,1,1
RNA-009407,SEQ-7E94E8500DED,1,1
RNA-009408,SEQ-A34D081C991C,1,1
RNA-009409,SEQ-96B8A90DAB7B,1,1
RNA-009412,SEQ-2F9F7129EE88,1,1
RNA-009413,SEQ-6755150A51B2,1,1
RNA-009414,SEQ-604365EC493A,1,1
RNA-009416,SEQ-54FE379AB920,1,1
RNA-009418,SEQ-639599E1093E,1,1
RNA-009419,SEQ-79F8C3CA040B,1,1
RNA-009421,SEQ-D101891B63E5,1,1
RNA-007565,SEQ-0E97520A6F3D,1,214
RNA-007565,SEQ-8DEA64B37F2C,0,12
RNA-007083,SEQ-9518BCE46E54,1,79
RNA-009426,SEQ-7B890436C303,1,4
RNA-007147,SEQ-EDB784A3D431,1,71
RNA-007147,SEQ-B7B1373B5583,0,32
RNA-009427,SEQ-F495834F2F7E,1,2
RNA-007149,SEQ-7AA75CFF9128,1,75
RNA-007230,SEQ-C3935535A0FD,1,87
RNA-005644,SEQ-37CF4E3EC962,1,61
RNA-009428,SEQ-DE24E980737D,1,3
RNA-007478,SEQ-27E55CB89644,1,17
RNA-007362,SEQ-6C804207F36C,1,95
RNA-007362,SEQ-6F53B1EBB55F,0,2
RNA-009430,SEQ-48FF92AB7A46,1,1
RNA-005675,SEQ-BA48C33C0655,1,3
RNA-009431,SEQ-209E646918E6,1,2
RNA-007382,SEQ-06D291967560,1,10
RNA-007717,SEQ-138D1C21B07E,1,2
RNA-007256,SEQ-CA3DD830A7E3,1,38
RNA-007339,SEQ-1DF337D179A1,1,3
RNA-009434,SEQ-FC0B81128B26,1,9
RNA-007003,SEQ-BBBC57142864,1,10
RNA-007003,SEQ-1FA3E8839ADE,0,6
RNA-009435,SEQ-FE91A497BEB9,1,2
RNA-009436,SEQ-F5672E8CDF45,1,1
RNA-009437,SEQ-D23A10189E52,1,2
RNA-009438,SEQ-5EDAAD8D2030,1,1
RNA-009440,SEQ-DABCE905F478,1,3
RNA-007222,SEQ-202A6A04F6DD,1,2
RNA-009441,SEQ-C6DC6B351E10,1,8
RNA-009442,SEQ-B5A571EBB4AA,1,1
RNA-005659,SEQ-30C7BDC55BD0,1,31
RNA-009444,SEQ-E05C6E0AB859,1,3
RNA-009445,SEQ-C6FFF229DA4A,1,2
RNA-007320,SEQ-E1CDC4F11D77,1,2
RNA-009447,SEQ-94BF69CAD112,1,2
RNA-009449,SEQ-2E51AE9B62FB,1,2
RNA-006096,SEQ-392B24ED5D26,1,5
RNA-007645,SEQ-76B5B340B7D9,1,6
RNA-009455,SEQ-B2DE107312CB,1,1
RNA-009456,SEQ-26FE193248B5,1,1
RNA-009457,SEQ-DC11515BC0D2,1,2
RNA-009458,SEQ-703FC11B0D3C,1,1
RNA-009459,SEQ-CEAF5891B780,1,1
RNA-009460,SEQ-3BBD2D8A873C,1,4
RNA-009461,SEQ-89ACA430980D,1,2
RNA-009463,SEQ-8276AE9F1391,1,1
RNA-009464,SEQ-32C758F0ACF4,1,5
RNA-009465,SEQ-CAF1CA185E75,1,2
RNA-009466,SEQ-1EF1E1D8E494,1,6
RNA-009467,SEQ-C52CB42A8277,1,1
RNA-009468,SEQ-AB3030CEE59A,1,1
RNA-009470,SEQ-573DFC9555B3,1,2
RNA-009472,SEQ-0847A44A3C2C,1,17
RNA-009473,SEQ-ACF22E9CCE36,1,1
RNA-009474,SEQ-E0E41FFA027F,1,2
RNA-007276,SEQ-DFBAE9D6378F,1,9
RNA-006286,SEQ-5646E0808BB9,1,1
RNA-006158,SEQ-55000C032F0E,1,1
RNA-007206,SEQ-137D874DEDEC,1,1
RNA-009478,SEQ-205AE4CBAAEE,1,3
RNA-009480,SEQ-AD71ADC4C650,1,1
RNA-006999,SEQ-94644521CC2E,1,2
RNA-009481,SEQ-CAC44B919453,1,3
RNA-007579,SEQ-EB9DE2E9A1BB,1,13
RNA-007506,SEQ-C23E11188770,1,5
RNA-009486,SEQ-D0A3BBD67A12,1,1
RNA-006140,SEQ-C3A0965C66D3,1,1
RNA-006106,SEQ-25985E27A56B,1,3
RNA-007371,SEQ-9A17F0A1736B,1,1
RNA-009487,SEQ-0BF3BC35520C,1,1
RNA-009488,SEQ-E2D4AFB3F91F,1,1
RNA-006775,SEQ-BC7BD4395B49,1,6
RNA-006026,SEQ-AEF14307127C,1,3
RNA-007333,SEQ-3070C357E7F1,1,2
RNA-009490,SEQ-B62297CEAA71,1,1
RNA-009491,SEQ-241F11E5AB68,1,1
RNA-007572,SEQ-1AC5D6B5BE3D,1,1
RNA-009493,SEQ-AC5124587390,1,2
RNA-009494,SEQ-128398740265,1,7
RNA-009495,SEQ-FB32EE5EC999,1,4
RNA-009496,SEQ-16DD52DCB71D,1,1
RNA-009498,SEQ-F1E9DFFD6E43,1,1
RNA-009500,SEQ-E88B9E7DF7F1,1,3
RNA-009501,SEQ-CC2CEF3D955B,1,2
RNA-006289,SEQ-9D3B621FF446,1,2
RNA-009503,SEQ-B21BBE5EB224,1,1
RNA-007773,SEQ-2BB57F212822,1,1
RNA-007281,SEQ-CC4CB889696C,1,1
RNA-009505,SEQ-0A28675B3914,1,1
RNA-007796,SEQ-6576FA35FF64,1,6
RNA-009508,SEQ-2A4A2F584853,1,4
RNA-009509,SEQ-4AD8454B973E,1,2
RNA-009510,SEQ-B38953300D0B,1,2
RNA-007086,SEQ-A4A1C128A972,1,1
RNA-009511,SEQ-ACDEF3A478EF,1,1
RNA-009512,SEQ-68751A6F6668,1,5
RNA-009513,SEQ-4F323CDBD908,1,1
RNA-009514,SEQ-36EA9A54C8A0,1,2
RNA-009517,SEQ-2D3523098B9C,1,1
RNA-006406,SEQ-C871FC9671FA,1,1
RNA-009522,SEQ-0EE7C24ADF2B,1,1
RNA-009523,SEQ-C1B974E904AF,1,1
RNA-009524,SEQ-79D4E2245148,1,1
RNA-007696,SEQ-FDD292E14E36,1,5
RNA-007566,SEQ-1D3C92006B6E,1,1
RNA-006662,SEQ-A7132D9A9594,1,1
RNA-007048,SEQ-987BA1EB2D04,1,1
RNA-007791,SEQ-7B2924E75EAD,1,1
RNA-009529,SEQ-4A7E95604269,1,1
RNA-009530,SEQ-0042E1312AF5,1,1
RNA-009531,SEQ-F9CDF66EBBEE,1,2
RNA-009532,SEQ-0DBA6AABF9C8,1,1
RNA-009534,SEQ-DF4BDD16BA80,1,2
RNA-009535,SEQ-845B655EEBA3,1,1
RNA-009538,SEQ-94B4C7668ADF,1,1
RNA-009540,SEQ-41E3ED5279A2,1,2
RNA-009542,SEQ-2EE54FDE6F25,1,1
RNA-009543,SEQ-292734D44E2F,1,1
RNA-007540,SEQ-ED2E4C107900,1,1
RNA-009545,SEQ-2D5E772579A3,1,1
RNA-009547,SEQ-1E59D0846532,1,1
RNA-009548,SEQ-7712E0B4CCD9,1,1
RNA-007145,SEQ-F0D9F19CD9C5,1,4
RNA-006321,SEQ-6382DC060EB7,1,4
RNA-009549,SEQ-0EDC07959C44,1,1
RNA-009439,SEQ-FD929D65C2DB,1,7
RNA-009551,SEQ-572FE1AE1FDC,1,4
RNA-007290,SEQ-3FF7684DC82E,1,3
RNA-009555,SEQ-4D8912F02D8F,1,1
RNA-009558,SEQ-CD1BB9821C38,1,1
RNA-009561,SEQ-F7F9306EB8D0,1,1
RNA-006830,SEQ-215231804812,1,5
RNA-009562,SEQ-1A5389E4BB95,1,1
RNA-009563,SEQ-44091C625A13,1,1
RNA-009564,SEQ-869F32D51BB8,1,1
RNA-007611,SEQ-D45D4FB69813,1,5
RNA-009568,SEQ-D007DCB62275,1,1
RNA-007693,SEQ-6F707B19DD35,1,1
RNA-007561,SEQ-1D02E906F003,1,7
RNA-007561,SEQ-1EEBE84BC2AF,0,2
RNA-006810,SEQ-F2AB2611F837,1,1
RNA-005770,SEQ-14194050D9FC,1,1
RNA-009572,SEQ-5C99321418D6,1,1
RNA-009579,SEQ-BAC6DFFE460D,1,1
RNA-009580,SEQ-9AF22AA0C4EE,1,1
RNA-009581,SEQ-1A054AAEADEC,1,1
RNA-009583,SEQ-E0A61EBBB145,1,1
RNA-009584,SEQ-EA5492FE79F7,1,3
RNA-009585,SEQ-48A012177C18,1,1
RNA-007055,SEQ-0F2CFD17AB3A,1,1
RNA-009586,SEQ-CDC49A5FD807,1,1
RNA-007296,SEQ-76F08099CF14,1,1
RNA-009589,SEQ-600C4DC512EB,1,1
RNA-009591,SEQ-805BC0B4B281,1,2
RNA-009592,SEQ-A42C5DA541A4,1,2
RNA-009593,SEQ-9D2F02EC11FD,1,1
RNA-009595,SEQ-590B0B5ECF4B,1,1
RNA-009596,SEQ-AF384DCB7EDD,1,1
RNA-007770,SEQ-CD0F1C5D58D3,1,2
RNA-007267,SEQ-AE5DC5E0D818,1,2
RNA-009598,SEQ-AC43D99F7EA7,1,1
RNA-007626,SEQ-89CC1143CE5F,1,1
RNA-009599,SEQ-866F1D9EDBD9,1,1
RNA-009600,SEQ-280D24FB3016,1,2
RNA-009601,SEQ-099155B8C0D3,1,1
RNA-009603,SEQ-D3911FD402A6,1,1
RNA-009604,SEQ-183A371126E3,1,1
RNA-009605,SEQ-1906C53F2843,1,1
RNA-009607,SEQ-990032CFBDB4,1,1
RNA-007789,SEQ-508C8E4DAB54,1,1
RNA-007683,SEQ-7FC8F82D648D,1,1
RNA-009608,SEQ-7BC332B6567D,1,2
RNA-007509,SEQ-761A4A647B59,1,1
RNA-007473,SEQ-92FEEB150DF2,1,1
RNA-009611,SEQ-8BCC8CD495EC,1,1
RNA-005641,SEQ-37DE6FA93C7B,1,1
RNA-009612,SEQ-DD2F72EF9A23,1,2
RNA-009613,SEQ-30074BA5273F,1,1
RNA-009614,SEQ-90D015B20BC8,1,1
RNA-009615,SEQ-0F2740FACED5,1,1
RNA-009617,SEQ-39F58CF9E8E9,1,1
RNA-009619,SEQ-2122F699F5DE,1,1
RNA-009620,SEQ-66CEE7B48DF8,1,2
RNA-009621,SEQ-D1F6388CEC9E,1,1
RNA-009622,SEQ-FE348CC5BF2E,1,1
RNA-006020,SEQ-0AA55B4B6E22,1,1
RNA-009624,SEQ-1F3105E16AC9,1,1
RNA-009625,SEQ-76475D17E5A9,1,1
RNA-009628,SEQ-8B056292115F,1,1
RNA-007755,SEQ-85E45B3CA655,1,1
RNA-006989,SEQ-AA2829C33B5A,1,1
RNA-006735,SEQ-EE2E8C69BC9D,1,1
RNA-007314,SEQ-C75F0BBA3971,1,1
RNA-007311,SEQ-5C7814B600EB,1,1
RNA-009632,SEQ-06CAD7DD2F0A,1,3
RNA-007786,SEQ-E1EB84A312BB,1,1
RNA-009633,SEQ-B8B9B4C5593E,1,1
RNA-006872,SEQ-868FC4D162F7,1,1
RNA-006169,SEQ-0478952D9089,1,2
RNA-009635,SEQ-EE64733622ED,1,1
RNA-009636,SEQ-A3A1F91B2F40,1,1
RNA-009637,SEQ-54192809E20E,1,1
RNA-009638,SEQ-8AFCE6589200,1,2
RNA-007210,SEQ-12EDE86D3601,1,1
RNA-009641,SEQ-9CA13E49619A,1,1
RNA-009642,SEQ-04A9732E4AF6,1,1
RNA-009643,SEQ-1A826B6F17F5,1,2
RNA-009644,SEQ-4B0D5A6CB08E,1,1
RNA-006522,SEQ-725F20473849,1,1
RNA-009645,SEQ-CCBE13BADBD6,1,2
RNA-007447,SEQ-8552874A33FC,1,1
RNA-009647,SEQ-3B855DCA5841,1,3
RNA-009648,SEQ-ED27A4315144,1,1
RNA-009650,SEQ-3DAE497B3D26,1,1
RNA-009651,SEQ-E0CBDA6CA91D,1,1
RNA-009652,SEQ-01FA12285146,1,1
RNA-009653,SEQ-7744ACFFBD05,1,1
RNA-009654,SEQ-4D9DF3A1889A,1,1
RNA-006030,SEQ-04E8E2C97277,1,1
RNA-007788,SEQ-BAE6FAB32DB4,1,1
RNA-009655,SEQ-2AD2AE19B0FB,1,2
RNA-009656,SEQ-16ED139A9AAA,1,1
RNA-009657,SEQ-F60DE52A4B92,1,3
RNA-009659,SEQ-E73E75E462C4,1,1
RNA-009661,SEQ-4F913B795471,1,2
RNA-007269,SEQ-2B01B942B625,1,1
RNA-009664,SEQ-5C92DF714386,1,1
RNA-009665,SEQ-2A1A6A9A10C9,1,1
RNA-009666,SEQ-61CC32A106C8,1,1
RNA-009667,SEQ-2C0C7C43628B,1,1
RNA-009669,SEQ-52D6655F015D,1,1
RNA-009670,SEQ-EAB0388AE402,1,1
RNA-009671,SEQ-A91EE671007F,1,1
RNA-009672,SEQ-C0988146020C,1,1
RNA-009674,SEQ-5F70D48C4348,1,1
RNA-006228,SEQ-602E7D21889E,1,1
RNA-009676,SEQ-946FDC4964B9,1,1
RNA-009677,SEQ-287EF2FA17D8,1,1
RNA-009679,SEQ-CE9B526A7A04,1,1
RNA-009680,SEQ-467FE95878A2,1,1
RNA-009681,SEQ-73268B87E54A,1,1
RNA-009682,SEQ-81CE9DF0E556,1,1
RNA-007152,SEQ-62F5B8E4C81B,1,1
RNA-009683,SEQ-C7EC451AA229,1,1
RNA-009684,SEQ-018F31E53F8F,1,1
RNA-007787,SEQ-E7216890F014,1,1
RNA-009686,SEQ-7C68AF0A11B2,1,1
RNA-009690,SEQ-B0F58D6063F3,1,1
RNA-007516,SEQ-E875A1812FE6,1,1
RNA-009693,SEQ-2E94BDB387B4,1,1
RNA-009695,SEQ-B6C0144F5A41,1,1
RNA-007345,SEQ-1657B01CF4AE,1,3
RNA-009696,SEQ-CA06A5614BD4,1,1
RNA-007606,SEQ-F50437F82B33,1,1
RNA-009698,SEQ-7560CF27FF27,1,1
RNA-009701,SEQ-54BB41055077,1,1
RNA-009703,SEQ-4BD9ED556D61,1,1
RNA-005784,SEQ-D4B2B2C6EF02,1,1
RNA-009704,SEQ-362781783827,1,1
RNA-009705,SEQ-FF6DFE04D86D,1,1
RNA-009706,SEQ-DD1B14912E09,1,1
RNA-009707,SEQ-4254D0158B9E,1,1
RNA-009708,SEQ-BD002A36611C,1,1
RNA-009709,SEQ-52CB7ADDCC23,1,1
RNA-009710,SEQ-584A71F9905C,1,1
RNA-009712,SEQ-B79EA71C2DD7,1,1
RNA-007350,SEQ-2F6E21B32CAB,1,1
RNA-009714,SEQ-8FC992B65C0D,1,1
RNA-009717,SEQ-BE1ED34AB68F,1,1
RNA-009587,SEQ-802438B29DAF,1,2
RNA-009720,SEQ-7B978F8140CB,1,1
RNA-009722,SEQ-D71A7FA598ED,1,1
RNA-009728,SEQ-5DE68DB2A76F,1,1
RNA-006915,SEQ-384DA015F411,1,1
RNA-009731,SEQ-0BD1DD4EC4F0,1,1
RNA-009737,SEQ-A44AC8AF1985,1,1
RNA-009742,SEQ-A4AEE7767948,1,1
RNA-009744,SEQ-F8D7A6BE673C,1,1
RNA-009746,SEQ-74F32D02CBEC,1,1
RNA-009747,SEQ-184862D598E5,1,1
RNA-009748,SEQ-51611535DFE6,1,1
RNA-009768,SEQ-446BCA0006EE,1,3
RNA-009772,SEQ-C3B5167BC5D9,1,2
RNA-009778,SEQ-1D19B067F81E,1,4
RNA-009791,SEQ-D47902078730,1,2
RNA-009797,SEQ-44BCBA81261E,1,45
RNA-009799,SEQ-63AB57112444,1,83
RNA-009956,SEQ-0076F828A613,1,10
RNA-009966,SEQ-EF6488AE6982,1,6
RNA-009971,SEQ-349030A404B0,1,2
RNA-009973,SEQ-A7A6A62D3C31,1,20
RNA-009988,SEQ-29AD383998DB,1,17
RNA-009991,SEQ-EF657D3C5A0C,1,17
RNA-009992,SEQ-ED428CA26FD7,1,14
RNA-009995,SEQ-841882AFB1C9,1,2
RNA-009997,SEQ-F5D404F60205,1,3
RNA-010003,SEQ-F00974259C7B,1,4
RNA-010007,SEQ-8D9CC0367D60,1,2
RNA-010010,SEQ-47905B095AA5,1,2
RNA-010014,SEQ-504332262BFF,1,1
RNA-010016,SEQ-4BD4660A92AE,1,2
RNA-010017,SEQ-AE40A1D2D084,1,2
RNA-010018,SEQ-CF2ADFA28775,1,3
RNA-010021,SEQ-426E83D6E969,1,3
RNA-010023,SEQ-EC89891F69FD,1,3
RNA-010028,SEQ-C14A7E106F51,1,55
RNA-010068,SEQ-31A65D348AFB,1,69
RNA-010145,SEQ-7F0F38FCC6A0,1,2
RNA-010148,SEQ-7F0F38FCC6A0,1,2
RNA-010154,SEQ-B0667A11A552,1,61
RNA-010216,SEQ-85BCD1E7DA5E,1,1
RNA-010218,SEQ-86017807FED7,1,5
RNA-010224,SEQ-73C545F99737,1,1
RNA-010230,SEQ-534AFABAE285,1,2
RNA-010232,SEQ-2D7E6CC803C0,1,3
RNA-010246,SEQ-D348B028FDA6,1,4
RNA-010255,SEQ-A7DB278DA12C,1,6
RNA-010261,SEQ-820E9DC82736,1,3
RNA-010285,SEQ-8D1762342331,1,4
RNA-010293,SEQ-1E441C27DC4B,1,6
RNA-010303,SEQ-213AEDDFD3E6,1,2
RNA-010306,SEQ-C0814771DDE1,1,5
RNA-010312,SEQ-FDE0F38A7DF3,1,24
RNA-010338,SEQ-8D9CC0367D60,1,2
RNA-010364,SEQ-5D2210303E6B,1,2
RNA-010370,SEQ-8B57059F65DB,1,2
RNA-010372,SEQ-436BD107A366,1,2
RNA-012211,SEQ-CEF574C5CB64,1,145
RNA-012212,SEQ-9705A04D761F,1,2
RNA-012213,SEQ-C915B6DD68D0,1,68
RNA-012214,SEQ-C9953C1F3263,1,403
RNA-012215,SEQ-B6FDCB8A5C9A,1,3
RNA-012216,SEQ-A3AE4647E904,1,39
RNA-012217,SEQ-EB2AA61909D3,1,523
RNA-012218,SEQ-AE0AD59871D8,1,369
RNA-012219,SEQ-7D95A738F273,1,1
RNA-012220,SEQ-B74F91AB1BC2,1,1
RNA-012221,SEQ-6468FB1F3BBF,1,1
RNA-012222,SEQ-7AA75CFF9128,1,445
RNA-012223,SEQ-B60F044EC4CB,1,4
RNA-012224,SEQ-775DE7EFE52D,1,261
RNA-012225,SEQ-96A879D875B4,1,41
RNA-012226,SEQ-7C7635C6202F,1,1
RNA-012227,SEQ-EE347D4FFA1F,1,3
RNA-012228,SEQ-EB4F48651885,1,3
RNA-012229,SEQ-1C238A33D16C,1,1
RNA-012230,SEQ-A3E0948F4A65,1,1
RNA-012231,SEQ-2CBB6C375F57,1,1
RNA-012232,SEQ-B662E6F96D65,1,7
RNA-012233,SEQ-475AADED023C,1,71
RNA-012234,SEQ-4E93CCCB38AB,1,42
RNA-012235,SEQ-5ECF46FE1D13,1,80
RNA-012236,SEQ-477281ADC81C,1,1
RNA-012237,SEQ-A2328A02CC0F,1,2
RNA-012238,SEQ-8545A291940E,1,1
RNA-012239,SEQ-35B12142033D,1,1
RNA-012240,SEQ-B7E952EE41E5,1,60
RNA-012241,SEQ-A3B7F44D6FF2,1,2
RNA-012242,SEQ-803A3A2F092B,1,2
RNA-012243,SEQ-DDA249ACCFA0,1,1
RNA-012244,SEQ-EE47780612DF,1,5
RNA-012245,SEQ-69461FF67037,1,65
RNA-012246,SEQ-A30A39525B71,1,1
RNA-012247,SEQ-C4C763775077,1,1
RNA-012248,SEQ-10B221193263,1,3
RNA-012249,SEQ-6CE1E657F223,1,156
RNA-012250,SEQ-BCE110C3D30C,1,2
RNA-012251,SEQ-ABDCE4F1824D,1,2
RNA-012252,SEQ-1B5D775ED364,1,79
RNA-012253,SEQ-32EB5760EE05,1,1
RNA-012254,SEQ-085EEB2AB512,1,2
RNA-012255,SEQ-8346C02BEF90,1,1
RNA-012256,SEQ-9809BB87F5E0,1,4
RNA-012257,SEQ-27D3EF99D0F8,1,185
RNA-012258,SEQ-BCB3DC63CF0B,1,3
RNA-012259,SEQ-A3120472513D,1,1
RNA-012260,SEQ-25BBF9D5F9B4,1,3
RNA-012261,SEQ-BB80CA2B8F4D,1,5
RNA-012262,SEQ-1E8B015B7E81,1,1
RNA-012263,SEQ-74C73FA112FC,1,11
RNA-012264,SEQ-616C6197E1AA,1,54
RNA-012265,SEQ-A65574A694BD,1,36
RNA-012266,SEQ-D2821299BEBA,1,2
RNA-012267,SEQ-143CA6092341,1,1
RNA-012268,SEQ-2C433CAE3F06,1,1
RNA-012269,SEQ-5CC00EAFDA8D,1,1
RNA-012270,SEQ-88B4A2707777,1,1
RNA-012271,SEQ-0F95143B92DB,1,1
RNA-012272,SEQ-358D9D1355D1,1,1
RNA-012273,SEQ-9B518390EE5A,1,1
RNA-012274,SEQ-55CC95D1C843,1,21
RNA-012275,SEQ-E1AC78E8E805,1,3
RNA-012276,SEQ-F05887679AB3,1,75
RNA-012277,SEQ-536686F44257,1,1
RNA-012278,SEQ-E3E5BDC5BEBD,1,1
RNA-012279,SEQ-19E72DC6B2EF,1,70
RNA-012280,SEQ-53FCABE2A9A5,1,1
RNA-012281,SEQ-8971332BCBFF,1,3
RNA-012282,SEQ-663D97C951DB,1,2
RNA-012283,SEQ-1E70D0F45070,1,1
RNA-012284,SEQ-325ED2697B7B,1,43
RNA-012285,SEQ-A56D24BC1EFC,1,2
RNA-012286,SEQ-ED7255CE768A,1,1
RNA-012287,SEQ-26BFC8F4FDC3,1,6
RNA-012288,SEQ-0C547B1A2F8B,1,5
RNA-012289,SEQ-7C594BE129B5,1,1
RNA-012290,SEQ-385144B2AC18,1,2
RNA-012291,SEQ-B062AB570264,1,3
RNA-012292,SEQ-36B182584EB6,1,1
RNA-012293,SEQ-3F554EFEBEF0,1,8
RNA-012294,SEQ-F4733F08DB7A,1,3
RNA-012295,SEQ-BF03A276FE70,1,1
RNA-012296,SEQ-E2B2E5EFEEF3,1,2
RNA-012297,SEQ-B7B4ED90C17E,1,1
RNA-012298,SEQ-989FABE9F178,1,1
RNA-012299,SEQ-2857F85FF03B,1,1
RNA-012300,SEQ-B6185F359C80,1,1
RNA-012301,SEQ-303055065CAD,1,3
RNA-012302,SEQ-6F1E69D7BE13,1,1
RNA-012303,SEQ-AB68171ACC35,1,1
RNA-012304,SEQ-F10D7B1C63E2,1,3
RNA-012305,SEQ-3FE496652220,1,1
RNA-012306,SEQ-DD848D6C208A,1,2
RNA-012307,SEQ-71F3944F08D3,1,1
RNA-012308,SEQ-F328DC2A629D,1,1
RNA-012309,SEQ-4A7056327153,1,1
RNA-012310,SEQ-385A0FD0E06B,1,4
RNA-012311,SEQ-A4E0941F0155,1,1
RNA-012312,SEQ-3C960EF90F6F,1,1
RNA-012313,SEQ-434FB0C38156,1,1
RNA-012314,SEQ-A7CB3A7B2EE1,1,1
RNA-012315,SEQ-CF71740E08C7,1,15
RNA-012316,SEQ-87CB4C8BB23E,1,4
RNA-012317,SEQ-A3467E704782,1,2
RNA-012318,SEQ-D2DA39F97B96,1,2
RNA-012319,SEQ-D2F75BBD6FF3,1,2
RNA-012320,SEQ-DAEE80237BBA,1,1
RNA-012321,SEQ-67A7F258A19E,1,1
RNA-012322,SEQ-2CF4D5592BCF,1,3
RNA-012323,SEQ-323024FDFA4A,1,1
RNA-012324,SEQ-CBC8AE8EB4B6,1,1
RNA-012325,SEQ-A14951EF08D6,1,1
RNA-012326,SEQ-EE30F3781A66,1,2
RNA-012327,SEQ-D873ABDEFDE6,1,1
RNA-012328,SEQ-D723432F3B9B,1,1
RNA-012329,SEQ-2C9CA70AF46E,1,1
RNA-012330,SEQ-FFD7D419C596,1,2
RNA-012331,SEQ-3A248F8A7F8A,1,2
RNA-012332,SEQ-D70D9457A981,1,2
RNA-012333,SEQ-D20B8713AAAA,1,1
RNA-012334,SEQ-E093E9AECAD5,1,3
RNA-012335,SEQ-6D4471AD864A,1,1
RNA-012336,SEQ-0F0AF220B5C7,1,5
RNA-012337,SEQ-3600D1ED8682,1,3
RNA-012338,SEQ-ECA609583E6F,1,4
RNA-012339,SEQ-23444AFBF9E6,1,1
RNA-012340,SEQ-B34BF9828A28,1,2
RNA-012341,SEQ-C27AC91A5194,1,2
RNA-012342,SEQ-1B53028C8F2B,1,1
RNA-012343,SEQ-CAE46C8B69F0,1,14
RNA-012344,SEQ-56E6F79A38B8,1,10
RNA-012345,SEQ-385EE5AE6EEE,1,8
RNA-012346,SEQ-237C1C23DB81,1,5
RNA-012347,SEQ-6D7E85698060,1,2
RNA-012348,SEQ-16E758537F6C,1,3
RNA-012349,SEQ-815E998F7AE2,1,3
RNA-012350,SEQ-4ACCA5A6DC06,1,2
RNA-012351,SEQ-3951FA55A145,1,1
RNA-012352,SEQ-8F5D9929EFDB,1,2
RNA-012353,SEQ-3FB599E1AADE,1,2
RNA-012354,SEQ-B232C713F954,1,1
RNA-012355,SEQ-2E6EDF9DD774,1,3
RNA-012356,SEQ-35514320FB5E,1,3
RNA-012357,SEQ-CDB846A59E3A,1,1
RNA-012358,SEQ-4D693029827C,1,1
RNA-012359,SEQ-41C56352BCD7,1,1
RNA-012360,SEQ-351DA34ECB57,1,2
RNA-012361,SEQ-B0AD0863110F,1,2
RNA-012362,SEQ-BE129B61FE22,1,3
RNA-012363,SEQ-7D143E9D75C3,1,6
RNA-012364,SEQ-2F86F773CCA5,1,2
RNA-012365,SEQ-F2087A1C7869,1,4
RNA-012366,SEQ-672971C78D22,1,3
RNA-012367,SEQ-6D0125BEFD12,1,15
RNA-012368,SEQ-90A5556DBB0F,1,8
RNA-012369,SEQ-98858E0E39B7,1,2
RNA-012370,SEQ-F65662033D84,1,3
RNA-012371,SEQ-26BF0FCDAB46,1,2
RNA-012372,SEQ-D493CFE3A609,1,1
RNA-012373,SEQ-AD781652BA49,1,1
RNA-012374,SEQ-5F8ACA139677,1,2
RNA-012375,SEQ-1B334791D4A2,1,3
RNA-012376,SEQ-0540B9DA5BD3,1,1
RNA-012377,SEQ-67CB4FAA1ADD,1,2
RNA-012378,SEQ-11DF4132290E,1,2
RNA-012379,SEQ-338B1808AF8F,1,1
RNA-012380,SEQ-93B38C6B6C3B,1,1
RNA-012381,SEQ-C8901A9F34B6,1,3
RNA-012382,SEQ-1109A80A5FF8,1,2
RNA-012383,SEQ-4E5B6789F752,1,2
RNA-012384,SEQ-A189F8D308BC,1,1
RNA-012385,SEQ-4FC8F8BC43A7,1,3
RNA-012386,SEQ-52EC2F4825C2,1,2
RNA-012387,SEQ-22E183A7CD9A,1,3
RNA-012388,SEQ-10105F71ACA6,1,2
RNA-012389,SEQ-84C32C8135BE,1,1
RNA-012390,SEQ-080BDE11897F,1,1
RNA-012391,SEQ-A83BEC2F3B05,1,13
RNA-012392,SEQ-7F5868E0B938,1,4
RNA-012393,SEQ-086AEF1F642B,1,10
RNA-012394,SEQ-194E6B580854,1,8
RNA-012395,SEQ-A8BFB608E25A,1,5
RNA-012396,SEQ-3EF04215045C,1,7
RNA-012397,SEQ-C67881C810D0,1,1
RNA-012398,SEQ-4822269BD07F,1,3
RNA-012399,SEQ-4C018B3E84F1,1,2
RNA-012400,SEQ-CE513F5AF888,1,5
RNA-012401,SEQ-24303CFE924E,1,6
RNA-012402,SEQ-5E5DFC7E8E70,1,5
RNA-012403,SEQ-E68B634C43FA,1,1
RNA-012404,SEQ-6175A71F43DA,1,3
RNA-012405,SEQ-FF76299669F9,1,2
RNA-012406,SEQ-10B293289547,1,2
RNA-012407,SEQ-28CA74B32AE1,1,1
RNA-012408,SEQ-2ED6C82879B3,1,2
RNA-012409,SEQ-0F0CA875CC67,1,9
RNA-012410,SEQ-2211F61FC2F5,1,1
RNA-012411,SEQ-1CE5BF2C497E,1,4
RNA-012412,SEQ-21D9486F1F72,1,1
RNA-012413,SEQ-DB1B632A1CFB,1,1
RNA-012414,SEQ-0C76D6E2EAF7,1,1
RNA-012415,SEQ-6A98CB252024,1,1
RNA-012416,SEQ-81A815AFFB94,1,1
RNA-012417,SEQ-F8DCE362D427,1,1
RNA-012418,SEQ-8ED8518840CF,1,3
RNA-012419,SEQ-E6BF636EB7E9,1,2
RNA-012420,SEQ-68E48D05985A,1,7
RNA-012421,SEQ-F5ED38B3CFDB,1,4
RNA-012422,SEQ-62CAE3BEA78A,1,3
RNA-012423,SEQ-3E2C01C83152,1,2
RNA-012424,SEQ-3DA6D083C824,1,1
RNA-012425,SEQ-29A9BF0CC797,1,1
RNA-012426,SEQ-27D4A5413A78,1,1
RNA-012427,SEQ-A5EE904C6F45,1,3
RNA-012428,SEQ-F0947DE15BAF,1,2
RNA-012429,SEQ-F1616F6A633E,1,1
RNA-012430,SEQ-9154624D3D70,1,3
RNA-012431,SEQ-7D797F31FC99,1,1
RNA-012432,SEQ-E68F56A2EA94,1,3
RNA-012433,SEQ-5735C7F2F23C,1,1
RNA-012434,SEQ-FA6259AEE90E,1,11
RNA-012435,SEQ-11A19D9A5EA3,1,3
RNA-012436,SEQ-3019C1CEAE66,1,1
RNA-012437,SEQ-580C547E86A8,1,6
RNA-012438,SEQ-88EA048B5DD6,1,10
RNA-012439,SEQ-8F453D13ACE2,1,2
RNA-012440,SEQ-64E884F43A5E,1,1
RNA-012441,SEQ-D0E6E70CA31F,1,5
RNA-012442,SEQ-E60611E96D82,1,1
RNA-012443,SEQ-FC89FA7D33FA,1,2
RNA-012444,SEQ-3084D632CA94,1,2
RNA-012445,SEQ-8F7416FEFDCE,1,1
RNA-012446,SEQ-0C9AFF64D761,1,1
RNA-012447,SEQ-AAF61012A63D,1,8
RNA-012448,SEQ-6DE1DE0E7B63,1,7
RNA-012449,SEQ-4E6FBA22D9CB,1,3
RNA-012450,SEQ-A841D0B987A7,1,1
RNA-012451,SEQ-65F51D3D9E15,1,2
RNA-012452,SEQ-4024C06B9057,1,2
RNA-012453,SEQ-44DC0651082C,1,8
RNA-012454,SEQ-F1D202CE9032,1,2
RNA-012455,SEQ-4B436F0F3D0D,1,1
RNA-012456,SEQ-0163AB03C3F6,1,2
RNA-012457,SEQ-FE68F2577DA7,1,3
RNA-012458,SEQ-3BF904763E0D,1,6
RNA-012459,SEQ-6A380DB66501,1,2
RNA-012460,SEQ-0693749FB177,1,2
RNA-012461,SEQ-E1069EAF24D1,1,2
RNA-012462,SEQ-4223F23F78B2,1,1
RNA-012463,SEQ-58AF0F40A6A6,1,2
RNA-012464,SEQ-313B08FBFEBB,1,1
RNA-012465,SEQ-75C272C88B9B,1,1
RNA-012466,SEQ-C4B598CA56A0,1,5
RNA-012467,SEQ-C3A9528CAFFD,1,2
RNA-012468,SEQ-CDE89A81FE75,1,4
RNA-012469,SEQ-22D811419892,1,2
RNA-012470,SEQ-CEE71D6A0381,1,1
RNA-012471,SEQ-CC62479E5A14,1,3
RNA-012472,SEQ-AFEF971D769D,1,5
RNA-012473,SEQ-1C3CEF46DAEA,1,3
RNA-012474,SEQ-DD1EBED37893,1,1
RNA-012475,SEQ-3AAECF617B6B,1,4
RNA-012476,SEQ-D3C44EF1840D,1,5
RNA-012477,SEQ-9D16CA06E182,1,5
RNA-012478,SEQ-9367A830D809,1,4
RNA-012479,SEQ-B46FB5048B86,1,7
RNA-012480,SEQ-28AF43F56AFB,1,4
RNA-012481,SEQ-CDCD3B92A840,1,2
RNA-012482,SEQ-AAECBDA5FBB5,1,5
RNA-012483,SEQ-6A1FB67B4320,1,3
RNA-012484,SEQ-D88D7F55FF62,1,4
RNA-012485,SEQ-FB2E7141D2FC,1,3
RNA-012486,SEQ-29D5083966FB,1,3
RNA-012487,SEQ-2BEC9DEC80ED,1,3
RNA-012488,SEQ-87A557E49C7B,1,3
RNA-012489,SEQ-FA74105445C6,1,1
RNA-012490,SEQ-705023DCAB02,1,7
RNA-012491,SEQ-85168F24378A,1,1
RNA-012492,SEQ-06B5516DF2D4,1,1
RNA-012493,SEQ-D19C1D09386D,1,3
RNA-012494,SEQ-FDBADCD167FD,1,1
RNA-012495,SEQ-6AC234F5FA95,1,7
RNA-012496,SEQ-363ACF091132,1,3
RNA-012497,SEQ-93145C8ACAD7,1,4
RNA-012498,SEQ-C822EBA7C0E8,1,1
RNA-012499,SEQ-CA481B78563B,1,1
RNA-012500,SEQ-8CD4BC459DBD,1,7
RNA-012501,SEQ-91A844E1EFBC,1,1
RNA-012502,SEQ-D1290E5D8225,1,2
RNA-012503,SEQ-3659E61B0A51,1,2
RNA-012504,SEQ-CAA12AA38570,1,1
RNA-012505,SEQ-C961D67ED8D6,1,2
RNA-012506,SEQ-27FA06A4E34F,1,2
RNA-012507,SEQ-FBD45CC2BCF8,1,1
RNA-012508,SEQ-9032C761D9EC,1,2
RNA-012509,SEQ-FDEA21AD3D41,1,6
RNA-012510,SEQ-4FF9630BF873,1,3
RNA-012511,SEQ-BC928DEFDE1D,1,1
RNA-012512,SEQ-1E2A6B652454,1,5
RNA-012513,SEQ-39BD2EB9B72F,1,3
RNA-012514,SEQ-4ACC0F19BAB1,1,5
RNA-012515,SEQ-939EAB14150E,1,2
RNA-012516,SEQ-FBE9404888A0,1,3
RNA-012517,SEQ-48DA8B15CB12,1,2
RNA-012518,SEQ-5B9C0BD8CF81,1,1
RNA-012519,SEQ-3D386C1F2C45,1,4
RNA-012520,SEQ-755E084A8382,1,8
RNA-012521,SEQ-72AB2AA79E69,1,2
RNA-012522,SEQ-856FD9D32EC5,1,5
RNA-012523,SEQ-D9B13EC34C00,1,10
RNA-012524,SEQ-17D7CB465D11,1,1
RNA-012525,SEQ-5E7D52D7279D,1,5
RNA-012526,SEQ-6184C005D44E,1,2
RNA-012527,SEQ-FD06CAC877B4,1,1
RNA-012528,SEQ-4D0D5E65A45E,1,5
RNA-012529,SEQ-64FCF86747F1,1,5
RNA-012530,SEQ-E7BF2C331315,1,6
RNA-012531,SEQ-75DCFF9A0EB2,1,1
RNA-012532,SEQ-B3EE6348AFD0,1,1
RNA-012533,SEQ-78853EB7BE1E,1,1
RNA-012534,SEQ-A2B27640C249,1,1
RNA-012535,SEQ-46884C1CE4DC,1,1
RNA-012536,SEQ-1AD8211D5642,1,2
RNA-012537,SEQ-39F8D95041C0,1,5
RNA-012538,SEQ-8D263C653625,1,3
RNA-012539,SEQ-7095E2D1543C,1,3
RNA-012540,SEQ-A5F35B982C2E,1,4
RNA-012541,SEQ-CF0C91697088,1,1
RNA-012542,SEQ-4B5EF6513EAA,1,1
RNA-012543,SEQ-F1759695AF3D,1,1
RNA-012544,SEQ-38E438F49870,1,1
RNA-012545,SEQ-1EF5FFBABED1,1,1
RNA-012546,SEQ-C00ABDFE1403,1,2
RNA-012547,SEQ-809882B152D8,1,3
RNA-012548,SEQ-E382C833FBE6,1,3
RNA-012549,SEQ-B4E6C3D6F56A,1,4
RNA-012550,SEQ-62A72A813802,1,1
RNA-012551,SEQ-F38CD5BD1E40,1,3
RNA-012552,SEQ-78FF5B1057D4,1,2
RNA-012553,SEQ-553C010BA7E4,1,2
RNA-012554,SEQ-A73C46AEAD1B,1,1
RNA-012555,SEQ-06D70155EF10,1,5
RNA-012556,SEQ-3A3FBC685ADA,1,2
RNA-012557,SEQ-57B512B10182,1,3
RNA-012558,SEQ-278D5CBFB742,1,5
RNA-012559,SEQ-C26F39768DB5,1,3
RNA-012560,SEQ-BD735921B41E,1,3
RNA-012561,SEQ-2A43F8A1EF37,1,3
RNA-012562,SEQ-8B25AE5D2A3D,1,2
RNA-012563,SEQ-38C26BEFCBA1,1,1
RNA-012564,SEQ-BBD46B5B5F3E,1,4
RNA-012565,SEQ-C455BF8ED139,1,2
RNA-012566,SEQ-96672909E91E,1,2
RNA-012567,SEQ-615806A92BF7,1,4
RNA-012568,SEQ-CFBA7836B5E7,1,2
RNA-012569,SEQ-66DD5460C22C,1,1
RNA-012570,SEQ-4E1D39FC29AC,1,1
RNA-012571,SEQ-027DC9E825DE,1,1
RNA-012572,SEQ-BC31F1959F2F,1,6
RNA-012573,SEQ-B01AE91F02A8,1,1
RNA-012574,SEQ-3760A367BCCD,1,2
RNA-012575,SEQ-5CEED5136E34,1,8
RNA-012576,SEQ-D6F6551AAD47,1,1
RNA-012577,SEQ-E2329ABBA2FB,1,2
RNA-012578,SEQ-20DFE424D8A5,1,3
RNA-012579,SEQ-A52FE4963307,1,3
RNA-012580,SEQ-8557AA6C2647,1,2
RNA-012581,SEQ-66384965C787,1,1
RNA-012582,SEQ-9921111D5B52,1,1
RNA-012583,SEQ-58A8581FADD2,1,1
RNA-012584,SEQ-AE3E4B258FF7,1,5
RNA-012585,SEQ-D3B193A2BBB8,1,3
RNA-012586,SEQ-33C3820EA548,1,3
RNA-012587,SEQ-0CCF07008694,1,1
RNA-012588,SEQ-6DD008BB9F74,1,3
RNA-012589,SEQ-873D971D970F,1,3
RNA-012590,SEQ-004C148B11BA,1,6
RNA-012591,SEQ-9BF39E7417CF,1,3
RNA-012592,SEQ-F10F80B8BD4D,1,4
RNA-012593,SEQ-6AC020DD5B8B,1,5
RNA-012594,SEQ-2F6B6E301389,1,2
RNA-012595,SEQ-DB195AEA4930,1,2
RNA-012596,SEQ-5F29381A14D7,1,3
RNA-012597,SEQ-355CE68BF22F,1,1
RNA-012598,SEQ-44C96C2A5AA7,1,3
RNA-012599,SEQ-F310A1FA2CEE,1,1
RNA-012600,SEQ-0411A6C9FC99,1,2
RNA-012601,SEQ-153E65743370,1,2
RNA-012602,SEQ-FAA35B3AB730,1,1
RNA-012603,SEQ-5E63863FBA54,1,5
RNA-012604,SEQ-A47E409E5EEA,1,1
RNA-012605,SEQ-601F90C3A282,1,3
RNA-012606,SEQ-4EC26233B079,1,1
RNA-012607,SEQ-F09988A2C520,1,9
RNA-012608,SEQ-FC944187B43D,1,2
RNA-012609,SEQ-60373621BFDA,1,2
RNA-012610,SEQ-5CB2BBCEF374,1,3
RNA-012611,SEQ-2477A751F539,1,1
RNA-012612,SEQ-D807389C8C51,1,2
RNA-012613,SEQ-7B3F9A1D3002,1,2
RNA-012614,SEQ-984A60FEDB24,1,2
RNA-012615,SEQ-BC59D1FB6E4C,1,2
RNA-012616,SEQ-3F72C6FE5D98,1,1
RNA-012617,SEQ-93A19084D5EF,1,4
RNA-012618,SEQ-326B1B23E68F,1,2
RNA-012619,SEQ-933F2D9C1C0F,1,2
RNA-012620,SEQ-74B254BE45EB,1,1
RNA-012621,SEQ-5684BB814413,1,2
RNA-012622,SEQ-D412FA8C9109,1,5
RNA-012623,SEQ-17ED64562796,1,5
RNA-012624,SEQ-FD65DFC57D3E,1,5
RNA-012625,SEQ-BB397334514B,1,3
RNA-012626,SEQ-BA822E075417,1,2
RNA-012627,SEQ-4BB95426A95D,1,3
RNA-012628,SEQ-86D4730123F7,1,4
RNA-012629,SEQ-445DFC88011F,1,2
RNA-012630,SEQ-7D72055ACA33,1,3
RNA-012631,SEQ-70444C2F8DB4,1,2
RNA-012632,SEQ-818F542A81C5,1,5
RNA-012633,SEQ-1676ED703C8C,1,2
RNA-012634,SEQ-0E0DCA888A36,1,2
RNA-012635,SEQ-6353D1810512,1,3
RNA-012636,SEQ-DA7514BFAF20,1,4
RNA-012637,SEQ-FF428DD26BBF,1,1
RNA-012638,SEQ-8D808E4FA361,1,1
RNA-012639,SEQ-186525A50F56,1,2
RNA-012640,SEQ-F9C52CBBF5BC,1,2
RNA-012641,SEQ-1A3C22400C5F,1,2
RNA-012642,SEQ-A5FC03CF6183,1,3
RNA-012643,SEQ-FB1AD1C9D7E3,1,4
RNA-012644,SEQ-A3D880AC278F,1,4
RNA-012645,SEQ-B3D2D9BF1A3E,1,4
RNA-012646,SEQ-C189C6075602,1,2
RNA-012647,SEQ-F8370CE71969,1,1
RNA-012648,SEQ-D72C58A3AB86,1,2
RNA-012649,SEQ-B5BFB23C85A1,1,1
RNA-012650,SEQ-E0518EE42FFB,1,3
RNA-012651,SEQ-F401A8551DD4,1,2
RNA-012652,SEQ-B63FE46E5633,1,5
RNA-012653,SEQ-9ABE2800F1D0,1,1
RNA-012654,SEQ-B75012D0F864,1,3
RNA-012655,SEQ-EA6E4F6E8CB9,1,2
RNA-012656,SEQ-183D246DA9E4,1,1
RNA-012657,SEQ-FE2EFB87A067,1,3
RNA-012658,SEQ-397ECD9D7DF3,1,4
RNA-012659,SEQ-5947B25247FD,1,3
RNA-012660,SEQ-F4C839A1C8A2,1,2
RNA-012661,SEQ-B871EBECA1D5,1,5
RNA-012662,SEQ-BCB3E79C31D2,1,1
RNA-012663,SEQ-1C993F84B758,1,3
RNA-012664,SEQ-7E8B1BB23C65,1,3
RNA-012665,SEQ-5AA3CDB0BD57,1,2
RNA-012666,SEQ-091E50624338,1,1
RNA-012667,SEQ-2F9E5D72F206,1,2
RNA-012668,SEQ-0CF407B0AC00,1,5
RNA-012669,SEQ-1D8B1AD424A4,1,5
RNA-012670,SEQ-1B60DD72A4AC,1,4
RNA-012671,SEQ-43346618E695,1,2
RNA-012672,SEQ-DCF06ADBE0BC,1,5
RNA-012673,SEQ-6A977779A0D6,1,4
RNA-012674,SEQ-DF2B446EBF72,1,5
RNA-012675,SEQ-1989FC0A7E53,1,1
RNA-012676,SEQ-E4C1D34D58DE,1,4
RNA-012677,SEQ-EF8AC4FB6D7E,1,5
RNA-012678,SEQ-DC7A81C1EF84,1,3
RNA-012679,SEQ-3F23B4F1E43B,1,1
RNA-012680,SEQ-CB04307E6BA4,1,3
RNA-012681,SEQ-7AD7F282230A,1,3
RNA-012682,SEQ-766CACC7702B,1,4
RNA-012683,SEQ-906AA41A8C0D,1,3
RNA-012684,SEQ-24233FA7BFD2,1,1
RNA-012685,SEQ-28E48574DDDA,1,4
RNA-012686,SEQ-82C3E7AD83D6,1,3
RNA-012687,SEQ-FDB563779918,1,2
RNA-012688,SEQ-79AF0E0CF73B,1,2
RNA-012689,SEQ-1AF8459FE04C,1,5
RNA-012690,SEQ-A3BBD6D68C80,1,2
RNA-012691,SEQ-D64CCB188D77,1,3
RNA-012692,SEQ-590E5C225268,1,6
RNA-012693,SEQ-9D09E5CA8490,1,1
RNA-012694,SEQ-19762C90499D,1,6
RNA-012695,SEQ-35B0B9BBE801,1,4
RNA-012696,SEQ-B7348938B846,1,5
RNA-012697,SEQ-FC7D304867F4,1,1
RNA-012698,SEQ-4007BF0C8FB0,1,3
RNA-012699,SEQ-35421A5ADB3D,1,5
RNA-012700,SEQ-2F5472D3B4ED,1,3
RNA-012701,SEQ-DB56629FCE57,1,1
RNA-012702,SEQ-1E8C07CB8385,1,5
RNA-012703,SEQ-375912AC39C7,1,2
RNA-012704,SEQ-645F7AFA4B27,1,9
RNA-012705,SEQ-2B1E89F287CD,1,2
RNA-012706,SEQ-1957A4C7FFB9,1,2
RNA-012707,SEQ-8B33FCE49ED4,1,1
RNA-012708,SEQ-4DF114EAC694,1,2
RNA-012709,SEQ-7B677E055284,1,1
RNA-012710,SEQ-E41E0DE626F8,1,2
RNA-012711,SEQ-83E277D6902C,1,1
RNA-012712,SEQ-40F98BFDF4A1,1,1
RNA-012713,SEQ-3AA5E6761CD4,1,2
RNA-012714,SEQ-D381458937B2,1,1
RNA-012715,SEQ-D0878350620C,1,2
RNA-012716,SEQ-F98EDF5B9986,1,1
RNA-012717,SEQ-557474E72C76,1,1
RNA-012718,SEQ-557E47B565EF,1,1
RNA-012719,SEQ-D6346BD93CDF,1,1
RNA-012720,SEQ-8C60936DB4F8,1,1
RNA-012721,SEQ-B335B1A760FB,1,2
RNA-012722,SEQ-B72B530E63CC,1,1
RNA-012723,SEQ-07093BD9987B,1,2
RNA-012724,SEQ-2693527D5265,1,1
RNA-012725,SEQ-B9B8EF36C05C,1,2
RNA-012726,SEQ-1992A31AE0AA,1,4
RNA-012727,SEQ-64C9F47AFE38,1,2
RNA-012728,SEQ-C0D04B71D016,1,2
RNA-012729,SEQ-819F85E1ABE5,1,1
RNA-012730,SEQ-3F0788F148B7,1,1
RNA-012731,SEQ-D05196C196E1,1,1
RNA-012732,SEQ-38D31AC81177,1,1
RNA-012733,SEQ-AD89E7078A35,1,1
RNA-012734,SEQ-1EFB04A35D16,1,1
RNA-012735,SEQ-9D691FC2B551,1,1
RNA-012736,SEQ-18AA47C38479,1,1
RNA-012737,SEQ-88EF6BB8808F,1,1
RNA-012738,SEQ-906216A25A52,1,1
RNA-012739,SEQ-2119E29720DB,1,1
RNA-012740,SEQ-F1430371FD8C,1,2
RNA-012741,SEQ-2CC3A2819075,1,1
RNA-012742,SEQ-856F0AD0501C,1,1
RNA-012743,SEQ-4790984DB155,1,5
RNA-012744,SEQ-480981C4B4E4,1,3
RNA-012745,SEQ-FC83F7230739,1,1
RNA-012746,SEQ-AAA298F9992F,1,2
RNA-012747,SEQ-4CA4CDDAB9CA,1,1
RNA-012748,SEQ-D4EB16A794CF,1,1
RNA-012749,SEQ-80F4E7946455,1,5
RNA-012750,SEQ-57298BB1731A,1,1
RNA-012751,SEQ-605C2F19FCDD,1,2
RNA-012752,SEQ-B805CD4244B4,1,1
RNA-012753,SEQ-D16DEABFBEB7,1,2
RNA-012754,SEQ-A211017A0324,1,1
RNA-012755,SEQ-EB1B3CCAC721,1,2
RNA-012756,SEQ-191F2501F2E4,1,2
RNA-012757,SEQ-E02F4CB4EFB9,1,3
RNA-012758,SEQ-BC2CCBDA9C4D,1,1
RNA-012759,SEQ-71234BA5E1D1,1,1
RNA-012760,SEQ-3210C707ADBC,1,3
RNA-012761,SEQ-F8D66F2DFC1A,1,1
RNA-012762,SEQ-7EB255270C5A,1,1
RNA-012763,SEQ-AE9138718A36,1,2
RNA-012764,SEQ-ABF86910316C,1,3
RNA-012765,SEQ-C535E3AA4F1E,1,1
RNA-012766,SEQ-3DA8DE0D449C,1,1
RNA-012767,SEQ-FEFD3C09ADA8,1,1
RNA-012768,SEQ-FD6418542F9C,1,2
RNA-012769,SEQ-FA51E3F7CB23,1,1
RNA-012770,SEQ-6DE5801AC1E4,1,2
RNA-012771,SEQ-CF784D12F7AB,1,2
RNA-012772,SEQ-D01E0C5325DB,1,2
RNA-012773,SEQ-60E773A5D68C,1,3
RNA-012774,SEQ-14ADD9353519,1,1
RNA-012775,SEQ-9175FD893FFD,1,1
RNA-012776,SEQ-3D4B5D09A6B2,1,2
RNA-012777,SEQ-49209494D3BD,1,1
RNA-012778,SEQ-87E4CE6E914C,1,1
RNA-012779,SEQ-25E3F08A1579,1,3
RNA-012780,SEQ-692845F6DE91,1,1
RNA-012781,SEQ-504F6FC9F4E8,1,1
RNA-012782,SEQ-65A9631CD975,1,1
RNA-012783,SEQ-D370DB327929,1,1
RNA-012784,SEQ-53B220FDDB37,1,2
RNA-012785,SEQ-7D858294D381,1,1
RNA-012786,SEQ-37A3CCC5194C,1,2
RNA-012787,SEQ-3F8F0C235CEE,1,13
RNA-012788,SEQ-47DAC4DBBC93,1,1
RNA-012789,SEQ-0E263672FB4E,1,1
RNA-012790,SEQ-31E18C969FF7,1,2
RNA-012791,SEQ-329AAED8D393,1,3
RNA-012792,SEQ-C7ED30D7483B,1,1
RNA-012793,SEQ-B7797AB2CE30,1,4
RNA-012794,SEQ-B9B5C3037957,1,2
RNA-012795,SEQ-A38DA0BC2F29,1,3
RNA-012796,SEQ-2CEDB8318553,1,1
RNA-012797,SEQ-EDE5B33E8F44,1,1
RNA-012798,SEQ-BF9438ADC267,1,1
RNA-012799,SEQ-15CD294B2113,1,1
RNA-012800,SEQ-CBB9DA6353D9,1,1
RNA-012801,SEQ-F0663FB84240,1,1
RNA-012802,SEQ-968CDFEFDE95,1,1
RNA-012803,SEQ-7D55059CCB62,1,2
RNA-012804,SEQ-868F65F03AAC,1,4
RNA-012805,SEQ-9849A61D79CB,1,2
RNA-012806,SEQ-9FC8351C080F,1,2
RNA-012807,SEQ-D8B1E1E42422,1,7
RNA-012808,SEQ-E83A5C3563EC,1,3
RNA-012809,SEQ-217ADFC898D0,1,2
RNA-012810,SEQ-0D9E43D6035C,1,2
RNA-012811,SEQ-6C40E62A7A43,1,4
RNA-012812,SEQ-C31B2D8B6D3A,1,6
RNA-012813,SEQ-014011E09F0A,1,2
RNA-012814,SEQ-2E0DE405B87F,1,1
RNA-012815,SEQ-D184F270DF95,1,1
RNA-012816,SEQ-B6709FEE4DE5,1,2
RNA-012817,SEQ-DC99C4A6E95F,1,4
RNA-012818,SEQ-4CC04BD8B1EE,1,2
RNA-012819,SEQ-98218004B837,1,6
RNA-012820,SEQ-5F495C68C8D0,1,2
RNA-012821,SEQ-F96A62D9D531,1,6
RNA-012822,SEQ-3AEEEA83C05C,1,2
RNA-012823,SEQ-5147AAC25D13,1,1
RNA-012824,SEQ-EDCC1A6CF63F,1,3
RNA-012825,SEQ-05ECD30AB873,1,1
RNA-012826,SEQ-9E42F9347C8F,1,2
RNA-012827,SEQ-EC38ED875B89,1,3
RNA-012828,SEQ-112B808972B9,1,2
RNA-012829,SEQ-A4821E53B284,1,1
RNA-012830,SEQ-614A4C506686,1,1
RNA-012831,SEQ-03862D122535,1,1
RNA-012832,SEQ-C779480F19EB,1,2
RNA-012833,SEQ-8D5544283239,1,3
RNA-012834,SEQ-53DEB7D1A0CA,1,1
RNA-012835,SEQ-D220E5D0E79D,1,2
RNA-012836,SEQ-ECCEECCA1B0B,1,2
RNA-012837,SEQ-6ABF1963B7EC,1,5
RNA-012838,SEQ-D4C8D6BE9454,1,4
RNA-012839,SEQ-3D59A5B05960,1,1
RNA-012840,SEQ-86C110F853C6,1,1
RNA-012841,SEQ-DA78598BAED7,1,1
RNA-012842,SEQ-47BA73479ED9,1,3
RNA-012843,SEQ-5B75AA2864FF,1,1
RNA-012844,SEQ-FDE7CF1E2186,1,1
RNA-012845,SEQ-807D2A4383F1,1,2
RNA-012846,SEQ-6593B7EF849E,1,1
RNA-012847,SEQ-C66647D2F482,1,1
RNA-012848,SEQ-70DC62DADCFA,1,2
RNA-012849,SEQ-90BDD816E2A6,1,3
RNA-012850,SEQ-0553C860ADD0,1,1
RNA-012851,SEQ-335E6A9C00E8,1,2
RNA-012852,SEQ-16EADF6250E9,1,1
RNA-012853,SEQ-1708CE805A23,1,2
RNA-012854,SEQ-5706204F6879,1,1
RNA-012855,SEQ-1E47164F7CE6,1,2
RNA-012856,SEQ-98E5A8CA97F8,1,3
RNA-012857,SEQ-BE32664B0960,1,1
RNA-012858,SEQ-E5196CCEBC1B,1,3
RNA-012859,SEQ-736A7950B28F,1,2
RNA-012860,SEQ-F3577259BD66,1,1
RNA-012861,SEQ-CAF64F6EE8C9,1,1
RNA-012862,SEQ-8E3340CBB389,1,4
RNA-012863,SEQ-6AC5BA959303,1,3
RNA-012864,SEQ-7C7E8FB31AD3,1,2
RNA-012865,SEQ-A1A6C0A8339A,1,2
RNA-012866,SEQ-808A6D3D180B,1,1
RNA-012867,SEQ-3E98D0870AAD,1,1
RNA-012868,SEQ-86C09E281F90,1,1
RNA-012869,SEQ-7838B6D03D3E,1,3
RNA-012870,SEQ-A577487DE250,1,1
RNA-012871,SEQ-5AEE3FE1B09C,1,1
RNA-012872,SEQ-C401F9E6AD7B,1,1
RNA-012873,SEQ-521D353375DA,1,1
RNA-012874,SEQ-3DC738665ED3,1,1
RNA-012875,SEQ-A3DB6A328F54,1,1
RNA-012876,SEQ-CE4AE1898428,1,2
RNA-012877,SEQ-955CB2154C20,1,1
RNA-012878,SEQ-E271F3DD5972,1,1
RNA-012879,SEQ-9BF34085DE5A,1,2
RNA-012880,SEQ-FD8355125600,1,1
RNA-012881,SEQ-967D0D42B3FB,1,1
RNA-012882,SEQ-05774203E8A3,1,1
RNA-012883,SEQ-F7F3D302FF93,1,1
RNA-012884,SEQ-B5F87B221700,1,3
RNA-012885,SEQ-F21C5D0F0677,1,4
RNA-012886,SEQ-CFBDA29508A6,1,3
RNA-012887,SEQ-865A0FB87B9B,1,1
RNA-012888,SEQ-5CB9D6FD5D6F,1,1
RNA-012889,SEQ-B78AB4386B2A,1,2
RNA-012890,SEQ-589A50AD71E6,1,1
RNA-012891,SEQ-15D670B3FDDC,1,1
RNA-012892,SEQ-BFD27E24BE2F,1,1
RNA-012893,SEQ-74CE1FC13B13,1,1
RNA-012894,SEQ-759D6487A203,1,1
RNA-012895,SEQ-F6AB34FFE658,1,1
RNA-012896,SEQ-623534A1EF3E,1,3
RNA-012897,SEQ-D51DD4415E77,1,1
RNA-012898,SEQ-42959AE8EF02,1,1
RNA-012899,SEQ-39A0CFCFE0B5,1,1
RNA-012900,SEQ-E074786A5571,1,1
RNA-012901,SEQ-4545CE59E120,1,1
RNA-012902,SEQ-3933C90BEBE0,1,1
RNA-012903,SEQ-85796FFF5256,1,2
RNA-012904,SEQ-155C35ADC852,1,1
RNA-012905,SEQ-C5D228BE89CA,1,3
RNA-012906,SEQ-D6E0DF0E7D08,1,1
RNA-012907,SEQ-22949D014CD2,1,2
RNA-012908,SEQ-B4FEFB15D2C2,1,2
RNA-012909,SEQ-2DD0CCF0E7C2,1,2
RNA-012910,SEQ-8CFDD5A1EE88,1,1
RNA-012911,SEQ-9F2AE44D813C,1,4
RNA-012912,SEQ-B6B5646F8642,1,1
RNA-012913,SEQ-582619EC5F9B,1,1
RNA-012914,SEQ-B9D7FE9E3C50,1,1
RNA-012915,SEQ-4EF4DAA6C8D9,1,2
RNA-012916,SEQ-7D22C5B75612,1,4
RNA-012917,SEQ-CE876F2160B5,1,2
RNA-012918,SEQ-8EA94AF15121,1,1
RNA-012919,SEQ-25E0C0AD87A8,1,4
RNA-012920,SEQ-0C77010E5BBC,1,2
RNA-012921,SEQ-F3986932AAFA,1,1
RNA-012922,SEQ-F9CC9A14B7DC,1,4
RNA-012923,SEQ-A6F9145F147A,1,2
RNA-012924,SEQ-55586006FA79,1,1
RNA-012925,SEQ-2683B05FCCE3,1,1
RNA-012926,SEQ-FCC10D201893,1,1
RNA-012927,SEQ-E2A86981C41E,1,3
RNA-012928,SEQ-01FF7D2CB02B,1,1
RNA-012929,SEQ-9A71C29F2A4E,1,1
RNA-012930,SEQ-DA2C1DCCFF39,1,2
RNA-012931,SEQ-C4F925EBF5CF,1,1
RNA-012932,SEQ-5EE670EA29E1,1,1
RNA-012933,SEQ-A34ADC5226C8,1,1
RNA-012934,SEQ-6ABC90FDCC5B,1,1
RNA-012935,SEQ-1BC4B1121A58,1,1
RNA-012936,SEQ-2BA1477DAA11,1,1
RNA-012937,SEQ-D08881F64C4C,1,8
RNA-012938,SEQ-6A98671A0B02,1,2
RNA-012939,SEQ-62F31FFEBBBF,1,1
RNA-012940,SEQ-F89B28CA6E44,1,4
RNA-012941,SEQ-2EEEC08EEF9B,1,4
RNA-012942,SEQ-340B2277AE0A,1,3
RNA-012943,SEQ-6D83E970FBDF,1,5
RNA-012944,SEQ-2DAF3D239B4A,1,2
RNA-012945,SEQ-1DE677B1628C,1,2
RNA-012946,SEQ-AD4DBE7FA202,1,2
RNA-012947,SEQ-6C8507F9C877,1,2
RNA-012948,SEQ-69346C9A3A8A,1,1
RNA-012949,SEQ-188D85B82A72,1,4
RNA-012950,SEQ-E30169B6A344,1,2
RNA-012951,SEQ-E7551B1BF3D9,1,1
RNA-012952,SEQ-73EB9653C643,1,2
RNA-012953,SEQ-3C13DA223430,1,1
RNA-012954,SEQ-B635A5147306,1,3
RNA-012955,SEQ-591AF1A786D3,1,2
RNA-012956,SEQ-EBE0C2EAC08C,1,1
RNA-012957,SEQ-DE59E814FB3F,1,3
RNA-012958,SEQ-F33320603F52,1,1
RNA-012959,SEQ-F17EC0323941,1,4
RNA-012960,SEQ-E2C6F59E1AC6,1,2
RNA-012961,SEQ-3997F68C995C,1,1
RNA-012962,SEQ-408CB3DD39C5,1,1
RNA-012963,SEQ-B6B7E263292C,1,3
RNA-012964,SEQ-F4A87F7015E6,1,1
RNA-012965,SEQ-26B612A2B168,1,2
RNA-012966,SEQ-F0718E06EBF6,1,2
RNA-012967,SEQ-0ACEC0CE50AE,1,2
RNA-012968,SEQ-A57961352C08,1,1
RNA-012969,SEQ-269B56F9E9A6,1,1
RNA-012970,SEQ-635DACEE46A3,1,3
RNA-012971,SEQ-771E527986B9,1,2
RNA-012972,SEQ-29BD0B76482C,1,2
RNA-012973,SEQ-DED3E1ACCF4C,1,3
RNA-012974,SEQ-708632F7FA93,1,1
RNA-012975,SEQ-9C835CA22654,1,2
RNA-012976,SEQ-7735098461F5,1,1
RNA-012977,SEQ-C773697E80C8,1,2
RNA-012978,SEQ-62D343367B8F,1,4
RNA-012979,SEQ-12ABC32A39CE,1,1
RNA-012980,SEQ-95974B6194ED,1,2
RNA-012981,SEQ-010F23E2A7E3,1,2
RNA-012982,SEQ-12217FE0A93F,1,1
RNA-012983,SEQ-6E58CFFC2919,1,3
RNA-012984,SEQ-7B8B9E74030F,1,3
RNA-012985,SEQ-F3B90406D386,1,4
RNA-012986,SEQ-4E2E9F0EB2B5,1,3
RNA-012987,SEQ-E9F6E14EC0F2,1,1
RNA-012988,SEQ-00834716B59D,1,1
RNA-012989,SEQ-41B23683B317,1,1
RNA-012990,SEQ-3C864C791E82,1,1
RNA-012991,SEQ-A946257B93D1,1,1
RNA-012992,SEQ-C2B43C15267B,1,2
RNA-012993,SEQ-0241E3896FE9,1,3
RNA-012994,SEQ-3A642C6BABA0,1,1
RNA-012995,SEQ-73CAD42C8063,1,5
RNA-012996,SEQ-C94A1595B84E,1,1
RNA-012997,SEQ-4603233E81CD,1,1
RNA-012998,SEQ-93023039A61E,1,1
RNA-012999,SEQ-7715C925F7F4,1,1
RNA-013000,SEQ-DCE0CFD397E6,1,1
RNA-013001,SEQ-460DBD752870,1,2
RNA-013002,SEQ-ED87C7D4CF95,1,1
RNA-013003,SEQ-322E818E11C4,1,2
RNA-013004,SEQ-EC0CB630F433,1,3
RNA-013005,SEQ-8D3596BF0CBB,1,1
RNA-013006,SEQ-C579F72302B3,1,1
RNA-013007,SEQ-EC294587D696,1,1
RNA-013008,SEQ-57388E794B7E,1,2
RNA-013009,SEQ-94A1ECDB9974,1,1
RNA-013010,SEQ-94EC4CED3093,1,1
RNA-013011,SEQ-8D7F59CCFD31,1,1
RNA-013012,SEQ-5A6CF93DF89D,1,1
RNA-013013,SEQ-9E4809393B87,1,2
RNA-013014,SEQ-E7E5595B683E,1,2
RNA-013015,SEQ-14C108AED457,1,1
RNA-013016,SEQ-D5EBE20F6F48,1,3
RNA-013017,SEQ-150CF9317DF9,1,2
RNA-013018,SEQ-6968CA996EBC,1,1
RNA-013019,SEQ-488DF43F2C44,1,2
RNA-013020,SEQ-2A9C33DC66A9,1,2
RNA-013021,SEQ-335BB299D014,1,4
RNA-013022,SEQ-D1CB137875AC,1,4
RNA-013023,SEQ-96B2759F69C9,1,4
RNA-013024,SEQ-9F5D4F6BCC81,1,1
RNA-013025,SEQ-BCE9CB76AFBF,1,2
RNA-013026,SEQ-C8EA9E1FAC87,1,2
RNA-013027,SEQ-127FB4119FC5,1,4
RNA-013028,SEQ-B365072B52AC,1,10
RNA-013029,SEQ-E00FDAA9F0CB,1,7
RNA-013030,SEQ-628C81CC329F,1,2
RNA-013031,SEQ-D6C36C0BAEDB,1,3
RNA-013032,SEQ-3BCE4F78FFB7,1,1
RNA-013033,SEQ-A053BB12FD7C,1,6
RNA-013034,SEQ-6143B2E26C04,1,2
RNA-013035,SEQ-3153022A7BA1,1,2
RNA-013036,SEQ-6CC51734E337,1,3
RNA-013037,SEQ-064094DA7DDA,1,3
RNA-013038,SEQ-F15E65A29ACC,1,4
RNA-013039,SEQ-DA234FAE3AA2,1,1
RNA-013040,SEQ-27ED0D8D2954,1,1
RNA-013041,SEQ-1A3CAFAC6C88,1,2
RNA-013042,SEQ-3B536E6249B4,1,4
RNA-013043,SEQ-E7E683CF38EC,1,3
RNA-013044,SEQ-54E26E1A38CC,1,3
RNA-013045,SEQ-6C00E6B63CFD,1,4
RNA-013046,SEQ-47F9B08C5CB2,1,5
RNA-013047,SEQ-42F2C049996C,1,1
RNA-013048,SEQ-C547453EF00D,1,5
RNA-013049,SEQ-B5DE9B7902E7,1,2
RNA-013050,SEQ-1179CFE8F315,1,1
RNA-013051,SEQ-43B91B6377F9,1,1
RNA-013052,SEQ-2CF2DB08AC42,1,2
RNA-013053,SEQ-5799FC0536DE,1,2
RNA-013054,SEQ-3F6B56CDD0A3,1,2
RNA-013055,SEQ-602FE222AAF2,1,4
RNA-013056,SEQ-25BD5CD96BF6,1,1
RNA-013057,SEQ-C3DEEE3E0613,1,1
RNA-013058,SEQ-DA8BFBEFBDB9,1,1
RNA-013059,SEQ-F4BD1FB5FF6B,1,1
RNA-013060,SEQ-9FD52C178742,1,1
RNA-013061,SEQ-91E5E3D83D19,1,2
RNA-013062,SEQ-5FA8DC6FFC46,1,1
RNA-013063,SEQ-BE1E1E28D2CF,1,2
RNA-013064,SEQ-C951B4ABD878,1,1
RNA-013065,SEQ-A8EF385CCC34,1,1
RNA-013066,SEQ-979D393C1552,1,3
RNA-013067,SEQ-15DB3D21E5E5,1,1
RNA-013068,SEQ-C37340C7997D,1,1
RNA-013069,SEQ-721E8B3BE4F2,1,2
RNA-013070,SEQ-7DB2550A1CFE,1,1
RNA-013071,SEQ-0FFA264B2B0B,1,1
RNA-013072,SEQ-0B08F486E812,1,1
RNA-013073,SEQ-891B82C2CBAA,1,1
RNA-013074,SEQ-6C35509E431A,1,1
RNA-013075,SEQ-4532548C2FDF,1,2
RNA-013076,SEQ-174D1C0F1CFF,1,1
RNA-013077,SEQ-52C67EF24603,1,2
RNA-013078,SEQ-6818114327D7,1,2
RNA-013079,SEQ-6FFBAAFF5D74,1,3
RNA-013080,SEQ-97B1C966893A,1,3
RNA-013081,SEQ-16B6155D336D,1,2
RNA-013082,SEQ-60FA310FDA2C,1,1
RNA-013083,SEQ-63C0B690813E,1,3
RNA-013084,SEQ-D9AC34D41BAB,1,3
RNA-013085,SEQ-670EAD6EEB26,1,4
RNA-013086,SEQ-F1A3E2E0C221,1,4
RNA-013087,SEQ-A0FE0CB89CBA,1,2
RNA-013088,SEQ-B38302B17A0A,1,2
RNA-013089,SEQ-B235B2495063,1,1
RNA-013090,SEQ-EAFBD5A30F8C,1,1
RNA-013091,SEQ-0BD0F32E8063,1,1
RNA-013092,SEQ-F6A9689520BE,1,1
RNA-013093,SEQ-01EAA0C9458A,1,5
RNA-013094,SEQ-2981C20A055E,1,3
RNA-013095,SEQ-8C5E9AF8E986,1,1
RNA-013096,SEQ-69A1E376C28C,1,3
RNA-013097,SEQ-6F91BACBEA5E,1,1
RNA-013098,SEQ-625370445257,1,1
RNA-013099,SEQ-B42B26A4DC0C,1,1
RNA-013100,SEQ-550BBF574BFD,1,3
RNA-013101,SEQ-A9AB7A795ADA,1,1
RNA-013102,SEQ-53250F591092,1,1
RNA-013103,SEQ-823C400B18AC,1,1
RNA-013104,SEQ-3A599BCC0B59,1,1
RNA-013105,SEQ-5D3CB937E5CE,1,2
RNA-013106,SEQ-4F20BE9594EA,1,2
RNA-013107,SEQ-9DFE6DE3E0C5,1,4
RNA-013108,SEQ-72A3D5FAB4FB,1,1
RNA-013109,SEQ-9B0AB8970E00,1,1
RNA-013110,SEQ-0953E480C5D2,1,1
RNA-013111,SEQ-CFEF119C3BCA,1,1
RNA-013112,SEQ-FA353B17B6AC,1,1
RNA-013113,SEQ-94C00F1A6EAF,1,2
RNA-013114,SEQ-975B211D4642,1,2
RNA-013115,SEQ-678BA893FC77,1,1
RNA-013116,SEQ-AAA2A3D28562,1,1
RNA-013117,SEQ-0C85C2E29C13,1,1
RNA-013118,SEQ-33FD9412F48A,1,1
RNA-013119,SEQ-C8AD06132468,1,3
RNA-013120,SEQ-444FDDEC2A36,1,1
RNA-013121,SEQ-09DB570433D4,1,1
RNA-013122,SEQ-1889356FA5CD,1,1
RNA-013123,SEQ-8D68B7558119,1,2
RNA-013124,SEQ-61F5F02C03DF,1,1
RNA-013125,SEQ-4F04DF1E2FA1,1,2
RNA-013126,SEQ-21DC06AEFAC2,1,1
RNA-013127,SEQ-F525BC60F49A,1,1
RNA-013128,SEQ-BC4218020610,1,1
RNA-013129,SEQ-B64139B3AE80,1,2
RNA-013130,SEQ-D798F34AD2F1,1,2
RNA-013131,SEQ-2CD595CB388D,1,1
RNA-013132,SEQ-0F125B021806,1,2
RNA-013133,SEQ-A5E8129F7357,1,1
RNA-013134,SEQ-99313F333BE7,1,1
RNA-013135,SEQ-ACD768A70F6E,1,2
RNA-013136,SEQ-A6EB58F7B708,1,1
RNA-013137,SEQ-ED36EEC21373,1,2
RNA-013138,SEQ-C5432E1D2BFC,1,1
RNA-013139,SEQ-1D77AB0F56CD,1,1
RNA-013140,SEQ-FDDB69180BF3,1,2
RNA-013141,SEQ-FA1CE666C22B,1,1
RNA-013142,SEQ-59AEA48B2BA1,1,1
RNA-013143,SEQ-E0161DF6F031,1,2
RNA-013144,SEQ-EF12612B6EAB,1,2
RNA-013145,SEQ-EAFB6D05BB35,1,1
RNA-013146,SEQ-87BD218FA761,1,1
RNA-013147,SEQ-EA664F6E1398,1,1
RNA-013148,SEQ-6242D0D86702,1,3
RNA-013149,SEQ-5130CD7F870E,1,3
RNA-013150,SEQ-34C218EC3076,1,2
RNA-013151,SEQ-1DEB93536366,1,1
RNA-013152,SEQ-FA4BA626E021,1,1
RNA-013153,SEQ-0E318A632D19,1,1
RNA-013154,SEQ-44CBA95E52D3,1,1
RNA-013155,SEQ-95AACD0E13A8,1,3
RNA-013156,SEQ-283C2E04F5E9,1,1
RNA-013157,SEQ-FBDE53AF121E,1,1
RNA-013158,SEQ-95A9C03A618D,1,1
RNA-013159,SEQ-C42EC5EB5B6A,1,3
RNA-013160,SEQ-5F89BA7BF2D5,1,2
RNA-013161,SEQ-D9D4645E05BD,1,1
RNA-013162,SEQ-ED1DE416B7F4,1,3
RNA-013163,SEQ-316E1AF78454,1,2
RNA-013164,SEQ-B8E82101E2E4,1,2
RNA-013165,SEQ-53EC4C4F955F,1,1
RNA-013166,SEQ-AB5D131634DB,1,1
RNA-013167,SEQ-3FC37524C1A3,1,1
RNA-013168,SEQ-F1C59F42353D,1,3
RNA-013169,SEQ-376E2ED4CFE1,1,2
RNA-013170,SEQ-BF9518E5F068,1,1
RNA-013171,SEQ-6A3C109D3EA9,1,3
RNA-013172,SEQ-B0AC7227A584,1,1
RNA-013173,SEQ-DC0B9F9D0D4A,1,1
RNA-013174,SEQ-827999CDA461,1,1
RNA-013175,SEQ-718FB889E5E8,1,1
RNA-013176,SEQ-9CCB6E608C17,1,4
RNA-013177,SEQ-65EBE40A28C8,1,2
RNA-013178,SEQ-23A12BDA46D9,1,2
RNA-013179,SEQ-12AA30A84AE8,1,1
RNA-013180,SEQ-8408BCE7893E,1,1
RNA-013181,SEQ-24ABEB37E085,1,3
RNA-013182,SEQ-5896FE8FD7C3,1,2
RNA-013183,SEQ-2CA3C63C8D8D,1,1
RNA-013184,SEQ-CC600E595D13,1,1
RNA-013185,SEQ-EF999621213E,1,1
RNA-013186,SEQ-93EDF03662F2,1,4
RNA-013187,SEQ-062089E988CC,1,5
RNA-013188,SEQ-B2B2819916D7,1,8
RNA-013189,SEQ-9374820DB13D,1,6
RNA-013190,SEQ-9EA2D44D2D4D,1,2
RNA-013191,SEQ-5AE1083660BF,1,1
RNA-013192,SEQ-AFB3CCF85E41,1,2
RNA-013193,SEQ-A21499564895,1,1
RNA-013194,SEQ-B57F6C1A0014,1,2
RNA-013195,SEQ-E5C1EF838A0E,1,1
RNA-013196,SEQ-9149530E3B75,1,1
RNA-013197,SEQ-42B4667CCC3E,1,1
RNA-013198,SEQ-FD06D86AB2D4,1,3
RNA-013199,SEQ-0D0D91D0E56E,1,1
RNA-013200,SEQ-417FE004B540,1,1
RNA-013201,SEQ-D7CF91D72B2B,1,1
RNA-013202,SEQ-B7CBC07B942F,1,1
RNA-013203,SEQ-1E22EB9F38CB,1,1
RNA-013204,SEQ-E2F015F64006,1,5
RNA-013205,SEQ-7770A1783FE2,1,2
RNA-013206,SEQ-40F885E225F6,1,1
RNA-013207,SEQ-7F0189B69C51,1,2
RNA-013208,SEQ-63575CDA220A,1,1
RNA-013209,SEQ-90DF3E707D45,1,8
RNA-013210,SEQ-5B13138F2835,1,3
RNA-013211,SEQ-B8A9F698E620,1,1
RNA-013212,SEQ-5099D1F0FB7F,1,2
RNA-013213,SEQ-3599EFA6B6DC,1,1
RNA-013214,SEQ-67B483580BA0,1,2
RNA-013215,SEQ-25E54D1C2A93,1,1
RNA-013216,SEQ-B0ED48B6BBD2,1,1
RNA-013217,SEQ-A49EFE2DA3C6,1,2
RNA-013218,SEQ-E4FF1225188B,1,1
RNA-013219,SEQ-F77F65671561,1,3
RNA-013220,SEQ-DC60BCC1AE66,1,1
RNA-013221,SEQ-AF4C8518FF74,1,2
RNA-013222,SEQ-CC9E007283B3,1,3
RNA-013223,SEQ-FB0F563B4ED7,1,2
RNA-013224,SEQ-A86E2B7CB2DE,1,1
RNA-013225,SEQ-43BD695673F3,1,1
RNA-013226,SEQ-C3A58C2412DC,1,3
RNA-013227,SEQ-97B0927FFAC1,1,2
RNA-013228,SEQ-4086A6C1269F,1,1
RNA-013229,SEQ-7DE56715C0D3,1,3
RNA-013230,SEQ-2A76C48B883C,1,2
RNA-013231,SEQ-E3679550DC5A,1,3
RNA-013232,SEQ-5AA7D5DC0AB8,1,1
RNA-013233,SEQ-F191702E53CF,1,1
RNA-013234,SEQ-5902A9CD1DB8,1,2
RNA-013235,SEQ-073FA3CD61DB,1,2
RNA-013236,SEQ-24B3909E3980,1,1
RNA-013237,SEQ-E7A8228131BF,1,1
RNA-013238,SEQ-914BC87AC7BA,1,3
RNA-013239,SEQ-E8D24A4DC106,1,2
RNA-013240,SEQ-753F71DE1E71,1,2
RNA-013241,SEQ-78C8283657E1,1,1
RNA-013242,SEQ-80E64EBBFB07,1,1
RNA-013243,SEQ-52296596236E,1,1
RNA-013244,SEQ-49F8789F83C9,1,1
RNA-013245,SEQ-0FA0C328CF6C,1,1
RNA-013246,SEQ-47388100D0FD,1,4
RNA-013247,SEQ-1D0A32324A22,1,1
RNA-013248,SEQ-C2F7E077332B,1,2
RNA-013249,SEQ-5033AF2A896E,1,2
RNA-013250,SEQ-0442D4B4F8BF,1,3
RNA-013251,SEQ-9FBB90049D29,1,2
RNA-013252,SEQ-E09D346D732E,1,3
RNA-013253,SEQ-23FA2B8BA95F,1,1
RNA-013254,SEQ-C56476601CF4,1,2
RNA-013255,SEQ-138F4DA85050,1,2
RNA-013256,SEQ-6E96A1C0F8E3,1,2
RNA-013257,SEQ-67DC84773F2A,1,1
RNA-013258,SEQ-6BCAAF0519E0,1,4
RNA-013259,SEQ-80D7281ECD4D,1,2
RNA-013260,SEQ-F4ADC06CC896,1,1
RNA-013261,SEQ-3A94C1B4CF25,1,2
RNA-013262,SEQ-B209426D871B,1,1
RNA-013263,SEQ-BBEA0BB3C3A7,1,1
RNA-013264,SEQ-09D251D0C44F,1,2
RNA-013265,SEQ-56CECFE5C79F,1,2
RNA-013266,SEQ-E1DD762BA6AC,1,1
RNA-013267,SEQ-D5259DED2901,1,3
RNA-013268,SEQ-AA8F6A5A6747,1,1
RNA-013269,SEQ-761F4C352278,1,1
RNA-013270,SEQ-C0196F900CB5,1,1
RNA-013271,SEQ-926E3EF0D486,1,1
RNA-013272,SEQ-E3B784871C64,1,4
RNA-013273,SEQ-B115F28EB108,1,3
RNA-013274,SEQ-253A3AACE51B,1,3
RNA-013275,SEQ-7F312CCEDF53,1,2
RNA-013276,SEQ-DBCDE391CF5A,1,4
RNA-013277,SEQ-F0A06E763037,1,1
RNA-013278,SEQ-1506EAE381A4,1,1
RNA-013279,SEQ-55FCE65A80B0,1,1
RNA-013280,SEQ-E1DC5787A7E9,1,3
RNA-013281,SEQ-9BDEA37D6489,1,3
RNA-013282,SEQ-83BBFD88133F,1,3
RNA-013283,SEQ-F7C82FBE8FF8,1,1
RNA-013284,SEQ-E69BFFD6220B,1,2
RNA-013285,SEQ-932A73BE6E34,1,2
RNA-013286,SEQ-8865B8F9FC26,1,1
RNA-013287,SEQ-A8BB67919262,1,2
RNA-013288,SEQ-9F5A77FAAEBD,1,2
RNA-013289,SEQ-801D2C0DF1CF,1,3
RNA-013290,SEQ-64BE8BDB5C6F,1,2
RNA-013291,SEQ-04997EC08D40,1,2
RNA-013292,SEQ-1740F5403042,1,1
RNA-013293,SEQ-4FF4AA8F2286,1,1
RNA-013294,SEQ-6E0E4ECDE774,1,2
RNA-013295,SEQ-B4507227EE8C,1,2
RNA-013296,SEQ-0A702A0D8AD4,1,4
RNA-013297,SEQ-CE40C8C22AF4,1,1
RNA-013298,SEQ-E5D704A9CE73,1,1
RNA-013299,SEQ-93AABC085F0C,1,2
RNA-013300,SEQ-E0BE9A30B880,1,2
RNA-013301,SEQ-63988C000BFE,1,2
RNA-013302,SEQ-F82B6D1FDFA4,1,3
RNA-013303,SEQ-BA16AF4090FE,1,2
RNA-013304,SEQ-8616A0589ECE,1,2
RNA-013305,SEQ-6BB864479EA2,1,3
RNA-013306,SEQ-2F15B6CC01C7,1,1
RNA-013307,SEQ-DD191ECE7C2D,1,1
RNA-013308,SEQ-3E043E1A0289,1,4
RNA-013309,SEQ-2DAE47CB1B31,1,2
RNA-013310,SEQ-EF86A6021A2A,1,2
RNA-013311,SEQ-49747B8C518F,1,1
RNA-013312,SEQ-972A7ABF0B05,1,2
RNA-013313,SEQ-870992B3D322,1,1
RNA-013314,SEQ-D695567B3BF9,1,1
RNA-013315,SEQ-ABE26032945E,1,2
RNA-013316,SEQ-28395C06A56C,1,2
RNA-013317,SEQ-919631A011BD,1,1
RNA-013318,SEQ-6F7566F422F8,1,2
RNA-013319,SEQ-FECB3BBB32FE,1,1
RNA-013320,SEQ-3E5523F758E2,1,1
RNA-013321,SEQ-F7FF6A6B19BE,1,2
RNA-013322,SEQ-A528ACC3F2E8,1,5
RNA-013323,SEQ-F4B4ECF48569,1,3
RNA-013324,SEQ-44C14634EBA7,1,2
RNA-013325,SEQ-EBD9EF7FFEA3,1,1
RNA-013326,SEQ-26842F9785EB,1,2
RNA-013327,SEQ-9434541AE5BE,1,1
RNA-013328,SEQ-B0EC0D294A4E,1,2
RNA-013329,SEQ-71254E8B426D,1,1
RNA-013330,SEQ-678F47E772EB,1,1
RNA-013331,SEQ-ADC8E0CBCEDD,1,2
RNA-013332,SEQ-EB10B2713482,1,1
RNA-013333,SEQ-365D88735FD9,1,3
RNA-013334,SEQ-B23C01847A8F,1,1
RNA-013335,SEQ-C316EF991CC4,1,1
RNA-013336,SEQ-607FCAF317D9,1,1
RNA-013337,SEQ-098C397693A5,1,1
RNA-013338,SEQ-F2D4C1B57199,1,1
RNA-013339,SEQ-60689934EABA,1,2
RNA-013340,SEQ-AADF4624D41E,1,1
RNA-013341,SEQ-C86925F14888,1,2
RNA-013342,SEQ-8F61665DCA6B,1,1
RNA-013343,SEQ-8E9BF196A0BC,1,2
RNA-013344,SEQ-552659C22DD6,1,1
RNA-013345,SEQ-9CDBA6EB13D9,1,1
RNA-013346,SEQ-5579F3EA4780,1,2
RNA-013347,SEQ-F231A6FF57AE,1,1
RNA-013348,SEQ-8E5A71DB8DAC,1,1
RNA-013349,SEQ-23D1807588C4,1,1
RNA-013350,SEQ-964A1B461C44,1,1
RNA-013351,SEQ-44F3F1FBE2C2,1,1
RNA-013352,SEQ-027B475C081A,1,2
RNA-013353,SEQ-7832F0323D1F,1,2
RNA-013354,SEQ-8B3833CB6E18,1,2
RNA-013355,SEQ-84419E70CFF9,1,2
RNA-013356,SEQ-975E4756A263,1,3
RNA-013357,SEQ-FA0C4D111C5C,1,3
RNA-013358,SEQ-1B9BC84671C3,1,1
RNA-013359,SEQ-F9913AAF9FF9,1,2
RNA-013360,SEQ-B2C99750D57F,1,2
RNA-013361,SEQ-EEBDF8755E4A,1,3
RNA-013362,SEQ-437E8694D34B,1,1
RNA-013363,SEQ-C0EF908AD6DA,1,1
RNA-013364,SEQ-E5F68EDEA277,1,1
RNA-013365,SEQ-C465D3B9D81B,1,1
RNA-013366,SEQ-7B36387CE3DA,1,1
RNA-013367,SEQ-DC904A79C430,1,1
RNA-013368,SEQ-6193287EDB47,1,1
RNA-013369,SEQ-2B8C25A99F81,1,1
RNA-013370,SEQ-E9ECC276A857,1,1
RNA-013371,SEQ-76431182749F,1,1
RNA-013372,SEQ-B860F6FC208F,1,2
RNA-013373,SEQ-E385A963EC0A,1,1
RNA-013374,SEQ-B207AC80A3A3,1,1
RNA-013375,SEQ-E47E61BE59CA,1,1
RNA-013376,SEQ-EC6673299FA2,1,1
RNA-013377,SEQ-8330DA270EC7,1,1
RNA-013378,SEQ-7A5E23C25BA7,1,1
RNA-013379,SEQ-F1ABD5338E10,1,1
RNA-013380,SEQ-D5C6160EAEBA,1,1
RNA-013381,SEQ-92D31ED188E6,1,1
RNA-013382,SEQ-EF12D1114E6B,1,1
RNA-013383,SEQ-D3EA3AC073AA,1,1
RNA-013384,SEQ-9260310CFB50,1,1
RNA-013385,SEQ-65D62F91AAE4,1,1
RNA-013386,SEQ-4DDEB67B044F,1,1
RNA-013387,SEQ-CB8B7264FDFC,1,2
RNA-013388,SEQ-B37A779B9501,1,1
RNA-013389,SEQ-88E3D36C83CC,1,1
RNA-013390,SEQ-7E491870C12E,1,2
RNA-013391,SEQ-253AA020B108,1,1
RNA-013392,SEQ-9F9010597E1B,1,1
RNA-013393,SEQ-34CCEB775890,1,1
RNA-013394,SEQ-2ED028A3A590,1,1
RNA-013395,SEQ-A40918C3A10C,1,1
RNA-013396,SEQ-DF2D48CAF4D7,1,1
RNA-013397,SEQ-4BEC8C383A86,1,1
RNA-013398,SEQ-6DDA9554A8C7,1,1
RNA-013399,SEQ-7084FA735689,1,2
RNA-013400,SEQ-6C017C0B5489,1,1
RNA-013401,SEQ-0CD734BACA2F,1,1
RNA-013402,SEQ-1B2D1DE19A20,1,1
RNA-013403,SEQ-A50C28D6EBC5,1,1
RNA-013404,SEQ-8C52B6945B95,1,2
RNA-013405,SEQ-5A2345991D47,1,1
RNA-013406,SEQ-1349BC44B356,1,1
RNA-013407,SEQ-AEBC24AC679D,1,1
RNA-013408,SEQ-5032B32706C6,1,1
RNA-013409,SEQ-C5F911BE1C51,1,4
RNA-013410,SEQ-AC9D972EAF59,1,1
RNA-013411,SEQ-79494B94A62B,1,3
RNA-013412,SEQ-8381BE9611BF,1,1
RNA-013413,SEQ-E04DFC4E8D17,1,1
RNA-013414,SEQ-E9C7C63984C2,1,1
RNA-013415,SEQ-1542E9E98F32,1,1
RNA-013416,SEQ-5074C46B3C4D,1,1
RNA-013417,SEQ-339DCA81E0FF,1,3
RNA-013418,SEQ-5325A432EFD4,1,1
RNA-013419,SEQ-EF3EBA7EF014,1,1
RNA-013420,SEQ-2871C1DF788D,1,1
RNA-013421,SEQ-4DCF68D3F90F,1,1
RNA-013422,SEQ-E6B497273E24,1,1
RNA-013423,SEQ-5BFCC0C231A7,1,1
RNA-013424,SEQ-759C4B034BB0,1,1
RNA-013425,SEQ-D2677B065254,1,2
RNA-013426,SEQ-EB8D3ECB0779,1,1
RNA-013427,SEQ-724D07D76B1C,1,2
RNA-013428,SEQ-1C6A45EEFACB,1,2
RNA-013429,SEQ-0912211B47B8,1,1
RNA-013430,SEQ-0D1113AF3254,1,2
RNA-013431,SEQ-DC4F2C74FD35,1,1
RNA-013432,SEQ-FB3EBAB89442,1,1
RNA-013433,SEQ-32E922FC5060,1,3
RNA-013434,SEQ-A52E07A328F3,1,1
RNA-013435,SEQ-042219CDC1FD,1,2
RNA-013436,SEQ-E1DFA3CC1F5D,1,1
RNA-013437,SEQ-B6473BB79047,1,1
RNA-013438,SEQ-1669195B8B8E,1,1
RNA-013439,SEQ-32A5B0D8F717,1,1
RNA-013440,SEQ-32C7E41AC9EA,1,1
RNA-013441,SEQ-2FFEB63B14AE,1,1
RNA-013442,SEQ-B085606310B9,1,1
RNA-013443,SEQ-D96BC4C7E7BF,1,1
RNA-013444,SEQ-5172C8CA30AB,1,1
RNA-013445,SEQ-09D58D50609D,1,4
RNA-013446,SEQ-4BA9665EAD79,1,1
RNA-013447,SEQ-86DF78FA942B,1,1
RNA-013448,SEQ-052497E9A7B8,1,1
RNA-013449,SEQ-9FC344ADC9FB,1,2
RNA-013450,SEQ-EB85A92EA848,1,1
RNA-013451,SEQ-1C2657109179,1,1
RNA-013452,SEQ-9A61E823AC3F,1,1
RNA-013453,SEQ-D62AAC08B804,1,1
RNA-013454,SEQ-216E9917E8DB,1,1
RNA-013455,SEQ-D09B0E618051,1,1
RNA-013456,SEQ-74F863244C9A,1,1
RNA-013457,SEQ-DDE68DB2E074,1,1
RNA-013458,SEQ-3FF2BAF3233B,1,1
RNA-013459,SEQ-76D37FFDAB7F,1,1
RNA-013460,SEQ-400B10559DA8,1,2
RNA-013461,SEQ-702D2C596BA6,1,1
RNA-013462,SEQ-C99DD5C99948,1,1
RNA-013463,SEQ-8F9084DB7338,1,4
RNA-013464,SEQ-8601F7346A3F,1,5
RNA-013465,SEQ-3EAB30714EA1,1,3
RNA-013466,SEQ-D32420C9A9E4,1,2
RNA-013467,SEQ-EB45A3B21884,1,2
RNA-013468,SEQ-DBAF39271D2A,1,1
RNA-013469,SEQ-321384209892,1,1
RNA-013470,SEQ-76F88C077920,1,1
RNA-013471,SEQ-A3EDCFD24174,1,1
RNA-013472,SEQ-091CB2A33025,1,1
RNA-013473,SEQ-1AE8B38D3F02,1,1
RNA-013474,SEQ-799FDB3D4EE5,1,1
RNA-013475,SEQ-511235535AED,1,1
RNA-013476,SEQ-FFE0F92DBCA7,1,1
RNA-013477,SEQ-8AE04B1585B1,1,1
RNA-013478,SEQ-0D9CA959315A,1,1
RNA-013479,SEQ-DEC3016CC577,1,4
RNA-013480,SEQ-66A26ED51095,1,2
RNA-013481,SEQ-DCF5471EF1D1,1,1
RNA-013482,SEQ-F45D2945A792,1,1
RNA-013483,SEQ-734949AB8126,1,2
RNA-013484,SEQ-8E859D1351A2,1,2
RNA-013485,SEQ-6F97EBF7051F,1,1
RNA-013486,SEQ-4D8CB8B85DEC,1,1
RNA-013487,SEQ-7AB60996455A,1,1
RNA-013488,SEQ-4D2A3850BC30,1,1
RNA-013489,SEQ-DACDBE71BD6E,1,2
RNA-013490,SEQ-A504AC3DD476,1,1
RNA-013491,SEQ-D10E9EDED194,1,2
RNA-013492,SEQ-DDA436964644,1,1
RNA-013493,SEQ-D3EA56031AD5,1,2
RNA-013494,SEQ-BBA7B56DBE3C,1,1
RNA-013495,SEQ-310AA1E1AEC7,1,1
RNA-013496,SEQ-7C478D5FC0C4,1,2
RNA-013497,SEQ-A41E0BE1AAF9,1,2
RNA-013498,SEQ-CF01BA7C44C0,1,2
RNA-013499,SEQ-FDAEC9A1DFB0,1,2
RNA-013500,SEQ-CEF1204672AB,1,1
RNA-013501,SEQ-265454952BC9,1,1
RNA-013502,SEQ-DEB415AAF440,1,1
RNA-013503,SEQ-CBF81B7C0B79,1,1
RNA-013504,SEQ-54502BBC9DE5,1,2
RNA-013505,SEQ-739E7EF70161,1,2
RNA-013506,SEQ-9484FEFFC1B0,1,3
RNA-013507,SEQ-7DF86ED0211F,1,1
RNA-013508,SEQ-512E082AE1A6,1,2
RNA-013509,SEQ-CB4E7CE00069,1,3
RNA-013510,SEQ-A3588CCC0E64,1,1
RNA-013511,SEQ-B62FC3D335BF,1,1
RNA-013512,SEQ-612819F883F7,1,2
RNA-013513,SEQ-EC420D23B17B,1,4
RNA-013514,SEQ-C21135AB6DAB,1,3
RNA-013515,SEQ-A1F904E82A8D,1,1
RNA-013516,SEQ-0662E0EAFE03,1,1
RNA-013517,SEQ-C65640FBECA2,1,2
RNA-013518,SEQ-EA3766898B39,1,2
RNA-013519,SEQ-5793554B5173,1,4
RNA-013520,SEQ-BAFBCAE6D9C6,1,1
RNA-013521,SEQ-62208A8EF323,1,1
RNA-013522,SEQ-05CAE8B879B2,1,2
RNA-013523,SEQ-3F5C71D46CA8,1,2
RNA-013524,SEQ-243317D7420A,1,3
RNA-013525,SEQ-24749658BC57,1,1
RNA-013526,SEQ-0F24435C036C,1,1
RNA-013527,SEQ-0354DF5039CD,1,1
RNA-013528,SEQ-086AF74AACE9,1,1
RNA-013529,SEQ-E0FED7E41FFE,1,1
RNA-013530,SEQ-34A7AAD25D45,1,1
RNA-013531,SEQ-ED28CF27E32B,1,1
RNA-013532,SEQ-A4E88134D2DE,1,2
RNA-013533,SEQ-29B81A8CCD25,1,1
RNA-013534,SEQ-37AE9418B988,1,3
RNA-013535,SEQ-66F206237DBA,1,2
RNA-013536,SEQ-935D9579E208,1,1
RNA-013537,SEQ-D46151FD7A19,1,2
RNA-013538,SEQ-D053512A97C7,1,1
RNA-013539,SEQ-4353DC93A32E,1,2
RNA-013540,SEQ-14646CC3356E,1,1
RNA-013541,SEQ-512A9345604D,1,1
RNA-013542,SEQ-09C23CF7C13E,1,1
RNA-013543,SEQ-7BE982F995A9,1,1
RNA-013544,SEQ-A9FCACDCEB17,1,2
RNA-013545,SEQ-91B3080425B6,1,2
RNA-013546,SEQ-023331857DAA,1,4
RNA-013547,SEQ-A3617468C516,1,2
RNA-013548,SEQ-D7F1594137F5,1,1
RNA-013549,SEQ-8783F28C6585,1,2
RNA-013550,SEQ-ECBDF98F15FD,1,1
RNA-013551,SEQ-5867C958ED65,1,1
RNA-013552,SEQ-A8CF1133F0C5,1,2
RNA-013553,SEQ-487B0A9DB3C0,1,1
RNA-013554,SEQ-6FDD34C9A030,1,1
RNA-013555,SEQ-0577D43A2DC2,1,1
RNA-013556,SEQ-662C2DA959DC,1,2
RNA-013557,SEQ-130F87C06746,1,3
RNA-013558,SEQ-9A80DCCE9BD9,1,2
RNA-013559,SEQ-E98E5CF8E43E,1,1
RNA-013560,SEQ-EC8C75FF13FC,1,2
RNA-013561,SEQ-B12A01C3A208,1,1
RNA-013562,SEQ-7973AB6D34A8,1,1
RNA-013563,SEQ-E95A9F7E114D,1,2
RNA-013564,SEQ-F12488263541,1,5
RNA-013565,SEQ-218E6CB4E3C5,1,1
RNA-013566,SEQ-5324E09D6360,1,1
RNA-013567,SEQ-419475E3EF4B,1,1
RNA-013568,SEQ-7E7E87740E6A,1,1
RNA-013569,SEQ-96BFD869633D,1,1
RNA-013570,SEQ-3936B485474D,1,1
RNA-013571,SEQ-894522F407AC,1,1
RNA-013572,SEQ-CBBF82D83034,1,1
RNA-013573,SEQ-EBFD53011323,1,1
RNA-013574,SEQ-4EAE686C3D9C,1,1
RNA-013575,SEQ-7944B8D803D2,1,3
RNA-013576,SEQ-1A6754D1D186,1,1
RNA-013577,SEQ-6664B58EC471,1,2
RNA-013578,SEQ-646E6EDCFAAB,1,1
RNA-013579,SEQ-8FCBC91E9BC1,1,1
RNA-013580,SEQ-5C0EDCCFDE6A,1,1
RNA-013581,SEQ-55626F4AF721,1,1
RNA-013582,SEQ-78DFE09866C3,1,1
RNA-013583,SEQ-A7AE1C3934E9,1,2
RNA-013584,SEQ-1F67665D6B7E,1,2
RNA-013585,SEQ-E991318DC240,1,4
RNA-013586,SEQ-B3BE9AF91BAC,1,2
RNA-013587,SEQ-3CEDBDF866C2,1,2
RNA-013588,SEQ-695646372CF4,1,2
RNA-013589,SEQ-47B9A6E02021,1,2
RNA-013590,SEQ-B11D01878FDA,1,2
RNA-013591,SEQ-840CFDB6125B,1,1
RNA-013592,SEQ-CEE7201C0E43,1,1
RNA-013593,SEQ-16C004A060F7,1,4
RNA-013594,SEQ-72AAB9CCC7F9,1,2
RNA-013595,SEQ-E200455E8A29,1,1
RNA-013596,SEQ-66B2CC785ED7,1,1
RNA-013597,SEQ-CCD87582A25E,1,1
RNA-013598,SEQ-446EDD735BB7,1,1
RNA-013599,SEQ-2209649F3EBC,1,3
RNA-013600,SEQ-14B08B1588B6,1,2
RNA-013601,SEQ-5ACBDF340BD1,1,1
RNA-013602,SEQ-573A1B3F85E1,1,2
RNA-013603,SEQ-8750DDF3B1D4,1,2
RNA-013604,SEQ-4F098132C396,1,1
RNA-013605,SEQ-529BCCD1859D,1,1
RNA-013606,SEQ-FC2C1AFD6A61,1,1
RNA-013607,SEQ-79BA7894974F,1,2
RNA-013608,SEQ-B27E8B702EF2,1,1
RNA-013609,SEQ-22756811B7A3,1,1
RNA-013610,SEQ-695B0C13938B,1,1
RNA-013611,SEQ-945453A8051F,1,1
RNA-013612,SEQ-3F9582B9B4C2,1,1
RNA-013613,SEQ-E8DB3B3F3ABB,1,2
RNA-013614,SEQ-886A9BBFA16B,1,1
RNA-013615,SEQ-08A970E1C45C,1,1
RNA-013616,SEQ-9E5E830A11D3,1,3
RNA-013617,SEQ-62158AFB65A5,1,1
RNA-013618,SEQ-F1E3F6FDD52F,1,1
RNA-013619,SEQ-39F52BF63419,1,1
RNA-013620,SEQ-13CA028A25BF,1,1
RNA-013621,SEQ-078F4E8B4365,1,1
RNA-013622,SEQ-554C4EA04C29,1,1
RNA-013623,SEQ-C3B7C3BE72C6,1,1
RNA-013624,SEQ-8205649D11CC,1,1
RNA-013625,SEQ-06DAA11DCE9F,1,1
RNA-013626,SEQ-64796D8889DF,1,1
RNA-013627,SEQ-469D72D61A65,1,1
RNA-013628,SEQ-F508D01CC6BD,1,4
RNA-013629,SEQ-B742DE107E13,1,1
RNA-013630,SEQ-3A7B2C98A77B,1,1
RNA-013631,SEQ-E3685AEB6B38,1,1
RNA-013632,SEQ-704A00B668AA,1,2
RNA-013633,SEQ-3D35BC6422AE,1,1
RNA-013634,SEQ-4559071DA1EA,1,1
RNA-013635,SEQ-57E469EAD2FC,1,1
RNA-013636,SEQ-F99D986B0DC5,1,1
RNA-013637,SEQ-040B81D878B6,1,1
RNA-013638,SEQ-16E7B94E0E37,1,1
RNA-013639,SEQ-9A7A5AA47D90,1,1
RNA-013640,SEQ-3FED80FA1680,1,2
RNA-013641,SEQ-90CEC337CC4E,1,1
RNA-013642,SEQ-0ED18EF1D30B,1,1
RNA-013643,SEQ-F78A3BF6B211,1,2
RNA-013644,SEQ-D7C8762887C4,1,1
RNA-013645,SEQ-37D475816333,1,1
RNA-013646,SEQ-E94347292CDC,1,1
RNA-013647,SEQ-44A412FCCBF7,1,1
RNA-013648,SEQ-63C173BC5F82,1,1
RNA-013649,SEQ-CB6E204ECCE2,1,2
RNA-013650,SEQ-0F47F8BB559E,1,1
RNA-013651,SEQ-F896BC7E2C8A,1,1
RNA-013652,SEQ-2C56EE649BEF,1,3
RNA-013653,SEQ-E7ABF96FD9DE,1,2
RNA-013654,SEQ-89ED5CFB4E99,1,1
RNA-013655,SEQ-6DFE6C028F4A,1,3
RNA-013656,SEQ-A7A6A8C786F8,1,1
RNA-013657,SEQ-F4824898C53B,1,3
RNA-013658,SEQ-FDB134B3356C,1,1
RNA-013659,SEQ-5031AD47B123,1,1
RNA-013660,SEQ-91DAB3DA1392,1,1
RNA-013661,SEQ-92756830DC2B,1,2
RNA-013662,SEQ-1E2F03062D86,1,1
RNA-013663,SEQ-6F11C3FF6BD9,1,1
RNA-013664,SEQ-31C4ACB1A23F,1,1
RNA-013665,SEQ-74C3052AB8AC,1,1
RNA-013666,SEQ-522D11B9CBA8,1,1
RNA-013667,SEQ-0187E0222AA9,1,1
RNA-013668,SEQ-BB44FE5D487F,1,1
RNA-013669,SEQ-38153356BE6F,1,1
RNA-013670,SEQ-E231C7B7ADDD,1,1
RNA-013671,SEQ-293F0DBA3B72,1,1
RNA-013672,SEQ-3424F03C9BBE,1,1
RNA-013673,SEQ-0951489A381B,1,1
RNA-013674,SEQ-7B4D75ACFBC4,1,1
RNA-013675,SEQ-6C4F6DE64E42,1,1
RNA-013676,SEQ-531E7F7A9382,1,2
RNA-013677,SEQ-29062101FB5B,1,1
RNA-013678,SEQ-276935755ED9,1,1
RNA-013679,SEQ-EB90BBE6E312,1,1
RNA-013680,SEQ-CCBFB07FD1A1,1,1
RNA-013681,SEQ-C6FE91FCF559,1,1
RNA-013682,SEQ-91AAAFF05DAA,1,1
RNA-013683,SEQ-71C186A4009B,1,1
RNA-013684,SEQ-E0189494433A,1,2
RNA-013685,SEQ-86699DB358CE,1,1
RNA-013686,SEQ-FAC20AE7DE6B,1,1
RNA-013687,SEQ-8DAF094F9734,1,1
RNA-013688,SEQ-B1FC78BF3116,1,2
RNA-013689,SEQ-7A366707DE44,1,1
RNA-013690,SEQ-5A7578CD160C,1,2
RNA-013691,SEQ-B11858F0AC4D,1,1
RNA-013692,SEQ-A0EB5F667187,1,1
RNA-013693,SEQ-B6B7C1791B3A,1,1
RNA-013694,SEQ-70D8FA97D050,1,1
RNA-013695,SEQ-073F043D45C0,1,1
RNA-013696,SEQ-DF332A966E24,1,1
RNA-013697,SEQ-E7303AEE33C6,1,1
RNA-013698,SEQ-D14E00ACDF1C,1,1
RNA-013699,SEQ-74222BFD5A84,1,1
RNA-013700,SEQ-0698F5D1DCCB,1,1
RNA-013701,SEQ-43103A7EE8FC,1,2
RNA-013702,SEQ-B52B3FA711CB,1,1
RNA-013703,SEQ-E372EC076AC4,1,1
RNA-013704,SEQ-143E2FAF9E24,1,1
RNA-013705,SEQ-1E38D2016B9E,1,1
RNA-013706,SEQ-83B69461F89D,1,1
RNA-013707,SEQ-B865D297375F,1,1
RNA-013708,SEQ-7F103B79FF16,1,1
RNA-013709,SEQ-C33DFEDD2E77,1,1
RNA-013710,SEQ-7B869BBC6C25,1,1
RNA-013711,SEQ-B168A444CA6A,1,1
RNA-013712,SEQ-1FB09B541D04,1,1
RNA-013713,SEQ-FEFC2B44360D,1,1
RNA-013714,SEQ-17EEEDAE3B1C,1,1
RNA-013715,SEQ-FB101F8E7D6B,1,1
RNA-013716,SEQ-28AB69F40344,1,1
RNA-013717,SEQ-4ECB3F8047B4,1,1
RNA-013718,SEQ-09269E3D089A,1,1
RNA-013719,SEQ-F5D717B490C3,1,1
RNA-013720,SEQ-6E4575C10C0E,1,1
RNA-013721,SEQ-3593B7FB3561,1,1
RNA-013722,SEQ-7C7BABFE8DDF,1,2
RNA-013723,SEQ-4A9E97AC9517,1,1
RNA-013724,SEQ-967F67B7C3D5,1,1
RNA-013725,SEQ-2C868F04CF03,1,2
RNA-013726,SEQ-9966241E5596,1,1
RNA-013727,SEQ-FE76F7682B67,1,1
RNA-013728,SEQ-8A7E68CABB2C,1,2
RNA-013729,SEQ-1EA464C3AA12,1,1
RNA-013730,SEQ-C8D728025289,1,1
RNA-013731,SEQ-1BC49F0176AC,1,1
RNA-013732,SEQ-FE19507A149D,1,2
RNA-013733,SEQ-402A13CE3584,1,1
RNA-013734,SEQ-65397C957DD1,1,1
RNA-013735,SEQ-C30AF6ED0B95,1,1
RNA-013736,SEQ-3C9BDB7BDC91,1,1
RNA-013737,SEQ-FF32E3A5F7DD,1,1
RNA-013738,SEQ-402AF18D02D2,1,1
RNA-013739,SEQ-BCAC9844E239,1,1
RNA-013740,SEQ-18CE3F92028B,1,1
RNA-013741,SEQ-43D401B8BAFD,1,1
RNA-013742,SEQ-DF844786BE8C,1,1
RNA-013743,SEQ-8232CDA07008,1,1
RNA-013744,SEQ-0F04C8E03919,1,1
RNA-013745,SEQ-AB5CDB9687E5,1,2
RNA-013746,SEQ-9ACB4C957E07,1,1
RNA-013747,SEQ-E22585022ADF,1,2
RNA-013748,SEQ-789F510A6C8D,1,1
RNA-013749,SEQ-3C8C4B0A2026,1,1
RNA-013750,SEQ-4E1389CE8801,1,2
RNA-013751,SEQ-6E3A61B726C3,1,1
RNA-013752,SEQ-7799041840AD,1,1
RNA-013753,SEQ-CA223458FBF6,1,1
RNA-013754,SEQ-DEB3E793061A,1,1
RNA-013755,SEQ-CFDE11240DC5,1,3
RNA-013756,SEQ-D5DEF105FEC3,1,2
RNA-013757,SEQ-6C453EE79A0E,1,1
RNA-013758,SEQ-1001910537A5,1,1
RNA-013759,SEQ-044568326490,1,1
RNA-013760,SEQ-C20784C352DC,1,1
RNA-013761,SEQ-DC60CA1B8FD5,1,1
RNA-013762,SEQ-27575FFA7F82,1,3
RNA-013763,SEQ-0B72E8EFC487,1,1
RNA-013764,SEQ-503AA6C9AA32,1,1
RNA-013765,SEQ-A94A737D4885,1,1
RNA-013766,SEQ-DF7F91476AAD,1,1
RNA-013767,SEQ-346D0C732C1F,1,1
RNA-013768,SEQ-16E6BEE76EC0,1,2
RNA-013769,SEQ-5E3CBCB71068,1,1
RNA-013770,SEQ-7BFF4D6CFBAA,1,1
RNA-013771,SEQ-E17DF3194352,1,1
RNA-013772,SEQ-274FF3311BD7,1,1
RNA-013773,SEQ-2B31928E5354,1,2
RNA-013774,SEQ-30DBC95D3935,1,1
RNA-013775,SEQ-E35BB8FA58C1,1,1
RNA-013776,SEQ-F51172D9AEFE,1,1
RNA-013777,SEQ-C1E27B95934D,1,1
RNA-013778,SEQ-2E237857D3F5,1,1
RNA-013779,SEQ-718FD8BA3381,1,1
RNA-013780,SEQ-EEB127C86250,1,1
RNA-013781,SEQ-57933FFDED9E,1,1
RNA-013782,SEQ-B4BAB86A71CB,1,1
RNA-013783,SEQ-597DEB58DEC8,1,2
RNA-013784,SEQ-9ED8E7CE14BA,1,2
RNA-013785,SEQ-C247AE76AE18,1,1
RNA-013786,SEQ-89DCD9083811,1,1
RNA-013787,SEQ-CE5961DDA56A,1,1
RNA-013788,SEQ-FCFC5EC56783,1,1
RNA-013789,SEQ-1EBDCFC5FBEE,1,1
RNA-013790,SEQ-7F651920BBFD,1,2
RNA-013791,SEQ-80F78C04C125,1,1
RNA-013792,SEQ-6BA2F5832B73,1,2
RNA-013793,SEQ-D94144C635CE,1,1
RNA-013794,SEQ-3B2CD1E00224,1,1
RNA-013795,SEQ-2A4A3B9A524F,1,1
RNA-013796,SEQ-1F0204BACF2C,1,1
RNA-013797,SEQ-067D9BDE6ECF,1,1
RNA-013798,SEQ-D84B01CFD1F5,1,1
RNA-013799,SEQ-8A1030286C10,1,2
RNA-013800,SEQ-3CD34562167E,1,1
RNA-013801,SEQ-E23AA6B502BF,1,1
RNA-013802,SEQ-C8B315F468E1,1,3
RNA-013803,SEQ-F67D58495DE0,1,3
RNA-013804,SEQ-B02A80963936,1,2
RNA-013805,SEQ-6AC2CA04B7C8,1,1
RNA-013806,SEQ-5634ADF623C7,1,1
RNA-013807,SEQ-E355A4182CD0,1,1
RNA-013808,SEQ-6612A259231F,1,1
RNA-013809,SEQ-A5A9C4E178EF,1,1
RNA-013810,SEQ-E9053FB8CF5B,1,1
RNA-013811,SEQ-9F4158593619,1,1
RNA-013812,SEQ-42722F7466BD,1,2
RNA-013813,SEQ-D460C84288E0,1,1
RNA-013814,SEQ-B75B94C4F0BE,1,2
RNA-013815,SEQ-11BA555FC098,1,1
RNA-013816,SEQ-7FC2D39280B5,1,2
RNA-013817,SEQ-35EA2A1F83C3,1,2
RNA-013818,SEQ-DEBCA75835F5,1,2
RNA-013819,SEQ-BA5D7505AA81,1,1
RNA-013820,SEQ-7B9ABF98DEDC,1,1
RNA-013821,SEQ-5EF3312E473F,1,1
RNA-013822,SEQ-55DB06049D2D,1,1
RNA-013823,SEQ-B96741D5CDD0,1,1
RNA-013824,SEQ-AAE8B2ED80D3,1,1
RNA-013825,SEQ-3CEB60C2A47D,1,1
RNA-013826,SEQ-74781E585BAF,1,1
RNA-013827,SEQ-B8EEBF759529,1,1
RNA-013828,SEQ-AE41C2A8FB60,1,1
RNA-013829,SEQ-1A01CA11B365,1,1
RNA-013830,SEQ-0504191CF3F2,1,1
RNA-013831,SEQ-C2753EA9ECE9,1,1
RNA-013832,SEQ-60FD7CFD7257,1,1
RNA-013833,SEQ-901934AD2908,1,1
RNA-013834,SEQ-8EEC43100E18,1,1
RNA-013835,SEQ-5BE15935FC3E,1,1
RNA-013836,SEQ-12AA9D4AA5DB,1,1
RNA-013837,SEQ-41DE32FF8C65,1,1
RNA-013838,SEQ-78C18C78A6F8,1,1
RNA-013839,SEQ-2502CEB01F5D,1,1
RNA-013840,SEQ-D486F151DB5C,1,1
RNA-013841,SEQ-1FD2F64E9ED6,1,2
RNA-013842,SEQ-D79F9D9EF4EE,1,1
RNA-013843,SEQ-B4181575F9F9,1,3
RNA-013844,SEQ-4D5936DCD5AD,1,1
RNA-013845,SEQ-FACC1B8EEC7C,1,1
RNA-013846,SEQ-CFCAAD5E8F11,1,1
RNA-013847,SEQ-89C63921D824,1,1
RNA-013848,SEQ-31958A3657AB,1,1
RNA-013849,SEQ-BB5190B1D78A,1,1
RNA-013850,SEQ-FE54131EF7EF,1,1
RNA-013851,SEQ-F1649D7F7DC5,1,1
RNA-013852,SEQ-D992375917AA,1,1
RNA-013853,SEQ-BEBA85547D5C,1,1
RNA-013854,SEQ-7EA9487416A9,1,1
RNA-013855,SEQ-BC306241B1CF,1,2
RNA-013856,SEQ-6D2BBAAE5349,1,1
RNA-013857,SEQ-6DE41F8B62F9,1,1
RNA-013858,SEQ-77BFCC1B8EC7,1,1
RNA-013859,SEQ-E45279C3A1A5,1,4
RNA-013860,SEQ-2AAEBB97927C,1,1
RNA-013861,SEQ-475A47903B6E,1,1
RNA-013862,SEQ-9809BB87F5E0,1,2
RNA-013863,SEQ-9598CB8BCB58,1,2
RNA-013864,SEQ-9F7529DA4EA7,1,1
RNA-013865,SEQ-60279563B405,1,1
RNA-013866,SEQ-28331B60AA8F,1,2
RNA-013867,SEQ-7DDE1B1E2121,1,1
RNA-013868,SEQ-41A397CCDA17,1,1
RNA-013869,SEQ-1EE401F537A9,1,1
RNA-013870,SEQ-F80CD7E0BAC2,1,1
RNA-013871,SEQ-E82B5CE701A0,1,1
RNA-013872,SEQ-1D58D1485D28,1,2
RNA-013873,SEQ-5C5B30CB3EAE,1,1
RNA-013874,SEQ-FA63CECFBBA4,1,1
RNA-013875,SEQ-B1B5BC0812D7,1,1
RNA-013876,SEQ-9A2E57AEC06D,1,1
RNA-013877,SEQ-AAA014FCC9EF,1,1
RNA-013878,SEQ-BF2B0B44CEA9,1,1
RNA-013879,SEQ-A6391F48E573,1,1
RNA-013880,SEQ-AD4F04B8035E,1,1
RNA-013881,SEQ-145BD3F51972,1,1
RNA-013882,SEQ-B36F4D5D2C44,1,2
RNA-013883,SEQ-74E745347562,1,2
RNA-013884,SEQ-20264CB4C1B1,1,1
RNA-013885,SEQ-E3737A2E7189,1,1
RNA-013886,SEQ-B84A38F0E252,1,1
RNA-013887,SEQ-5E9AC231247B,1,2
RNA-013888,SEQ-D2EE5B1BA9C4,1,1
RNA-013889,SEQ-E9EB36CD3410,1,1
RNA-013890,SEQ-96706E6DBC42,1,1
RNA-013891,SEQ-632FD9D54A99,1,2
RNA-013892,SEQ-E27FE6C53E6F,1,1
RNA-013893,SEQ-0B38CDA63AF4,1,1
RNA-013894,SEQ-8A74A8EAD583,1,1
RNA-013895,SEQ-4E368E3BC99F,1,2
RNA-013896,SEQ-7866F07CED54,1,1
RNA-013897,SEQ-7514C5093E56,1,1
RNA-013898,SEQ-B3AF958728B7,1,1
RNA-013899,SEQ-73F6D1DE6548,1,2
RNA-013900,SEQ-D370365FD5F3,1,1
RNA-013901,SEQ-A4B023E8D93B,1,1
RNA-013902,SEQ-883085110B55,1,1
RNA-013903,SEQ-E5A12B1AB218,1,2
RNA-013904,SEQ-48302C5D3643,1,1
RNA-013905,SEQ-D90E19E41E0C,1,1
RNA-013906,SEQ-5028423006EE,1,1
RNA-013907,SEQ-DA532AE19BC0,1,1
RNA-013908,SEQ-7E5DB3A413BF,1,1
RNA-013909,SEQ-F5EBD1366739,1,1
RNA-013910,SEQ-AB8F4D121835,1,1
RNA-013911,SEQ-23FC1EE7B192,1,1
RNA-013912,SEQ-1713D43217E7,1,1
RNA-013913,SEQ-B5643502A773,1,2
RNA-013914,SEQ-4903DC210C3A,1,1
RNA-013915,SEQ-B4CA24DF7D2D,1,2
RNA-013916,SEQ-736B92160BE9,1,1
RNA-013917,SEQ-C2F95147860E,1,2
RNA-013918,SEQ-63DAE641F297,1,1
RNA-013919,SEQ-A32C676575CE,1,1
RNA-013920,SEQ-D2CA073341BA,1,1
RNA-013921,SEQ-AB923FBDD68D,1,1
RNA-013922,SEQ-C3F0834FD584,1,1
RNA-013923,SEQ-DC736AF5210D,1,1
RNA-013924,SEQ-42451E4E6E08,1,1
RNA-013925,SEQ-9A3FD7563ECF,1,1
RNA-013926,SEQ-DE3E5ACBA3CF,1,1
RNA-013927,SEQ-56B72B7FC30C,1,1
RNA-013928,SEQ-4D8596A9B61B,1,2
RNA-013929,SEQ-58C3C2382204,1,1
RNA-013930,SEQ-6AA8F621D452,1,1
RNA-013931,SEQ-8CB6CF6B26BD,1,2
RNA-013932,SEQ-5564CF69E5F9,1,1
RNA-013933,SEQ-7AE4F184771B,1,1
RNA-013934,SEQ-257270408C0A,1,1
RNA-013935,SEQ-1D0E3142D01A,1,2
RNA-013936,SEQ-7972E79E5814,1,1
RNA-013937,SEQ-C89755F02FB9,1,1
RNA-013938,SEQ-E9B569EEAA16,1,1
RNA-013939,SEQ-53769B340677,1,2
RNA-013940,SEQ-773804202CB2,1,1
RNA-013941,SEQ-4E81B3647FF5,1,1
RNA-013942,SEQ-E4BADD051D1B,1,1
RNA-013943,SEQ-DBD970A34717,1,1
RNA-013944,SEQ-D4C3B7941EA3,1,1
RNA-013945,SEQ-B79AE1AE689B,1,1
RNA-013946,SEQ-A6971878C3C7,1,1
RNA-013947,SEQ-246B72C58024,1,1
RNA-013948,SEQ-FCF69BDC65C6,1,1
RNA-013949,SEQ-3F12631F1694,1,1
RNA-013950,SEQ-DBB90F8DB307,1,1
RNA-013951,SEQ-BDCDF86D0C0B,1,1
RNA-013952,SEQ-823ABA4FB547,1,1
RNA-013953,SEQ-FCEB2BE1EB82,1,1
RNA-013954,SEQ-251D7FE98106,1,1
RNA-013955,SEQ-1E82ACDB7471,1,1
RNA-013956,SEQ-B43BD705456B,1,1
RNA-013957,SEQ-4C6514549AC5,1,1
RNA-013958,SEQ-9300315B1017,1,1
RNA-013959,SEQ-6E9222DFCC98,1,1
RNA-013960,SEQ-7F0390A88FCA,1,1
RNA-013961,SEQ-DEB66F0AD52B,1,1
RNA-013962,SEQ-A6CD820E00D5,1,1
RNA-013963,SEQ-E501E07F8CD3,1,1
RNA-013964,SEQ-E1910563B5ED,1,1
RNA-013965,SEQ-4942E88C39BC,1,1
RNA-013966,SEQ-EAC359D73B54,1,1
RNA-013967,SEQ-E6F998760EAC,1,1
RNA-013968,SEQ-1826F0EC2C13,1,1
RNA-013969,SEQ-385C0EE6034A,1,2
RNA-013970,SEQ-4B83BBEAB31B,1,1
RNA-013971,SEQ-A27107BCB784,1,1
RNA-013972,SEQ-9F19D0B98380,1,1
RNA-013973,SEQ-674961F6A21F,1,1
RNA-013974,SEQ-6554BEAFA2B1,1,1
RNA-013975,SEQ-D8618D9BE670,1,1
RNA-013976,SEQ-4F1BB33441CE,1,1
RNA-013977,SEQ-80DF3406EE5D,1,1
RNA-013978,SEQ-274763D80410,1,2
RNA-013979,SEQ-252E91A688EA,1,1
RNA-013980,SEQ-87A4D04D2B96,1,1
RNA-013981,SEQ-11889B982AD3,1,2
RNA-013982,SEQ-484CE3C49A8A,1,1
RNA-013983,SEQ-B90756442CBD,1,1
RNA-013984,SEQ-5BE47B494C19,1,1
RNA-013985,SEQ-7361C68C4029,1,1
RNA-013986,SEQ-8439EDF833D4,1,1
RNA-013987,SEQ-C060F4F556AB,1,1
RNA-013988,SEQ-84C9C1FCAF41,1,1
RNA-013989,SEQ-807BF447BB84,1,1
RNA-013990,SEQ-4D0BB53CD40B,1,1
RNA-013991,SEQ-10F79E602526,1,1
RNA-013992,SEQ-99DA6622D64F,1,1
RNA-013993,SEQ-CA6035AF694F,1,1
RNA-013994,SEQ-B1BF1B6C8E22,1,1
RNA-013995,SEQ-42B2C6D8A4B3,1,1
RNA-013996,SEQ-B54825C9C11C,1,1
RNA-013997,SEQ-D8AC5A9E1D02,1,1
RNA-013998,SEQ-7CAECC650AA4,1,2
RNA-013999,SEQ-D6B2F8C1C6B8,1,1
RNA-014000,SEQ-0852F9AE3828,1,1
RNA-014001,SEQ-CED255C2858E,1,1
RNA-014002,SEQ-1CF0C53AE077,1,2
RNA-014003,SEQ-F8B3211B92F6,1,1
RNA-014004,SEQ-ACBDDCA8EC74,1,1
RNA-014005,SEQ-803D583527E6,1,1
RNA-014006,SEQ-4427340A598F,1,1
RNA-014007,SEQ-F26113E31DBF,1,1
RNA-014008,SEQ-98C825889397,1,1
RNA-014009,SEQ-486CAC9A22DB,1,1
RNA-014010,SEQ-4D5DCB47A342,1,1
RNA-014011,SEQ-A12506CB0CC0,1,1
RNA-014012,SEQ-61D98DA07997,1,1
RNA-014013,SEQ-94148295D3FF,1,1
RNA-014014,SEQ-B1916391D688,1,1
RNA-014015,SEQ-FA3D15E07C35,1,1
RNA-014016,SEQ-3F2ADE5F096A,1,1
RNA-014017,SEQ-ADCA0825D722,1,1
RNA-014018,SEQ-25A3A34A8DBB,1,1
RNA-014019,SEQ-1E7BAB343321,1,1
RNA-014020,SEQ-14332F52EECF,1,1
RNA-014021,SEQ-7C84B843E827,1,1
RNA-014022,SEQ-34C022A2DA03,1,1
RNA-014023,SEQ-CAD7CC3105F3,1,1
RNA-014024,SEQ-931267CBA833,1,1
RNA-014025,SEQ-DCFECFC5BCB8,1,1
RNA-014026,SEQ-EA36998EDCD5,1,1
RNA-014027,SEQ-75D2CB2C6195,1,1
