tabla,id,operacion,campo,valor_anterior,valor_nuevo,origen
publication,PUB-0113,INSERT,,,PMID 37285605 | Michael J Gebhardt | PNAS 2023,articulo
genome_publication,GPB-00127,INSERT,,,GEN-0003 | PUB-0113 | n_evidences=1490,articulo
rna,RNA-014028,INSERT,,,fhp | ncbi_id=PA2664 | mRNA | is_srna=0 is_target=1,S1_exp #3
rna,RNA-014029,INSERT,,, | ncbi_id=PA3965 | mRNA | is_srna=0 is_target=1,S1_exp #4
rna,RNA-014030,INSERT,,,Spa121 | ncbi_id= | sRNA | is_srna=1 is_target=1,S1_exp #5
rna,RNA-014031,INSERT,,,Pant445 | ncbi_id= | sRNA | is_srna=1 is_target=0,S1_exp #7
rna,RNA-014032,INSERT,,,OprB-3' | ncbi_id=PA3185.1 | sRNA | is_srna=1 is_target=0,S1_exp #10
rna,RNA-014033,INSERT,,,hmgA | ncbi_id=PA2009 | mRNA | is_srna=0 is_target=1,S1_exp #13
rna,RNA-014034,INSERT,,,BetZ | ncbi_id=PA5375.1 | sRNA | is_srna=1 is_target=0,S1_exp #14
rna,RNA-014035,INSERT,,,PA0160.1 | ncbi_id=PA0160.1 | sRNA | is_srna=1 is_target=0,S1_exp #15
rna,RNA-014036,INSERT,,,P30 | ncbi_id=PA4726.2 | sRNA | is_srna=1 is_target=1,S1_exp #16
rna,RNA-014037,INSERT,,,AS2779 | ncbi_id=PA2768.1 | sRNA | is_srna=1 is_target=1,S1_exp #17
rna,RNA-014038,INSERT,,,rplT | ncbi_id=PA2741 | mRNA | is_srna=0 is_target=1,S1_exp #18
rna,RNA-014039,INSERT,,, | ncbi_id=PA3340 | mRNA | is_srna=0 is_target=1,S1_exp #19
rna,RNA-014040,INSERT,,,P14 | ncbi_id=PA2852.2 | sRNA | is_srna=0 is_target=1,S1_exp #21
rna,RNA-014041,INSERT,,, | ncbi_id=PA5180 | mRNA | is_srna=0 is_target=1,S1_exp #22
rna,RNA-014042,INSERT,,, | ncbi_id=PA1592 | mRNA | is_srna=0 is_target=1,S1_exp #23
rna,RNA-014043,INSERT,,,wzz2 | ncbi_id=PA0938 | mRNA | is_srna=0 is_target=1,S1_exp #24
rna,RNA-014044,INSERT,,, | ncbi_id=PA2482 | mRNA | is_srna=0 is_target=1,S1_exp #25
rna,RNA-014045,INSERT,,,wbpI | ncbi_id=PA3148 | mRNA | is_srna=0 is_target=1,S1_exp #28
rna,RNA-014046,INSERT,,, | ncbi_id=PA5244 | mRNA | is_srna=0 is_target=1,S1_exp #32
rna,RNA-014047,INSERT,,, | ncbi_id=PA3070 | mRNA | is_srna=0 is_target=1,S1_exp #33
rna,RNA-014048,INSERT,,, | ncbi_id=PA4621 | mRNA | is_srna=0 is_target=1,S1_exp #36
rna,RNA-014049,INSERT,,, | ncbi_id=PA1458 | mRNA | is_srna=0 is_target=1,S1_exp #37
rna,RNA-014050,INSERT,,, | ncbi_id=PA3771 | mRNA | is_srna=0 is_target=1,S1_exp #38
rna,RNA-014051,INSERT,,,AspA-3' | ncbi_id=PA5429.1 | sRNA | is_srna=1 is_target=0,S1_exp #40
rna,RNA-014052,INSERT,,,gltB | ncbi_id=PA5036 | mRNA | is_srna=0 is_target=1,S1_exp #40
rna,RNA-014053,INSERT,,, | ncbi_id=PA4094 | mRNA | is_srna=0 is_target=1,S1_exp #41
rna,RNA-014054,INSERT,,,PA5185as | ncbi_id=PA5185.1 | sRNA | is_srna=1 is_target=1,S1_exp #42
rna,RNA-014055,INSERT,,, | ncbi_id=PA0946 | mRNA | is_srna=0 is_target=1,S1_exp #43
rna,RNA-014056,INSERT,,, | ncbi_id=PA1613 | mRNA | is_srna=0 is_target=1,S1_exp #44
rna,RNA-014057,INSERT,,, | ncbi_id=PA1746 | mRNA | is_srna=0 is_target=1,S1_exp #45
rna,RNA-014058,INSERT,,, | ncbi_id=PA1209 | mRNA | is_srna=0 is_target=1,S1_exp #47
rna,RNA-014059,INSERT,,,accB | ncbi_id=PA4847 | mRNA | is_srna=0 is_target=1,S1_exp #48
rna,RNA-014060,INSERT,,, | ncbi_id=PA5506 | mRNA | is_srna=0 is_target=1,S1_exp #49
rna,RNA-014061,INSERT,,,wbpJ | ncbi_id=PA3147 | mRNA | is_srna=0 is_target=1,S1_exp #50
rna,RNA-014062,INSERT,,,Sr063 | ncbi_id= | sRNA | is_srna=1 is_target=0,S1_exp #51
rna,RNA-014063,INSERT,,,wbpL | ncbi_id=PA3145 | mRNA | is_srna=0 is_target=1,S1_exp #51
rna,RNA-014064,INSERT,,,atpI | ncbi_id=PA5561 | mRNA | is_srna=0 is_target=1,S1_exp #52
rna,RNA-014065,INSERT,,, | ncbi_id=PA3755 | mRNA | is_srna=0 is_target=1,S1_exp #54
rna,RNA-014066,INSERT,,,PrrH | ncbi_id=PA4704.3 | sRNA | is_srna=1 is_target=1,S1_exp #55
rna,RNA-014067,INSERT,,,5_utr_betTI | ncbi_id=PA5374.1 | sRNA | is_srna=0 is_target=1,S1_exp #56
rna,RNA-014068,INSERT,,,pauC | ncbi_id=PA5312 | mRNA | is_srna=0 is_target=1,S1_exp #58
rna,RNA-014069,INSERT,,,dsbH | ncbi_id=PA5256 | mRNA | is_srna=0 is_target=1,S1_exp #60
rna,RNA-014070,INSERT,,, | ncbi_id=PA3534 | mRNA | is_srna=0 is_target=1,S1_exp #61
rna,RNA-014071,INSERT,,,carB | ncbi_id=PA4756 | mRNA | is_srna=0 is_target=1,S1_exp #62
rna,RNA-014072,INSERT,,,PA3449.1 | ncbi_id=PA3449.1 | sRNA | is_srna=1 is_target=0,S1_exp #65
rna,RNA-014073,INSERT,,,rpoB | ncbi_id=PA4270 | mRNA | is_srna=0 is_target=1,S1_exp #66
rna,RNA-014074,INSERT,,, | ncbi_id=PA4331 | mRNA | is_srna=0 is_target=1,S1_exp #67
rna,RNA-014075,INSERT,,,chpA | ncbi_id=PA0413 | mRNA | is_srna=0 is_target=1,S1_exp #68
rna,RNA-014076,INSERT,,,PA0217-5' | ncbi_id=PA0217.1 | sRNA | is_srna=1 is_target=0,S1_exp #69
rna,RNA-014077,INSERT,,, | ncbi_id=PA3307 | mRNA | is_srna=0 is_target=1,S1_exp #70
rna,RNA-014078,INSERT,,,mvfR | ncbi_id=PA1003 | mRNA | is_srna=0 is_target=1,S1_exp #73
rna,RNA-014079,INSERT,,,zwf | ncbi_id=PA3183 | mRNA | is_srna=0 is_target=1,S1_exp #75
rna,RNA-014080,INSERT,,,Pant70 | ncbi_id= | sRNA | is_srna=0 is_target=1,S1_exp #76
rna,RNA-014081,INSERT,,,erbR | ncbi_id=PA1978 | mRNA | is_srna=0 is_target=1,S1_exp #77
rna,RNA-014082,INSERT,,,oprH | ncbi_id=PA1178 | mRNA | is_srna=0 is_target=1,S1_exp #78
rna,RNA-014083,INSERT,,, | ncbi_id=PA0921 | mRNA | is_srna=0 is_target=1,S1_exp #79
rna,RNA-014084,INSERT,,, | ncbi_id=PA0218 | mRNA | is_srna=0 is_target=1,S1_exp #80
rna,RNA-014085,INSERT,,,mucC | ncbi_id=PA0765 | mRNA | is_srna=0 is_target=1,S1_exp #81
rna,RNA-014086,INSERT,,,Sr065 | ncbi_id= | sRNA | is_srna=0 is_target=1,S1_exp #82
rna,RNA-014087,INSERT,,,Spa170 | ncbi_id= | sRNA | is_srna=1 is_target=1,S1_exp #83
rna,RNA-014088,INSERT,,, | ncbi_id=PA4746.1 | tRNA | is_srna=0 is_target=1,S1_exp #84
rna,RNA-014089,INSERT,,, | ncbi_id=PA0099 | mRNA | is_srna=0 is_target=1,S1_exp #85
rna,RNA-014090,INSERT,,,IG_wbpA_wzz | ncbi_id= | intergenic | is_srna=0 is_target=1,S1_exp #86
rna,RNA-014091,INSERT,,,mvaT | ncbi_id=PA4315 | mRNA | is_srna=0 is_target=1,S1_exp #87
rna,RNA-014092,INSERT,,,P8 | ncbi_id=PA1030.1 | sRNA | is_srna=0 is_target=1,S1_exp #89
rna,RNA-014093,INSERT,,, | ncbi_id=PA3940 | mRNA | is_srna=0 is_target=1,S1_exp #90
rna,RNA-014094,INSERT,,, | ncbi_id=PA0976.1 | tRNA | is_srna=0 is_target=1,S1_exp #92
rna,RNA-014095,INSERT,,, | ncbi_id=PA3208 | mRNA | is_srna=0 is_target=1,S1_exp #93
rna,RNA-014096,INSERT,,, | ncbi_id=PA4571 | mRNA | is_srna=0 is_target=1,S1_exp #94
rna,RNA-014097,INSERT,,,pilM | ncbi_id=PA5044 | mRNA | is_srna=0 is_target=1,S1_exp #96
rna,RNA-014098,INSERT,,,AS_PA4570 | ncbi_id= | antisense | is_srna=0 is_target=1,S1_exp #97
rna,RNA-014099,INSERT,,, | ncbi_id=PA0821 | mRNA | is_srna=0 is_target=1,S1_exp #98
rna,RNA-014100,INSERT,,,fliC | ncbi_id=PA1092 | mRNA | is_srna=0 is_target=1,S1_exp #99
rna,RNA-014101,INSERT,,,oprL | ncbi_id=PA0973 | mRNA | is_srna=0 is_target=1,S1_exp #100
rna,RNA-014102,INSERT,,, | ncbi_id=PA1053 | mRNA | is_srna=0 is_target=1,S1_exp #101
rna,RNA-014103,INSERT,,,clpX | ncbi_id=PA1802 | mRNA | is_srna=0 is_target=1,S1_exp #102
rna,RNA-014104,INSERT,,,rpmB | ncbi_id=PA5316 | mRNA | is_srna=0 is_target=1,S1_exp #104
rna,RNA-014105,INSERT,,,cifR | ncbi_id=PA2931 | mRNA | is_srna=0 is_target=1,S1_exp #105
rna,RNA-014106,INSERT,,,dnaG | ncbi_id=PA0577 | mRNA | is_srna=0 is_target=1,S1_exp #107
rna,RNA-014107,INSERT,,,mfd | ncbi_id=PA3002 | mRNA | is_srna=0 is_target=1,S1_exp #108
rna,RNA-014108,INSERT,,,AS_PA3868 | ncbi_id= | antisense | is_srna=0 is_target=1,S1_exp #109
rna,RNA-014109,INSERT,,,rplR | ncbi_id=PA4247 | mRNA | is_srna=0 is_target=1,S1_exp #110
rna,RNA-014110,INSERT,,, | ncbi_id=PA3789 | mRNA | is_srna=0 is_target=1,S1_exp #111
rna,RNA-014111,INSERT,,, | ncbi_id=PA3139 | mRNA | is_srna=0 is_target=1,S1_exp #112
rna,RNA-014112,INSERT,,,Sr066 | ncbi_id= | sRNA | is_srna=0 is_target=1,S1_exp #113
rna,RNA-014113,INSERT,,,hsbD | ncbi_id=PA3343 | mRNA | is_srna=0 is_target=1,S1_exp #114
rna,RNA-014114,INSERT,,, | ncbi_id=PA3894 | mRNA | is_srna=0 is_target=1,S1_exp #115
rna,RNA-014115,INSERT,,, | ncbi_id=PA4654 | mRNA | is_srna=0 is_target=1,S1_exp #116
rna,RNA-014116,INSERT,,,AS_PA2372 | ncbi_id= | antisense | is_srna=0 is_target=1,S1_exp #118
rna,RNA-014117,INSERT,,, | ncbi_id=PA1200 | mRNA | is_srna=0 is_target=1,S1_exp #119
rna,RNA-014118,INSERT,,,betB | ncbi_id=PA5373 | mRNA | is_srna=0 is_target=1,S1_exp #121
rna,RNA-014119,INSERT,,,QuiP-3' | ncbi_id=PA1031.1 | sRNA | is_srna=1 is_target=0,S1_exp #123
rna,RNA-014120,INSERT,,,ladS | ncbi_id=PA3974 | mRNA | is_srna=0 is_target=1,S1_exp #124
rna,RNA-014121,INSERT,,,Sr012 | ncbi_id= | sRNA | is_srna=0 is_target=1,S1_exp #125
rna,RNA-014122,INSERT,,,acsB | ncbi_id=PA4733 | mRNA | is_srna=0 is_target=1,S1_exp #126
rna,RNA-014123,INSERT,,, | ncbi_id=PA0215 | mRNA | is_srna=0 is_target=1,S1_exp #127
rna,RNA-014124,INSERT,,,AS_PhrD | ncbi_id= | antisense | is_srna=0 is_target=1,S1_exp #128
rna,RNA-014125,INSERT,,,ftsW | ncbi_id=PA4413 | mRNA | is_srna=0 is_target=1,S1_exp #130
rna,RNA-014126,INSERT,,, | ncbi_id=PA1371 | mRNA | is_srna=0 is_target=1,S1_exp #131
rna,RNA-014127,INSERT,,,Spa103 | ncbi_id= | sRNA | is_srna=0 is_target=1,S1_exp #133
rna,RNA-014128,INSERT,,, | ncbi_id=PA0252 | mRNA | is_srna=0 is_target=1,S1_exp #134
rna,RNA-014129,INSERT,,,ppk | ncbi_id=PA5242 | mRNA | is_srna=0 is_target=1,S1_exp #135
rna,RNA-014130,INSERT,,,gdhB | ncbi_id=PA3068 | mRNA | is_srna=0 is_target=1,S1_exp #136
rna,RNA-014131,INSERT,,,AS_Pant259 | ncbi_id= | antisense | is_srna=0 is_target=1,S1_exp #137
rna,RNA-014132,INSERT,,,uraA | ncbi_id=PA4647 | mRNA | is_srna=0 is_target=1,S1_exp #139
rna,RNA-014133,INSERT,,,hilR | ncbi_id=PA1942 | mRNA | is_srna=0 is_target=1,S1_exp #140
rna,RNA-014134,INSERT,,, | ncbi_id=PA3080 | mRNA | is_srna=0 is_target=1,S1_exp #141
rna,RNA-014135,INSERT,,,plsX | ncbi_id=PA2969 | mRNA | is_srna=0 is_target=1,S1_exp #143
rna,RNA-014136,INSERT,,,fgtA | ncbi_id=PA1091 | mRNA | is_srna=0 is_target=1,S1_exp #144
rna,RNA-014137,INSERT,,,Pant340 | ncbi_id= | sRNA | is_srna=0 is_target=1,S1_exp #145
rna,RNA-014138,INSERT,,,AceF-3' | ncbi_id=PA5016.1 | sRNA | is_srna=1 is_target=0,S1_exp #146
rna,RNA-014139,INSERT,,, | ncbi_id=PA5061 | mRNA | is_srna=0 is_target=1,S1_exp #146
rna,RNA-014140,INSERT,,,Sr151 | ncbi_id= | sRNA | is_srna=1 is_target=1,S1_exp #147
rna,RNA-014141,INSERT,,,algP | ncbi_id=PA5253 | mRNA | is_srna=0 is_target=1,S1_exp #148
rna,RNA-014142,INSERT,,,fusA1 | ncbi_id=PA4266 | mRNA | is_srna=0 is_target=1,S1_exp #149
rna,RNA-014143,INSERT,,, | ncbi_id=PA1420 | mRNA | is_srna=0 is_target=1,S1_exp #150
rna,RNA-014144,INSERT,,,Pant133 | ncbi_id= | sRNA | is_srna=0 is_target=1,S1_exp #152
rna,RNA-014145,INSERT,,,wbpA | ncbi_id=PA3159 | mRNA | is_srna=0 is_target=1,S1_exp #156
rna,RNA-014146,INSERT,,,Pant148 | ncbi_id= | sRNA | is_srna=0 is_target=1,S1_exp #157
rna,RNA-014147,INSERT,,, | ncbi_id=PA4669.1 | tRNA | is_srna=0 is_target=1,S1_exp #158
rna,RNA-014148,INSERT,,, | ncbi_id=PA1096 | mRNA | is_srna=0 is_target=1,S1_exp #159
rna,RNA-014149,INSERT,,, | ncbi_id=PA5435 | mRNA | is_srna=0 is_target=1,S1_exp #160
rna,RNA-014150,INSERT,,,psdR | ncbi_id=PA4499 | mRNA | is_srna=0 is_target=1,S1_exp #161
rna,RNA-014151,INSERT,,,infB | ncbi_id=PA4744 | mRNA | is_srna=0 is_target=1,S1_exp #162
rna,RNA-014152,INSERT,,, | ncbi_id=PA0462 | mRNA | is_srna=0 is_target=1,S1_exp #163
rna,RNA-014153,INSERT,,, | ncbi_id=PA1418 | mRNA | is_srna=0 is_target=1,S1_exp #164
rna,RNA-014154,INSERT,,, | ncbi_id=PA4016 | mRNA | is_srna=0 is_target=1,S1_exp #167
rna,RNA-014155,INSERT,,,hfq | ncbi_id=PA4944 | mRNA | is_srna=0 is_target=1,S1_exp #168
rna,RNA-014156,INSERT,,,Pant130 | ncbi_id= | sRNA | is_srna=0 is_target=1,S1_exp #170
rna,RNA-014157,INSERT,,,ftsI | ncbi_id=PA4418 | mRNA | is_srna=0 is_target=1,S1_exp #172
rna,RNA-014158,INSERT,,,feoB | ncbi_id=PA4358 | mRNA | is_srna=0 is_target=1,S1_exp #173
rna,RNA-014159,INSERT,,,wzz | ncbi_id=PA3160 | mRNA | is_srna=0 is_target=1,S1_exp #175
rna,RNA-014160,INSERT,,,rnr | ncbi_id=PA4937 | mRNA | is_srna=0 is_target=1,S1_exp #176
rna,RNA-014161,INSERT,,,mreB | ncbi_id=PA4481 | mRNA | is_srna=0 is_target=1,S1_exp #177
rna,RNA-014162,INSERT,,, | ncbi_id=PA3884 | mRNA | is_srna=0 is_target=1,S1_exp #178
rna,RNA-014163,INSERT,,,ssrA | ncbi_id=PA0826.2 | tmRNA | is_srna=0 is_target=1,S1_exp #180
rna,RNA-014164,INSERT,,,pslA | ncbi_id=PA2231 | mRNA | is_srna=0 is_target=1,S1_exp #181
rna,RNA-014165,INSERT,,,clpA | ncbi_id=PA2620 | mRNA | is_srna=0 is_target=1,S1_exp #182
rna,RNA-014166,INSERT,,, | ncbi_id=PA3784 | mRNA | is_srna=0 is_target=1,S1_exp #183
rna,RNA-014167,INSERT,,,nirS | ncbi_id=PA0519 | mRNA | is_srna=0 is_target=1,S1_exp #185
rna,RNA-014168,INSERT,,, | ncbi_id=PA5523 | mRNA | is_srna=0 is_target=1,S1_exp #189
rna,RNA-014169,INSERT,,,hslU | ncbi_id=PA5054 | mRNA | is_srna=0 is_target=1,S1_exp #190
rna,RNA-014170,INSERT,,,secA | ncbi_id=PA4403 | mRNA | is_srna=0 is_target=1,S1_exp #194
rna,RNA-014171,INSERT,,, | ncbi_id=PA1031 | mRNA | is_srna=0 is_target=1,S1_exp #196
rna,RNA-014172,INSERT,,,IG_sth-PA2992 | ncbi_id= | intergenic | is_srna=0 is_target=1,S1_exp #198
rna,RNA-014173,INSERT,,, | ncbi_id=PA3275 | mRNA | is_srna=0 is_target=1,S1_exp #199
rna,RNA-014174,INSERT,,,wzy | ncbi_id=PA3154 | mRNA | is_srna=0 is_target=1,S1_exp #201
rna,RNA-014175,INSERT,,, | ncbi_id=PA4319 | mRNA | is_srna=0 is_target=1,S1_exp #202
rna,RNA-014176,INSERT,,,gdhA | ncbi_id=PA4588 | mRNA | is_srna=0 is_target=1,S1_exp #203
rna,RNA-014177,INSERT,,,ampG | ncbi_id=PA4393 | mRNA | is_srna=0 is_target=1,S1_exp #204
rna,RNA-014178,INSERT,,,tli3 | ncbi_id=PA0261 | mRNA | is_srna=0 is_target=1,S1_exp #205
rna,RNA-014179,INSERT,,,tolQ | ncbi_id=PA0969 | mRNA | is_srna=0 is_target=1,S1_exp #206
rna,RNA-014180,INSERT,,,IG_PA4702-03 | ncbi_id= | intergenic | is_srna=0 is_target=1,S1_exp #207
rna,RNA-014181,INSERT,,, | ncbi_id=PA5006 | mRNA | is_srna=0 is_target=1,S1_exp #208
rna,RNA-014182,INSERT,,,pfeR | ncbi_id=PA2686 | mRNA | is_srna=0 is_target=1,S1_exp #209
rna,RNA-014183,INSERT,,,bacA | ncbi_id=PA1959 | mRNA | is_srna=0 is_target=1,S1_exp #210
rna,RNA-014184,INSERT,,,glnA | ncbi_id=PA5119 | mRNA | is_srna=0 is_target=1,S1_exp #214
rna,RNA-014185,INSERT,,,shaD | ncbi_id=PA1057 | mRNA | is_srna=0 is_target=1,S1_exp #215
rna,RNA-014186,INSERT,,, | ncbi_id=PA1198 | mRNA | is_srna=0 is_target=1,S1_exp #216
rna,RNA-014187,INSERT,,,ccpR | ncbi_id=PA4587 | mRNA | is_srna=0 is_target=1,S1_exp #217
rna,RNA-014188,INSERT,,, | ncbi_id=PA2730 | mRNA | is_srna=0 is_target=1,S1_exp #218
rna,RNA-014189,INSERT,,, | ncbi_id=PA2177 | mRNA | is_srna=0 is_target=1,S1_exp #219
rna,RNA-014190,INSERT,,, | ncbi_id=PA3157 | mRNA | is_srna=0 is_target=1,S1_exp #220
rna,RNA-014191,INSERT,,,Spa164 | ncbi_id= | sRNA | is_srna=0 is_target=1,S1_exp #221
rna,RNA-014192,INSERT,,,AS_rgsA | ncbi_id= | antisense | is_srna=0 is_target=1,S1_exp #222
rna,RNA-014193,INSERT,,,phaF | ncbi_id=PA5060 | mRNA | is_srna=0 is_target=1,S1_exp #223
rna,RNA-014194,INSERT,,,AS_ilvE | ncbi_id= | antisense | is_srna=0 is_target=1,S1_exp #224
rna,RNA-014195,INSERT,,,IG_tyrZ_16S | ncbi_id= | intergenic | is_srna=0 is_target=1,S1_exp #225
rna,RNA-014196,INSERT,,, | ncbi_id=PA4943 | mRNA | is_srna=0 is_target=1,S1_exp #226
rna,RNA-014197,INSERT,,, | ncbi_id=PA4436 | mRNA | is_srna=0 is_target=1,S1_exp #228
rna,RNA-014198,INSERT,,,AS_PA1509 | ncbi_id= | antisense | is_srna=0 is_target=1,S1_exp #229
rna,RNA-014199,INSERT,,,pilB | ncbi_id=PA4526 | mRNA | is_srna=0 is_target=1,S1_exp #232
rna,RNA-014200,INSERT,,, | ncbi_id=PA5505 | mRNA | is_srna=0 is_target=1,S1_exp #235
rna,RNA-014201,INSERT,,,gltA | ncbi_id=PA1580 | mRNA | is_srna=0 is_target=1,S1_exp #236
rna,RNA-014202,INSERT,,, | ncbi_id=PA4344 | mRNA | is_srna=0 is_target=1,S1_exp #237
rna,RNA-014203,INSERT,,, | ncbi_id=PA3573 | mRNA | is_srna=0 is_target=1,S1_exp #239
rna,RNA-014204,INSERT,,,tig | ncbi_id=PA1800 | mRNA | is_srna=0 is_target=1,S1_exp #240
rna,RNA-014205,INSERT,,,rpmD | ncbi_id=PA4245 | mRNA | is_srna=0 is_target=1,S1_exp #243
rna,RNA-014206,INSERT,,, | ncbi_id=PA4523 | mRNA | is_srna=0 is_target=1,S1_exp #245
rna,RNA-014207,INSERT,,,hpcC | ncbi_id=PA4123 | mRNA | is_srna=0 is_target=1,S1_exp #246
rna,RNA-014208,INSERT,,, | ncbi_id=PA3110 | mRNA | is_srna=0 is_target=1,S1_exp #247
rna,RNA-014209,INSERT,,, | ncbi_id=PA0760 | mRNA | is_srna=0 is_target=1,S1_exp #248
rna,RNA-014210,INSERT,,,pilO | ncbi_id=PA5042 | mRNA | is_srna=0 is_target=1,S1_exp #249
rna,RNA-014211,INSERT,,,Spa047 | ncbi_id= | sRNA | is_srna=0 is_target=1,S1_exp #251
rna,RNA-014212,INSERT,,,BkdZ | ncbi_id=PA2250.1 | sRNA | is_srna=1 is_target=0,S1_exp #252
rna,RNA-014213,INSERT,,,Spa077 | ncbi_id= | sRNA | is_srna=1 is_target=1,S1_exp #252
rna,RNA-014214,INSERT,,, | ncbi_id=PA2802 | mRNA | is_srna=0 is_target=1,S1_exp #254
rna,RNA-014215,INSERT,,,mobA | ncbi_id=PA3030 | mRNA | is_srna=0 is_target=1,S1_exp #255
rna,RNA-014216,INSERT,,, | ncbi_id=PA0540 | mRNA | is_srna=0 is_target=1,S1_exp #256
rna,RNA-014217,INSERT,,, | ncbi_id=PA2760 | mRNA | is_srna=0 is_target=1,S1_exp #257
rna,RNA-014218,INSERT,,,adk | ncbi_id=PA3686 | mRNA | is_srna=0 is_target=1,S1_exp #258
rna,RNA-014219,INSERT,,,wzx | ncbi_id=PA3153 | mRNA | is_srna=0 is_target=1,S1_exp #259
rna,RNA-014220,INSERT,,,gapA | ncbi_id=PA3195 | mRNA | is_srna=0 is_target=1,S1_exp #260
rna,RNA-014221,INSERT,,,AS_Sr063/Spa38 | ncbi_id= | antisense | is_srna=0 is_target=1,S1_exp #261
rna,RNA-014222,INSERT,,, | ncbi_id=PA3943 | mRNA | is_srna=0 is_target=1,S1_exp #262
rna,RNA-014223,INSERT,,,rpmA | ncbi_id=PA4567 | mRNA | is_srna=0 is_target=1,S1_exp #263
rna,RNA-014224,INSERT,,,amgS | ncbi_id=PA5199 | mRNA | is_srna=0 is_target=1,S1_exp #264
rna,RNA-014225,INSERT,,,pgl | ncbi_id=PA3182 | mRNA | is_srna=0 is_target=1,S1_exp #267
rna,RNA-014226,INSERT,,,ptpA | ncbi_id=PA2978 | mRNA | is_srna=0 is_target=1,S1_exp #268
rna,RNA-014227,INSERT,,,IG_PA2465-foxA | ncbi_id= | intergenic | is_srna=0 is_target=1,S1_exp #272
rna,RNA-014228,INSERT,,,Pant72 | ncbi_id= | sRNA | is_srna=1 is_target=1,S1_exp #273
rna,RNA-014229,INSERT,,,mexF | ncbi_id=PA2494 | mRNA | is_srna=0 is_target=1,S1_exp #274
rna,RNA-014230,INSERT,,, | ncbi_id=PA0200 | mRNA | is_srna=0 is_target=1,S1_exp #275
rna,RNA-014231,INSERT,,, | ncbi_id=PA1890 | mRNA | is_srna=0 is_target=1,S1_exp #277
rna,RNA-014232,INSERT,,, | ncbi_id=PA5279 | mRNA | is_srna=0 is_target=1,S1_exp #278
rna,RNA-014233,INSERT,,, | ncbi_id=PA1831 | mRNA | is_srna=0 is_target=1,S1_exp #279
rna,RNA-014234,INSERT,,,IG_PA0952_PA0953 | ncbi_id= | intergenic | is_srna=0 is_target=1,S1_exp #280
rna,RNA-014235,INSERT,,,hprA | ncbi_id=PA4626 | mRNA | is_srna=0 is_target=1,S1_exp #281
rna,RNA-014236,INSERT,,,rmf | ncbi_id=PA3049 | mRNA | is_srna=0 is_target=1,S1_exp #282
rna,RNA-014237,INSERT,,,tolA | ncbi_id=PA0971 | mRNA | is_srna=0 is_target=1,S1_exp #285
rna,RNA-014238,INSERT,,,lptG | ncbi_id=PA3827 | mRNA | is_srna=0 is_target=1,S1_exp #286
rna,RNA-014239,INSERT,,, | ncbi_id=PA4463 | mRNA | is_srna=0 is_target=1,S1_exp #287
rna,RNA-014240,INSERT,,,rpoN | ncbi_id=PA4462 | mRNA | is_srna=0 is_target=1,S1_exp #288
rna,RNA-014241,INSERT,,,hemC | ncbi_id=PA5260 | mRNA | is_srna=0 is_target=1,S1_exp #289
rna,RNA-014242,INSERT,,, | ncbi_id=PA2797 | mRNA | is_srna=0 is_target=1,S1_exp #292
rna,RNA-014243,INSERT,,, | ncbi_id=PA4961 | mRNA | is_srna=0 is_target=1,S1_exp #293
rna,RNA-014244,INSERT,,, | ncbi_id=PA4806 | mRNA | is_srna=0 is_target=1,S1_exp #294
rna,RNA-014245,INSERT,,,AS_PA4757 | ncbi_id= | antisense | is_srna=0 is_target=1,S1_exp #295
rna,RNA-014246,INSERT,,,morA | ncbi_id=PA4601 | mRNA | is_srna=0 is_target=1,S1_exp #296
rna,RNA-014247,INSERT,,,AS_PA2117 | ncbi_id= | antisense | is_srna=0 is_target=1,S1_exp #298
rna,RNA-014248,INSERT,,,AS_PA4624 | ncbi_id= | antisense | is_srna=0 is_target=1,S1_exp #299
rna,RNA-014249,INSERT,,, | ncbi_id=PA3836 | mRNA | is_srna=0 is_target=1,S1_exp #302
rna,RNA-014250,INSERT,,, | ncbi_id=PA1093 | mRNA | is_srna=0 is_target=1,S1_exp #304
rna,RNA-014251,INSERT,,,AS_PA4800 | ncbi_id= | intergenic | is_srna=0 is_target=1,S1_exp #305
rna,RNA-014252,INSERT,,,fleQ | ncbi_id=PA1097 | mRNA | is_srna=0 is_target=1,S1_exp #306
rna,RNA-014253,INSERT,,, | ncbi_id=PA4623 | mRNA | is_srna=0 is_target=1,S1_exp #307
rna,RNA-014254,INSERT,,, | ncbi_id=PA3031 | mRNA | is_srna=0 is_target=1,S1_exp #309
rna,RNA-014255,INSERT,,,AS_pyrH | ncbi_id= | antisense | is_srna=0 is_target=1,S1_exp #310
rna,RNA-014256,INSERT,,,alaS | ncbi_id=PA0903 | mRNA | is_srna=0 is_target=1,S1_exp #311
rna,RNA-014257,INSERT,,, | ncbi_id=PA0922.1 | tRNA | is_srna=0 is_target=1,S1_exp #313
rna,RNA-014258,INSERT,,, | ncbi_id=PA0113 | mRNA | is_srna=0 is_target=1,S1_exp #316
rna,RNA-014259,INSERT,,,AS_PA2852 | ncbi_id= | antisense | is_srna=0 is_target=1,S1_exp #317
rna,RNA-014260,INSERT,,,dnaA | ncbi_id=PA0001 | mRNA | is_srna=0 is_target=1,S1_exp #320
rna,RNA-014261,INSERT,,,ccoP2 | ncbi_id=PA1555 | mRNA | is_srna=0 is_target=1,S1_exp #322
rna,RNA-014262,INSERT,,,hemB | ncbi_id=PA5243 | mRNA | is_srna=0 is_target=1,S1_exp #323
rna,RNA-014263,INSERT,,,def | ncbi_id=PA0019 | mRNA | is_srna=0 is_target=1,S1_exp #325
rna,RNA-014264,INSERT,,,lexA | ncbi_id=PA3007 | mRNA | is_srna=0 is_target=1,S1_exp #326
rna,RNA-014265,INSERT,,, | ncbi_id=PA1372 | mRNA | is_srna=0 is_target=1,S1_exp #327
rna,RNA-014266,INSERT,,,rplM | ncbi_id=PA4433 | mRNA | is_srna=0 is_target=1,S1_exp #329
rna,RNA-014267,INSERT,,,AS_PA4165 | ncbi_id= | antisense | is_srna=0 is_target=1,S1_exp #330
rna,RNA-014268,INSERT,,, | ncbi_id=PA0937 | mRNA | is_srna=0 is_target=1,S1_exp #331
rna,RNA-014269,INSERT,,,rplU | ncbi_id=PA4568 | mRNA | is_srna=0 is_target=1,S1_exp #332
rna,RNA-014270,INSERT,,, | ncbi_id=PA1463 | mRNA | is_srna=0 is_target=1,S1_exp #333
rna,RNA-014271,INSERT,,, | ncbi_id=PA0916 | mRNA | is_srna=0 is_target=1,S1_exp #334
rna,RNA-014272,INSERT,,, | ncbi_id=PA0148 | mRNA | is_srna=0 is_target=1,S1_exp #335
rna,RNA-014273,INSERT,,, | ncbi_id=PA2865 | mRNA | is_srna=0 is_target=1,S1_exp #337
rna,RNA-014274,INSERT,,,rpsG | ncbi_id=PA4267 | mRNA | is_srna=0 is_target=1,S1_exp #338
rna,RNA-014275,INSERT,,,lasI | ncbi_id=PA1432 | mRNA | is_srna=0 is_target=1,S1_exp #339
rna,RNA-014276,INSERT,,,AS_PA2221 | ncbi_id= | antisense | is_srna=0 is_target=1,S1_exp #340
rna,RNA-014277,INSERT,,, | ncbi_id=PA3215 | mRNA | is_srna=0 is_target=1,S1_exp #341
rna,RNA-014278,INSERT,,,dsdA | ncbi_id=PA3357 | mRNA | is_srna=0 is_target=1,S1_exp #342
rna,RNA-014279,INSERT,,,pvdD | ncbi_id=PA2399 | mRNA | is_srna=0 is_target=1,S1_exp #343
rna,RNA-014280,INSERT,,,gor | ncbi_id=PA2025 | mRNA | is_srna=0 is_target=1,S1_exp #344
rna,RNA-014281,INSERT,,,lbcA | ncbi_id=PA4667 | mRNA | is_srna=0 is_target=1,S1_exp #345
rna,RNA-014282,INSERT,,,IG_PA1151_PA1152 | ncbi_id= | intergenic | is_srna=0 is_target=1,S1_exp #349
rna,RNA-014283,INSERT,,, | ncbi_id=PA4520 | mRNA | is_srna=0 is_target=1,S1_exp #350
rna,RNA-014284,INSERT,,,rpoH | ncbi_id=PA0376 | mRNA | is_srna=0 is_target=1,S1_exp #351
rna,RNA-014285,INSERT,,, | ncbi_id=PA4697 | mRNA | is_srna=0 is_target=1,S1_exp #352
rna,RNA-014286,INSERT,,,AS_PA4923 | ncbi_id= | antisense | is_srna=0 is_target=1,S1_exp #353
rna,RNA-014287,INSERT,,,AS_bfiR | ncbi_id= | antisense | is_srna=0 is_target=1,S1_exp #354
rna,RNA-014288,INSERT,,,shaB | ncbi_id=PA1055 | mRNA | is_srna=0 is_target=1,S1_exp #356
rna,RNA-014289,INSERT,,,Spa115 | ncbi_id= | sRNA | is_srna=1 is_target=1,S1_exp #358
rna,RNA-014290,INSERT,,,wbpD | ncbi_id=PA3156 | mRNA | is_srna=0 is_target=1,S1_exp #360
rna,RNA-014291,INSERT,,,asd | ncbi_id=PA3117 | mRNA | is_srna=0 is_target=1,S1_exp #364
rna,RNA-014292,INSERT,,,Sr139 | ncbi_id= | sRNA | is_srna=0 is_target=1,S1_exp #365
rna,RNA-014293,INSERT,,, | ncbi_id=PA0431 | mRNA | is_srna=0 is_target=1,S1_exp #366
rna,RNA-014294,INSERT,,,pilQ | ncbi_id=PA5040 | mRNA | is_srna=0 is_target=1,S1_exp #368
rna,RNA-014295,INSERT,,, | ncbi_id=PA4699 | mRNA | is_srna=0 is_target=1,S1_exp #369
rna,RNA-014296,INSERT,,,NtrC-3' | ncbi_id=PA5125.01 | sRNA | is_srna=1 is_target=1,S1_exp #370
rna,RNA-014297,INSERT,,,gcvP1 | ncbi_id=PA5213 | mRNA | is_srna=0 is_target=1,S1_exp #372
rna,RNA-014298,INSERT,,, | ncbi_id=PA0340 | mRNA | is_srna=0 is_target=1,S1_exp #373
rna,RNA-014299,INSERT,,,Spa059 | ncbi_id= | sRNA | is_srna=1 is_target=1,S1_exp #374
rna,RNA-014300,INSERT,,,AS_hisB | ncbi_id= | antisense | is_srna=0 is_target=1,S1_exp #377
rna,RNA-014301,INSERT,,,aceE | ncbi_id=PA5015 | mRNA | is_srna=0 is_target=1,S1_exp #378
rna,RNA-014302,INSERT,,,pvdF | ncbi_id=PA2396 | mRNA | is_srna=0 is_target=1,S1_exp #381
rna,RNA-014303,INSERT,,, | ncbi_id=PA1459 | mRNA | is_srna=0 is_target=1,S1_exp #382
rna,RNA-014304,INSERT,,,pilG | ncbi_id=PA0408 | mRNA | is_srna=0 is_target=1,S1_exp #383
rna,RNA-014305,INSERT,,,algA | ncbi_id=PA3551 | mRNA | is_srna=0 is_target=1,S1_exp #384
rna,RNA-014306,INSERT,,,holD | ncbi_id=PA4679 | mRNA | is_srna=0 is_target=1,S1_exp #385
rna,RNA-014307,INSERT,,,aroB | ncbi_id=PA5038 | mRNA | is_srna=0 is_target=1,S1_exp #386
rna,RNA-014308,INSERT,,,lgt | ncbi_id=PA0341 | mRNA | is_srna=0 is_target=1,S1_exp #390
rna,RNA-014309,INSERT,,, | ncbi_id=PA4960 | mRNA | is_srna=0 is_target=1,S1_exp #391
rna,RNA-014310,INSERT,,, | ncbi_id=PA1602 | mRNA | is_srna=0 is_target=1,S1_exp #392
rna,RNA-014311,INSERT,,, | ncbi_id=PA5509 | mRNA | is_srna=0 is_target=1,S1_exp #393
rna,RNA-014312,INSERT,,,kdsA | ncbi_id=PA3636 | mRNA | is_srna=0 is_target=1,S1_exp #394
rna,RNA-014313,INSERT,,, | ncbi_id=PA3009 | mRNA | is_srna=0 is_target=1,S1_exp #401
rna,RNA-014314,INSERT,,,AS_PA4497 | ncbi_id= | antisense | is_srna=0 is_target=1,S1_exp #402
rna,RNA-014315,INSERT,,,IG_PA0541_PA0542 | ncbi_id= | intergenic | is_srna=0 is_target=1,S1_exp #403
rna,RNA-014316,INSERT,,,PA3181-3' | ncbi_id=PA3180.1 | sRNA | is_srna=1 is_target=0,S1_exp #405
rna,RNA-014317,INSERT,,, | ncbi_id=PA1441 | mRNA | is_srna=0 is_target=1,S1_exp #406
rna,RNA-014318,INSERT,,,Spa058 | ncbi_id= | sRNA | is_srna=0 is_target=1,S1_exp #407
rna,RNA-014319,INSERT,,,glk | ncbi_id=PA3193 | mRNA | is_srna=0 is_target=1,S1_exp #408
rna,RNA-014320,INSERT,,,pcm | ncbi_id=PA3624 | mRNA | is_srna=0 is_target=1,S1_exp #409
rna,RNA-014321,INSERT,,,wbpK | ncbi_id=PA3146 | mRNA | is_srna=0 is_target=1,S1_exp #410
rna,RNA-014322,INSERT,,,pgsA | ncbi_id=PA2584 | mRNA | is_srna=0 is_target=1,S1_exp #411
rna,RNA-014323,INSERT,,,PA3133.01 | ncbi_id=PA3133.01 | sRNA | is_srna=1 is_target=0,S1_exp #414
rna,RNA-014324,INSERT,,,pys2 | ncbi_id=PA1150 | mRNA | is_srna=0 is_target=1,S1_exp #417
rna,RNA-014325,INSERT,,, | ncbi_id=PA2770 | mRNA | is_srna=0 is_target=1,S1_exp #418
rna,RNA-014326,INSERT,,,ilvI | ncbi_id=PA4696 | mRNA | is_srna=0 is_target=1,S1_exp #419
rna,RNA-014327,INSERT,,,aceF | ncbi_id=PA5016 | mRNA | is_srna=0 is_target=1,S1_exp #420
rna,RNA-014328,INSERT,,,Pant297 | ncbi_id= | sRNA | is_srna=0 is_target=1,S1_exp #422
rna,RNA-014329,INSERT,,,rplF | ncbi_id=PA4248 | mRNA | is_srna=0 is_target=1,S1_exp #423
rna,RNA-014330,INSERT,,,nrtR | ncbi_id=PA4916 | mRNA | is_srna=0 is_target=1,S1_exp #426
rna,RNA-014331,INSERT,,, | ncbi_id=PA3018 | mRNA | is_srna=0 is_target=1,S1_exp #428
rna,RNA-014332,INSERT,,, | ncbi_id=PA0657 | mRNA | is_srna=0 is_target=1,S1_exp #431
rna,RNA-014333,INSERT,,, | ncbi_id=PA3588 | mRNA | is_srna=0 is_target=1,S1_exp #432
rna,RNA-014334,INSERT,,, | ncbi_id=PA2577 | mRNA | is_srna=0 is_target=1,S1_exp #433
rna,RNA-014335,INSERT,,,Pant3 | ncbi_id= | sRNA | is_srna=0 is_target=1,S1_exp #436
rna,RNA-014336,INSERT,,, | ncbi_id=PA5371 | mRNA | is_srna=0 is_target=1,S1_exp #437
rna,RNA-014337,INSERT,,,AS_PA0989 | ncbi_id= | antisense | is_srna=0 is_target=1,S1_exp #438
rna,RNA-014338,INSERT,,,aruF | ncbi_id=PA0896 | mRNA | is_srna=0 is_target=1,S1_exp #439
rna,RNA-014339,INSERT,,,pgi | ncbi_id=PA4732 | mRNA | is_srna=0 is_target=1,S1_exp #440
rna,RNA-014340,INSERT,,, | ncbi_id=PA0974 | mRNA | is_srna=0 is_target=1,S1_exp #441
rna,RNA-014341,INSERT,,, | ncbi_id=PA5251 | mRNA | is_srna=0 is_target=1,S1_exp #442
rna,RNA-014342,INSERT,,,hemN | ncbi_id=PA1546 | mRNA | is_srna=0 is_target=1,S1_exp #443
rna,RNA-014343,INSERT,,,OprN-3' | ncbi_id=PA2495.1 | sRNA | is_srna=1 is_target=1,S1_exp #445
rna,RNA-014344,INSERT,,,rplV | ncbi_id=PA4258 | mRNA | is_srna=0 is_target=1,S1_exp #448
rna,RNA-014345,INSERT,,,atpF | ncbi_id=PA5558 | mRNA | is_srna=0 is_target=1,S1_exp #450
rna,RNA-014346,INSERT,,, | ncbi_id=PA3015 | mRNA | is_srna=0 is_target=1,S1_exp #452
rna,RNA-014347,INSERT,,, | ncbi_id=PA1941 | mRNA | is_srna=0 is_target=1,S1_exp #453
rna,RNA-014348,INSERT,,, | ncbi_id=PA1735 | mRNA | is_srna=0 is_target=1,S1_exp #454
rna,RNA-014349,INSERT,,,tle1 | ncbi_id=PA3290 | mRNA | is_srna=0 is_target=1,S1_exp #455
rna,RNA-014350,INSERT,,,fhpR | ncbi_id=PA2665 | mRNA | is_srna=0 is_target=1,S1_exp #456
rna,RNA-014351,INSERT,,, | ncbi_id=PA1147 | mRNA | is_srna=0 is_target=1,S1_exp #458
rna,RNA-014352,INSERT,,, | ncbi_id=PA4801 | mRNA | is_srna=0 is_target=1,S1_exp #459
rna,RNA-014353,INSERT,,,AS_gdhA | ncbi_id= | antisense | is_srna=0 is_target=1,S1_exp #460
rna,RNA-014354,INSERT,,,IG_wspA_PA3709 | ncbi_id= | intergenic | is_srna=0 is_target=1,S1_exp #461
rna,RNA-014355,INSERT,,, | ncbi_id=PA0876 | mRNA | is_srna=0 is_target=1,S1_exp #462
rna,RNA-014356,INSERT,,,pasP | ncbi_id=PA0423 | mRNA | is_srna=0 is_target=1,S1_exp #468
rna,RNA-014357,INSERT,,,IG_cycB-PA5301 | ncbi_id= | intergenic | is_srna=0 is_target=1,S1_exp #469
rna,RNA-014358,INSERT,,,rmd | ncbi_id=PA5454 | mRNA | is_srna=0 is_target=1,S1_exp #470
rna,RNA-014359,INSERT,,, | ncbi_id=PA2576 | mRNA | is_srna=0 is_target=1,S1_exp #471
rna,RNA-014360,INSERT,,, | ncbi_id=PA2858 | mRNA | is_srna=0 is_target=1,S1_exp #472
rna,RNA-014361,INSERT,,,spoT | ncbi_id=PA5338 | mRNA | is_srna=0 is_target=1,S1_exp #475
rna,RNA-014362,INSERT,,,ptsN | ncbi_id=PA4464 | mRNA | is_srna=0 is_target=1,S1_exp #476
rna,RNA-014363,INSERT,,,ilvC | ncbi_id=PA4694 | mRNA | is_srna=0 is_target=1,S1_exp #477
rna,RNA-014364,INSERT,,,mutM | ncbi_id=PA0357 | mRNA | is_srna=0 is_target=1,S1_exp #478
rna,RNA-014365,INSERT,,,cobU | ncbi_id=PA1280 | mRNA | is_srna=0 is_target=1,S1_exp #479
rna,RNA-014366,INSERT,,, | ncbi_id=PA2484 | mRNA | is_srna=0 is_target=1,S1_exp #482
rna,RNA-014367,INSERT,,, | ncbi_id=PA4353 | mRNA | is_srna=0 is_target=1,S1_exp #484
rna,RNA-014368,INSERT,,, | ncbi_id=PA3263 | mRNA | is_srna=0 is_target=1,S1_exp #485
rna,RNA-014369,INSERT,,, | ncbi_id=PA0942 | mRNA | is_srna=0 is_target=1,S1_exp #486
rna,RNA-014370,INSERT,,, | ncbi_id=PA3312 | mRNA | is_srna=0 is_target=1,S1_exp #487
rna,RNA-014371,INSERT,,,GabT-3' | ncbi_id=PA0266.1 | sRNA | is_srna=1 is_target=0,S1_exp #489
rna,RNA-014372,INSERT,,,AS_pilC | ncbi_id= | antisense | is_srna=0 is_target=1,S1_exp #493
rna,RNA-014373,INSERT,,,rplA | ncbi_id=PA4273 | mRNA | is_srna=0 is_target=1,S1_exp #494
rna,RNA-014374,INSERT,,,AS_PA3649 | ncbi_id= | antisense | is_srna=0 is_target=1,S1_exp #495
rna,RNA-014375,INSERT,,, | ncbi_id=PA3172 | mRNA | is_srna=0 is_target=1,S1_exp #496
rna,RNA-014376,INSERT,,,iscR | ncbi_id=PA3815 | mRNA | is_srna=0 is_target=1,S1_exp #498
rna,RNA-014377,INSERT,,,napD | ncbi_id=PA1175 | mRNA | is_srna=0 is_target=1,S1_exp #499
rna,RNA-014378,INSERT,,, | ncbi_id=PA1011 | mRNA | is_srna=0 is_target=1,S1_exp #502
rna,RNA-014379,INSERT,,,hisH2 | ncbi_id=PA3152 | mRNA | is_srna=0 is_target=1,S1_exp #503
rna,RNA-014380,INSERT,,,recA | ncbi_id=PA3617 | mRNA | is_srna=0 is_target=1,S1_exp #505
rna,RNA-014381,INSERT,,,glnS | ncbi_id=PA1794 | mRNA | is_srna=0 is_target=1,S1_exp #506
rna,RNA-014382,INSERT,,, | ncbi_id=PA4734 | mRNA | is_srna=0 is_target=1,S1_exp #507
rna,RNA-014383,INSERT,,,aspS | ncbi_id=PA0963 | mRNA | is_srna=0 is_target=1,S1_exp #508
rna,RNA-014384,INSERT,,, | ncbi_id=PA2026 | mRNA | is_srna=0 is_target=1,S1_exp #509
rna,RNA-014385,INSERT,,,estA | ncbi_id=PA5112 | mRNA | is_srna=0 is_target=1,S1_exp #510
rna,RNA-014386,INSERT,,, | ncbi_id=PA1616 | mRNA | is_srna=0 is_target=1,S1_exp #513
rna,RNA-014387,INSERT,,,algW | ncbi_id=PA4446 | mRNA | is_srna=0 is_target=1,S1_exp #514
rna,RNA-014388,INSERT,,,phhR | ncbi_id=PA0873 | mRNA | is_srna=0 is_target=1,S1_exp #516
rna,RNA-014389,INSERT,,,cdiI1 | ncbi_id=PA0041a | mRNA | is_srna=0 is_target=1,S1_exp #518
rna,RNA-014390,INSERT,,, | ncbi_id=PA0359 | mRNA | is_srna=0 is_target=1,S1_exp #523
rna,RNA-014391,INSERT,,, | ncbi_id=PA4579 | mRNA | is_srna=0 is_target=1,S1_exp #525
rna,RNA-014392,INSERT,,,flgK | ncbi_id=PA1086 | mRNA | is_srna=0 is_target=1,S1_exp #527
rna,RNA-014393,INSERT,,,htrB1 | ncbi_id=PA0011 | mRNA | is_srna=0 is_target=1,S1_exp #528
rna,RNA-014394,INSERT,,,magA | ncbi_id=PA4492 | mRNA | is_srna=0 is_target=1,S1_exp #529
rna,RNA-014395,INSERT,,,Pant452 | ncbi_id= | sRNA | is_srna=0 is_target=1,S1_exp #530
rna,RNA-014396,INSERT,,, | ncbi_id=PA3919 | mRNA | is_srna=0 is_target=1,S1_exp #531
rna,RNA-014397,INSERT,,,AS_PA0875 | ncbi_id= | antisense | is_srna=0 is_target=1,S1_exp #532
rna,RNA-014398,INSERT,,,rbsB | ncbi_id=PA1946 | mRNA | is_srna=0 is_target=1,S1_exp #533
rna,RNA-014399,INSERT,,,kerV | ncbi_id=PA1814 | mRNA | is_srna=0 is_target=1,S1_exp #535
rna,RNA-014400,INSERT,,, | ncbi_id=PA0744 | mRNA | is_srna=0 is_target=1,S1_exp #540
rna,RNA-014401,INSERT,,, | ncbi_id=PA5106 | mRNA | is_srna=0 is_target=1,S1_exp #541
rna,RNA-014402,INSERT,,,flgL | ncbi_id=PA1087 | mRNA | is_srna=0 is_target=1,S1_exp #542
rna,RNA-014403,INSERT,,, | ncbi_id=PA5461 | mRNA | is_srna=0 is_target=1,S1_exp #543
rna,RNA-014404,INSERT,,,gyrB | ncbi_id=PA0004 | mRNA | is_srna=0 is_target=1,S1_exp #545
rna,RNA-014405,INSERT,,,dipZ | ncbi_id=PA4845 | mRNA | is_srna=0 is_target=1,S1_exp #547
rna,RNA-014406,INSERT,,,thiC | ncbi_id=PA4973 | mRNA | is_srna=0 is_target=1,S1_exp #548
rna,RNA-014407,INSERT,,,moeA2 | ncbi_id=PA3028 | mRNA | is_srna=0 is_target=1,S1_exp #549
rna,RNA-014408,INSERT,,,wbpM | ncbi_id=PA3141 | mRNA | is_srna=0 is_target=1,S1_exp #550
rna,RNA-014409,INSERT,,, | ncbi_id=PA0220 | mRNA | is_srna=0 is_target=1,S1_exp #551
rna,RNA-014410,INSERT,,, | ncbi_id=PA3567 | mRNA | is_srna=0 is_target=1,S1_exp #552
rna,RNA-014411,INSERT,,,AS_PA1657 | ncbi_id= | antisense | is_srna=0 is_target=1,S1_exp #553
rna,RNA-014412,INSERT,,, | ncbi_id=PA1132 | mRNA | is_srna=0 is_target=1,S1_exp #555
rna,RNA-014413,INSERT,,,tgt | ncbi_id=PA3823 | mRNA | is_srna=0 is_target=1,S1_exp #556
rna,RNA-014414,INSERT,,, | ncbi_id=PA5027 | mRNA | is_srna=0 is_target=1,S1_exp #558
rna,RNA-014415,INSERT,,,FlgDas | ncbi_id=PA1079.1 | sRNA | is_srna=1 is_target=1,S1_exp #559
rna,RNA-014416,INSERT,,,AS_wbpJ | ncbi_id= | antisense | is_srna=0 is_target=1,S1_exp #560
rna,RNA-014417,INSERT,,,thrC | ncbi_id=PA3735 | mRNA | is_srna=0 is_target=1,S1_exp #561
rna,RNA-014418,INSERT,,,cdiA1 | ncbi_id=PA0041 | mRNA | is_srna=0 is_target=1,S1_exp #562
rna,RNA-014419,INSERT,,, | ncbi_id=PA2758 | mRNA | is_srna=0 is_target=1,S1_exp #566
rna,RNA-014420,INSERT,,,iscA | ncbi_id=PA3812 | mRNA | is_srna=0 is_target=1,S1_exp #567
rna,RNA-014421,INSERT,,,prlC | ncbi_id=PA0067 | mRNA | is_srna=0 is_target=1,S1_exp #570
rna,RNA-014422,INSERT,,, | ncbi_id=PA0608 | mRNA | is_srna=0 is_target=1,S1_exp #575
rna,RNA-014423,INSERT,,,hflC | ncbi_id=PA4941 | mRNA | is_srna=0 is_target=1,S1_exp #576
rna,RNA-014424,INSERT,,,SahHas | ncbi_id=PA0432.1 | sRNA | is_srna=0 is_target=1,S1_exp #578
rna,RNA-014425,INSERT,,,tolB | ncbi_id=PA0972 | mRNA | is_srna=0 is_target=1,S1_exp #580
rna,RNA-014426,INSERT,,, | ncbi_id=PA2176 | mRNA | is_srna=0 is_target=1,S1_exp #581
rna,RNA-014427,INSERT,,, | ncbi_id=PA3229 | mRNA | is_srna=0 is_target=1,S1_exp #584
rna,RNA-014428,INSERT,,,pchF | ncbi_id=PA4225 | mRNA | is_srna=0 is_target=1,S1_exp #586
rna,RNA-014429,INSERT,,, | ncbi_id=PA5257 | mRNA | is_srna=0 is_target=1,S1_exp #587
rna,RNA-014430,INSERT,,,ubiH | ncbi_id=PA5223 | mRNA | is_srna=0 is_target=1,S1_exp #588
rna,RNA-014431,INSERT,,,pmbA | ncbi_id=PA4472 | mRNA | is_srna=0 is_target=1,S1_exp #589
rna,RNA-014432,INSERT,,, | ncbi_id=PA2462 | mRNA | is_srna=0 is_target=1,S1_exp #590
rna,RNA-014433,INSERT,,,AS_PA1501 | ncbi_id= | antisense | is_srna=0 is_target=1,S1_exp #591
rna,RNA-014434,INSERT,,, | ncbi_id=PA1647 | mRNA | is_srna=0 is_target=1,S1_exp #593
rna,RNA-014435,INSERT,,, | ncbi_id=PA5109 | mRNA | is_srna=0 is_target=1,S1_exp #595
rna,RNA-014436,INSERT,,, | ncbi_id=PA0061 | mRNA | is_srna=0 is_target=1,S1_exp #596
rna,RNA-014437,INSERT,,,nadD2 | ncbi_id=PA4917 | mRNA | is_srna=0 is_target=1,S1_exp #597
rna,RNA-014438,INSERT,,, | ncbi_id=PA4478 | mRNA | is_srna=0 is_target=1,S1_exp #598
rna,RNA-014439,INSERT,,, | ncbi_id=PA1382 | mRNA | is_srna=0 is_target=1,S1_exp #600
rna,RNA-014440,INSERT,,, | ncbi_id=PA1751 | mRNA | is_srna=0 is_target=1,S1_exp #602
rna,RNA-014441,INSERT,,, | ncbi_id=PA1688 | mRNA | is_srna=0 is_target=1,S1_exp #603
rna,RNA-014442,INSERT,,,algQ | ncbi_id=PA5255 | mRNA | is_srna=0 is_target=1,S1_exp #608
rna,RNA-014443,INSERT,,,mucB | ncbi_id=PA0764 | mRNA | is_srna=0 is_target=1,S1_exp #610
rna,RNA-014444,INSERT,,, | ncbi_id=PA5503 | mRNA | is_srna=0 is_target=1,S1_exp #611
rna,RNA-014445,INSERT,,,recB | ncbi_id=PA4284 | mRNA | is_srna=0 is_target=1,S1_exp #613
rna,RNA-014446,INSERT,,, | ncbi_id=PA1654 | mRNA | is_srna=0 is_target=1,S1_exp #614
rna,RNA-014447,INSERT,,, | ncbi_id=PA2316 | mRNA | is_srna=0 is_target=1,S1_exp #615
rna,RNA-014448,INSERT,,, | ncbi_id=PA4289 | mRNA | is_srna=0 is_target=1,S1_exp #616
rna,RNA-014449,INSERT,,,AS_PA2599 | ncbi_id= | antisense | is_srna=0 is_target=1,S1_exp #617
rna,RNA-014450,INSERT,,, | ncbi_id=PA1051 | mRNA | is_srna=0 is_target=1,S1_exp #619
rna,RNA-014451,INSERT,,, | ncbi_id=PA4641 | mRNA | is_srna=0 is_target=1,S1_exp #620
rna,RNA-014452,INSERT,,,pepA | ncbi_id=PA3831 | mRNA | is_srna=0 is_target=1,S1_exp #621
rna,RNA-014453,INSERT,,,xylS | ncbi_id=PA2519 | mRNA | is_srna=0 is_target=1,S1_exp #623
rna,RNA-014454,INSERT,,, | ncbi_id=PA3882 | mRNA | is_srna=0 is_target=1,S1_exp #624
rna,RNA-014455,INSERT,,,lrp | ncbi_id=PA5308 | mRNA | is_srna=0 is_target=1,S1_exp #625
rna,RNA-014456,INSERT,,,anr | ncbi_id=PA1544 | mRNA | is_srna=0 is_target=1,S1_exp #627
rna,RNA-014457,INSERT,,,putA | ncbi_id=PA0782 | mRNA | is_srna=0 is_target=1,S1_exp #628
rna,RNA-014458,INSERT,,, | ncbi_id=PA1545 | mRNA | is_srna=0 is_target=1,S1_exp #629
rna,RNA-014459,INSERT,,, | ncbi_id=PA0219 | mRNA | is_srna=0 is_target=1,S1_exp #631
rna,RNA-014460,INSERT,,,pilC | ncbi_id=PA4527 | mRNA | is_srna=0 is_target=1,S1_exp #632
rna,RNA-014461,INSERT,,,bfrA | ncbi_id=PA4235 | mRNA | is_srna=0 is_target=1,S1_exp #634
rna,RNA-014462,INSERT,,,secY | ncbi_id=PA4243 | mRNA | is_srna=0 is_target=1,S1_exp #635
rna,RNA-014463,INSERT,,,narX | ncbi_id=PA3878 | mRNA | is_srna=0 is_target=1,S1_exp #636
rna,RNA-014464,INSERT,,, | ncbi_id=PA5148 | mRNA | is_srna=0 is_target=1,S1_exp #637
rna,RNA-014465,INSERT,,,AS_PA5363 | ncbi_id= | antisense | is_srna=0 is_target=1,S1_exp #638
rna,RNA-014466,INSERT,,, | ncbi_id=PA0716 | mRNA | is_srna=0 is_target=1,S1_exp #640
rna,RNA-014467,INSERT,,, | ncbi_id=PA2582 | mRNA | is_srna=0 is_target=1,S1_exp #641
rna,RNA-014468,INSERT,,, | ncbi_id=PA5232 | mRNA | is_srna=0 is_target=1,S1_exp #642
rna,RNA-014469,INSERT,,, | ncbi_id=PA4120 | mRNA | is_srna=0 is_target=1,S1_exp #643
rna,RNA-014470,INSERT,,, | ncbi_id=PA2002 | mRNA | is_srna=0 is_target=1,S1_exp #644
rna,RNA-014471,INSERT,,,ygcA | ncbi_id=PA0933 | mRNA | is_srna=0 is_target=1,S1_exp #646
rna,RNA-014472,INSERT,,,IG_phnC_amrZ | ncbi_id= | intergenic | is_srna=0 is_target=1,S1_exp #647
rna,RNA-014473,INSERT,,, | ncbi_id=PA2669 | mRNA | is_srna=0 is_target=1,S1_exp #649
rna,RNA-014474,INSERT,,,groES | ncbi_id=PA4386 | mRNA | is_srna=0 is_target=1,S1_exp #650
rna,RNA-014475,INSERT,,,AS_PA4437 | ncbi_id= | antisense | is_srna=0 is_target=1,S1_exp #651
rna,RNA-014476,INSERT,,,Pant358 | ncbi_id= | sRNA | is_srna=0 is_target=1,S1_exp #652
rna,RNA-014477,INSERT,,, | ncbi_id=PA3278 | mRNA | is_srna=0 is_target=1,S1_exp #653
rna,RNA-014478,INSERT,,, | ncbi_id=PA1832 | mRNA | is_srna=0 is_target=1,S1_exp #654
rna,RNA-014479,INSERT,,,rpsK | ncbi_id=PA4240 | mRNA | is_srna=0 is_target=1,S1_exp #658
rna,RNA-014480,INSERT,,,ftsQ | ncbi_id=PA4409 | mRNA | is_srna=0 is_target=1,S1_exp #661
rna,RNA-014481,INSERT,,,bfiS | ncbi_id=PA4197 | mRNA | is_srna=0 is_target=1,S1_exp #662
rna,RNA-014482,INSERT,,,AS_PA5546 | ncbi_id= | antisense | is_srna=0 is_target=1,S1_exp #665
rna,RNA-014483,INSERT,,, | ncbi_id=PA4396 | mRNA | is_srna=0 is_target=1,S1_exp #666
rna,RNA-014484,INSERT,,,amiE | ncbi_id=PA3366 | mRNA | is_srna=0 is_target=1,S1_exp #667
rna,RNA-014485,INSERT,,,purN | ncbi_id=PA0944 | mRNA | is_srna=0 is_target=1,S1_exp #669
rna,RNA-014486,INSERT,,,AS_mvaT | ncbi_id= | antisense | is_srna=0 is_target=1,S1_exp #671
rna,RNA-014487,INSERT,,,Spa086 | ncbi_id= | sRNA | is_srna=1 is_target=0,S1_exp #673
rna,RNA-014488,INSERT,,,Spa107 | ncbi_id= | sRNA | is_srna=0 is_target=1,S1_exp #673
rna,RNA-014489,INSERT,,, | ncbi_id=PA5037 | mRNA | is_srna=0 is_target=1,S1_exp #674
rna,RNA-014490,INSERT,,,pelG | ncbi_id=PA3058 | mRNA | is_srna=0 is_target=1,S1_exp #675
rna,RNA-014491,INSERT,,, | ncbi_id=PA0583 | mRNA | is_srna=0 is_target=1,S1_exp #676
rna,RNA-014492,INSERT,,, | ncbi_id=PA0485 | mRNA | is_srna=0 is_target=1,S1_exp #678
rna,RNA-014493,INSERT,,,AS_PA4008 | ncbi_id= | antisense | is_srna=0 is_target=1,S1_exp #681
rna,RNA-014494,INSERT,,, | ncbi_id=PA4637 | mRNA | is_srna=0 is_target=1,S1_exp #682
rna,RNA-014495,INSERT,,, | ncbi_id=PA2555 | mRNA | is_srna=0 is_target=1,S1_exp #683
rna,RNA-014496,INSERT,,,IG_PA5217-PA5218 | ncbi_id= | antisense | is_srna=0 is_target=1,S1_exp #686
rna,RNA-014497,INSERT,,, | ncbi_id=PA3690 | mRNA | is_srna=0 is_target=1,S1_exp #687
rna,RNA-014498,INSERT,,, | ncbi_id=PA5121 | mRNA | is_srna=0 is_target=1,S1_exp #689
rna,RNA-014499,INSERT,,, | ncbi_id=PA5114 | mRNA | is_srna=0 is_target=1,S1_exp #691
rna,RNA-014500,INSERT,,, | ncbi_id=PA2659 | mRNA | is_srna=0 is_target=1,S1_exp #692
rna,RNA-014501,INSERT,,,wbpZ | ncbi_id=PA5447 | mRNA | is_srna=0 is_target=1,S1_exp #694
rna,RNA-014502,INSERT,,,desB | ncbi_id=PA4888 | mRNA | is_srna=0 is_target=1,S1_exp #697
rna,RNA-014503,INSERT,,, | ncbi_id=PA4352 | mRNA | is_srna=0 is_target=1,S1_exp #699
rna,RNA-014504,INSERT,,,rho | ncbi_id=PA5239 | mRNA | is_srna=0 is_target=1,S1_exp #700
rna,RNA-014505,INSERT,,, | ncbi_id=PA4469 | mRNA | is_srna=0 is_target=1,S1_exp #703
rna,RNA-014506,INSERT,,, | ncbi_id=PA4783 | mRNA | is_srna=0 is_target=1,S1_exp #706
rna,RNA-014507,INSERT,,,glyS | ncbi_id=PA0008 | mRNA | is_srna=0 is_target=1,S1_exp #707
rna,RNA-014508,INSERT,,,wapR | ncbi_id=PA5000 | mRNA | is_srna=0 is_target=1,S1_exp #708
rna,RNA-014509,INSERT,,,hsbR | ncbi_id=PA3346 | mRNA | is_srna=0 is_target=1,S1_exp #709
rna,RNA-014510,INSERT,,,tolR | ncbi_id=PA0970 | mRNA | is_srna=0 is_target=1,S1_exp #711
rna,RNA-014511,INSERT,,, | ncbi_id=PA2604 | mRNA | is_srna=0 is_target=1,S1_exp #712
rna,RNA-014512,INSERT,,,etfB | ncbi_id=PA2952 | mRNA | is_srna=0 is_target=1,S1_exp #713
rna,RNA-014513,INSERT,,, | ncbi_id=PA2533 | mRNA | is_srna=0 is_target=1,S1_exp #714
rna,RNA-014514,INSERT,,,Sr118 | ncbi_id= | sRNA | is_srna=1 is_target=0,S1_exp #715
rna,RNA-014515,INSERT,,, | ncbi_id=PA2459 | mRNA | is_srna=0 is_target=1,S1_exp #717
rna,RNA-014516,INSERT,,, | ncbi_id=PA2914 | mRNA | is_srna=0 is_target=1,S1_exp #719
rna,RNA-014517,INSERT,,, | ncbi_id=PA1307 | mRNA | is_srna=0 is_target=1,S1_exp #720
rna,RNA-014518,INSERT,,,Pant75 | ncbi_id= | mRNA | is_srna=0 is_target=1,S1_exp #726
rna,RNA-014519,INSERT,,, | ncbi_id=PA3316 | mRNA | is_srna=0 is_target=1,S1_exp #727
rna,RNA-014520,INSERT,,, | ncbi_id=PA5153 | mRNA | is_srna=0 is_target=1,S1_exp #729
rna,RNA-014521,INSERT,,,oxyR | ncbi_id=PA5344 | mRNA | is_srna=0 is_target=1,S1_exp #730
rna,RNA-014522,INSERT,,,secF | ncbi_id=PA3820 | mRNA | is_srna=0 is_target=1,S1_exp #731
rna,RNA-014523,INSERT,,,hepA | ncbi_id=PA3308 | mRNA | is_srna=0 is_target=1,S1_exp #733
rna,RNA-014524,INSERT,,,hisB | ncbi_id=PA5143 | mRNA | is_srna=0 is_target=1,S1_exp #734
rna,RNA-014525,INSERT,,,Pant363 | ncbi_id= | sRNA | is_srna=0 is_target=1,S1_exp #735
rna,RNA-014526,INSERT,,, | ncbi_id=PA5154 | mRNA | is_srna=0 is_target=1,S1_exp #738
rna,RNA-014527,INSERT,,, | ncbi_id=PA0954 | mRNA | is_srna=0 is_target=1,S1_exp #740
rna,RNA-014528,INSERT,,,rpsS | ncbi_id=PA4259 | mRNA | is_srna=0 is_target=1,S1_exp #743
rna,RNA-014529,INSERT,,, | ncbi_id=PA2567 | mRNA | is_srna=0 is_target=1,S1_exp #744
rna,RNA-014530,INSERT,,,RsmZ | ncbi_id=PA3621.1 | sRNA | is_srna=1 is_target=1,S1_exp #745
rna,RNA-014531,INSERT,,,PaiI | ncbi_id=PA3865.2 | sRNA | is_srna=1 is_target=0,S1_exp #747
rna,RNA-014532,INSERT,,,dadA | ncbi_id=PA5304 | mRNA | is_srna=0 is_target=1,S1_exp #750
rna,RNA-014533,INSERT,,,rplS | ncbi_id=PA3742 | mRNA | is_srna=0 is_target=1,S1_exp #752
rna,RNA-014534,INSERT,,,AS_PA4503 | ncbi_id= | antisense | is_srna=0 is_target=1,S1_exp #755
rna,RNA-014535,INSERT,,, | ncbi_id=PA2483 | mRNA | is_srna=0 is_target=1,S1_exp #757
rna,RNA-014536,INSERT,,, | ncbi_id=PA1227 | mRNA | is_srna=0 is_target=1,S1_exp #758
rna,RNA-014537,INSERT,,,nadB | ncbi_id=PA0761 | mRNA | is_srna=0 is_target=1,S1_exp #760
rna,RNA-014538,INSERT,,,algZ | ncbi_id=PA5262 | mRNA | is_srna=0 is_target=1,S1_exp #761
rna,RNA-014539,INSERT,,,lldP | ncbi_id=PA4770 | mRNA | is_srna=0 is_target=1,S1_exp #762
rna,RNA-014540,INSERT,,,AS_PA0138 | ncbi_id= | antisense | is_srna=0 is_target=1,S1_exp #763
rna,RNA-014541,INSERT,,,arcC | ncbi_id=PA5173 | mRNA | is_srna=0 is_target=1,S1_exp #764
rna,RNA-014542,INSERT,,,oprI | ncbi_id=PA2853 | mRNA | is_srna=0 is_target=1,S1_exp #766
rna,RNA-014543,INSERT,,,RsmY | ncbi_id=PA0527.1 | sRNA | is_srna=1 is_target=1,S1_exp #770
rna,RNA-014544,INSERT,,,Pant257 | ncbi_id= | sRNA | is_srna=0 is_target=1,S1_exp #771
rna,RNA-014545,INSERT,,,AS_PA4489 | ncbi_id= | antisense | is_srna=0 is_target=1,S1_exp #773
rna,RNA-014546,INSERT,,,nudC | ncbi_id=PA1823 | mRNA | is_srna=0 is_target=1,S1_exp #775
rna,RNA-014547,INSERT,,,gntR | ncbi_id=PA2320 | mRNA | is_srna=0 is_target=1,S1_exp #776
rna,RNA-014548,INSERT,,, | ncbi_id=PA5545 | mRNA | is_srna=0 is_target=1,S1_exp #777
rna,RNA-014549,INSERT,,,AS_PA3189 | ncbi_id= | antisense | is_srna=0 is_target=1,S1_exp #779
rna,RNA-014550,INSERT,,, | ncbi_id=PA3341 | mRNA | is_srna=0 is_target=1,S1_exp #780
rna,RNA-014551,INSERT,,, | ncbi_id=PA3240 | mRNA | is_srna=0 is_target=1,S1_exp #781
rna,RNA-014552,INSERT,,, | ncbi_id=PA1679 | mRNA | is_srna=0 is_target=1,S1_exp #783
rna,RNA-014553,INSERT,,,wbpG | ncbi_id=PA3150 | mRNA | is_srna=0 is_target=1,S1_exp #786
rna,RNA-014554,INSERT,,,AS_PA4972 | ncbi_id= | antisense | is_srna=0 is_target=1,S1_exp #787
rna,RNA-014555,INSERT,,, | ncbi_id=PA1115 | mRNA | is_srna=0 is_target=1,S1_exp #788
rna,RNA-014556,INSERT,,, | ncbi_id=PA4772 | mRNA | is_srna=0 is_target=1,S1_exp #789
rna,RNA-014557,INSERT,,, | ncbi_id=PA0267 | mRNA | is_srna=0 is_target=1,S1_exp #790
rna,RNA-014558,INSERT,,, | ncbi_id=PA0276 | mRNA | is_srna=0 is_target=1,S1_exp #791
rna,RNA-014559,INSERT,,, | ncbi_id=PA0476 | mRNA | is_srna=0 is_target=1,S1_exp #793
rna,RNA-014560,INSERT,,,rpoA | ncbi_id=PA4238 | mRNA | is_srna=0 is_target=1,S1_exp #794
rna,RNA-014561,INSERT,,,dnpA | ncbi_id=PA5002 | mRNA | is_srna=0 is_target=1,S1_exp #795
rna,RNA-014562,INSERT,,,argF | ncbi_id=PA3537 | mRNA | is_srna=0 is_target=1,S1_exp #799
rna,RNA-014563,INSERT,,,cbrB | ncbi_id=PA4726 | mRNA | is_srna=0 is_target=1,S1_exp #802
rna,RNA-014564,INSERT,,,spuI | ncbi_id=PA0296 | mRNA | is_srna=0 is_target=1,S1_exp #804
rna,RNA-014565,INSERT,,,aroC | ncbi_id=PA1681 | mRNA | is_srna=0 is_target=1,S1_exp #808
rna,RNA-014566,INSERT,,,IG_lrp-PA5309 | ncbi_id= | intergenic | is_srna=0 is_target=1,S1_exp #809
rna,RNA-014567,INSERT,,,AS_PA0260 | ncbi_id= | antisense | is_srna=0 is_target=1,S1_exp #810
rna,RNA-014568,INSERT,,,fpvR | ncbi_id=PA2388 | mRNA | is_srna=0 is_target=1,S1_exp #811
rna,RNA-014569,INSERT,,,ntrC | ncbi_id=PA5125 | mRNA | is_srna=0 is_target=1,S1_exp #812
rna,RNA-014570,INSERT,,, | ncbi_id=PA4011 | mRNA | is_srna=0 is_target=1,S1_exp #813
rna,RNA-014571,INSERT,,, | ncbi_id=PA3860 | mRNA | is_srna=0 is_target=1,S1_exp #816
rna,RNA-014572,INSERT,,, | ncbi_id=PA4577 | mRNA | is_srna=0 is_target=1,S1_exp #817
rna,RNA-014573,INSERT,,, | ncbi_id=PA3798 | mRNA | is_srna=0 is_target=1,S1_exp #818
rna,RNA-014574,INSERT,,,IG_ppgL-mexG | ncbi_id= | intergenic | is_srna=0 is_target=1,S1_exp #820
rna,RNA-014575,INSERT,,, | ncbi_id=PA4900 | mRNA | is_srna=0 is_target=1,S1_exp #822
rna,RNA-014576,INSERT,,, | ncbi_id=PA3594 | mRNA | is_srna=0 is_target=1,S1_exp #823
rna,RNA-014577,INSERT,,, | ncbi_id=PA3800 | mRNA | is_srna=0 is_target=1,S1_exp #824
rna,RNA-014578,INSERT,,,coaE | ncbi_id=PA4529 | mRNA | is_srna=0 is_target=1,S1_exp #825
rna,RNA-014579,INSERT,,, | ncbi_id=PA4279 | mRNA | is_srna=0 is_target=1,S1_exp #826
rna,RNA-014580,INSERT,,,xdhA | ncbi_id=PA1524 | mRNA | is_srna=0 is_target=1,S1_exp #830
rna,RNA-014581,INSERT,,, | ncbi_id=PA5230 | mRNA | is_srna=0 is_target=1,S1_exp #831
rna,RNA-014582,INSERT,,,AS_tli5b1 | ncbi_id= | antisense | is_srna=0 is_target=1,S1_exp #833
rna,RNA-014583,INSERT,,,pyrG | ncbi_id=PA3637 | mRNA | is_srna=0 is_target=1,S1_exp #834
rna,RNA-014584,INSERT,,,AS_tli5b2 | ncbi_id= | antisense | is_srna=0 is_target=1,S1_exp #835
rna,RNA-014585,INSERT,,,Sr90 | ncbi_id= | sRNA | is_srna=1 is_target=0,S1_exp #839
rna,RNA-014586,INSERT,,, | ncbi_id=PA4671 | mRNA | is_srna=0 is_target=1,S1_exp #841
rna,RNA-014587,INSERT,,,murA | ncbi_id=PA4450 | mRNA | is_srna=0 is_target=1,S1_exp #842
rna,RNA-014588,INSERT,,,pntAB | ncbi_id=PA0195.1 | mRNA | is_srna=0 is_target=1,S1_exp #844
rna,RNA-014589,INSERT,,, | ncbi_id=PA0747 | mRNA | is_srna=0 is_target=1,S1_exp #845
rna,RNA-014590,INSERT,,,ptrC | ncbi_id=PA2486 | mRNA | is_srna=0 is_target=1,S1_exp #847
rna,RNA-014591,INSERT,,,gcbA | ncbi_id=PA4843 | mRNA | is_srna=0 is_target=1,S1_exp #849
rna,RNA-014592,INSERT,,,fiuI | ncbi_id=PA0472 | mRNA | is_srna=0 is_target=1,S1_exp #851
rna,RNA-014593,INSERT,,, | ncbi_id=PA0429 | mRNA | is_srna=0 is_target=1,S1_exp #852
rna,RNA-014594,INSERT,,, | ncbi_id=PA1627 | mRNA | is_srna=0 is_target=1,S1_exp #854
rna,RNA-014595,INSERT,,, | ncbi_id=PA4966 | mRNA | is_srna=0 is_target=1,S1_exp #855
rna,RNA-014596,INSERT,,,holA | ncbi_id=PA3989 | mRNA | is_srna=0 is_target=1,S1_exp #856
rna,RNA-014597,INSERT,,,AS_pchP | ncbi_id= | antisense | is_srna=0 is_target=1,S1_exp #858
rna,RNA-014598,INSERT,,, | ncbi_id=PA3140 | mRNA | is_srna=0 is_target=1,S1_exp #861
rna,RNA-014599,INSERT,,, | ncbi_id=PA5108 | mRNA | is_srna=0 is_target=1,S1_exp #863
rna,RNA-014600,INSERT,,, | ncbi_id=PA5178 | mRNA | is_srna=0 is_target=1,S1_exp #865
rna,RNA-014601,INSERT,,,lpdG | ncbi_id=PA1587 | mRNA | is_srna=0 is_target=1,S1_exp #867
rna,RNA-014602,INSERT,,,ftsJ | ncbi_id=PA4752 | mRNA | is_srna=0 is_target=1,S1_exp #869
rna,RNA-014603,INSERT,,,tagS1 | ncbi_id=PA0072 | mRNA | is_srna=0 is_target=1,S1_exp #870
rna,RNA-014604,INSERT,,,tle3 | ncbi_id=PA0260 | mRNA | is_srna=0 is_target=1,S1_exp #871
rna,RNA-014605,INSERT,,, | ncbi_id=PA1289 | mRNA | is_srna=0 is_target=1,S1_exp #872
rna,RNA-014606,INSERT,,, | ncbi_id=PA3091 | mRNA | is_srna=0 is_target=1,S1_exp #873
rna,RNA-014607,INSERT,,, | ncbi_id=PA4682 | mRNA | is_srna=0 is_target=1,S1_exp #874
rna,RNA-014608,INSERT,,,rubB | ncbi_id=PA5349 | mRNA | is_srna=0 is_target=1,S1_exp #876
rna,RNA-014609,INSERT,,,rpmG | ncbi_id=PA5315 | mRNA | is_srna=0 is_target=1,S1_exp #877
rna,RNA-014610,INSERT,,,lptA | ncbi_id=PA0005 | mRNA | is_srna=0 is_target=1,S1_exp #880
rna,RNA-014611,INSERT,,, | ncbi_id=PA4308 | mRNA | is_srna=0 is_target=1,S1_exp #881
rna,RNA-014612,INSERT,,, | ncbi_id=PA0968 | mRNA | is_srna=0 is_target=1,S1_exp #882
rna,RNA-014613,INSERT,,, | ncbi_id=PA0708.1 | mRNA | is_srna=0 is_target=1,S1_exp #883
rna,RNA-014614,INSERT,,, | ncbi_id=PA4578 | mRNA | is_srna=0 is_target=1,S1_exp #884
rna,RNA-014615,INSERT,,,norB | ncbi_id=PA0524 | mRNA | is_srna=0 is_target=1,S1_exp #885
rna,RNA-014616,INSERT,,,AS_PA4948 | ncbi_id= | antisense | is_srna=0 is_target=1,S1_exp #887
rna,RNA-014617,INSERT,,,AS_PA4365 | ncbi_id= | antisense | is_srna=0 is_target=1,S1_exp #889
rna,RNA-014618,INSERT,,,oprG | ncbi_id=PA4067 | mRNA | is_srna=0 is_target=1,S1_exp #891
rna,RNA-014619,INSERT,,,AS_ccoQ1 | ncbi_id= | antisense | is_srna=0 is_target=1,S1_exp #892
rna,RNA-014620,INSERT,,,PA0806.1 | ncbi_id=PA0806.1 | sRNA | is_srna=1 is_target=0,S1_exp #894
rna,RNA-014621,INSERT,,,AS_PA2172 | ncbi_id= | antisense | is_srna=0 is_target=1,S1_exp #896
rna,RNA-014622,INSERT,,, | ncbi_id=PA1369 | mRNA | is_srna=0 is_target=1,S1_exp #897
rna,RNA-014623,INSERT,,, | ncbi_id=PA1753 | mRNA | is_srna=0 is_target=1,S1_exp #899
rna,RNA-014624,INSERT,,, | ncbi_id=PA1400 | mRNA | is_srna=0 is_target=1,S1_exp #900
rna,RNA-014625,INSERT,,,tlpQ | ncbi_id=PA2654 | mRNA | is_srna=0 is_target=1,S1_exp #903
rna,RNA-014626,INSERT,,,hemH | ncbi_id=PA4655 | mRNA | is_srna=0 is_target=1,S1_exp #904
rna,RNA-014627,INSERT,,, | ncbi_id=PA0206 | mRNA | is_srna=0 is_target=1,S1_exp #906
rna,RNA-014628,INSERT,,, | ncbi_id=PA3472 | mRNA | is_srna=0 is_target=1,S1_exp #910
rna,RNA-014629,INSERT,,,pyrC | ncbi_id=PA3527 | mRNA | is_srna=0 is_target=1,S1_exp #913
rna,RNA-014630,INSERT,,, | ncbi_id=PA1419 | mRNA | is_srna=0 is_target=1,S1_exp #914
rna,RNA-014631,INSERT,,,opdH | ncbi_id=PA0755 | mRNA | is_srna=0 is_target=1,S1_exp #920
rna,RNA-014632,INSERT,,,nuoF | ncbi_id=PA2641 | mRNA | is_srna=0 is_target=1,S1_exp #921
rna,RNA-014633,INSERT,,, | ncbi_id=PA0391 | mRNA | is_srna=0 is_target=1,S1_exp #922
rna,RNA-014634,INSERT,,,Pant269 | ncbi_id= | sRNA | is_srna=0 is_target=1,S1_exp #923
rna,RNA-014635,INSERT,,,zipA | ncbi_id=PA1528 | mRNA | is_srna=0 is_target=1,S1_exp #924
rna,RNA-014636,INSERT,,,birA | ncbi_id=PA4280 | mRNA | is_srna=0 is_target=1,S1_exp #925
rna,RNA-014637,INSERT,,, | ncbi_id=PA2542 | mRNA | is_srna=0 is_target=1,S1_exp #927
rna,RNA-014638,INSERT,,,arcD | ncbi_id=PA5170 | mRNA | is_srna=0 is_target=1,S1_exp #930
rna,RNA-014639,INSERT,,, | ncbi_id=PA5433 | mRNA | is_srna=0 is_target=1,S1_exp #932
rna,RNA-014640,INSERT,,, | ncbi_id=PA3179 | mRNA | is_srna=0 is_target=1,S1_exp #933
rna,RNA-014641,INSERT,,, | ncbi_id=PA4939 | mRNA | is_srna=0 is_target=1,S1_exp #936
rna,RNA-014642,INSERT,,, | ncbi_id=PA2538 | mRNA | is_srna=0 is_target=1,S1_exp #943
rna,RNA-014643,INSERT,,,Pant54 | ncbi_id= | sRNA | is_srna=1 is_target=0,S1_exp #945
rna,RNA-014644,INSERT,,,bkdR | ncbi_id=PA2246 | mRNA | is_srna=0 is_target=1,S1_exp #945
rna,RNA-014645,INSERT,,,IG_PA3237_PA2338 | ncbi_id= | intergenic | is_srna=0 is_target=1,S1_exp #947
rna,RNA-014646,INSERT,,,trxB1 | ncbi_id=PA2616 | mRNA | is_srna=0 is_target=1,S1_exp #949
rna,RNA-014647,INSERT,,, | ncbi_id=PA0039 | mRNA | is_srna=0 is_target=1,S1_exp #951
rna,RNA-014648,INSERT,,, | ncbi_id=PA3969a | mRNA | is_srna=0 is_target=1,S1_exp #954
rna,RNA-014649,INSERT,,, | ncbi_id=PA0387 | mRNA | is_srna=0 is_target=1,S1_exp #956
rna,RNA-014650,INSERT,,, | ncbi_id=PA2735 | mRNA | is_srna=0 is_target=1,S1_exp #957
rna,RNA-014651,INSERT,,, | ncbi_id=PA1856 | mRNA | is_srna=0 is_target=1,S1_exp #958
rna,RNA-014652,INSERT,,, | ncbi_id=PA4115 | mRNA | is_srna=0 is_target=1,S1_exp #959
rna,RNA-014653,INSERT,,, | ncbi_id=PA1252 | mRNA | is_srna=0 is_target=1,S1_exp #960
rna,RNA-014654,INSERT,,,betI | ncbi_id=PA5374 | mRNA | is_srna=0 is_target=1,S1_exp #962
rna,RNA-014655,INSERT,,, | ncbi_id=PA0714 | mRNA | is_srna=0 is_target=1,S1_exp #965
rna,RNA-014656,INSERT,,, | ncbi_id=PA4991 | mRNA | is_srna=0 is_target=1,S1_exp #966
rna,RNA-014657,INSERT,,, | ncbi_id=PA5533 | mRNA | is_srna=0 is_target=1,S1_exp #969
rna,RNA-014658,INSERT,,,trmU | ncbi_id=PA2626 | mRNA | is_srna=0 is_target=1,S1_exp #972
rna,RNA-014659,INSERT,,,sdhA | ncbi_id=PA1583 | mRNA | is_srna=0 is_target=1,S1_exp #974
rna,RNA-014660,INSERT,,,rplO | ncbi_id=PA4244 | mRNA | is_srna=0 is_target=1,S1_exp #975
rna,RNA-014661,INSERT,,,IG_PA4080_cupB6 | ncbi_id= | antisense | is_srna=0 is_target=1,S1_exp #977
rna,RNA-014662,INSERT,,, | ncbi_id=PA2481 | mRNA | is_srna=0 is_target=1,S1_exp #986
rna,RNA-014663,INSERT,,, | ncbi_id=PA0213 | mRNA | is_srna=0 is_target=1,S1_exp #988
rna,RNA-014664,INSERT,,,purL | ncbi_id=PA3763 | mRNA | is_srna=0 is_target=1,S1_exp #992
rna,RNA-014665,INSERT,,,mucA | ncbi_id=PA0763 | mRNA | is_srna=0 is_target=1,S1_exp #993
rna,RNA-014666,INSERT,,,rluD | ncbi_id=PA4544 | mRNA | is_srna=0 is_target=1,S1_exp #994
rna,RNA-014667,INSERT,,, | ncbi_id=PA2534 | mRNA | is_srna=0 is_target=1,S1_exp #995
rna,RNA-014668,INSERT,,, | ncbi_id=PA3352 | mRNA | is_srna=0 is_target=1,S1_exp #996
rna,RNA-014669,INSERT,,, | ncbi_id=PA3966 | mRNA | is_srna=0 is_target=1,S1_stat #10
rna,RNA-014670,INSERT,,,Spa029 | ncbi_id= | sRNA | is_srna=0 is_target=1,S1_stat #31
rna,RNA-014671,INSERT,,, | ncbi_id=PA1414 | mRNA | is_srna=0 is_target=1,S1_stat #33
rna,RNA-014672,INSERT,,,IG_sdhB_sucA | ncbi_id= | intergenic | is_srna=0 is_target=1,S1_stat #37
rna,RNA-014673,INSERT,,, | ncbi_id=PA2867 | mRNA | is_srna=0 is_target=1,S1_stat #52
rna,RNA-014674,INSERT,,, | ncbi_id=PA3858 | mRNA | is_srna=0 is_target=1,S1_stat #69
rna,RNA-014675,INSERT,,, | ncbi_id=PA3785 | mRNA | is_srna=0 is_target=1,S1_stat #74
rna,RNA-014676,INSERT,,,miaA | ncbi_id=PA4945 | mRNA | is_srna=0 is_target=1,S1_stat #75
rna,RNA-014677,INSERT,,,infC | ncbi_id=PA2743 | mRNA | is_srna=0 is_target=1,S1_stat #78
rna,RNA-014678,INSERT,,,Pant66 | ncbi_id= | sRNA | is_srna=0 is_target=1,S1_stat #92
rna,RNA-014679,INSERT,,, | ncbi_id=PA3003 | mRNA | is_srna=0 is_target=1,S1_stat #93
rna,RNA-014680,INSERT,,,Spa095 | ncbi_id= | sRNA | is_srna=0 is_target=1,S1_stat #94
rna,RNA-014681,INSERT,,,AS_PA0920 | ncbi_id= | antisense | is_srna=0 is_target=1,S1_stat #97
rna,RNA-014682,INSERT,,,Spa097 | ncbi_id= | sRNA | is_srna=1 is_target=0,S1_stat #107
rna,RNA-014683,INSERT,,,cspD | ncbi_id=PA2622 | mRNA | is_srna=0 is_target=1,S1_stat #107
rna,RNA-014684,INSERT,,,ahpB | ncbi_id=PA0848 | mRNA | is_srna=0 is_target=1,S1_stat #110
rna,RNA-014685,INSERT,,,Spa079 | ncbi_id= | sRNA | is_srna=1 is_target=0,S1_stat #111
rna,RNA-014686,INSERT,,,lon | ncbi_id=PA1803 | mRNA | is_srna=0 is_target=1,S1_stat #120
rna,RNA-014687,INSERT,,,IG_PA2372_vgrG3 | ncbi_id= | intergenic | is_srna=0 is_target=1,S1_stat #127
rna,RNA-014688,INSERT,,,napA | ncbi_id=PA1174 | mRNA | is_srna=0 is_target=1,S1_stat #128
rna,RNA-014689,INSERT,,, | ncbi_id=PA1728 | mRNA | is_srna=0 is_target=1,S1_stat #132
rna,RNA-014690,INSERT,,,AmiL | ncbi_id=PA3366.1 | sRNA | is_srna=1 is_target=0,S1_stat #143
rna,RNA-014691,INSERT,,,ssg | ncbi_id=PA5001 | mRNA | is_srna=0 is_target=1,S1_stat #148
rna,RNA-014692,INSERT,,,ostA | ncbi_id=PA0595 | mRNA | is_srna=0 is_target=1,S1_stat #150
rna,RNA-014693,INSERT,,, | ncbi_id=PA1131 | mRNA | is_srna=0 is_target=1,S1_stat #152
rna,RNA-014694,INSERT,,,rcpC | ncbi_id=PA4305 | mRNA | is_srna=0 is_target=1,S1_stat #157
rna,RNA-014695,INSERT,,,Pant150 | ncbi_id= | sRNA | is_srna=0 is_target=1,S1_stat #158
rna,RNA-014696,INSERT,,,napB | ncbi_id=PA1173 | mRNA | is_srna=0 is_target=1,S1_stat #162
rna,RNA-014697,INSERT,,, | ncbi_id=PA3355 | mRNA | is_srna=0 is_target=1,S1_stat #171
rna,RNA-014698,INSERT,,,sadC | ncbi_id=PA4332 | mRNA | is_srna=0 is_target=1,S1_stat #173
rna,RNA-014699,INSERT,,,sigX | ncbi_id=PA1776 | mRNA | is_srna=0 is_target=1,S1_stat #175
rna,RNA-014700,INSERT,,,gidA | ncbi_id=PA5565 | mRNA | is_srna=0 is_target=1,S1_stat #176
rna,RNA-014701,INSERT,,, | ncbi_id=PA1747 | mRNA | is_srna=0 is_target=1,S1_stat #178
rna,RNA-014702,INSERT,,,AzoR3-3' | ncbi_id=PA3222.1 | sRNA | is_srna=1 is_target=0,S1_stat #185
rna,RNA-014703,INSERT,,, | ncbi_id=PA2779 | mRNA | is_srna=0 is_target=1,S1_stat #186
rna,RNA-014704,INSERT,,,Pant109 | ncbi_id= | sRNA | is_srna=1 is_target=1,S1_stat #187
rna,RNA-014705,INSERT,,,Sr032 | ncbi_id= | sRNA | is_srna=1 is_target=0,S1_stat #189
rna,RNA-014706,INSERT,,,AS_PA1366 | ncbi_id= | antisense | is_srna=0 is_target=1,S1_stat #196
rna,RNA-014707,INSERT,,,Spa005 | ncbi_id= | sRNA | is_srna=0 is_target=1,S1_stat #197
rna,RNA-014708,INSERT,,,pslC | ncbi_id=PA2233 | mRNA | is_srna=0 is_target=1,S1_stat #207
rna,RNA-014709,INSERT,,, | ncbi_id=PA5290 | mRNA | is_srna=0 is_target=1,S1_stat #208
rna,RNA-014710,INSERT,,, | ncbi_id=PA4420 | mRNA | is_srna=0 is_target=1,S1_stat #211
rna,RNA-014711,INSERT,,,IG_PA0981-0982 | ncbi_id= | intergenic | is_srna=0 is_target=1,S1_stat #218
rna,RNA-014712,INSERT,,,bphO | ncbi_id=PA4116 | mRNA | is_srna=0 is_target=1,S1_stat #224
rna,RNA-014713,INSERT,,, | ncbi_id=PA1752 | mRNA | is_srna=0 is_target=1,S1_stat #227
rna,RNA-014714,INSERT,,, | ncbi_id=PA2046 | mRNA | is_srna=0 is_target=1,S1_stat #230
rna,RNA-014715,INSERT,,,AS_PA0712 | ncbi_id= | antisense | is_srna=0 is_target=1,S1_stat #232
rna,RNA-014716,INSERT,,,napC | ncbi_id=PA1172 | mRNA | is_srna=0 is_target=1,S1_stat #234
rna,RNA-014717,INSERT,,, | ncbi_id=PA4368 | mRNA | is_srna=0 is_target=1,S1_stat #235
rna,RNA-014718,INSERT,,, | ncbi_id=PA3415 | mRNA | is_srna=0 is_target=1,S1_stat #240
rna,RNA-014719,INSERT,,,dppB | ncbi_id=PA4503 | mRNA | is_srna=0 is_target=1,S1_stat #242
rna,RNA-014720,INSERT,,,mucP | ncbi_id=PA3649 | mRNA | is_srna=0 is_target=1,S1_stat #243
rna,RNA-014721,INSERT,,, | ncbi_id=PA2788 | mRNA | is_srna=0 is_target=1,S1_stat #244
rna,RNA-014722,INSERT,,, | ncbi_id=PA2756 | mRNA | is_srna=0 is_target=1,S1_stat #251
rna,RNA-014723,INSERT,,,IG_PA3835-PA3836 | ncbi_id= | intergenic | is_srna=0 is_target=1,S1_stat #252
rna,RNA-014724,INSERT,,, | ncbi_id=PA1527 | mRNA | is_srna=0 is_target=1,S1_stat #259
rna,RNA-014725,INSERT,,,Pant102 | ncbi_id= | sRNA | is_srna=1 is_target=0,S1_stat #261
rna,RNA-014726,INSERT,,, | ncbi_id=PA1542 | mRNA | is_srna=0 is_target=1,S1_stat #262
rna,RNA-014727,INSERT,,,guaB | ncbi_id=PA3770 | mRNA | is_srna=0 is_target=1,S1_stat #263
rna,RNA-014728,INSERT,,, | ncbi_id=PA1245 | mRNA | is_srna=0 is_target=1,S1_stat #265
rna,RNA-014729,INSERT,,, | ncbi_id=PA2814 | mRNA | is_srna=0 is_target=1,S1_stat #269
rna,RNA-014730,INSERT,,,IG_lecA-tRNA-Leu | ncbi_id= | intergenic | is_srna=0 is_target=1,S1_stat #272
rna,RNA-014731,INSERT,,,clpV3 | ncbi_id=PA2371 | mRNA | is_srna=0 is_target=1,S1_stat #273
rna,RNA-014732,INSERT,,, | ncbi_id=PA0268 | mRNA | is_srna=0 is_target=1,S1_stat #279
rna,RNA-014733,INSERT,,, | ncbi_id=PA1682 | mRNA | is_srna=0 is_target=1,S1_stat #282
rna,RNA-014734,INSERT,,,hsiB3 | ncbi_id=PA2365 | mRNA | is_srna=0 is_target=1,S1_stat #286
rna,RNA-014735,INSERT,,, | ncbi_id=PA3535 | mRNA | is_srna=0 is_target=1,S1_stat #287
rna,RNA-014736,INSERT,,,hptB | ncbi_id=PA3345 | mRNA | is_srna=0 is_target=1,S1_stat #290
rna,RNA-014737,INSERT,,, | ncbi_id=PA1181 | mRNA | is_srna=0 is_target=1,S1_stat #294
rna,RNA-014738,INSERT,,,AS_alkA | ncbi_id= | antisense | is_srna=0 is_target=1,S1_stat #300
rna,RNA-014739,INSERT,,,AS_PA2953 | ncbi_id= | antisense | is_srna=0 is_target=1,S1_stat #311
rna,RNA-014740,INSERT,,,clpB | ncbi_id=PA4542 | mRNA | is_srna=0 is_target=1,S1_stat #313
rna,RNA-014741,INSERT,,, | ncbi_id=PA3309 | mRNA | is_srna=0 is_target=1,S1_stat #314
rna,RNA-014742,INSERT,,, | ncbi_id=PA2759 | mRNA | is_srna=0 is_target=1,S1_stat #315
rna,RNA-014743,INSERT,,,lasB | ncbi_id=PA3724 | mRNA | is_srna=0 is_target=1,S1_stat #316
rna,RNA-014744,INSERT,,,AS_arnF | ncbi_id= | antisense | is_srna=0 is_target=1,S1_stat #321
rna,RNA-014745,INSERT,,,IG_sbp_0824 | ncbi_id= | intergenic | is_srna=0 is_target=1,S1_stat #322
rna,RNA-014746,INSERT,,,AS_PA1829 | ncbi_id= | antisense | is_srna=0 is_target=1,S1_stat #323
rna,RNA-014747,INSERT,,,AS_PA2318 | ncbi_id= | antisense | is_srna=0 is_target=1,S1_stat #324
rna,RNA-014748,INSERT,,,PA1507-3' | ncbi_id=PA1506.1 | sRNA | is_srna=1 is_target=0,S1_stat #327
rna,RNA-014749,INSERT,,, | ncbi_id=PA3185 | mRNA | is_srna=0 is_target=1,S1_stat #327
rna,RNA-014750,INSERT,,, | ncbi_id=PA1650 | mRNA | is_srna=0 is_target=1,S1_stat #328
rna,RNA-014751,INSERT,,,5_utr_PA2770 | ncbi_id= | sRNA | is_srna=1 is_target=0,S1_stat #330
rna,RNA-014752,INSERT,,,Spa113 | ncbi_id= | sRNA | is_srna=0 is_target=1,S1_stat #343
rna,RNA-014753,INSERT,,, | ncbi_id=PA2372 | mRNA | is_srna=0 is_target=1,S1_stat #346
rna,RNA-014754,INSERT,,,nppD | ncbi_id=PA1807 | mRNA | is_srna=0 is_target=1,S1_stat #347
rna,RNA-014755,INSERT,,,AS_PA1940 | ncbi_id= | antisense | is_srna=0 is_target=1,S1_stat #355
rna,RNA-014756,INSERT,,,Spa108 | ncbi_id= | sRNA | is_srna=0 is_target=1,S1_stat #362
rna,RNA-014757,INSERT,,,Spa002 | ncbi_id= | sRNA | is_srna=0 is_target=1,S1_stat #367
rna,RNA-014758,INSERT,,,carA | ncbi_id=PA4758 | mRNA | is_srna=0 is_target=1,S1_stat #376
rna,RNA-014759,INSERT,,,rbsR | ncbi_id=PA1949 | mRNA | is_srna=0 is_target=1,S1_stat #377
rna,RNA-014760,INSERT,,, | ncbi_id=PA0953 | mRNA | is_srna=0 is_target=1,S1_stat #378
rna,RNA-014761,INSERT,,,AS_PA2760 | ncbi_id= | antisense | is_srna=0 is_target=1,S1_stat #379
rna,RNA-014762,INSERT,,,cupE2 | ncbi_id=PA4649 | mRNA | is_srna=0 is_target=1,S1_stat #388
rna,RNA-014763,INSERT,,, | ncbi_id=PA5019 | mRNA | is_srna=0 is_target=1,S1_stat #391
rna,RNA-014764,INSERT,,, | ncbi_id=PA1888 | mRNA | is_srna=0 is_target=1,S1_stat #393
rna,RNA-014765,INSERT,,,IG_PA5210-PA5211 | ncbi_id= | intergenic | is_srna=0 is_target=1,S1_stat #394
rna,RNA-014766,INSERT,,,AS_PA3139 | ncbi_id= | antisense | is_srna=0 is_target=1,S1_stat #400
rna,RNA-014767,INSERT,,,AS_PA5018 | ncbi_id= | antisense | is_srna=0 is_target=1,S1_stat #401
rna,RNA-014768,INSERT,,, | ncbi_id=PA1287 | mRNA | is_srna=0 is_target=1,S1_stat #402
rna,RNA-014769,INSERT,,,IG_PA4132-PA4133 | ncbi_id= | intergenic | is_srna=0 is_target=1,S1_stat #409
rna,RNA-014770,INSERT,,,pchA | ncbi_id=PA4231 | mRNA | is_srna=0 is_target=1,S1_stat #410
rna,RNA-014771,INSERT,,,ftsH | ncbi_id=PA4751 | mRNA | is_srna=0 is_target=1,S1_stat #411
rna,RNA-014772,INSERT,,, | ncbi_id=PA3529 | mRNA | is_srna=0 is_target=1,S1_stat #413
rna,RNA-014773,INSERT,,,AS_Pant321 | ncbi_id= | antisense | is_srna=0 is_target=1,S1_stat #418
rna,RNA-014774,INSERT,,,bolA | ncbi_id=PA0857 | mRNA | is_srna=0 is_target=1,S1_stat #420
rna,RNA-014775,INSERT,,,RnpB | ncbi_id=PA4421.1 | sRNA | is_srna=0 is_target=1,S1_stat #424
rna,RNA-014776,INSERT,,, | ncbi_id=PA1835 | mRNA | is_srna=0 is_target=1,S1_stat #429
rna,RNA-014777,INSERT,,, | ncbi_id=PA1646 | mRNA | is_srna=0 is_target=1,S1_stat #432
rna,RNA-014778,INSERT,,,pilY1 | ncbi_id=PA4554 | mRNA | is_srna=0 is_target=1,S1_stat #436
rna,RNA-014779,INSERT,,,tadZ | ncbi_id=PA4303 | mRNA | is_srna=0 is_target=1,S1_stat #439
rna,RNA-014780,INSERT,,, | ncbi_id=PA5440 | mRNA | is_srna=0 is_target=1,S1_stat #448
rna,RNA-014781,INSERT,,, | ncbi_id=PA4009 | mRNA | is_srna=0 is_target=1,S1_stat #450
rna,RNA-014782,INSERT,,,AS_phaF | ncbi_id= | antisense | is_srna=0 is_target=1,S1_stat #451
rna,RNA-014783,INSERT,,,rbsA | ncbi_id=PA1947 | mRNA | is_srna=0 is_target=1,S1_stat #454
rna,RNA-014784,INSERT,,,lytB | ncbi_id=PA4557 | mRNA | is_srna=0 is_target=1,S1_stat #461
rna,RNA-014785,INSERT,,, | ncbi_id=PA3079 | mRNA | is_srna=0 is_target=1,S1_stat #466
rna,RNA-014786,INSERT,,,AS_PA1346 | ncbi_id= | antisense | is_srna=0 is_target=1,S1_stat #468
rna,RNA-014787,INSERT,,,AS_PA4653 | ncbi_id= | antisense | is_srna=0 is_target=1,S1_stat #472
rna,RNA-014788,INSERT,,,pnp | ncbi_id=PA4740 | mRNA | is_srna=0 is_target=1,S1_stat #478
rna,RNA-014789,INSERT,,,foxA | ncbi_id=PA2466 | mRNA | is_srna=0 is_target=1,S1_stat #485
rna,RNA-014790,INSERT,,, | ncbi_id=PA4573 | mRNA | is_srna=0 is_target=1,S1_stat #486
rna,RNA-014791,INSERT,,,cheR1 | ncbi_id=PA3348 | mRNA | is_srna=0 is_target=1,S1_stat #501
rna,RNA-014792,INSERT,,,pslF | ncbi_id=PA2236 | mRNA | is_srna=0 is_target=1,S1_stat #506
rna,RNA-014793,INSERT,,,pslI | ncbi_id=PA2239 | mRNA | is_srna=0 is_target=1,S1_stat #508
rna,RNA-014794,INSERT,,, | ncbi_id=PA1595 | mRNA | is_srna=0 is_target=1,S1_stat #512
rna,RNA-014795,INSERT,,,Pant87 | ncbi_id= | sRNA | is_srna=0 is_target=1,S1_stat #518
rna,RNA-014796,INSERT,,,AS_PA1251 | ncbi_id= | antisense | is_srna=0 is_target=1,S1_stat #521
rna,RNA-014797,INSERT,,, | ncbi_id=PA1366 | mRNA | is_srna=0 is_target=1,S1_stat #522
rna,RNA-014798,INSERT,,,Pant314 | ncbi_id= | sRNA | is_srna=0 is_target=1,S1_stat #524
rna,RNA-014799,INSERT,,,AS_PA1914 | ncbi_id= | antisense | is_srna=0 is_target=1,S1_stat #525
rna,RNA-014800,INSERT,,,AS_kdpE | ncbi_id= | antisense | is_srna=0 is_target=1,S1_stat #528
rna,RNA-014801,INSERT,,,tsaP | ncbi_id=PA0020 | mRNA | is_srna=0 is_target=1,S1_stat #531
rna,RNA-014802,INSERT,,, | ncbi_id=PA4535 | mRNA | is_srna=0 is_target=1,S1_stat #534
rna,RNA-014803,INSERT,,,Spa064 | ncbi_id= | sRNA | is_srna=1 is_target=0,S1_stat #539
rna,RNA-014804,INSERT,,,iscU | ncbi_id=PA3813 | mRNA | is_srna=0 is_target=1,S1_stat #540
rna,RNA-014805,INSERT,,, | ncbi_id=PA0919 | mRNA | is_srna=0 is_target=1,S1_stat #543
rna,RNA-014806,INSERT,,,IG_PA1331_1332 | ncbi_id= | intergenic | is_srna=0 is_target=1,S1_stat #545
rna,RNA-014807,INSERT,,,ftsA | ncbi_id=PA4408 | mRNA | is_srna=0 is_target=1,S1_stat #547
rna,RNA-014808,INSERT,,,IG_PA3463-3464 | ncbi_id= | intergenic | is_srna=0 is_target=1,S1_stat #548
rna,RNA-014809,INSERT,,, | ncbi_id=PA2930 | mRNA | is_srna=0 is_target=1,S1_stat #551
rna,RNA-014810,INSERT,,, | ncbi_id=PA2801 | mRNA | is_srna=0 is_target=1,S1_stat #555
rna,RNA-014811,INSERT,,,AS_pcs | ncbi_id= | antisense | is_srna=0 is_target=1,S1_stat #559
rna,RNA-014812,INSERT,,,AS_PA0579 | ncbi_id= | antisense | is_srna=0 is_target=1,S1_stat #560
rna,RNA-014813,INSERT,,, | ncbi_id=PA4576 | mRNA | is_srna=0 is_target=1,S1_stat #561
rna,RNA-014814,INSERT,,, | ncbi_id=PA2030 | mRNA | is_srna=0 is_target=1,S1_stat #562
rna,RNA-014815,INSERT,,, | ncbi_id=PA4218 | mRNA | is_srna=0 is_target=1,S1_stat #564
rna,RNA-014816,INSERT,,,IG_spoT_PA5339 | ncbi_id= | antisense | is_srna=0 is_target=1,S1_stat #571
rna,RNA-014817,INSERT,,, | ncbi_id=PA1440 | mRNA | is_srna=0 is_target=1,S1_stat #580
rna,RNA-014818,INSERT,,,IG_PA0041a-PA0042 | ncbi_id= | intergenic | is_srna=0 is_target=1,S1_stat #581
rna,RNA-014819,INSERT,,, | ncbi_id=PA1876 | mRNA | is_srna=0 is_target=1,S1_stat #585
rna,RNA-014820,INSERT,,,Pant215 | ncbi_id= | sRNA | is_srna=1 is_target=0,S1_stat #586
rna,RNA-014821,INSERT,,,IG_plcH_PA0845 | ncbi_id= | intergenic | is_srna=0 is_target=1,S1_stat #586
rna,RNA-014822,INSERT,,, | ncbi_id=PA2606 | mRNA | is_srna=0 is_target=1,S1_stat #588
rna,RNA-014823,INSERT,,, | ncbi_id=PA5020 | mRNA | is_srna=0 is_target=1,S1_stat #596
rna,RNA-014824,INSERT,,,IG_PA5467_5468 | ncbi_id= | intergenic | is_srna=0 is_target=1,S1_stat #598
rna,RNA-014825,INSERT,,,AS_infC | ncbi_id= | antisense | is_srna=0 is_target=1,S1_stat #602
rna,RNA-014826,INSERT,,, | ncbi_id=PA4278 | mRNA | is_srna=0 is_target=1,S1_stat #604
rna,RNA-014827,INSERT,,, | ncbi_id=PA0804 | mRNA | is_srna=0 is_target=1,S1_stat #607
rna,RNA-014828,INSERT,,,cupE1 | ncbi_id=PA4648 | mRNA | is_srna=0 is_target=1,S1_stat #609
rna,RNA-014829,INSERT,,,nppA1 | ncbi_id=PA1811 | mRNA | is_srna=0 is_target=1,S1_stat #611
rna,RNA-014830,INSERT,,, | ncbi_id=PA1357 | mRNA | is_srna=0 is_target=1,S1_stat #614
rna,RNA-014831,INSERT,,, | ncbi_id=PA4746.2 | tRNA | is_srna=0 is_target=1,S1_stat #619
rna,RNA-014832,INSERT,,,IG_pvdP_PA2393 | ncbi_id= | intergenic | is_srna=0 is_target=1,S1_stat #620
rna,RNA-014833,INSERT,,,xcpQ | ncbi_id=PA3105 | mRNA | is_srna=0 is_target=1,S1_stat #621
rna,RNA-014834,INSERT,,, | ncbi_id=PA3116 | mRNA | is_srna=0 is_target=1,S1_stat #622
rna,RNA-014835,INSERT,,,rhlA | ncbi_id=PA3479 | mRNA | is_srna=0 is_target=1,S1_stat #630
rna,RNA-014836,INSERT,,,amiC | ncbi_id=PA3364 | mRNA | is_srna=0 is_target=1,S1_stat #631
rna,RNA-014837,INSERT,,,AS_PA0990 | ncbi_id= | antisense | is_srna=0 is_target=1,S1_stat #633
rna,RNA-014838,INSERT,,,himA | ncbi_id=PA2738 | mRNA | is_srna=0 is_target=1,S1_stat #646
rna,RNA-014839,INSERT,,, | ncbi_id=PA3413 | mRNA | is_srna=0 is_target=1,S1_stat #654
rna,RNA-014840,INSERT,,, | ncbi_id=PA4948 | mRNA | is_srna=0 is_target=1,S1_stat #658
rna,RNA-014841,INSERT,,,AS_uraA | ncbi_id= | antisense | is_srna=0 is_target=1,S1_stat #659
rna,RNA-014842,INSERT,,,cioB | ncbi_id=PA3929 | mRNA | is_srna=0 is_target=1,S1_stat #666
rna,RNA-014843,INSERT,,, | ncbi_id=PA1133 | mRNA | is_srna=0 is_target=1,S1_stat #676
rna,RNA-014844,INSERT,,, | ncbi_id=PA0912 | mRNA | is_srna=0 is_target=1,S1_stat #680
rna,RNA-014845,INSERT,,,muxB | ncbi_id=PA2527 | mRNA | is_srna=0 is_target=1,S1_stat #682
rna,RNA-014846,INSERT,,,sadB | ncbi_id=PA5346 | mRNA | is_srna=0 is_target=1,S1_stat #683
rna,RNA-014847,INSERT,,,AS_pys2 | ncbi_id= | antisense | is_srna=0 is_target=1,S1_stat #686
rna,RNA-014848,INSERT,,,napF | ncbi_id=PA1176 | mRNA | is_srna=0 is_target=1,S1_stat #691
rna,RNA-014849,INSERT,,, | ncbi_id=PA3022 | mRNA | is_srna=0 is_target=1,S1_stat #692
rna,RNA-014850,INSERT,,, | ncbi_id=PA2798 | mRNA | is_srna=0 is_target=1,S1_stat #694
rna,RNA-014851,INSERT,,, | ncbi_id=PA5456 | mRNA | is_srna=0 is_target=1,S1_stat #695
rna,RNA-014852,INSERT,,, | ncbi_id=PA0032 | mRNA | is_srna=0 is_target=1,S1_stat #697
rna,RNA-014853,INSERT,,, | ncbi_id=PA3923 | mRNA | is_srna=0 is_target=1,S1_stat #698
rna,RNA-014854,INSERT,,, | ncbi_id=PA0751 | mRNA | is_srna=0 is_target=1,S1_stat #700
rna,RNA-002540,UPDATE,ncbi_id,,PA3476.1,S1_exp #2
rna,RNA-002447,UPDATE,ncbi_id,,PA5492.1,S1_exp #46
rna,RNA-002532,UPDATE,ncbi_id,,PA3535.1,S1_exp #233
rna,RNA-010028,UPDATE,is_target,0,1,rol observado en Dataset S1
rna,RNA-002540,UPDATE,is_target,0,1,rol observado en Dataset S1
rna,RNA-002447,UPDATE,is_target,0,1,rol observado en Dataset S1
rna,RNA-002443,UPDATE,is_target,0,1,rol observado en Dataset S1
rna,RNA-010293,UPDATE,is_target,0,1,rol observado en Dataset S1
rna_synonym,RNA-002540,INSERT,synonym,,SPA104,S1_exp #2
rna_synonym,RNA-014031,INSERT,synonym,,Spa93,S1_exp #7
rna_synonym,RNA-014062,INSERT,synonym,,Spa38,S1_exp #51
rna_synonym,RNA-014080,INSERT,synonym,,Spa70,S1_exp #76
rna_synonym,RNA-014086,INSERT,synonym,,Spa181,S1_exp #82
rna_synonym,RNA-014090,INSERT,synonym,,IG_PA1370-1371,S1_exp #86
rna_synonym,RNA-014124,INSERT,synonym,,AS_PA0714.1,S1_exp #128
rna_synonym,RNA-014144,INSERT,synonym,,Spa101,S1_exp #152
rna_synonym,RNA-014172,INSERT,synonym,,IG_PA2991-2992,S1_exp #198
rna_synonym,RNA-014192,INSERT,synonym,,AS_PA2958.1,S1_exp #222
rna_synonym,RNA-014194,INSERT,synonym,,AS_PA5013,S1_exp #224
rna_synonym,RNA-014195,INSERT,synonym,,IG_PA0668_PA0668.1,S1_exp #225
rna_synonym,RNA-014227,INSERT,synonym,,IG_PA2465_66,S1_exp #272
rna_synonym,RNA-014255,INSERT,synonym,,AS_PA3654,S1_exp #310
rna_synonym,RNA-014287,INSERT,synonym,,AS_PA4196,S1_exp #354
rna_synonym,RNA-014300,INSERT,synonym,,AS_PA5143,S1_exp #377
rna_synonym,RNA-014353,INSERT,synonym,,AS_PA4588,S1_exp #460
rna_synonym,RNA-014354,INSERT,synonym,,IG_PA3708_PA3709,S1_exp #461
rna_synonym,RNA-014357,INSERT,synonym,,IG_PA5300-PA5301,S1_exp #469
rna_synonym,RNA-014372,INSERT,synonym,,AS_PA4527,S1_exp #493
rna_synonym,RNA-014090,INSERT,synonym,,IG_PA3159_PA3160,S1_exp #512
rna_synonym,RNA-014416,INSERT,synonym,,AS_PA3147,S1_exp #560
rna_synonym,RNA-014472,INSERT,synonym,,IG_PA3384_PA3385,S1_exp #647
rna_synonym,RNA-014486,INSERT,synonym,,AS_PA4315,S1_exp #671
rna_synonym,RNA-014566,INSERT,synonym,,IG_PA5308-PA5309,S1_exp #809
rna_synonym,RNA-014574,INSERT,synonym,,IG_PA4204-PA4205,S1_exp #820
rna_synonym,RNA-014582,INSERT,synonym,,AS_PA5086,S1_exp #833
rna_synonym,RNA-014584,INSERT,synonym,,AS_PA5087,S1_exp #835
rna_synonym,RNA-014597,INSERT,synonym,,AS_PA5292,S1_exp #858
rna_synonym,RNA-014619,INSERT,synonym,,AS_PA1552,S1_exp #892
rna_synonym,RNA-014661,INSERT,synonym,,IG_PA4080-P4081,S1_exp #977
rna_synonym,RNA-014672,INSERT,synonym,,IG_PA1584_1585,S1_stat #37
rna_synonym,RNA-014680,INSERT,synonym,,sRNA1059,S1_stat #94
rna_synonym,RNA-014687,INSERT,synonym,,IG_PA2372_PA2373,S1_stat #127
rna_synonym,RNA-014730,INSERT,synonym,,IG_PA2570-PA2570.1,S1_stat #272
rna_synonym,RNA-014067,INSERT,synonym,,BetT1-5',S1_stat #277
rna_synonym,RNA-014738,INSERT,synonym,,AS_PA1686,S1_stat #300
rna_synonym,RNA-014744,INSERT,synonym,,AS_PA3559,S1_stat #321
rna_synonym,RNA-014745,INSERT,synonym,,IG_PA0283_0824,S1_stat #322
rna_synonym,RNA-014751,INSERT,synonym,,PA2770_5',S1_stat #330
rna_synonym,RNA-014782,INSERT,synonym,,AS_PA5060,S1_stat #451
rna_synonym,RNA-014795,INSERT,synonym,,PA0788a,S1_stat #518
rna_synonym,RNA-014800,INSERT,synonym,,AS_PA1637,S1_stat #528
rna_synonym,RNA-014811,INSERT,synonym,,AS_PA3857,S1_stat #559
rna_synonym,RNA-014062,INSERT,synonym,,Sr63,S1_stat #567
rna_synonym,RNA-014816,INSERT,synonym,,IG_PA5338-5339,S1_stat #571
rna_synonym,RNA-014821,INSERT,synonym,,IG_PA0844_0845,S1_stat #586
rna_synonym,RNA-014825,INSERT,synonym,,AS_PA2743,S1_stat #602
rna_synonym,RNA-014832,INSERT,synonym,,IG_PA2392_93,S1_stat #620
rna_synonym,RNA-014841,INSERT,synonym,,AS_PA4647,S1_stat #659
rna_synonym,RNA-014847,INSERT,synonym,,AS_PA1150,S1_stat #686
interaction,INT-029657,INSERT,,,RNA-010028 (PhrS) -> RNA-002182 (rpsP),S1_exp #1
interaction,INT-029658,INSERT,,,RNA-002540 (RhlS) -> RNA-001834 (CrcZ),S1_exp #2
interaction,INT-029659,INSERT,,,RNA-010028 (PhrS) -> RNA-014028 (fhp),S1_exp #3
interaction,INT-029660,INSERT,,,RNA-010028 (PhrS) -> RNA-014029 (PA3965),S1_exp #4
interaction,INT-029661,INSERT,,,RNA-010028 (PhrS) -> RNA-014030 (Spa121),S1_exp #5
interaction,INT-029662,INSERT,,,RNA-014031 (Pant445) -> RNA-001834 (CrcZ),S1_exp #7
interaction,INT-029663,INSERT,,,RNA-010028 (PhrS) -> RNA-002058 (PA4606),S1_exp #8
interaction,INT-029664,INSERT,,,RNA-010028 (PhrS) -> RNA-002311 (PA5301),S1_exp #9
interaction,INT-029665,INSERT,,,RNA-014032 (OprB-3') -> RNA-001834 (CrcZ),S1_exp #10
interaction,INT-029666,INSERT,,,RNA-010028 (PhrS) -> RNA-001834 (CrcZ),S1_exp #12
interaction,INT-029667,INSERT,,,RNA-010028 (PhrS) -> RNA-014033 (hmgA),S1_exp #13
interaction,INT-029668,INSERT,,,RNA-014034 (BetZ) -> RNA-001834 (CrcZ),S1_exp #14
interaction,INT-029669,INSERT,,,RNA-014035 (PA0160.1) -> RNA-001834 (CrcZ),S1_exp #15
interaction,INT-029670,INSERT,,,RNA-001834 (CrcZ) -> RNA-014036 (P30),S1_exp #16
interaction,INT-029671,INSERT,,,RNA-014037 (AS2779) -> RNA-001834 (CrcZ),S1_exp #17
interaction,INT-029672,INSERT,,,RNA-010028 (PhrS) -> RNA-014038 (rplT),S1_exp #18
interaction,INT-029673,INSERT,,,RNA-010028 (PhrS) -> RNA-014039 (PA3340),S1_exp #19
interaction,INT-029674,INSERT,,,RNA-010028 (PhrS) -> RNA-001870 (fdnG),S1_exp #20
interaction,INT-029675,INSERT,,,RNA-010028 (PhrS) -> RNA-014040 (P14),S1_exp #21
interaction,INT-029676,INSERT,,,RNA-010028 (PhrS) -> RNA-014041 (PA5180),S1_exp #22
interaction,INT-029677,INSERT,,,RNA-010028 (PhrS) -> RNA-014042 (PA1592),S1_exp #23
interaction,INT-029678,INSERT,,,RNA-010028 (PhrS) -> RNA-014043 (wzz2),S1_exp #24
interaction,INT-029679,INSERT,,,RNA-010028 (PhrS) -> RNA-014044 (PA2482),S1_exp #25
interaction,INT-029680,INSERT,,,RNA-010028 (PhrS) -> RNA-002118 (PA1759),S1_exp #26
interaction,INT-029681,INSERT,,,RNA-001834 (CrcZ) -> RNA-002003 (PA5314),S1_exp #27
interaction,INT-029682,INSERT,,,RNA-010028 (PhrS) -> RNA-014045 (wbpI),S1_exp #28
interaction,INT-029683,INSERT,,,RNA-010028 (PhrS) -> RNA-002398 (amrZ),S1_exp #29
interaction,INT-029684,INSERT,,,RNA-010028 (PhrS) -> RNA-014046 (PA5244),S1_exp #32
interaction,INT-029685,INSERT,,,RNA-010028 (PhrS) -> RNA-014047 (PA3070),S1_exp #33
interaction,INT-029686,INSERT,,,RNA-010028 (PhrS) -> RNA-002191 (hpd),S1_exp #34
interaction,INT-029687,INSERT,,,RNA-010028 (PhrS) -> RNA-002238 (PA0082),S1_exp #35
interaction,INT-029688,INSERT,,,RNA-010028 (PhrS) -> RNA-014048 (PA4621),S1_exp #36
interaction,INT-029689,INSERT,,,RNA-010028 (PhrS) -> RNA-014049 (PA1458),S1_exp #37
interaction,INT-029690,INSERT,,,RNA-010028 (PhrS) -> RNA-014050 (PA3771),S1_exp #38
interaction,INT-029691,INSERT,,,RNA-010028 (PhrS) -> RNA-002055 (nrdB),S1_exp #39
interaction,INT-029692,INSERT,,,RNA-014051 (AspA-3') -> RNA-014052 (gltB),S1_exp #40
interaction,INT-029693,INSERT,,,RNA-010028 (PhrS) -> RNA-014053 (PA4094),S1_exp #41
interaction,INT-029694,INSERT,,,RNA-010028 (PhrS) -> RNA-014054 (PA5185as),S1_exp #42
interaction,INT-029695,INSERT,,,RNA-010028 (PhrS) -> RNA-014055 (PA0946),S1_exp #43
interaction,INT-029696,INSERT,,,RNA-010028 (PhrS) -> RNA-014056 (PA1613),S1_exp #44
interaction,INT-029697,INSERT,,,RNA-010028 (PhrS) -> RNA-014057 (PA1746),S1_exp #45
interaction,INT-029698,INSERT,,,RNA-010028 (PhrS) -> RNA-002447 (ErsA),S1_exp #46
interaction,INT-029699,INSERT,,,RNA-010028 (PhrS) -> RNA-014058 (PA1209),S1_exp #47
interaction,INT-029700,INSERT,,,RNA-010028 (PhrS) -> RNA-014059 (accB),S1_exp #48
interaction,INT-029701,INSERT,,,RNA-010028 (PhrS) -> RNA-014060 (PA5506),S1_exp #49
interaction,INT-029702,INSERT,,,RNA-010028 (PhrS) -> RNA-014061 (wbpJ),S1_exp #50
interaction,INT-029703,INSERT,,,RNA-014062 (Sr063) -> RNA-014063 (wbpL),S1_exp #51
interaction,INT-029704,INSERT,,,RNA-010028 (PhrS) -> RNA-014064 (atpI),S1_exp #52
interaction,INT-029705,INSERT,,,RNA-010028 (PhrS) -> RNA-001847 (PA1069),S1_exp #53
interaction,INT-029706,INSERT,,,RNA-010028 (PhrS) -> RNA-014065 (PA3755),S1_exp #54
interaction,INT-029707,INSERT,,,RNA-014066 (PrrH) -> RNA-002443 (Sr0161),S1_exp #55
interaction,INT-029708,INSERT,,,RNA-010028 (PhrS) -> RNA-014067 (5_utr_betTI),S1_exp #56
interaction,INT-029709,INSERT,,,RNA-010028 (PhrS) -> RNA-001929 (PA3270),S1_exp #57
interaction,INT-029710,INSERT,,,RNA-010028 (PhrS) -> RNA-014068 (pauC),S1_exp #58
interaction,INT-029711,INSERT,,,RNA-010028 (PhrS) -> RNA-002365 (PA2006),S1_exp #59
interaction,INT-029712,INSERT,,,RNA-010028 (PhrS) -> RNA-014069 (dsbH),S1_exp #60
interaction,INT-029713,INSERT,,,RNA-010028 (PhrS) -> RNA-014070 (PA3534),S1_exp #61
interaction,INT-029714,INSERT,,,RNA-010028 (PhrS) -> RNA-014071 (carB),S1_exp #62
interaction,INT-029715,INSERT,,,RNA-010028 (PhrS) -> RNA-002160 (PA4787),S1_exp #63
interaction,INT-029716,INSERT,,,RNA-014062 (Sr063) -> RNA-001834 (CrcZ),S1_exp #64
interaction,INT-029717,INSERT,,,RNA-014072 (PA3449.1) -> RNA-001834 (CrcZ),S1_exp #65
interaction,INT-029718,INSERT,,,RNA-001834 (CrcZ) -> RNA-014073 (rpoB),S1_exp #66
interaction,INT-029719,INSERT,,,RNA-010028 (PhrS) -> RNA-014074 (PA4331),S1_exp #67
interaction,INT-029720,INSERT,,,RNA-010028 (PhrS) -> RNA-014075 (chpA),S1_exp #68
interaction,INT-029721,INSERT,,,RNA-014076 (PA0217-5') -> RNA-001834 (CrcZ),S1_exp #69
interaction,INT-029722,INSERT,,,RNA-010028 (PhrS) -> RNA-014077 (PA3307),S1_exp #70
interaction,INT-029723,INSERT,,,RNA-010028 (PhrS) -> RNA-009967 (antR),S1_exp #71
interaction,INT-029724,INSERT,,,RNA-010028 (PhrS) -> RNA-002443 (Sr0161),S1_exp #72
interaction,INT-029725,INSERT,,,RNA-010028 (PhrS) -> RNA-014078 (mvfR),S1_exp #73
interaction,INT-029726,INSERT,,,RNA-010028 (PhrS) -> RNA-001987 (PA5348),S1_exp #74
interaction,INT-029727,INSERT,,,RNA-010028 (PhrS) -> RNA-014079 (zwf),S1_exp #75
interaction,INT-029728,INSERT,,,RNA-010028 (PhrS) -> RNA-014080 (Pant70),S1_exp #76
interaction,INT-029729,INSERT,,,RNA-010028 (PhrS) -> RNA-014081 (erbR),S1_exp #77
interaction,INT-029730,INSERT,,,RNA-010028 (PhrS) -> RNA-014082 (oprH),S1_exp #78
interaction,INT-029731,INSERT,,,RNA-010028 (PhrS) -> RNA-014083 (PA0921),S1_exp #79
interaction,INT-029732,INSERT,,,RNA-010028 (PhrS) -> RNA-014084 (PA0218),S1_exp #80
interaction,INT-029733,INSERT,,,RNA-010028 (PhrS) -> RNA-014085 (mucC),S1_exp #81
interaction,INT-029734,INSERT,,,RNA-010028 (PhrS) -> RNA-014086 (Sr065),S1_exp #82
interaction,INT-029735,INSERT,,,RNA-010028 (PhrS) -> RNA-014087 (Spa170),S1_exp #83
interaction,INT-029736,INSERT,,,RNA-014062 (Sr063) -> RNA-014088 (PA4746.1),S1_exp #84
interaction,INT-029737,INSERT,,,RNA-010028 (PhrS) -> RNA-014089 (PA0099),S1_exp #85
interaction,INT-029738,INSERT,,,RNA-010028 (PhrS) -> RNA-014090 (IG_wbpA_wzz),S1_exp #86
interaction,INT-029739,INSERT,,,RNA-010028 (PhrS) -> RNA-014091 (mvaT),S1_exp #87
interaction,INT-029740,INSERT,,,RNA-010028 (PhrS) -> RNA-001846 (katA),S1_exp #88
interaction,INT-029741,INSERT,,,RNA-014051 (AspA-3') -> RNA-014092 (P8),S1_exp #89
interaction,INT-029742,INSERT,,,RNA-010028 (PhrS) -> RNA-014093 (PA3940),S1_exp #90
interaction,INT-029743,INSERT,,,RNA-014031 (Pant445) -> RNA-002122 (PA3081),S1_exp #91
interaction,INT-029744,INSERT,,,RNA-010028 (PhrS) -> RNA-014094 (PA0976.1),S1_exp #92
interaction,INT-029745,INSERT,,,RNA-010028 (PhrS) -> RNA-014095 (PA3208),S1_exp #93
interaction,INT-029746,INSERT,,,RNA-010028 (PhrS) -> RNA-014096 (PA4571),S1_exp #94
interaction,INT-029747,INSERT,,,RNA-001834 (CrcZ) -> RNA-014030 (Spa121),S1_exp #95
interaction,INT-029748,INSERT,,,RNA-010028 (PhrS) -> RNA-014097 (pilM),S1_exp #96
interaction,INT-029749,INSERT,,,RNA-010028 (PhrS) -> RNA-014098 (AS_PA4570),S1_exp #97
interaction,INT-029750,INSERT,,,RNA-010028 (PhrS) -> RNA-014099 (PA0821),S1_exp #98
interaction,INT-029751,INSERT,,,RNA-010028 (PhrS) -> RNA-014100 (fliC),S1_exp #99
interaction,INT-029752,INSERT,,,RNA-010028 (PhrS) -> RNA-014101 (oprL),S1_exp #100
interaction,INT-029753,INSERT,,,RNA-010028 (PhrS) -> RNA-014102 (PA1053),S1_exp #101
interaction,INT-029754,INSERT,,,RNA-010028 (PhrS) -> RNA-014103 (clpX),S1_exp #102
interaction,INT-029755,INSERT,,,RNA-010028 (PhrS) -> RNA-014063 (wbpL),S1_exp #103
interaction,INT-029756,INSERT,,,RNA-010028 (PhrS) -> RNA-014104 (rpmB),S1_exp #104
interaction,INT-029757,INSERT,,,RNA-010028 (PhrS) -> RNA-014105 (cifR),S1_exp #105
interaction,INT-029758,INSERT,,,RNA-010028 (PhrS) -> RNA-002215 (rplE),S1_exp #106
interaction,INT-029759,INSERT,,,RNA-010028 (PhrS) -> RNA-014106 (dnaG),S1_exp #107
interaction,INT-029760,INSERT,,,RNA-010028 (PhrS) -> RNA-014107 (mfd),S1_exp #108
interaction,INT-029761,INSERT,,,RNA-010028 (PhrS) -> RNA-014108 (AS_PA3868),S1_exp #109
interaction,INT-029762,INSERT,,,RNA-010028 (PhrS) -> RNA-014109 (rplR),S1_exp #110
interaction,INT-029763,INSERT,,,RNA-010028 (PhrS) -> RNA-014110 (PA3789),S1_exp #111
interaction,INT-029764,INSERT,,,RNA-010028 (PhrS) -> RNA-014111 (PA3139),S1_exp #112
interaction,INT-029765,INSERT,,,RNA-010028 (PhrS) -> RNA-014112 (Sr066),S1_exp #113
interaction,INT-029766,INSERT,,,RNA-010028 (PhrS) -> RNA-014113 (hsbD),S1_exp #114
interaction,INT-029767,INSERT,,,RNA-010028 (PhrS) -> RNA-014114 (PA3894),S1_exp #115
interaction,INT-029768,INSERT,,,RNA-010028 (PhrS) -> RNA-014115 (PA4654),S1_exp #116
interaction,INT-029769,INSERT,,,RNA-014051 (AspA-3') -> RNA-002050 (pntAA),S1_exp #117
interaction,INT-029770,INSERT,,,RNA-010028 (PhrS) -> RNA-014116 (AS_PA2372),S1_exp #118
interaction,INT-029771,INSERT,,,RNA-010028 (PhrS) -> RNA-014117 (PA1200),S1_exp #119
interaction,INT-029772,INSERT,,,RNA-010028 (PhrS) -> RNA-002377 (PA4130),S1_exp #120
interaction,INT-029773,INSERT,,,RNA-010028 (PhrS) -> RNA-014118 (betB),S1_exp #121
interaction,INT-029774,INSERT,,,RNA-010028 (PhrS) -> RNA-001934 (PA1963),S1_exp #122
interaction,INT-029775,INSERT,,,RNA-014119 (QuiP-3') -> RNA-002208 (gbt),S1_exp #123
interaction,INT-029776,INSERT,,,RNA-010028 (PhrS) -> RNA-014120 (ladS),S1_exp #124
interaction,INT-029777,INSERT,,,RNA-010028 (PhrS) -> RNA-014121 (Sr012),S1_exp #125
interaction,INT-029778,INSERT,,,RNA-010028 (PhrS) -> RNA-014122 (acsB),S1_exp #126
interaction,INT-029779,INSERT,,,RNA-010028 (PhrS) -> RNA-014123 (PA0215),S1_exp #127
interaction,INT-029780,INSERT,,,RNA-014062 (Sr063) -> RNA-014124 (AS_PhrD),S1_exp #128
interaction,INT-029781,INSERT,,,RNA-014066 (PrrH) -> RNA-001835 (PA5491),S1_exp #129
interaction,INT-029782,INSERT,,,RNA-010028 (PhrS) -> RNA-014125 (ftsW),S1_exp #130
interaction,INT-029783,INSERT,,,RNA-010028 (PhrS) -> RNA-014126 (PA1371),S1_exp #131
interaction,INT-029784,INSERT,,,RNA-014051 (AspA-3') -> RNA-001958 (PA0119),S1_exp #132
interaction,INT-029785,INSERT,,,RNA-010028 (PhrS) -> RNA-014127 (Spa103),S1_exp #133
interaction,INT-029786,INSERT,,,RNA-001834 (CrcZ) -> RNA-014128 (PA0252),S1_exp #134
interaction,INT-029787,INSERT,,,RNA-010028 (PhrS) -> RNA-014129 (ppk),S1_exp #135
interaction,INT-029788,INSERT,,,RNA-010028 (PhrS) -> RNA-014130 (gdhB),S1_exp #136
interaction,INT-029789,INSERT,,,RNA-010028 (PhrS) -> RNA-014131 (AS_Pant259),S1_exp #137
interaction,INT-029790,INSERT,,,RNA-010028 (PhrS) -> RNA-002277 (cioA),S1_exp #138
interaction,INT-029791,INSERT,,,RNA-010028 (PhrS) -> RNA-014132 (uraA),S1_exp #139
interaction,INT-029792,INSERT,,,RNA-010028 (PhrS) -> RNA-014133 (hilR),S1_exp #140
interaction,INT-029793,INSERT,,,RNA-010028 (PhrS) -> RNA-014134 (PA3080),S1_exp #141
interaction,INT-029794,INSERT,,,RNA-010028 (PhrS) -> RNA-014135 (plsX),S1_exp #143
interaction,INT-029795,INSERT,,,RNA-010028 (PhrS) -> RNA-014136 (fgtA),S1_exp #144
interaction,INT-029796,INSERT,,,RNA-010028 (PhrS) -> RNA-014137 (Pant340),S1_exp #145
interaction,INT-029797,INSERT,,,RNA-014138 (AceF-3') -> RNA-014139 (PA5061),S1_exp #146
interaction,INT-029798,INSERT,,,RNA-010028 (PhrS) -> RNA-014140 (Sr151),S1_exp #147
interaction,INT-029799,INSERT,,,RNA-010028 (PhrS) -> RNA-014141 (algP),S1_exp #148
interaction,INT-029800,INSERT,,,RNA-014072 (PA3449.1) -> RNA-014142 (fusA1),S1_exp #149
interaction,INT-029801,INSERT,,,RNA-010028 (PhrS) -> RNA-014143 (PA1420),S1_exp #150
interaction,INT-029802,INSERT,,,RNA-010028 (PhrS) -> RNA-014073 (rpoB),S1_exp #151
interaction,INT-029803,INSERT,,,RNA-010028 (PhrS) -> RNA-014144 (Pant133),S1_exp #152
interaction,INT-029804,INSERT,,,RNA-014066 (PrrH) -> RNA-001870 (fdnG),S1_exp #153
interaction,INT-029805,INSERT,,,RNA-010028 (PhrS) -> RNA-002385 (spuA),S1_exp #154
interaction,INT-029806,INSERT,,,RNA-010028 (PhrS) -> RNA-014145 (wbpA),S1_exp #156
interaction,INT-029807,INSERT,,,RNA-010028 (PhrS) -> RNA-014146 (Pant148),S1_exp #157
interaction,INT-029808,INSERT,,,RNA-010028 (PhrS) -> RNA-014147 (PA4669.1),S1_exp #158
interaction,INT-029809,INSERT,,,RNA-010028 (PhrS) -> RNA-014148 (PA1096),S1_exp #159
interaction,INT-029810,INSERT,,,RNA-010028 (PhrS) -> RNA-014149 (PA5435),S1_exp #160
interaction,INT-029811,INSERT,,,RNA-010028 (PhrS) -> RNA-014150 (psdR),S1_exp #161
interaction,INT-029812,INSERT,,,RNA-010028 (PhrS) -> RNA-014151 (infB),S1_exp #162
interaction,INT-029813,INSERT,,,RNA-010028 (PhrS) -> RNA-014152 (PA0462),S1_exp #163
interaction,INT-029814,INSERT,,,RNA-010028 (PhrS) -> RNA-014153 (PA1418),S1_exp #164
interaction,INT-029815,INSERT,,,RNA-010028 (PhrS) -> RNA-014154 (PA4016),S1_exp #167
interaction,INT-029816,INSERT,,,RNA-010028 (PhrS) -> RNA-014155 (hfq),S1_exp #168
interaction,INT-029817,INSERT,,,RNA-010028 (PhrS) -> RNA-002449 (braC),S1_exp #169
interaction,INT-029818,INSERT,,,RNA-014051 (AspA-3') -> RNA-014156 (Pant130),S1_exp #170
interaction,INT-029819,INSERT,,,RNA-010028 (PhrS) -> RNA-002085 (rpsN),S1_exp #171
interaction,INT-029820,INSERT,,,RNA-010028 (PhrS) -> RNA-014157 (ftsI),S1_exp #172
interaction,INT-029821,INSERT,,,RNA-010028 (PhrS) -> RNA-014158 (feoB),S1_exp #173
interaction,INT-029822,INSERT,,,RNA-010028 (PhrS) -> RNA-002274 (PA1991),S1_exp #174
interaction,INT-029823,INSERT,,,RNA-001834 (CrcZ) -> RNA-014159 (wzz),S1_exp #175
interaction,INT-029824,INSERT,,,RNA-010028 (PhrS) -> RNA-014160 (rnr),S1_exp #176
interaction,INT-029825,INSERT,,,RNA-010028 (PhrS) -> RNA-014161 (mreB),S1_exp #177
interaction,INT-029826,INSERT,,,RNA-010028 (PhrS) -> RNA-014162 (PA3884),S1_exp #178
interaction,INT-029827,INSERT,,,RNA-010028 (PhrS) -> RNA-014163 (ssrA),S1_exp #180
interaction,INT-029828,INSERT,,,RNA-010028 (PhrS) -> RNA-014164 (pslA),S1_exp #181
interaction,INT-029829,INSERT,,,RNA-010028 (PhrS) -> RNA-014165 (clpA),S1_exp #182
interaction,INT-029830,INSERT,,,RNA-010028 (PhrS) -> RNA-014166 (PA3784),S1_exp #183
interaction,INT-029831,INSERT,,,RNA-010028 (PhrS) -> RNA-002330 (sdhD),S1_exp #184
interaction,INT-029832,INSERT,,,RNA-010028 (PhrS) -> RNA-014167 (nirS),S1_exp #185
interaction,INT-029833,INSERT,,,RNA-014066 (PrrH) -> RNA-001891 (PA3602),S1_exp #186
interaction,INT-029834,INSERT,,,RNA-010028 (PhrS) -> RNA-014159 (wzz),S1_exp #187
interaction,INT-029835,INSERT,,,RNA-014066 (PrrH) -> RNA-001860 (PA4880),S1_exp #188
interaction,INT-029836,INSERT,,,RNA-010028 (PhrS) -> RNA-014168 (PA5523),S1_exp #189
interaction,INT-029837,INSERT,,,RNA-010028 (PhrS) -> RNA-014169 (hslU),S1_exp #190
interaction,INT-029838,INSERT,,,RNA-001834 (CrcZ) -> RNA-002091 (PA1518),S1_exp #192
interaction,INT-029839,INSERT,,,RNA-014066 (PrrH) -> RNA-001868 (sodB),S1_exp #193
interaction,INT-029840,INSERT,,,RNA-010028 (PhrS) -> RNA-014170 (secA),S1_exp #194
interaction,INT-029841,INSERT,,,RNA-010028 (PhrS) -> RNA-002425 (bkdA1),S1_exp #195
interaction,INT-029842,INSERT,,,RNA-010028 (PhrS) -> RNA-014171 (PA1031),S1_exp #196
interaction,INT-029843,INSERT,,,RNA-014036 (P30) -> RNA-001834 (CrcZ),S1_exp #197
interaction,INT-029844,INSERT,,,RNA-010028 (PhrS) -> RNA-014172 (IG_sth-PA2992),S1_exp #198
interaction,INT-029845,INSERT,,,RNA-010028 (PhrS) -> RNA-014173 (PA3275),S1_exp #199
interaction,INT-029846,INSERT,,,RNA-001834 (CrcZ) -> RNA-002182 (rpsP),S1_exp #200
interaction,INT-029847,INSERT,,,RNA-010028 (PhrS) -> RNA-014174 (wzy),S1_exp #201
interaction,INT-029848,INSERT,,,RNA-010028 (PhrS) -> RNA-014175 (PA4319),S1_exp #202
interaction,INT-029849,INSERT,,,RNA-014051 (AspA-3') -> RNA-014176 (gdhA),S1_exp #203
interaction,INT-029850,INSERT,,,RNA-010028 (PhrS) -> RNA-014177 (ampG),S1_exp #204
interaction,INT-029851,INSERT,,,RNA-010028 (PhrS) -> RNA-014178 (tli3),S1_exp #205
interaction,INT-029852,INSERT,,,RNA-010028 (PhrS) -> RNA-014179 (tolQ),S1_exp #206
interaction,INT-029853,INSERT,,,RNA-010028 (PhrS) -> RNA-014180 (IG_PA4702-03),S1_exp #207
interaction,INT-029854,INSERT,,,RNA-010028 (PhrS) -> RNA-014181 (PA5006),S1_exp #208
interaction,INT-029855,INSERT,,,RNA-010028 (PhrS) -> RNA-014182 (pfeR),S1_exp #209
interaction,INT-029856,INSERT,,,RNA-010028 (PhrS) -> RNA-014183 (bacA),S1_exp #210
interaction,INT-029857,INSERT,,,RNA-010028 (PhrS) -> RNA-002110 (PA5526),S1_exp #213
interaction,INT-029858,INSERT,,,RNA-010028 (PhrS) -> RNA-014184 (glnA),S1_exp #214
interaction,INT-029859,INSERT,,,RNA-010028 (PhrS) -> RNA-014185 (shaD),S1_exp #215
interaction,INT-029860,INSERT,,,RNA-010028 (PhrS) -> RNA-014186 (PA1198),S1_exp #216
interaction,INT-029861,INSERT,,,RNA-010028 (PhrS) -> RNA-014187 (ccpR),S1_exp #217
interaction,INT-029862,INSERT,,,RNA-010028 (PhrS) -> RNA-014188 (PA2730),S1_exp #218
interaction,INT-029863,INSERT,,,RNA-010028 (PhrS) -> RNA-014189 (PA2177),S1_exp #219
interaction,INT-029864,INSERT,,,RNA-010028 (PhrS) -> RNA-014190 (PA3157),S1_exp #220
interaction,INT-029865,INSERT,,,RNA-010028 (PhrS) -> RNA-014191 (Spa164),S1_exp #221
interaction,INT-029866,INSERT,,,RNA-014062 (Sr063) -> RNA-014192 (AS_rgsA),S1_exp #222
interaction,INT-029867,INSERT,,,RNA-010028 (PhrS) -> RNA-014193 (phaF),S1_exp #223
interaction,INT-029868,INSERT,,,RNA-010028 (PhrS) -> RNA-014194 (AS_ilvE),S1_exp #224
interaction,INT-029869,INSERT,,,RNA-014051 (AspA-3') -> RNA-014195 (IG_tyrZ_16S),S1_exp #225
interaction,INT-029870,INSERT,,,RNA-010028 (PhrS) -> RNA-014196 (PA4943),S1_exp #226
interaction,INT-029871,INSERT,,,RNA-014051 (AspA-3') -> RNA-014094 (PA0976.1),S1_exp #227
interaction,INT-029872,INSERT,,,RNA-010028 (PhrS) -> RNA-014197 (PA4436),S1_exp #228
interaction,INT-029873,INSERT,,,RNA-001834 (CrcZ) -> RNA-014198 (AS_PA1509),S1_exp #229
interaction,INT-029874,INSERT,,,RNA-014138 (AceF-3') -> RNA-014104 (rpmB),S1_exp #231
interaction,INT-029875,INSERT,,,RNA-010028 (PhrS) -> RNA-014199 (pilB),S1_exp #232
interaction,INT-029876,INSERT,,,RNA-002532 (ReaL) -> RNA-014039 (PA3340),S1_exp #233
interaction,INT-029877,INSERT,,,RNA-010028 (PhrS) -> RNA-001891 (PA3602),S1_exp #234
interaction,INT-029878,INSERT,,,RNA-010028 (PhrS) -> RNA-014200 (PA5505),S1_exp #235
interaction,INT-029879,INSERT,,,RNA-010028 (PhrS) -> RNA-014201 (gltA),S1_exp #236
interaction,INT-029880,INSERT,,,RNA-010028 (PhrS) -> RNA-014202 (PA4344),S1_exp #237
interaction,INT-029881,INSERT,,,RNA-010028 (PhrS) -> RNA-002143 (spuC),S1_exp #238
interaction,INT-029882,INSERT,,,RNA-010028 (PhrS) -> RNA-014203 (PA3573),S1_exp #239
interaction,INT-029883,INSERT,,,RNA-010028 (PhrS) -> RNA-014204 (tig),S1_exp #240
interaction,INT-029884,INSERT,,,RNA-010028 (PhrS) -> RNA-014205 (rpmD),S1_exp #243
interaction,INT-029885,INSERT,,,RNA-010028 (PhrS) -> RNA-014192 (AS_rgsA),S1_exp #244
interaction,INT-029886,INSERT,,,RNA-010028 (PhrS) -> RNA-014206 (PA4523),S1_exp #245
interaction,INT-029887,INSERT,,,RNA-010028 (PhrS) -> RNA-014207 (hpcC),S1_exp #246
interaction,INT-029888,INSERT,,,RNA-010028 (PhrS) -> RNA-014208 (PA3110),S1_exp #247
interaction,INT-029889,INSERT,,,RNA-001834 (CrcZ) -> RNA-014209 (PA0760),S1_exp #248
interaction,INT-029890,INSERT,,,RNA-010028 (PhrS) -> RNA-014210 (pilO),S1_exp #249
interaction,INT-029891,INSERT,,,RNA-014051 (AspA-3') -> RNA-014211 (Spa047),S1_exp #251
interaction,INT-029892,INSERT,,,RNA-014212 (BkdZ) -> RNA-014213 (Spa077),S1_exp #252
interaction,INT-029893,INSERT,,,RNA-010028 (PhrS) -> RNA-001949 (PA0492),S1_exp #253
interaction,INT-029894,INSERT,,,RNA-010028 (PhrS) -> RNA-014214 (PA2802),S1_exp #254
interaction,INT-029895,INSERT,,,RNA-014062 (Sr063) -> RNA-014215 (mobA),S1_exp #255
interaction,INT-029896,INSERT,,,RNA-010028 (PhrS) -> RNA-014216 (PA0540),S1_exp #256
interaction,INT-029897,INSERT,,,RNA-002540 (RhlS) -> RNA-014217 (PA2760),S1_exp #257
interaction,INT-029898,INSERT,,,RNA-010028 (PhrS) -> RNA-014218 (adk),S1_exp #258
interaction,INT-029899,INSERT,,,RNA-010028 (PhrS) -> RNA-014219 (wzx),S1_exp #259
interaction,INT-029900,INSERT,,,RNA-010028 (PhrS) -> RNA-014220 (gapA),S1_exp #260
interaction,INT-029901,INSERT,,,RNA-014062 (Sr063) -> RNA-014221 (AS_Sr063/Spa38),S1_exp #261
interaction,INT-029902,INSERT,,,RNA-010028 (PhrS) -> RNA-014222 (PA3943),S1_exp #262
interaction,INT-029903,INSERT,,,RNA-010028 (PhrS) -> RNA-014223 (rpmA),S1_exp #263
interaction,INT-029904,INSERT,,,RNA-010028 (PhrS) -> RNA-014224 (amgS),S1_exp #264
interaction,INT-029905,INSERT,,,RNA-010028 (PhrS) -> RNA-014225 (pgl),S1_exp #267
interaction,INT-029906,INSERT,,,RNA-010028 (PhrS) -> RNA-014226 (ptpA),S1_exp #268
interaction,INT-029907,INSERT,,,RNA-010028 (PhrS) -> RNA-002438 (tpiA),S1_exp #270
interaction,INT-029908,INSERT,,,RNA-010028 (PhrS) -> RNA-014227 (IG_PA2465-foxA),S1_exp #272
interaction,INT-029909,INSERT,,,RNA-014228 (Pant72) -> RNA-014186 (PA1198),S1_exp #273
interaction,INT-029910,INSERT,,,RNA-010028 (PhrS) -> RNA-014229 (mexF),S1_exp #274
interaction,INT-029911,INSERT,,,RNA-010028 (PhrS) -> RNA-014230 (PA0200),S1_exp #275
interaction,INT-029912,INSERT,,,RNA-014066 (PrrH) -> RNA-001961 (PA1551),S1_exp #276
interaction,INT-029913,INSERT,,,RNA-010028 (PhrS) -> RNA-014231 (PA1890),S1_exp #277
interaction,INT-029914,INSERT,,,RNA-010028 (PhrS) -> RNA-014232 (PA5279),S1_exp #278
interaction,INT-029915,INSERT,,,RNA-010028 (PhrS) -> RNA-014233 (PA1831),S1_exp #279
interaction,INT-029916,INSERT,,,RNA-010028 (PhrS) -> RNA-014234 (IG_PA0952_PA0953),S1_exp #280
interaction,INT-029917,INSERT,,,RNA-010028 (PhrS) -> RNA-014235 (hprA),S1_exp #281
interaction,INT-029918,INSERT,,,RNA-010028 (PhrS) -> RNA-014236 (rmf),S1_exp #282
interaction,INT-029919,INSERT,,,RNA-010028 (PhrS) -> RNA-001980 (PA4430),S1_exp #283
interaction,INT-029920,INSERT,,,RNA-010028 (PhrS) -> RNA-002138 (PA3465),S1_exp #284
interaction,INT-029921,INSERT,,,RNA-010028 (PhrS) -> RNA-014237 (tolA),S1_exp #285
interaction,INT-029922,INSERT,,,RNA-010028 (PhrS) -> RNA-014238 (lptG),S1_exp #286
interaction,INT-029923,INSERT,,,RNA-010028 (PhrS) -> RNA-014239 (PA4463),S1_exp #287
interaction,INT-029924,INSERT,,,RNA-014031 (Pant445) -> RNA-014240 (rpoN),S1_exp #288
interaction,INT-029925,INSERT,,,RNA-010028 (PhrS) -> RNA-014241 (hemC),S1_exp #289
interaction,INT-029926,INSERT,,,RNA-014062 (Sr063) -> RNA-014083 (PA0921),S1_exp #290
interaction,INT-029927,INSERT,,,RNA-010028 (PhrS) -> RNA-001853 (PA4423),S1_exp #291
interaction,INT-029928,INSERT,,,RNA-010028 (PhrS) -> RNA-014242 (PA2797),S1_exp #292
interaction,INT-029929,INSERT,,,RNA-010028 (PhrS) -> RNA-014243 (PA4961),S1_exp #293
interaction,INT-029930,INSERT,,,RNA-010028 (PhrS) -> RNA-014244 (PA4806),S1_exp #294
interaction,INT-029931,INSERT,,,RNA-010028 (PhrS) -> RNA-014245 (AS_PA4757),S1_exp #295
interaction,INT-029932,INSERT,,,RNA-010028 (PhrS) -> RNA-014246 (morA),S1_exp #296
interaction,INT-029933,INSERT,,,RNA-010028 (PhrS) -> RNA-014247 (AS_PA2117),S1_exp #298
interaction,INT-029934,INSERT,,,RNA-010028 (PhrS) -> RNA-014248 (AS_PA4624),S1_exp #299
interaction,INT-029935,INSERT,,,RNA-010028 (PhrS) -> RNA-002292 (cmk),S1_exp #301
interaction,INT-029936,INSERT,,,RNA-010028 (PhrS) -> RNA-014249 (PA3836),S1_exp #302
interaction,INT-029937,INSERT,,,RNA-010028 (PhrS) -> RNA-014250 (PA1093),S1_exp #304
interaction,INT-029938,INSERT,,,RNA-010028 (PhrS) -> RNA-014251 (AS_PA4800),S1_exp #305
interaction,INT-029939,INSERT,,,RNA-010028 (PhrS) -> RNA-014252 (fleQ),S1_exp #306
interaction,INT-029940,INSERT,,,RNA-010028 (PhrS) -> RNA-014253 (PA4623),S1_exp #307
interaction,INT-029941,INSERT,,,RNA-010028 (PhrS) -> RNA-002301 (rpsF),S1_exp #308
interaction,INT-029942,INSERT,,,RNA-010028 (PhrS) -> RNA-014254 (PA3031),S1_exp #309
interaction,INT-029943,INSERT,,,RNA-010028 (PhrS) -> RNA-014255 (AS_pyrH),S1_exp #310
interaction,INT-029944,INSERT,,,RNA-010028 (PhrS) -> RNA-014256 (alaS),S1_exp #311
interaction,INT-029945,INSERT,,,RNA-001834 (CrcZ) -> RNA-014257 (PA0922.1),S1_exp #313
interaction,INT-029946,INSERT,,,RNA-010028 (PhrS) -> RNA-014052 (gltB),S1_exp #314
interaction,INT-029947,INSERT,,,RNA-001834 (CrcZ) -> RNA-014039 (PA3340),S1_exp #315
interaction,INT-029948,INSERT,,,RNA-010028 (PhrS) -> RNA-014258 (PA0113),S1_exp #316
interaction,INT-029949,INSERT,,,RNA-010028 (PhrS) -> RNA-014259 (AS_PA2852),S1_exp #317
interaction,INT-029950,INSERT,,,RNA-010028 (PhrS) -> RNA-014209 (PA0760),S1_exp #318
interaction,INT-029951,INSERT,,,RNA-010028 (PhrS) -> RNA-002044 (coxB),S1_exp #319
interaction,INT-029952,INSERT,,,RNA-010028 (PhrS) -> RNA-014260 (dnaA),S1_exp #320
interaction,INT-029953,INSERT,,,RNA-001834 (CrcZ) -> RNA-014261 (ccoP2),S1_exp #322
interaction,INT-029954,INSERT,,,RNA-010028 (PhrS) -> RNA-014262 (hemB),S1_exp #323
interaction,INT-029955,INSERT,,,RNA-001834 (CrcZ) -> RNA-014263 (def),S1_exp #325
interaction,INT-029956,INSERT,,,RNA-010028 (PhrS) -> RNA-014264 (lexA),S1_exp #326
interaction,INT-029957,INSERT,,,RNA-010028 (PhrS) -> RNA-014265 (PA1372),S1_exp #327
interaction,INT-029958,INSERT,,,RNA-010028 (PhrS) -> RNA-014266 (rplM),S1_exp #329
interaction,INT-029959,INSERT,,,RNA-010028 (PhrS) -> RNA-014267 (AS_PA4165),S1_exp #330
interaction,INT-029960,INSERT,,,RNA-010028 (PhrS) -> RNA-014268 (PA0937),S1_exp #331
interaction,INT-029961,INSERT,,,RNA-010028 (PhrS) -> RNA-014269 (rplU),S1_exp #332
interaction,INT-029962,INSERT,,,RNA-010028 (PhrS) -> RNA-014270 (PA1463),S1_exp #333
interaction,INT-029963,INSERT,,,RNA-014066 (PrrH) -> RNA-014271 (PA0916),S1_exp #334
interaction,INT-029964,INSERT,,,RNA-010028 (PhrS) -> RNA-014272 (PA0148),S1_exp #335
interaction,INT-029965,INSERT,,,RNA-010028 (PhrS) -> RNA-002298 (PA5551),S1_exp #336
interaction,INT-029966,INSERT,,,RNA-010028 (PhrS) -> RNA-014273 (PA2865),S1_exp #337
interaction,INT-029967,INSERT,,,RNA-010028 (PhrS) -> RNA-014274 (rpsG),S1_exp #338
interaction,INT-029968,INSERT,,,RNA-010028 (PhrS) -> RNA-014275 (lasI),S1_exp #339
interaction,INT-029969,INSERT,,,RNA-010028 (PhrS) -> RNA-014276 (AS_PA2221),S1_exp #340
interaction,INT-029970,INSERT,,,RNA-010028 (PhrS) -> RNA-014277 (PA3215),S1_exp #341
interaction,INT-029971,INSERT,,,RNA-010028 (PhrS) -> RNA-014278 (dsdA),S1_exp #342
interaction,INT-029972,INSERT,,,RNA-010028 (PhrS) -> RNA-014279 (pvdD),S1_exp #343
interaction,INT-029973,INSERT,,,RNA-010028 (PhrS) -> RNA-014280 (gor),S1_exp #344
interaction,INT-029974,INSERT,,,RNA-010028 (PhrS) -> RNA-014281 (lbcA),S1_exp #345
interaction,INT-029975,INSERT,,,RNA-010028 (PhrS) -> RNA-014195 (IG_tyrZ_16S),S1_exp #347
interaction,INT-029976,INSERT,,,RNA-014138 (AceF-3') -> RNA-002076 (vfr),S1_exp #348
interaction,INT-029977,INSERT,,,RNA-010028 (PhrS) -> RNA-014282 (IG_PA1151_PA1152),S1_exp #349
interaction,INT-029978,INSERT,,,RNA-010028 (PhrS) -> RNA-014283 (PA4520),S1_exp #350
interaction,INT-029979,INSERT,,,RNA-010028 (PhrS) -> RNA-014284 (rpoH),S1_exp #351
interaction,INT-029980,INSERT,,,RNA-010028 (PhrS) -> RNA-014285 (PA4697),S1_exp #352
interaction,INT-029981,INSERT,,,RNA-010028 (PhrS) -> RNA-014286 (AS_PA4923),S1_exp #353
interaction,INT-029982,INSERT,,,RNA-014138 (AceF-3') -> RNA-014287 (AS_bfiR),S1_exp #354
interaction,INT-029983,INSERT,,,RNA-001834 (CrcZ) -> RNA-014048 (PA4621),S1_exp #355
interaction,INT-029984,INSERT,,,RNA-010028 (PhrS) -> RNA-014288 (shaB),S1_exp #356
interaction,INT-029985,INSERT,,,RNA-010028 (PhrS) -> RNA-002010 (gbdR),S1_exp #357
interaction,INT-029986,INSERT,,,RNA-010028 (PhrS) -> RNA-014289 (Spa115),S1_exp #358
interaction,INT-029987,INSERT,,,RNA-001834 (CrcZ) -> RNA-002311 (PA5301),S1_exp #359
interaction,INT-029988,INSERT,,,RNA-010028 (PhrS) -> RNA-014290 (wbpD),S1_exp #360
interaction,INT-029989,INSERT,,,RNA-010028 (PhrS) -> RNA-001961 (PA1551),S1_exp #361
interaction,INT-029990,INSERT,,,RNA-014138 (AceF-3') -> RNA-002302 (PA2119),S1_exp #362
interaction,INT-029991,INSERT,,,RNA-010028 (PhrS) -> RNA-014291 (asd),S1_exp #364
interaction,INT-029992,INSERT,,,RNA-014138 (AceF-3') -> RNA-014292 (Sr139),S1_exp #365
interaction,INT-029993,INSERT,,,RNA-010028 (PhrS) -> RNA-014293 (PA0431),S1_exp #366
interaction,INT-029994,INSERT,,,RNA-010028 (PhrS) -> RNA-002212 (PA5313),S1_exp #367
interaction,INT-029995,INSERT,,,RNA-010028 (PhrS) -> RNA-014294 (pilQ),S1_exp #368
interaction,INT-029996,INSERT,,,RNA-010028 (PhrS) -> RNA-014295 (PA4699),S1_exp #369
interaction,INT-029997,INSERT,,,RNA-010028 (PhrS) -> RNA-014296 (NtrC-3'),S1_exp #370
interaction,INT-029998,INSERT,,,RNA-010028 (PhrS) -> RNA-002417 (PA2793),S1_exp #371
interaction,INT-029999,INSERT,,,RNA-010028 (PhrS) -> RNA-014297 (gcvP1),S1_exp #372
interaction,INT-030000,INSERT,,,RNA-001834 (CrcZ) -> RNA-014298 (PA0340),S1_exp #373
interaction,INT-030001,INSERT,,,RNA-010028 (PhrS) -> RNA-014299 (Spa059),S1_exp #374
interaction,INT-030002,INSERT,,,RNA-010028 (PhrS) -> RNA-002133 (nuoI),S1_exp #376
interaction,INT-030003,INSERT,,,RNA-010028 (PhrS) -> RNA-014300 (AS_hisB),S1_exp #377
interaction,INT-030004,INSERT,,,RNA-010028 (PhrS) -> RNA-014301 (aceE),S1_exp #378
interaction,INT-030005,INSERT,,,RNA-001834 (CrcZ) -> RNA-014102 (PA1053),S1_exp #379
interaction,INT-030006,INSERT,,,RNA-010028 (PhrS) -> RNA-002209 (PA0545),S1_exp #380
interaction,INT-030007,INSERT,,,RNA-010028 (PhrS) -> RNA-014302 (pvdF),S1_exp #381
interaction,INT-030008,INSERT,,,RNA-010028 (PhrS) -> RNA-014303 (PA1459),S1_exp #382
interaction,INT-030009,INSERT,,,RNA-010028 (PhrS) -> RNA-014304 (pilG),S1_exp #383
interaction,INT-030010,INSERT,,,RNA-001834 (CrcZ) -> RNA-014305 (algA),S1_exp #384
interaction,INT-030011,INSERT,,,RNA-010028 (PhrS) -> RNA-014306 (holD),S1_exp #385
interaction,INT-030012,INSERT,,,RNA-010028 (PhrS) -> RNA-014307 (aroB),S1_exp #386
interaction,INT-030013,INSERT,,,RNA-010028 (PhrS) -> RNA-002410 (PA4575),S1_exp #387
interaction,INT-030014,INSERT,,,RNA-010028 (PhrS) -> RNA-001998 (PA4889),S1_exp #388
interaction,INT-030015,INSERT,,,RNA-014066 (PrrH) -> RNA-001890 (PA1571),S1_exp #389
interaction,INT-030016,INSERT,,,RNA-010028 (PhrS) -> RNA-014308 (lgt),S1_exp #390
interaction,INT-030017,INSERT,,,RNA-010028 (PhrS) -> RNA-014309 (PA4960),S1_exp #391
interaction,INT-030018,INSERT,,,RNA-010028 (PhrS) -> RNA-014310 (PA1602),S1_exp #392
interaction,INT-030019,INSERT,,,RNA-010028 (PhrS) -> RNA-014311 (PA5509),S1_exp #393
interaction,INT-030020,INSERT,,,RNA-010028 (PhrS) -> RNA-014312 (kdsA),S1_exp #394
interaction,INT-030021,INSERT,,,RNA-010028 (PhrS) -> RNA-014292 (Sr139),S1_exp #396
interaction,INT-030022,INSERT,,,RNA-010028 (PhrS) -> RNA-002393 (rpsU),S1_exp #397
interaction,INT-030023,INSERT,,,RNA-001834 (CrcZ) -> RNA-014206 (PA4523),S1_exp #398
interaction,INT-030024,INSERT,,,RNA-010028 (PhrS) -> RNA-002540 (RhlS),S1_exp #399
interaction,INT-030025,INSERT,,,RNA-010028 (PhrS) -> RNA-002258 (PA4500),S1_exp #400
interaction,INT-030026,INSERT,,,RNA-010028 (PhrS) -> RNA-014313 (PA3009),S1_exp #401
interaction,INT-030027,INSERT,,,RNA-010028 (PhrS) -> RNA-014314 (AS_PA4497),S1_exp #402
interaction,INT-030028,INSERT,,,RNA-010028 (PhrS) -> RNA-014315 (IG_PA0541_PA0542),S1_exp #403
interaction,INT-030029,INSERT,,,RNA-010028 (PhrS) -> RNA-002346 (PA1429),S1_exp #404
interaction,INT-030030,INSERT,,,RNA-014316 (PA3181-3') -> RNA-001834 (CrcZ),S1_exp #405
interaction,INT-030031,INSERT,,,RNA-001834 (CrcZ) -> RNA-014317 (PA1441),S1_exp #406
interaction,INT-030032,INSERT,,,RNA-010028 (PhrS) -> RNA-014318 (Spa058),S1_exp #407
interaction,INT-030033,INSERT,,,RNA-010028 (PhrS) -> RNA-014319 (glk),S1_exp #408
interaction,INT-030034,INSERT,,,RNA-010028 (PhrS) -> RNA-014320 (pcm),S1_exp #409
interaction,INT-030035,INSERT,,,RNA-010028 (PhrS) -> RNA-014321 (wbpK),S1_exp #410
interaction,INT-030036,INSERT,,,RNA-010028 (PhrS) -> RNA-014322 (pgsA),S1_exp #411
interaction,INT-030037,INSERT,,,RNA-010028 (PhrS) -> RNA-001844 (tagQ1),S1_exp #412
interaction,INT-030038,INSERT,,,RNA-002443 (Sr0161) -> RNA-014296 (NtrC-3'),S1_exp #413
interaction,INT-030039,INSERT,,,RNA-014323 (PA3133.01) -> RNA-014204 (tig),S1_exp #414
interaction,INT-030040,INSERT,,,RNA-010028 (PhrS) -> RNA-002267 (PA5436),S1_exp #415
interaction,INT-030041,INSERT,,,RNA-010028 (PhrS) -> RNA-002241 (nrdA),S1_exp #416
interaction,INT-030042,INSERT,,,RNA-002447 (ErsA) -> RNA-014324 (pys2),S1_exp #417
interaction,INT-030043,INSERT,,,RNA-010028 (PhrS) -> RNA-014325 (PA2770),S1_exp #418
interaction,INT-030044,INSERT,,,RNA-010028 (PhrS) -> RNA-014326 (ilvI),S1_exp #419
interaction,INT-030045,INSERT,,,RNA-010028 (PhrS) -> RNA-014327 (aceF),S1_exp #420
interaction,INT-030046,INSERT,,,RNA-010028 (PhrS) -> RNA-014328 (Pant297),S1_exp #422
interaction,INT-030047,INSERT,,,RNA-010028 (PhrS) -> RNA-014329 (rplF),S1_exp #423
interaction,INT-030048,INSERT,,,RNA-014032 (OprB-3') -> RNA-014080 (Pant70),S1_exp #425
interaction,INT-030049,INSERT,,,RNA-010028 (PhrS) -> RNA-014330 (nrtR),S1_exp #426
interaction,INT-030050,INSERT,,,RNA-010028 (PhrS) -> RNA-014331 (PA3018),S1_exp #428
interaction,INT-030051,INSERT,,,RNA-002447 (ErsA) -> RNA-014097 (pilM),S1_exp #430
interaction,INT-030052,INSERT,,,RNA-010028 (PhrS) -> RNA-014332 (PA0657),S1_exp #431
interaction,INT-030053,INSERT,,,RNA-010028 (PhrS) -> RNA-014333 (PA3588),S1_exp #432
interaction,INT-030054,INSERT,,,RNA-010028 (PhrS) -> RNA-014334 (PA2577),S1_exp #433
interaction,INT-030055,INSERT,,,RNA-010028 (PhrS) -> RNA-002437 (thrB),S1_exp #434
interaction,INT-030056,INSERT,,,RNA-010028 (PhrS) -> RNA-002303 (PA4023),S1_exp #435
interaction,INT-030057,INSERT,,,RNA-010028 (PhrS) -> RNA-014335 (Pant3),S1_exp #436
interaction,INT-030058,INSERT,,,RNA-010028 (PhrS) -> RNA-014336 (PA5371),S1_exp #437
interaction,INT-030059,INSERT,,,RNA-010028 (PhrS) -> RNA-014337 (AS_PA0989),S1_exp #438
interaction,INT-030060,INSERT,,,RNA-010028 (PhrS) -> RNA-014338 (aruF),S1_exp #439
interaction,INT-030061,INSERT,,,RNA-010028 (PhrS) -> RNA-014339 (pgi),S1_exp #440
interaction,INT-030062,INSERT,,,RNA-010028 (PhrS) -> RNA-014340 (PA0974),S1_exp #441
interaction,INT-030063,INSERT,,,RNA-010028 (PhrS) -> RNA-014341 (PA5251),S1_exp #442
interaction,INT-030064,INSERT,,,RNA-010028 (PhrS) -> RNA-014342 (hemN),S1_exp #443
interaction,INT-030065,INSERT,,,RNA-014343 (OprN-3') -> RNA-014104 (rpmB),S1_exp #445
interaction,INT-030066,INSERT,,,RNA-014031 (Pant445) -> RNA-014269 (rplU),S1_exp #446
interaction,INT-030067,INSERT,,,RNA-010028 (PhrS) -> RNA-002033 (PA1760),S1_exp #447
interaction,INT-030068,INSERT,,,RNA-010028 (PhrS) -> RNA-014344 (rplV),S1_exp #448
interaction,INT-030069,INSERT,,,RNA-010028 (PhrS) -> RNA-014345 (atpF),S1_exp #450
interaction,INT-030070,INSERT,,,RNA-014051 (AspA-3') -> RNA-014269 (rplU),S1_exp #451
interaction,INT-030071,INSERT,,,RNA-010028 (PhrS) -> RNA-014346 (PA3015),S1_exp #452
interaction,INT-030072,INSERT,,,RNA-010028 (PhrS) -> RNA-014347 (PA1941),S1_exp #453
interaction,INT-030073,INSERT,,,RNA-010028 (PhrS) -> RNA-014348 (PA1735),S1_exp #454
interaction,INT-030074,INSERT,,,RNA-010028 (PhrS) -> RNA-014349 (tle1),S1_exp #455
interaction,INT-030075,INSERT,,,RNA-010028 (PhrS) -> RNA-014350 (fhpR),S1_exp #456
interaction,INT-030076,INSERT,,,RNA-010028 (PhrS) -> RNA-014351 (PA1147),S1_exp #458
interaction,INT-030077,INSERT,,,RNA-010028 (PhrS) -> RNA-014352 (PA4801),S1_exp #459
interaction,INT-030078,INSERT,,,RNA-010028 (PhrS) -> RNA-014353 (AS_gdhA),S1_exp #460
interaction,INT-030079,INSERT,,,RNA-014031 (Pant445) -> RNA-014354 (IG_wspA_PA3709),S1_exp #461
interaction,INT-030080,INSERT,,,RNA-014066 (PrrH) -> RNA-014355 (PA0876),S1_exp #462
interaction,INT-030081,INSERT,,,RNA-014138 (AceF-3') -> RNA-010028 (PhrS),S1_exp #464
interaction,INT-030082,INSERT,,,RNA-010028 (PhrS) -> RNA-002179 (rpoC),S1_exp #466
interaction,INT-030083,INSERT,,,RNA-010028 (PhrS) -> RNA-002251 (nuoN),S1_exp #467
interaction,INT-030084,INSERT,,,RNA-010028 (PhrS) -> RNA-014356 (pasP),S1_exp #468
interaction,INT-030085,INSERT,,,RNA-010028 (PhrS) -> RNA-014357 (IG_cycB-PA5301),S1_exp #469
interaction,INT-030086,INSERT,,,RNA-010028 (PhrS) -> RNA-014358 (rmd),S1_exp #470
interaction,INT-030087,INSERT,,,RNA-010028 (PhrS) -> RNA-014359 (PA2576),S1_exp #471
interaction,INT-030088,INSERT,,,RNA-010028 (PhrS) -> RNA-014360 (PA2858),S1_exp #472
interaction,INT-030089,INSERT,,,RNA-014051 (AspA-3') -> RNA-001992 (PA0572),S1_exp #473
interaction,INT-030090,INSERT,,,RNA-010028 (PhrS) -> RNA-014317 (PA1441),S1_exp #474
interaction,INT-030091,INSERT,,,RNA-010028 (PhrS) -> RNA-014361 (spoT),S1_exp #475
interaction,INT-030092,INSERT,,,RNA-010028 (PhrS) -> RNA-014362 (ptsN),S1_exp #476
interaction,INT-030093,INSERT,,,RNA-010028 (PhrS) -> RNA-014363 (ilvC),S1_exp #477
interaction,INT-030094,INSERT,,,RNA-010028 (PhrS) -> RNA-014364 (mutM),S1_exp #478
interaction,INT-030095,INSERT,,,RNA-010028 (PhrS) -> RNA-014365 (cobU),S1_exp #479
interaction,INT-030096,INSERT,,,RNA-010028 (PhrS) -> RNA-014366 (PA2484),S1_exp #482
interaction,INT-030097,INSERT,,,RNA-010028 (PhrS) -> RNA-014367 (PA4353),S1_exp #484
interaction,INT-030098,INSERT,,,RNA-010028 (PhrS) -> RNA-014368 (PA3263),S1_exp #485
interaction,INT-030099,INSERT,,,RNA-010028 (PhrS) -> RNA-014369 (PA0942),S1_exp #486
interaction,INT-030100,INSERT,,,RNA-010028 (PhrS) -> RNA-014370 (PA3312),S1_exp #487
interaction,INT-030101,INSERT,,,RNA-014032 (OprB-3') -> RNA-002398 (amrZ),S1_exp #488
interaction,INT-030102,INSERT,,,RNA-014371 (GabT-3') -> RNA-001834 (CrcZ),S1_exp #489
interaction,INT-030103,INSERT,,,RNA-010028 (PhrS) -> RNA-014372 (AS_pilC),S1_exp #493
interaction,INT-030104,INSERT,,,RNA-010028 (PhrS) -> RNA-014373 (rplA),S1_exp #494
interaction,INT-030105,INSERT,,,RNA-010028 (PhrS) -> RNA-014374 (AS_PA3649),S1_exp #495
interaction,INT-030106,INSERT,,,RNA-010028 (PhrS) -> RNA-014375 (PA3172),S1_exp #496
interaction,INT-030107,INSERT,,,RNA-010028 (PhrS) -> RNA-001867 (cc4),S1_exp #497
interaction,INT-030108,INSERT,,,RNA-010028 (PhrS) -> RNA-014376 (iscR),S1_exp #498
interaction,INT-030109,INSERT,,,RNA-014066 (PrrH) -> RNA-014377 (napD),S1_exp #499
interaction,INT-030110,INSERT,,,RNA-010028 (PhrS) -> RNA-002336 (PA4129),S1_exp #500
interaction,INT-030111,INSERT,,,RNA-010028 (PhrS) -> RNA-014378 (PA1011),S1_exp #502
interaction,INT-030112,INSERT,,,RNA-014051 (AspA-3') -> RNA-014379 (hisH2),S1_exp #503
interaction,INT-030113,INSERT,,,RNA-014062 (Sr063) -> RNA-014337 (AS_PA0989),S1_exp #504
interaction,INT-030114,INSERT,,,RNA-010028 (PhrS) -> RNA-014380 (recA),S1_exp #505
interaction,INT-030115,INSERT,,,RNA-010028 (PhrS) -> RNA-014381 (glnS),S1_exp #506
interaction,INT-030116,INSERT,,,RNA-010028 (PhrS) -> RNA-014382 (PA4734),S1_exp #507
interaction,INT-030117,INSERT,,,RNA-010028 (PhrS) -> RNA-014383 (aspS),S1_exp #508
interaction,INT-030118,INSERT,,,RNA-010028 (PhrS) -> RNA-014384 (PA2026),S1_exp #509
interaction,INT-030119,INSERT,,,RNA-010028 (PhrS) -> RNA-014385 (estA),S1_exp #510
interaction,INT-030120,INSERT,,,RNA-010028 (PhrS) -> RNA-002339 (bkdB),S1_exp #511
interaction,INT-030121,INSERT,,,RNA-014062 (Sr063) -> RNA-014090 (IG_wbpA_wzz),S1_exp #512
interaction,INT-030122,INSERT,,,RNA-010028 (PhrS) -> RNA-014386 (PA1616),S1_exp #513
interaction,INT-030123,INSERT,,,RNA-010028 (PhrS) -> RNA-014387 (algW),S1_exp #514
interaction,INT-030124,INSERT,,,RNA-010028 (PhrS) -> RNA-014388 (phhR),S1_exp #516
interaction,INT-030125,INSERT,,,RNA-010028 (PhrS) -> RNA-014389 (cdiI1),S1_exp #518
interaction,INT-030126,INSERT,,,RNA-010028 (PhrS) -> RNA-002013 (ggt),S1_exp #521
interaction,INT-030127,INSERT,,,RNA-014054 (PA5185as) -> RNA-001834 (CrcZ),S1_exp #522
interaction,INT-030128,INSERT,,,RNA-010028 (PhrS) -> RNA-014390 (PA0359),S1_exp #523
interaction,INT-030129,INSERT,,,RNA-010028 (PhrS) -> RNA-014391 (PA4579),S1_exp #525
interaction,INT-030130,INSERT,,,RNA-002532 (ReaL) -> RNA-001837 (rubA1),S1_exp #526
interaction,INT-030131,INSERT,,,RNA-010028 (PhrS) -> RNA-014392 (flgK),S1_exp #527
interaction,INT-030132,INSERT,,,RNA-010028 (PhrS) -> RNA-014393 (htrB1),S1_exp #528
interaction,INT-030133,INSERT,,,RNA-010028 (PhrS) -> RNA-014394 (magA),S1_exp #529
interaction,INT-030134,INSERT,,,RNA-010028 (PhrS) -> RNA-014395 (Pant452),S1_exp #530
interaction,INT-030135,INSERT,,,RNA-010028 (PhrS) -> RNA-014396 (PA3919),S1_exp #531
interaction,INT-030136,INSERT,,,RNA-010028 (PhrS) -> RNA-014397 (AS_PA0875),S1_exp #532
interaction,INT-030137,INSERT,,,RNA-010028 (PhrS) -> RNA-014398 (rbsB),S1_exp #533
interaction,INT-030138,INSERT,,,RNA-010028 (PhrS) -> RNA-014399 (kerV),S1_exp #535
interaction,INT-030139,INSERT,,,RNA-014212 (BkdZ) -> RNA-014245 (AS_PA4757),S1_exp #538
interaction,INT-030140,INSERT,,,RNA-010028 (PhrS) -> RNA-014400 (PA0744),S1_exp #540
interaction,INT-030141,INSERT,,,RNA-010028 (PhrS) -> RNA-014401 (PA5106),S1_exp #541
interaction,INT-030142,INSERT,,,RNA-010028 (PhrS) -> RNA-014402 (flgL),S1_exp #542
interaction,INT-030143,INSERT,,,RNA-010028 (PhrS) -> RNA-014403 (PA5461),S1_exp #543
interaction,INT-030144,INSERT,,,RNA-010028 (PhrS) -> RNA-002263 (PA0088),S1_exp #544
interaction,INT-030145,INSERT,,,RNA-010028 (PhrS) -> RNA-014404 (gyrB),S1_exp #545
interaction,INT-030146,INSERT,,,RNA-010028 (PhrS) -> RNA-014405 (dipZ),S1_exp #547
interaction,INT-030147,INSERT,,,RNA-010028 (PhrS) -> RNA-014406 (thiC),S1_exp #548
interaction,INT-030148,INSERT,,,RNA-010028 (PhrS) -> RNA-014407 (moeA2),S1_exp #549
interaction,INT-030149,INSERT,,,RNA-010028 (PhrS) -> RNA-014408 (wbpM),S1_exp #550
interaction,INT-030150,INSERT,,,RNA-010028 (PhrS) -> RNA-014409 (PA0220),S1_exp #551
interaction,INT-030151,INSERT,,,RNA-010028 (PhrS) -> RNA-014410 (PA3567),S1_exp #552
interaction,INT-030152,INSERT,,,RNA-010028 (PhrS) -> RNA-014411 (AS_PA1657),S1_exp #553
interaction,INT-030153,INSERT,,,RNA-014066 (PrrH) -> RNA-001889 (PA0918),S1_exp #554
interaction,INT-030154,INSERT,,,RNA-010028 (PhrS) -> RNA-014412 (PA1132),S1_exp #555
interaction,INT-030155,INSERT,,,RNA-010028 (PhrS) -> RNA-014413 (tgt),S1_exp #556
interaction,INT-030156,INSERT,,,RNA-001834 (CrcZ) -> RNA-014414 (PA5027),S1_exp #558
interaction,INT-030157,INSERT,,,RNA-010028 (PhrS) -> RNA-014415 (FlgDas),S1_exp #559
interaction,INT-030158,INSERT,,,RNA-010028 (PhrS) -> RNA-014416 (AS_wbpJ),S1_exp #560
interaction,INT-030159,INSERT,,,RNA-010028 (PhrS) -> RNA-014417 (thrC),S1_exp #561
interaction,INT-030160,INSERT,,,RNA-010028 (PhrS) -> RNA-014418 (cdiA1),S1_exp #562
interaction,INT-030161,INSERT,,,RNA-002447 (ErsA) -> RNA-014124 (AS_PhrD),S1_exp #563
interaction,INT-030162,INSERT,,,RNA-014343 (OprN-3') -> RNA-001834 (CrcZ),S1_exp #564
interaction,INT-030163,INSERT,,,RNA-014323 (PA3133.01) -> RNA-002540 (RhlS),S1_exp #565
interaction,INT-030164,INSERT,,,RNA-010028 (PhrS) -> RNA-014419 (PA2758),S1_exp #566
interaction,INT-030165,INSERT,,,RNA-010028 (PhrS) -> RNA-014420 (iscA),S1_exp #567
interaction,INT-030166,INSERT,,,RNA-014066 (PrrH) -> RNA-014167 (nirS),S1_exp #568
interaction,INT-030167,INSERT,,,RNA-014066 (PrrH) -> RNA-014347 (PA1941),S1_exp #569
interaction,INT-030168,INSERT,,,RNA-010028 (PhrS) -> RNA-014421 (prlC),S1_exp #570
interaction,INT-030169,INSERT,,,RNA-001834 (CrcZ) -> RNA-014056 (PA1613),S1_exp #572
interaction,INT-030170,INSERT,,,RNA-014062 (Sr063) -> RNA-014418 (cdiA1),S1_exp #573
interaction,INT-030171,INSERT,,,RNA-010028 (PhrS) -> RNA-014422 (PA0608),S1_exp #575
interaction,INT-030172,INSERT,,,RNA-014138 (AceF-3') -> RNA-014423 (hflC),S1_exp #576
interaction,INT-030173,INSERT,,,RNA-010028 (PhrS) -> RNA-002452 (wbpH),S1_exp #577
interaction,INT-030174,INSERT,,,RNA-010028 (PhrS) -> RNA-014424 (SahHas),S1_exp #578
interaction,INT-030175,INSERT,,,RNA-010028 (PhrS) -> RNA-002455 (opdP),S1_exp #579
interaction,INT-030176,INSERT,,,RNA-010028 (PhrS) -> RNA-014425 (tolB),S1_exp #580
interaction,INT-030177,INSERT,,,RNA-010028 (PhrS) -> RNA-014426 (PA2176),S1_exp #581
interaction,INT-030178,INSERT,,,RNA-010028 (PhrS) -> RNA-014427 (PA3229),S1_exp #584
interaction,INT-030179,INSERT,,,RNA-001834 (CrcZ) -> RNA-014196 (PA4943),S1_exp #585
interaction,INT-030180,INSERT,,,RNA-010028 (PhrS) -> RNA-014428 (pchF),S1_exp #586
interaction,INT-030181,INSERT,,,RNA-010028 (PhrS) -> RNA-014429 (PA5257),S1_exp #587
interaction,INT-030182,INSERT,,,RNA-010028 (PhrS) -> RNA-014430 (ubiH),S1_exp #588
interaction,INT-030183,INSERT,,,RNA-010028 (PhrS) -> RNA-014431 (pmbA),S1_exp #589
interaction,INT-030184,INSERT,,,RNA-010028 (PhrS) -> RNA-014432 (PA2462),S1_exp #590
interaction,INT-030185,INSERT,,,RNA-001834 (CrcZ) -> RNA-014433 (AS_PA1501),S1_exp #591
interaction,INT-030186,INSERT,,,RNA-014138 (AceF-3') -> RNA-002073 (PA1579),S1_exp #592
interaction,INT-030187,INSERT,,,RNA-010028 (PhrS) -> RNA-014434 (PA1647),S1_exp #593
interaction,INT-030188,INSERT,,,RNA-010028 (PhrS) -> RNA-014435 (PA5109),S1_exp #595
interaction,INT-030189,INSERT,,,RNA-001834 (CrcZ) -> RNA-014436 (PA0061),S1_exp #596
interaction,INT-030190,INSERT,,,RNA-010028 (PhrS) -> RNA-014437 (nadD2),S1_exp #597
interaction,INT-030191,INSERT,,,RNA-010028 (PhrS) -> RNA-014438 (PA4478),S1_exp #598
interaction,INT-030192,INSERT,,,RNA-010028 (PhrS) -> RNA-014439 (PA1382),S1_exp #600
interaction,INT-030193,INSERT,,,RNA-010028 (PhrS) -> RNA-002337 (sucA),S1_exp #601
interaction,INT-030194,INSERT,,,RNA-010028 (PhrS) -> RNA-014440 (PA1751),S1_exp #602
interaction,INT-030195,INSERT,,,RNA-010028 (PhrS) -> RNA-014441 (PA1688),S1_exp #603
interaction,INT-030196,INSERT,,,RNA-014140 (Sr151) -> RNA-014030 (Spa121),S1_exp #605
interaction,INT-030197,INSERT,,,RNA-014031 (Pant445) -> RNA-014028 (fhp),S1_exp #606
interaction,INT-030198,INSERT,,,RNA-010028 (PhrS) -> RNA-014442 (algQ),S1_exp #608
interaction,INT-030199,INSERT,,,RNA-010028 (PhrS) -> RNA-014443 (mucB),S1_exp #610
interaction,INT-030200,INSERT,,,RNA-010028 (PhrS) -> RNA-014444 (PA5503),S1_exp #611
interaction,INT-030201,INSERT,,,RNA-010028 (PhrS) -> RNA-014445 (recB),S1_exp #613
interaction,INT-030202,INSERT,,,RNA-010028 (PhrS) -> RNA-014446 (PA1654),S1_exp #614
interaction,INT-030203,INSERT,,,RNA-010028 (PhrS) -> RNA-014447 (PA2316),S1_exp #615
interaction,INT-030204,INSERT,,,RNA-010028 (PhrS) -> RNA-014448 (PA4289),S1_exp #616
interaction,INT-030205,INSERT,,,RNA-010028 (PhrS) -> RNA-014449 (AS_PA2599),S1_exp #617
interaction,INT-030206,INSERT,,,RNA-010028 (PhrS) -> RNA-001902 (sbp),S1_exp #618
interaction,INT-030207,INSERT,,,RNA-010028 (PhrS) -> RNA-014450 (PA1051),S1_exp #619
interaction,INT-030208,INSERT,,,RNA-010028 (PhrS) -> RNA-014451 (PA4641),S1_exp #620
interaction,INT-030209,INSERT,,,RNA-010028 (PhrS) -> RNA-014452 (pepA),S1_exp #621
interaction,INT-030210,INSERT,,,RNA-010028 (PhrS) -> RNA-002255 (spuH),S1_exp #622
interaction,INT-030211,INSERT,,,RNA-010028 (PhrS) -> RNA-014453 (xylS),S1_exp #623
interaction,INT-030212,INSERT,,,RNA-010028 (PhrS) -> RNA-014454 (PA3882),S1_exp #624
interaction,INT-030213,INSERT,,,RNA-010028 (PhrS) -> RNA-014455 (lrp),S1_exp #625
interaction,INT-030214,INSERT,,,RNA-010028 (PhrS) -> RNA-014456 (anr),S1_exp #627
interaction,INT-030215,INSERT,,,RNA-010028 (PhrS) -> RNA-014457 (putA),S1_exp #628
interaction,INT-030216,INSERT,,,RNA-001834 (CrcZ) -> RNA-014458 (PA1545),S1_exp #629
interaction,INT-030217,INSERT,,,RNA-014032 (OprB-3') -> RNA-014066 (PrrH),S1_exp #630
interaction,INT-030218,INSERT,,,RNA-010028 (PhrS) -> RNA-014459 (PA0219),S1_exp #631
interaction,INT-030219,INSERT,,,RNA-014062 (Sr063) -> RNA-014460 (pilC),S1_exp #632
interaction,INT-030220,INSERT,,,RNA-014062 (Sr063) -> RNA-001929 (PA3270),S1_exp #633
interaction,INT-030221,INSERT,,,RNA-010028 (PhrS) -> RNA-014461 (bfrA),S1_exp #634
interaction,INT-030222,INSERT,,,RNA-001834 (CrcZ) -> RNA-014462 (secY),S1_exp #635
interaction,INT-030223,INSERT,,,RNA-010028 (PhrS) -> RNA-014463 (narX),S1_exp #636
interaction,INT-030224,INSERT,,,RNA-010028 (PhrS) -> RNA-014464 (PA5148),S1_exp #637
interaction,INT-030225,INSERT,,,RNA-010028 (PhrS) -> RNA-014465 (AS_PA5363),S1_exp #638
interaction,INT-030226,INSERT,,,RNA-010028 (PhrS) -> RNA-014466 (PA0716),S1_exp #640
interaction,INT-030227,INSERT,,,RNA-010028 (PhrS) -> RNA-014467 (PA2582),S1_exp #641
interaction,INT-030228,INSERT,,,RNA-010028 (PhrS) -> RNA-014468 (PA5232),S1_exp #642
interaction,INT-030229,INSERT,,,RNA-010028 (PhrS) -> RNA-014469 (PA4120),S1_exp #643
interaction,INT-030230,INSERT,,,RNA-010028 (PhrS) -> RNA-014470 (PA2002),S1_exp #644
interaction,INT-030231,INSERT,,,RNA-014343 (OprN-3') -> RNA-014192 (AS_rgsA),S1_exp #645
interaction,INT-030232,INSERT,,,RNA-010028 (PhrS) -> RNA-014471 (ygcA),S1_exp #646
interaction,INT-030233,INSERT,,,RNA-010028 (PhrS) -> RNA-014472 (IG_phnC_amrZ),S1_exp #647
interaction,INT-030234,INSERT,,,RNA-014213 (Spa077) -> RNA-014030 (Spa121),S1_exp #648
interaction,INT-030235,INSERT,,,RNA-010028 (PhrS) -> RNA-014473 (PA2669),S1_exp #649
interaction,INT-030236,INSERT,,,RNA-001834 (CrcZ) -> RNA-014474 (groES),S1_exp #650
interaction,INT-030237,INSERT,,,RNA-010028 (PhrS) -> RNA-014475 (AS_PA4437),S1_exp #651
interaction,INT-030238,INSERT,,,RNA-010028 (PhrS) -> RNA-014476 (Pant358),S1_exp #652
interaction,INT-030239,INSERT,,,RNA-010028 (PhrS) -> RNA-014477 (PA3278),S1_exp #653
interaction,INT-030240,INSERT,,,RNA-010028 (PhrS) -> RNA-014478 (PA1832),S1_exp #654
interaction,INT-030241,INSERT,,,RNA-010028 (PhrS) -> RNA-001878 (PA3235),S1_exp #655
interaction,INT-030242,INSERT,,,RNA-010028 (PhrS) -> RNA-002454 (PA3801),S1_exp #656
interaction,INT-030243,INSERT,,,RNA-014062 (Sr063) -> RNA-014322 (pgsA),S1_exp #657
interaction,INT-030244,INSERT,,,RNA-010028 (PhrS) -> RNA-014479 (rpsK),S1_exp #658
interaction,INT-030245,INSERT,,,RNA-010028 (PhrS) -> RNA-001889 (PA0918),S1_exp #659
interaction,INT-030246,INSERT,,,RNA-010028 (PhrS) -> RNA-014480 (ftsQ),S1_exp #661
interaction,INT-030247,INSERT,,,RNA-010028 (PhrS) -> RNA-014481 (bfiS),S1_exp #662
interaction,INT-030248,INSERT,,,RNA-010028 (PhrS) -> RNA-014482 (AS_PA5546),S1_exp #665
interaction,INT-030249,INSERT,,,RNA-010028 (PhrS) -> RNA-014483 (PA4396),S1_exp #666
interaction,INT-030250,INSERT,,,RNA-010028 (PhrS) -> RNA-014484 (amiE),S1_exp #667
interaction,INT-030251,INSERT,,,RNA-002447 (ErsA) -> RNA-014249 (PA3836),S1_exp #668
interaction,INT-030252,INSERT,,,RNA-010028 (PhrS) -> RNA-014485 (purN),S1_exp #669
interaction,INT-030253,INSERT,,,RNA-014062 (Sr063) -> RNA-014432 (PA2462),S1_exp #670
interaction,INT-030254,INSERT,,,RNA-010028 (PhrS) -> RNA-014486 (AS_mvaT),S1_exp #671
interaction,INT-030255,INSERT,,,RNA-014062 (Sr063) -> RNA-002444 (oprD),S1_exp #672
interaction,INT-030256,INSERT,,,RNA-014487 (Spa086) -> RNA-014488 (Spa107),S1_exp #673
interaction,INT-030257,INSERT,,,RNA-010028 (PhrS) -> RNA-014489 (PA5037),S1_exp #674
interaction,INT-030258,INSERT,,,RNA-010028 (PhrS) -> RNA-014490 (pelG),S1_exp #675
interaction,INT-030259,INSERT,,,RNA-010028 (PhrS) -> RNA-014491 (PA0583),S1_exp #676
interaction,INT-030260,INSERT,,,RNA-010028 (PhrS) -> RNA-014215 (mobA),S1_exp #677
interaction,INT-030261,INSERT,,,RNA-010028 (PhrS) -> RNA-014492 (PA0485),S1_exp #678
interaction,INT-030262,INSERT,,,RNA-010028 (PhrS) -> RNA-014493 (AS_PA4008),S1_exp #681
interaction,INT-030263,INSERT,,,RNA-010028 (PhrS) -> RNA-014494 (PA4637),S1_exp #682
interaction,INT-030264,INSERT,,,RNA-010028 (PhrS) -> RNA-014495 (PA2555),S1_exp #683
interaction,INT-030265,INSERT,,,RNA-014037 (AS2779) -> RNA-014028 (fhp),S1_exp #685
interaction,INT-030266,INSERT,,,RNA-010028 (PhrS) -> RNA-014496 (IG_PA5217-PA5218),S1_exp #686
interaction,INT-030267,INSERT,,,RNA-010028 (PhrS) -> RNA-014497 (PA3690),S1_exp #687
interaction,INT-030268,INSERT,,,RNA-010028 (PhrS) -> RNA-014498 (PA5121),S1_exp #689
interaction,INT-030269,INSERT,,,RNA-010028 (PhrS) -> RNA-002440 (fur),S1_exp #690
interaction,INT-030270,INSERT,,,RNA-010028 (PhrS) -> RNA-014499 (PA5114),S1_exp #691
interaction,INT-030271,INSERT,,,RNA-010028 (PhrS) -> RNA-014500 (PA2659),S1_exp #692
interaction,INT-030272,INSERT,,,RNA-010028 (PhrS) -> RNA-014501 (wbpZ),S1_exp #694
interaction,INT-030273,INSERT,,,RNA-010028 (PhrS) -> RNA-014502 (desB),S1_exp #697
interaction,INT-030274,INSERT,,,RNA-010028 (PhrS) -> RNA-002444 (oprD),S1_exp #698
interaction,INT-030275,INSERT,,,RNA-010028 (PhrS) -> RNA-014503 (PA4352),S1_exp #699
interaction,INT-030276,INSERT,,,RNA-010028 (PhrS) -> RNA-014504 (rho),S1_exp #700
interaction,INT-030277,INSERT,,,RNA-002447 (ErsA) -> RNA-014466 (PA0716),S1_exp #701
interaction,INT-030278,INSERT,,,RNA-014296 (NtrC-3') -> RNA-014343 (OprN-3'),S1_exp #702
interaction,INT-030279,INSERT,,,RNA-010028 (PhrS) -> RNA-014505 (PA4469),S1_exp #703
interaction,INT-030280,INSERT,,,RNA-014062 (Sr063) -> RNA-002130 (PA3069),S1_exp #704
interaction,INT-030281,INSERT,,,RNA-010028 (PhrS) -> RNA-014506 (PA4783),S1_exp #706
interaction,INT-030282,INSERT,,,RNA-010028 (PhrS) -> RNA-014507 (glyS),S1_exp #707
interaction,INT-030283,INSERT,,,RNA-014062 (Sr063) -> RNA-014508 (wapR),S1_exp #708
interaction,INT-030284,INSERT,,,RNA-010028 (PhrS) -> RNA-014509 (hsbR),S1_exp #709
interaction,INT-030285,INSERT,,,RNA-010028 (PhrS) -> RNA-002030 (gabT),S1_exp #710
interaction,INT-030286,INSERT,,,RNA-010028 (PhrS) -> RNA-014510 (tolR),S1_exp #711
interaction,INT-030287,INSERT,,,RNA-010028 (PhrS) -> RNA-014511 (PA2604),S1_exp #712
interaction,INT-030288,INSERT,,,RNA-014066 (PrrH) -> RNA-014512 (etfB),S1_exp #713
interaction,INT-030289,INSERT,,,RNA-010028 (PhrS) -> RNA-014513 (PA2533),S1_exp #714
interaction,INT-030290,INSERT,,,RNA-014514 (Sr118) -> RNA-002210 (PA0473),S1_exp #715
interaction,INT-030291,INSERT,,,RNA-014138 (AceF-3') -> RNA-002207 (rplX),S1_exp #716
interaction,INT-030292,INSERT,,,RNA-001834 (CrcZ) -> RNA-014515 (PA2459),S1_exp #717
interaction,INT-030293,INSERT,,,RNA-014343 (OprN-3') -> RNA-014349 (tle1),S1_exp #718
interaction,INT-030294,INSERT,,,RNA-010028 (PhrS) -> RNA-014516 (PA2914),S1_exp #719
interaction,INT-030295,INSERT,,,RNA-010028 (PhrS) -> RNA-014517 (PA1307),S1_exp #720
interaction,INT-030296,INSERT,,,RNA-010028 (PhrS) -> RNA-001941 (PA0179),S1_exp #722
interaction,INT-030297,INSERT,,,RNA-010028 (PhrS) -> RNA-014508 (wapR),S1_exp #723
interaction,INT-030298,INSERT,,,RNA-010028 (PhrS) -> RNA-014518 (Pant75),S1_exp #726
interaction,INT-030299,INSERT,,,RNA-014051 (AspA-3') -> RNA-014519 (PA3316),S1_exp #727
interaction,INT-030300,INSERT,,,RNA-014316 (PA3181-3') -> RNA-014249 (PA3836),S1_exp #728
interaction,INT-030301,INSERT,,,RNA-014032 (OprB-3') -> RNA-014520 (PA5153),S1_exp #729
interaction,INT-030302,INSERT,,,RNA-010028 (PhrS) -> RNA-014521 (oxyR),S1_exp #730
interaction,INT-030303,INSERT,,,RNA-010028 (PhrS) -> RNA-014522 (secF),S1_exp #731
interaction,INT-030304,INSERT,,,RNA-014051 (AspA-3') -> RNA-014101 (oprL),S1_exp #732
interaction,INT-030305,INSERT,,,RNA-010028 (PhrS) -> RNA-014523 (hepA),S1_exp #733
interaction,INT-030306,INSERT,,,RNA-010028 (PhrS) -> RNA-014524 (hisB),S1_exp #734
interaction,INT-030307,INSERT,,,RNA-010028 (PhrS) -> RNA-014525 (Pant363),S1_exp #735
interaction,INT-030308,INSERT,,,RNA-010028 (PhrS) -> RNA-014526 (PA5154),S1_exp #738
interaction,INT-030309,INSERT,,,RNA-010028 (PhrS) -> RNA-014527 (PA0954),S1_exp #740
interaction,INT-030310,INSERT,,,RNA-014031 (Pant445) -> RNA-014385 (estA),S1_exp #741
interaction,INT-030311,INSERT,,,RNA-010028 (PhrS) -> RNA-001866 (htpX),S1_exp #742
interaction,INT-030312,INSERT,,,RNA-010028 (PhrS) -> RNA-014528 (rpsS),S1_exp #743
interaction,INT-030313,INSERT,,,RNA-010028 (PhrS) -> RNA-014529 (PA2567),S1_exp #744
interaction,INT-030314,INSERT,,,RNA-010028 (PhrS) -> RNA-014530 (RsmZ),S1_exp #745
interaction,INT-030315,INSERT,,,RNA-014531 (PaiI) -> RNA-002311 (PA5301),S1_exp #747
interaction,INT-030316,INSERT,,,RNA-014062 (Sr063) -> RNA-014257 (PA0922.1),S1_exp #748
interaction,INT-030317,INSERT,,,RNA-010028 (PhrS) -> RNA-014532 (dadA),S1_exp #750
interaction,INT-030318,INSERT,,,RNA-014343 (OprN-3') -> RNA-014296 (NtrC-3'),S1_exp #751
interaction,INT-030319,INSERT,,,RNA-010028 (PhrS) -> RNA-014533 (rplS),S1_exp #752
interaction,INT-030320,INSERT,,,RNA-014062 (Sr063) -> RNA-002446 (pagL),S1_exp #754
interaction,INT-030321,INSERT,,,RNA-010028 (PhrS) -> RNA-014534 (AS_PA4503),S1_exp #755
interaction,INT-030322,INSERT,,,RNA-010028 (PhrS) -> RNA-014535 (PA2483),S1_exp #757
interaction,INT-030323,INSERT,,,RNA-010028 (PhrS) -> RNA-014536 (PA1227),S1_exp #758
interaction,INT-030324,INSERT,,,RNA-010028 (PhrS) -> RNA-014537 (nadB),S1_exp #760
interaction,INT-030325,INSERT,,,RNA-010028 (PhrS) -> RNA-014538 (algZ),S1_exp #761
interaction,INT-030326,INSERT,,,RNA-010028 (PhrS) -> RNA-014539 (lldP),S1_exp #762
interaction,INT-030327,INSERT,,,RNA-010028 (PhrS) -> RNA-014540 (AS_PA0138),S1_exp #763
interaction,INT-030328,INSERT,,,RNA-010028 (PhrS) -> RNA-014541 (arcC),S1_exp #764
interaction,INT-030329,INSERT,,,RNA-014072 (PA3449.1) -> RNA-014542 (oprI),S1_exp #766
interaction,INT-030330,INSERT,,,RNA-010028 (PhrS) -> RNA-014142 (fusA1),S1_exp #767
interaction,INT-030331,INSERT,,,RNA-014323 (PA3133.01) -> RNA-002074 (maiA),S1_exp #769
interaction,INT-030332,INSERT,,,RNA-010028 (PhrS) -> RNA-014543 (RsmY),S1_exp #770
interaction,INT-030333,INSERT,,,RNA-010028 (PhrS) -> RNA-014544 (Pant257),S1_exp #771
interaction,INT-030334,INSERT,,,RNA-014062 (Sr063) -> RNA-014515 (PA2459),S1_exp #772
interaction,INT-030335,INSERT,,,RNA-010028 (PhrS) -> RNA-014545 (AS_PA4489),S1_exp #773
interaction,INT-030336,INSERT,,,RNA-010028 (PhrS) -> RNA-014546 (nudC),S1_exp #775
interaction,INT-030337,INSERT,,,RNA-010028 (PhrS) -> RNA-014547 (gntR),S1_exp #776
interaction,INT-030338,INSERT,,,RNA-010028 (PhrS) -> RNA-014548 (PA5545),S1_exp #777
interaction,INT-030339,INSERT,,,RNA-010028 (PhrS) -> RNA-014549 (AS_PA3189),S1_exp #779
interaction,INT-030340,INSERT,,,RNA-010028 (PhrS) -> RNA-014550 (PA3341),S1_exp #780
interaction,INT-030341,INSERT,,,RNA-014066 (PrrH) -> RNA-014551 (PA3240),S1_exp #781
interaction,INT-030342,INSERT,,,RNA-010028 (PhrS) -> RNA-014552 (PA1679),S1_exp #783
interaction,INT-030343,INSERT,,,RNA-014323 (PA3133.01) -> RNA-014232 (PA5279),S1_exp #784
interaction,INT-030344,INSERT,,,RNA-010028 (PhrS) -> RNA-014553 (wbpG),S1_exp #786
interaction,INT-030345,INSERT,,,RNA-010028 (PhrS) -> RNA-014554 (AS_PA4972),S1_exp #787
interaction,INT-030346,INSERT,,,RNA-010028 (PhrS) -> RNA-014555 (PA1115),S1_exp #788
interaction,INT-030347,INSERT,,,RNA-014072 (PA3449.1) -> RNA-014556 (PA4772),S1_exp #789
interaction,INT-030348,INSERT,,,RNA-010028 (PhrS) -> RNA-014557 (PA0267),S1_exp #790
interaction,INT-030349,INSERT,,,RNA-010028 (PhrS) -> RNA-014558 (PA0276),S1_exp #791
interaction,INT-030350,INSERT,,,RNA-010028 (PhrS) -> RNA-002262 (PA3356),S1_exp #792
interaction,INT-030351,INSERT,,,RNA-010028 (PhrS) -> RNA-014559 (PA0476),S1_exp #793
interaction,INT-030352,INSERT,,,RNA-010028 (PhrS) -> RNA-014560 (rpoA),S1_exp #794
interaction,INT-030353,INSERT,,,RNA-010028 (PhrS) -> RNA-014561 (dnpA),S1_exp #795
interaction,INT-030354,INSERT,,,RNA-014062 (Sr063) -> RNA-014355 (PA0876),S1_exp #796
interaction,INT-030355,INSERT,,,RNA-014062 (Sr063) -> RNA-002540 (RhlS),S1_exp #798
interaction,INT-030356,INSERT,,,RNA-014051 (AspA-3') -> RNA-014562 (argF),S1_exp #799
interaction,INT-030357,INSERT,,,RNA-010028 (PhrS) -> RNA-002315 (tufA),S1_exp #801
interaction,INT-030358,INSERT,,,RNA-010028 (PhrS) -> RNA-014563 (cbrB),S1_exp #802
interaction,INT-030359,INSERT,,,RNA-001834 (CrcZ) -> RNA-002278 (phhC),S1_exp #803
interaction,INT-030360,INSERT,,,RNA-010028 (PhrS) -> RNA-014564 (spuI),S1_exp #804
interaction,INT-030361,INSERT,,,RNA-014051 (AspA-3') -> RNA-002208 (gbt),S1_exp #805
interaction,INT-030362,INSERT,,,RNA-001834 (CrcZ) -> RNA-014190 (PA3157),S1_exp #806
interaction,INT-030363,INSERT,,,RNA-001834 (CrcZ) -> RNA-002438 (tpiA),S1_exp #807
interaction,INT-030364,INSERT,,,RNA-010028 (PhrS) -> RNA-014565 (aroC),S1_exp #808
interaction,INT-030365,INSERT,,,RNA-010028 (PhrS) -> RNA-014566 (IG_lrp-PA5309),S1_exp #809
interaction,INT-030366,INSERT,,,RNA-010028 (PhrS) -> RNA-014567 (AS_PA0260),S1_exp #810
interaction,INT-030367,INSERT,,,RNA-010028 (PhrS) -> RNA-014568 (fpvR),S1_exp #811
interaction,INT-030368,INSERT,,,RNA-010028 (PhrS) -> RNA-014569 (ntrC),S1_exp #812
interaction,INT-030369,INSERT,,,RNA-010028 (PhrS) -> RNA-014570 (PA4011),S1_exp #813
interaction,INT-030370,INSERT,,,RNA-010028 (PhrS) -> RNA-001868 (sodB),S1_exp #815
interaction,INT-030371,INSERT,,,RNA-010028 (PhrS) -> RNA-014571 (PA3860),S1_exp #816
interaction,INT-030372,INSERT,,,RNA-010028 (PhrS) -> RNA-014572 (PA4577),S1_exp #817
interaction,INT-030373,INSERT,,,RNA-010028 (PhrS) -> RNA-014573 (PA3798),S1_exp #818
interaction,INT-030374,INSERT,,,RNA-010028 (PhrS) -> RNA-014574 (IG_ppgL-mexG),S1_exp #820
interaction,INT-030375,INSERT,,,RNA-014072 (PA3449.1) -> RNA-014060 (PA5506),S1_exp #821
interaction,INT-030376,INSERT,,,RNA-010028 (PhrS) -> RNA-014575 (PA4900),S1_exp #822
interaction,INT-030377,INSERT,,,RNA-010028 (PhrS) -> RNA-014576 (PA3594),S1_exp #823
interaction,INT-030378,INSERT,,,RNA-010028 (PhrS) -> RNA-014577 (PA3800),S1_exp #824
interaction,INT-030379,INSERT,,,RNA-010028 (PhrS) -> RNA-014578 (coaE),S1_exp #825
interaction,INT-030380,INSERT,,,RNA-010028 (PhrS) -> RNA-014579 (PA4279),S1_exp #826
interaction,INT-030381,INSERT,,,RNA-014323 (PA3133.01) -> RNA-014037 (AS2779),S1_exp #828
interaction,INT-030382,INSERT,,,RNA-010028 (PhrS) -> RNA-014580 (xdhA),S1_exp #830
interaction,INT-030383,INSERT,,,RNA-010028 (PhrS) -> RNA-014581 (PA5230),S1_exp #831
interaction,INT-030384,INSERT,,,RNA-010028 (PhrS) -> RNA-014582 (AS_tli5b1),S1_exp #833
interaction,INT-030385,INSERT,,,RNA-010028 (PhrS) -> RNA-014583 (pyrG),S1_exp #834
interaction,INT-030386,INSERT,,,RNA-010028 (PhrS) -> RNA-014584 (AS_tli5b2),S1_exp #835
interaction,INT-030387,INSERT,,,RNA-014138 (AceF-3') -> RNA-014030 (Spa121),S1_exp #838
interaction,INT-030388,INSERT,,,RNA-014585 (Sr90) -> RNA-014355 (PA0876),S1_exp #839
interaction,INT-030389,INSERT,,,RNA-010028 (PhrS) -> RNA-014586 (PA4671),S1_exp #841
interaction,INT-030390,INSERT,,,RNA-010028 (PhrS) -> RNA-014587 (murA),S1_exp #842
interaction,INT-030391,INSERT,,,RNA-014316 (PA3181-3') -> RNA-014094 (PA0976.1),S1_exp #843
interaction,INT-030392,INSERT,,,RNA-010028 (PhrS) -> RNA-014588 (pntAB),S1_exp #844
interaction,INT-030393,INSERT,,,RNA-014138 (AceF-3') -> RNA-014589 (PA0747),S1_exp #845
interaction,INT-030394,INSERT,,,RNA-014066 (PrrH) -> RNA-001941 (PA0179),S1_exp #846
interaction,INT-030395,INSERT,,,RNA-010028 (PhrS) -> RNA-014590 (ptrC),S1_exp #847
interaction,INT-030396,INSERT,,,RNA-010028 (PhrS) -> RNA-014556 (PA4772),S1_exp #848
interaction,INT-030397,INSERT,,,RNA-010028 (PhrS) -> RNA-014591 (gcbA),S1_exp #849
interaction,INT-030398,INSERT,,,RNA-010028 (PhrS) -> RNA-014592 (fiuI),S1_exp #851
interaction,INT-030399,INSERT,,,RNA-010028 (PhrS) -> RNA-014593 (PA0429),S1_exp #852
interaction,INT-030400,INSERT,,,RNA-010028 (PhrS) -> RNA-002016 (PA1677),S1_exp #853
interaction,INT-030401,INSERT,,,RNA-010028 (PhrS) -> RNA-014594 (PA1627),S1_exp #854
interaction,INT-030402,INSERT,,,RNA-010028 (PhrS) -> RNA-014595 (PA4966),S1_exp #855
interaction,INT-030403,INSERT,,,RNA-010028 (PhrS) -> RNA-014596 (holA),S1_exp #856
interaction,INT-030404,INSERT,,,RNA-010028 (PhrS) -> RNA-014597 (AS_pchP),S1_exp #858
interaction,INT-030405,INSERT,,,RNA-001834 (CrcZ) -> RNA-014598 (PA3140),S1_exp #861
interaction,INT-030406,INSERT,,,RNA-010028 (PhrS) -> RNA-014599 (PA5108),S1_exp #863
interaction,INT-030407,INSERT,,,RNA-001834 (CrcZ) -> RNA-014217 (PA2760),S1_exp #864
interaction,INT-030408,INSERT,,,RNA-010028 (PhrS) -> RNA-014600 (PA5178),S1_exp #865
interaction,INT-030409,INSERT,,,RNA-010028 (PhrS) -> RNA-014601 (lpdG),S1_exp #867
interaction,INT-030410,INSERT,,,RNA-001834 (CrcZ) -> RNA-014602 (ftsJ),S1_exp #869
interaction,INT-030411,INSERT,,,RNA-010028 (PhrS) -> RNA-014603 (tagS1),S1_exp #870
interaction,INT-030412,INSERT,,,RNA-010028 (PhrS) -> RNA-014604 (tle3),S1_exp #871
interaction,INT-030413,INSERT,,,RNA-010028 (PhrS) -> RNA-014605 (PA1289),S1_exp #872
interaction,INT-030414,INSERT,,,RNA-010028 (PhrS) -> RNA-014606 (PA3091),S1_exp #873
interaction,INT-030415,INSERT,,,RNA-010028 (PhrS) -> RNA-014607 (PA4682),S1_exp #874
interaction,INT-030416,INSERT,,,RNA-010028 (PhrS) -> RNA-002362 (purT),S1_exp #875
interaction,INT-030417,INSERT,,,RNA-010028 (PhrS) -> RNA-014608 (rubB),S1_exp #876
interaction,INT-030418,INSERT,,,RNA-010028 (PhrS) -> RNA-014609 (rpmG),S1_exp #877
interaction,INT-030419,INSERT,,,RNA-010028 (PhrS) -> RNA-001927 (acsA),S1_exp #879
interaction,INT-030420,INSERT,,,RNA-010028 (PhrS) -> RNA-014610 (lptA),S1_exp #880
interaction,INT-030421,INSERT,,,RNA-010028 (PhrS) -> RNA-014611 (PA4308),S1_exp #881
interaction,INT-030422,INSERT,,,RNA-010028 (PhrS) -> RNA-014612 (PA0968),S1_exp #882
interaction,INT-030423,INSERT,,,RNA-010028 (PhrS) -> RNA-014613 (PA0708.1),S1_exp #883
interaction,INT-030424,INSERT,,,RNA-010028 (PhrS) -> RNA-014614 (PA4578),S1_exp #884
interaction,INT-030425,INSERT,,,RNA-010028 (PhrS) -> RNA-014615 (norB),S1_exp #885
interaction,INT-030426,INSERT,,,RNA-014051 (AspA-3') -> RNA-001987 (PA5348),S1_exp #886
interaction,INT-030427,INSERT,,,RNA-001834 (CrcZ) -> RNA-014616 (AS_PA4948),S1_exp #887
interaction,INT-030428,INSERT,,,RNA-010028 (PhrS) -> RNA-014617 (AS_PA4365),S1_exp #889
interaction,INT-030429,INSERT,,,RNA-014031 (Pant445) -> RNA-014618 (oprG),S1_exp #891
interaction,INT-030430,INSERT,,,RNA-010028 (PhrS) -> RNA-014619 (AS_ccoQ1),S1_exp #892
interaction,INT-030431,INSERT,,,RNA-014620 (PA0806.1) -> RNA-014124 (AS_PhrD),S1_exp #894
interaction,INT-030432,INSERT,,,RNA-014051 (AspA-3') -> RNA-014621 (AS_PA2172),S1_exp #896
interaction,INT-030433,INSERT,,,RNA-010028 (PhrS) -> RNA-014622 (PA1369),S1_exp #897
interaction,INT-030434,INSERT,,,RNA-010028 (PhrS) -> RNA-001906 (PA5024),S1_exp #898
interaction,INT-030435,INSERT,,,RNA-010028 (PhrS) -> RNA-014623 (PA1753),S1_exp #899
interaction,INT-030436,INSERT,,,RNA-010028 (PhrS) -> RNA-014624 (PA1400),S1_exp #900
interaction,INT-030437,INSERT,,,RNA-014062 (Sr063) -> RNA-002087 (oprB),S1_exp #901
interaction,INT-030438,INSERT,,,RNA-010028 (PhrS) -> RNA-014625 (tlpQ),S1_exp #903
interaction,INT-030439,INSERT,,,RNA-010028 (PhrS) -> RNA-014626 (hemH),S1_exp #904
interaction,INT-030440,INSERT,,,RNA-010028 (PhrS) -> RNA-014298 (PA0340),S1_exp #905
interaction,INT-030441,INSERT,,,RNA-010028 (PhrS) -> RNA-014627 (PA0206),S1_exp #906
interaction,INT-030442,INSERT,,,RNA-010028 (PhrS) -> RNA-001863 (PA2953),S1_exp #907
interaction,INT-030443,INSERT,,,RNA-010028 (PhrS) -> RNA-001992 (PA0572),S1_exp #909
interaction,INT-030444,INSERT,,,RNA-010028 (PhrS) -> RNA-014628 (PA3472),S1_exp #910
interaction,INT-030445,INSERT,,,RNA-014066 (PrrH) -> RNA-014140 (Sr151),S1_exp #911
interaction,INT-030446,INSERT,,,RNA-010028 (PhrS) -> RNA-002310 (PA0596),S1_exp #912
interaction,INT-030447,INSERT,,,RNA-010028 (PhrS) -> RNA-014629 (pyrC),S1_exp #913
interaction,INT-030448,INSERT,,,RNA-010028 (PhrS) -> RNA-014630 (PA1419),S1_exp #914
interaction,INT-030449,INSERT,,,RNA-010028 (PhrS) -> RNA-001975 (gcdH),S1_exp #917
interaction,INT-030450,INSERT,,,RNA-010028 (PhrS) -> RNA-002281 (PA1342),S1_exp #918
interaction,INT-030451,INSERT,,,RNA-014138 (AceF-3') -> RNA-014268 (PA0937),S1_exp #919
interaction,INT-030452,INSERT,,,RNA-010028 (PhrS) -> RNA-014631 (opdH),S1_exp #920
interaction,INT-030453,INSERT,,,RNA-010028 (PhrS) -> RNA-014632 (nuoF),S1_exp #921
interaction,INT-030454,INSERT,,,RNA-010028 (PhrS) -> RNA-014633 (PA0391),S1_exp #922
interaction,INT-030455,INSERT,,,RNA-010028 (PhrS) -> RNA-014634 (Pant269),S1_exp #923
interaction,INT-030456,INSERT,,,RNA-010028 (PhrS) -> RNA-014635 (zipA),S1_exp #924
interaction,INT-030457,INSERT,,,RNA-014062 (Sr063) -> RNA-014636 (birA),S1_exp #925
interaction,INT-030458,INSERT,,,RNA-014066 (PrrH) -> RNA-014048 (PA4621),S1_exp #926
interaction,INT-030459,INSERT,,,RNA-010028 (PhrS) -> RNA-014637 (PA2542),S1_exp #927
interaction,INT-030460,INSERT,,,RNA-014530 (RsmZ) -> RNA-014317 (PA1441),S1_exp #928
interaction,INT-030461,INSERT,,,RNA-002532 (ReaL) -> RNA-014055 (PA0946),S1_exp #929
interaction,INT-030462,INSERT,,,RNA-010028 (PhrS) -> RNA-014638 (arcD),S1_exp #930
interaction,INT-030463,INSERT,,,RNA-010028 (PhrS) -> RNA-014639 (PA5433),S1_exp #932
interaction,INT-030464,INSERT,,,RNA-010028 (PhrS) -> RNA-014640 (PA3179),S1_exp #933
interaction,INT-030465,INSERT,,,RNA-010028 (PhrS) -> RNA-014641 (PA4939),S1_exp #936
interaction,INT-030466,INSERT,,,RNA-010028 (PhrS) -> RNA-002028 (PA4610),S1_exp #939
interaction,INT-030467,INSERT,,,RNA-014037 (AS2779) -> RNA-001868 (sodB),S1_exp #941
interaction,INT-030468,INSERT,,,RNA-001834 (CrcZ) -> RNA-014383 (aspS),S1_exp #942
interaction,INT-030469,INSERT,,,RNA-010028 (PhrS) -> RNA-014642 (PA2538),S1_exp #943
interaction,INT-030470,INSERT,,,RNA-014643 (Pant54) -> RNA-014644 (bkdR),S1_exp #945
interaction,INT-030471,INSERT,,,RNA-010028 (PhrS) -> RNA-014645 (IG_PA3237_PA2338),S1_exp #947
interaction,INT-030472,INSERT,,,RNA-010028 (PhrS) -> RNA-014646 (trxB1),S1_exp #949
interaction,INT-030473,INSERT,,,RNA-010028 (PhrS) -> RNA-001884 (PA5445),S1_exp #950
interaction,INT-030474,INSERT,,,RNA-014066 (PrrH) -> RNA-014647 (PA0039),S1_exp #951
interaction,INT-030475,INSERT,,,RNA-010028 (PhrS) -> RNA-002419 (nuoD),S1_exp #952
interaction,INT-030476,INSERT,,,RNA-010028 (PhrS) -> RNA-014648 (PA3969a),S1_exp #954
interaction,INT-030477,INSERT,,,RNA-010028 (PhrS) -> RNA-014649 (PA0387),S1_exp #956
interaction,INT-030478,INSERT,,,RNA-014051 (AspA-3') -> RNA-014650 (PA2735),S1_exp #957
interaction,INT-030479,INSERT,,,RNA-010028 (PhrS) -> RNA-014651 (PA1856),S1_exp #958
interaction,INT-030480,INSERT,,,RNA-010028 (PhrS) -> RNA-014652 (PA4115),S1_exp #959
interaction,INT-030481,INSERT,,,RNA-010028 (PhrS) -> RNA-014653 (PA1252),S1_exp #960
interaction,INT-030482,INSERT,,,RNA-010028 (PhrS) -> RNA-014654 (betI),S1_exp #962
interaction,INT-030483,INSERT,,,RNA-010028 (PhrS) -> RNA-002299 (fadD2),S1_exp #963
interaction,INT-030484,INSERT,,,RNA-002532 (ReaL) -> RNA-014655 (PA0714),S1_exp #965
interaction,INT-030485,INSERT,,,RNA-010028 (PhrS) -> RNA-014656 (PA4991),S1_exp #966
interaction,INT-030486,INSERT,,,RNA-010028 (PhrS) -> RNA-014657 (PA5533),S1_exp #969
interaction,INT-030487,INSERT,,,RNA-014066 (PrrH) -> RNA-014658 (trmU),S1_exp #972
interaction,INT-030488,INSERT,,,RNA-010028 (PhrS) -> RNA-014659 (sdhA),S1_exp #974
interaction,INT-030489,INSERT,,,RNA-010028 (PhrS) -> RNA-014660 (rplO),S1_exp #975
interaction,INT-030490,INSERT,,,RNA-010028 (PhrS) -> RNA-014661 (IG_PA4080_cupB6),S1_exp #977
interaction,INT-030491,INSERT,,,RNA-010028 (PhrS) -> RNA-014662 (PA2481),S1_exp #986
interaction,INT-030492,INSERT,,,RNA-010028 (PhrS) -> RNA-001963 (PA2745),S1_exp #987
interaction,INT-030493,INSERT,,,RNA-010028 (PhrS) -> RNA-014663 (PA0213),S1_exp #988
interaction,INT-030494,INSERT,,,RNA-014138 (AceF-3') -> RNA-014563 (cbrB),S1_exp #989
interaction,INT-030495,INSERT,,,RNA-010028 (PhrS) -> RNA-002283 (PA3188),S1_exp #991
interaction,INT-030496,INSERT,,,RNA-010028 (PhrS) -> RNA-014664 (purL),S1_exp #992
interaction,INT-030497,INSERT,,,RNA-010028 (PhrS) -> RNA-014665 (mucA),S1_exp #993
interaction,INT-030498,INSERT,,,RNA-010028 (PhrS) -> RNA-014666 (rluD),S1_exp #994
interaction,INT-030499,INSERT,,,RNA-010028 (PhrS) -> RNA-014667 (PA2534),S1_exp #995
interaction,INT-030500,INSERT,,,RNA-010028 (PhrS) -> RNA-014668 (PA3352),S1_exp #996
interaction,INT-030501,INSERT,,,RNA-014066 (PrrH) -> RNA-001980 (PA4430),S1_exp #997
interaction,INT-030502,INSERT,,,RNA-010028 (PhrS) -> RNA-014669 (PA3966),S1_stat #10
interaction,INT-030503,INSERT,,,RNA-014051 (AspA-3') -> RNA-002243 (icd),S1_stat #21
interaction,INT-030504,INSERT,,,RNA-002540 (RhlS) -> RNA-002447 (ErsA),S1_stat #23
interaction,INT-030505,INSERT,,,RNA-010028 (PhrS) -> RNA-014542 (oprI),S1_stat #29
interaction,INT-030506,INSERT,,,RNA-010028 (PhrS) -> RNA-014670 (Spa029),S1_stat #31
interaction,INT-030507,INSERT,,,RNA-002540 (RhlS) -> RNA-010028 (PhrS),S1_stat #32
interaction,INT-030508,INSERT,,,RNA-014037 (AS2779) -> RNA-014671 (PA1414),S1_stat #33
interaction,INT-030509,INSERT,,,RNA-014212 (BkdZ) -> RNA-014672 (IG_sdhB_sucA),S1_stat #37
interaction,INT-030510,INSERT,,,RNA-014032 (OprB-3') -> RNA-001941 (PA0179),S1_stat #40
interaction,INT-030511,INSERT,,,RNA-010028 (PhrS) -> RNA-002076 (vfr),S1_stat #43
interaction,INT-030512,INSERT,,,RNA-010028 (PhrS) -> RNA-014673 (PA2867),S1_stat #52
interaction,INT-030513,INSERT,,,RNA-014037 (AS2779) -> RNA-014355 (PA0876),S1_stat #53
interaction,INT-030514,INSERT,,,RNA-002540 (RhlS) -> RNA-001941 (PA0179),S1_stat #60
interaction,INT-030515,INSERT,,,RNA-014066 (PrrH) -> RNA-001834 (CrcZ),S1_stat #63
interaction,INT-030516,INSERT,,,RNA-014212 (BkdZ) -> RNA-014674 (PA3858),S1_stat #69
interaction,INT-030517,INSERT,,,RNA-014212 (BkdZ) -> RNA-010293 (RgsA),S1_stat #70
interaction,INT-030518,INSERT,,,RNA-010028 (PhrS) -> RNA-002124 (PA0506),S1_stat #73
interaction,INT-030519,INSERT,,,RNA-010028 (PhrS) -> RNA-014675 (PA3785),S1_stat #74
interaction,INT-030520,INSERT,,,RNA-010028 (PhrS) -> RNA-014676 (miaA),S1_stat #75
interaction,INT-030521,INSERT,,,RNA-010028 (PhrS) -> RNA-014677 (infC),S1_stat #78
interaction,INT-030522,INSERT,,,RNA-002540 (RhlS) -> RNA-002071 (PA4607),S1_stat #85
interaction,INT-030523,INSERT,,,RNA-010028 (PhrS) -> RNA-002348 (PA3723),S1_stat #89
interaction,INT-030524,INSERT,,,RNA-010293 (RgsA) -> RNA-014678 (Pant66),S1_stat #92
interaction,INT-030525,INSERT,,,RNA-010028 (PhrS) -> RNA-014679 (PA3003),S1_stat #93
interaction,INT-030526,INSERT,,,RNA-010028 (PhrS) -> RNA-014680 (Spa095),S1_stat #94
interaction,INT-030527,INSERT,,,RNA-014062 (Sr063) -> RNA-014681 (AS_PA0920),S1_stat #97
interaction,INT-030528,INSERT,,,RNA-014062 (Sr063) -> RNA-014477 (PA3278),S1_stat #99
interaction,INT-030529,INSERT,,,RNA-014212 (BkdZ) -> RNA-010295 (acpP),S1_stat #100
interaction,INT-030530,INSERT,,,RNA-002540 (RhlS) -> RNA-014672 (IG_sdhB_sucA),S1_stat #102
interaction,INT-030531,INSERT,,,RNA-014037 (AS2779) -> RNA-002101 (oprC),S1_stat #103
interaction,INT-030532,INSERT,,,RNA-014212 (BkdZ) -> RNA-014451 (PA4641),S1_stat #106
interaction,INT-030533,INSERT,,,RNA-014682 (Spa097) -> RNA-014683 (cspD),S1_stat #107
interaction,INT-030534,INSERT,,,RNA-014212 (BkdZ) -> RNA-010044 (pqsE),S1_stat #108
interaction,INT-030535,INSERT,,,RNA-002540 (RhlS) -> RNA-014036 (P30),S1_stat #109
interaction,INT-030536,INSERT,,,RNA-010028 (PhrS) -> RNA-014684 (ahpB),S1_stat #110
interaction,INT-030537,INSERT,,,RNA-014685 (Spa079) -> RNA-001834 (CrcZ),S1_stat #111
interaction,INT-030538,INSERT,,,RNA-010028 (PhrS) -> RNA-014217 (PA2760),S1_stat #113
interaction,INT-030539,INSERT,,,RNA-014037 (AS2779) -> RNA-014686 (lon),S1_stat #120
interaction,INT-030540,INSERT,,,RNA-010028 (PhrS) -> RNA-014377 (napD),S1_stat #124
interaction,INT-030541,INSERT,,,RNA-010028 (PhrS) -> RNA-014687 (IG_PA2372_vgrG3),S1_stat #127
interaction,INT-030542,INSERT,,,RNA-014066 (PrrH) -> RNA-014688 (napA),S1_stat #128
interaction,INT-030543,INSERT,,,RNA-014066 (PrrH) -> RNA-001846 (katA),S1_stat #130
interaction,INT-030544,INSERT,,,RNA-014037 (AS2779) -> RNA-014414 (PA5027),S1_stat #131
interaction,INT-030545,INSERT,,,RNA-010028 (PhrS) -> RNA-014689 (PA1728),S1_stat #132
interaction,INT-030546,INSERT,,,RNA-014682 (Spa097) -> RNA-002057 (phzM),S1_stat #136
interaction,INT-030547,INSERT,,,RNA-010028 (PhrS) -> RNA-002101 (oprC),S1_stat #142
interaction,INT-030548,INSERT,,,RNA-014690 (AmiL) -> RNA-001834 (CrcZ),S1_stat #143
interaction,INT-030549,INSERT,,,RNA-014212 (BkdZ) -> RNA-014271 (PA0916),S1_stat #144
interaction,INT-030550,INSERT,,,RNA-010028 (PhrS) -> RNA-001901 (PA3931),S1_stat #147
interaction,INT-030551,INSERT,,,RNA-014062 (Sr063) -> RNA-014691 (ssg),S1_stat #148
interaction,INT-030552,INSERT,,,RNA-002540 (RhlS) -> RNA-014692 (ostA),S1_stat #150
interaction,INT-030553,INSERT,,,RNA-010028 (PhrS) -> RNA-014693 (PA1131),S1_stat #152
interaction,INT-030554,INSERT,,,RNA-014212 (BkdZ) -> RNA-001918 (flp),S1_stat #153
interaction,INT-030555,INSERT,,,RNA-014062 (Sr063) -> RNA-014694 (rcpC),S1_stat #157
interaction,INT-030556,INSERT,,,RNA-014037 (AS2779) -> RNA-014695 (Pant150),S1_stat #158
interaction,INT-030557,INSERT,,,RNA-010028 (PhrS) -> RNA-014647 (PA0039),S1_stat #159
interaction,INT-030558,INSERT,,,RNA-010028 (PhrS) -> RNA-014696 (napB),S1_stat #162
interaction,INT-030559,INSERT,,,RNA-002540 (RhlS) -> RNA-001891 (PA3602),S1_stat #166
interaction,INT-030560,INSERT,,,RNA-010028 (PhrS) -> RNA-014697 (PA3355),S1_stat #171
interaction,INT-030561,INSERT,,,RNA-010028 (PhrS) -> RNA-014698 (sadC),S1_stat #173
interaction,INT-030562,INSERT,,,RNA-010028 (PhrS) -> RNA-014699 (sigX),S1_stat #175
interaction,INT-030563,INSERT,,,RNA-010028 (PhrS) -> RNA-014700 (gidA),S1_stat #176
interaction,INT-030564,INSERT,,,RNA-010028 (PhrS) -> RNA-014701 (PA1747),S1_stat #178
interaction,INT-030565,INSERT,,,RNA-010028 (PhrS) -> RNA-002139 (PA5446),S1_stat #179
interaction,INT-030566,INSERT,,,RNA-014702 (AzoR3-3') -> RNA-010045 (phnA),S1_stat #185
interaction,INT-030567,INSERT,,,RNA-014212 (BkdZ) -> RNA-014703 (PA2779),S1_stat #186
interaction,INT-030568,INSERT,,,RNA-010028 (PhrS) -> RNA-014704 (Pant109),S1_stat #187
interaction,INT-030569,INSERT,,,RNA-014705 (Sr032) -> RNA-001834 (CrcZ),S1_stat #189
interaction,INT-030570,INSERT,,,RNA-014037 (AS2779) -> RNA-002311 (PA5301),S1_stat #195
interaction,INT-030571,INSERT,,,RNA-010028 (PhrS) -> RNA-014706 (AS_PA1366),S1_stat #196
interaction,INT-030572,INSERT,,,RNA-010028 (PhrS) -> RNA-014707 (Spa005),S1_stat #197
interaction,INT-030573,INSERT,,,RNA-010293 (RgsA) -> RNA-010044 (pqsE),S1_stat #199
interaction,INT-030574,INSERT,,,RNA-010028 (PhrS) -> RNA-014414 (PA5027),S1_stat #202
interaction,INT-030575,INSERT,,,RNA-002447 (ErsA) -> RNA-014355 (PA0876),S1_stat #203
interaction,INT-030576,INSERT,,,RNA-002447 (ErsA) -> RNA-014477 (PA3278),S1_stat #204
interaction,INT-030577,INSERT,,,RNA-014212 (BkdZ) -> RNA-014708 (pslC),S1_stat #207
interaction,INT-030578,INSERT,,,RNA-010028 (PhrS) -> RNA-014709 (PA5290),S1_stat #208
interaction,INT-030579,INSERT,,,RNA-002540 (RhlS) -> RNA-014671 (PA1414),S1_stat #209
interaction,INT-030580,INSERT,,,RNA-010028 (PhrS) -> RNA-014710 (PA4420),S1_stat #211
interaction,INT-030581,INSERT,,,RNA-010028 (PhrS) -> RNA-002183 (PA1041),S1_stat #212
interaction,INT-030582,INSERT,,,RNA-014032 (OprB-3') -> RNA-014236 (rmf),S1_stat #213
interaction,INT-030583,INSERT,,,RNA-014343 (OprN-3') -> RNA-002061 (PA3568),S1_stat #214
interaction,INT-030584,INSERT,,,RNA-002540 (RhlS) -> RNA-014711 (IG_PA0981-0982),S1_stat #218
interaction,INT-030585,INSERT,,,RNA-001834 (CrcZ) -> RNA-002449 (braC),S1_stat #220
interaction,INT-030586,INSERT,,,RNA-010028 (PhrS) -> RNA-014712 (bphO),S1_stat #224
interaction,INT-030587,INSERT,,,RNA-014032 (OprB-3') -> RNA-014713 (PA1752),S1_stat #227
interaction,INT-030588,INSERT,,,RNA-002540 (RhlS) -> RNA-002444 (oprD),S1_stat #228
interaction,INT-030589,INSERT,,,RNA-010028 (PhrS) -> RNA-014714 (PA2046),S1_stat #230
interaction,INT-030590,INSERT,,,RNA-010028 (PhrS) -> RNA-014715 (AS_PA0712),S1_stat #232
interaction,INT-030591,INSERT,,,RNA-010028 (PhrS) -> RNA-014716 (napC),S1_stat #234
interaction,INT-030592,INSERT,,,RNA-010028 (PhrS) -> RNA-014717 (PA4368),S1_stat #235
interaction,INT-030593,INSERT,,,RNA-014037 (AS2779) -> RNA-014044 (PA2482),S1_stat #239
interaction,INT-030594,INSERT,,,RNA-002447 (ErsA) -> RNA-014718 (PA3415),S1_stat #240
interaction,INT-030595,INSERT,,,RNA-010028 (PhrS) -> RNA-014719 (dppB),S1_stat #242
interaction,INT-030596,INSERT,,,RNA-014062 (Sr063) -> RNA-014720 (mucP),S1_stat #243
interaction,INT-030597,INSERT,,,RNA-014585 (Sr90) -> RNA-014721 (PA2788),S1_stat #244
interaction,INT-030598,INSERT,,,RNA-014212 (BkdZ) -> RNA-002143 (spuC),S1_stat #247
interaction,INT-030599,INSERT,,,RNA-014062 (Sr063) -> RNA-014722 (PA2756),S1_stat #251
interaction,INT-030600,INSERT,,,RNA-010028 (PhrS) -> RNA-014723 (IG_PA3835-PA3836),S1_stat #252
interaction,INT-030601,INSERT,,,RNA-010028 (PhrS) -> RNA-002131 (acnA),S1_stat #253
interaction,INT-030602,INSERT,,,RNA-014037 (AS2779) -> RNA-002053 (PA1196),S1_stat #254
interaction,INT-030603,INSERT,,,RNA-010028 (PhrS) -> RNA-014724 (PA1527),S1_stat #259
interaction,INT-030604,INSERT,,,RNA-014704 (Pant109) -> RNA-002084 (PA3928),S1_stat #260
interaction,INT-030605,INSERT,,,RNA-014725 (Pant102) -> RNA-002097 (bfrB),S1_stat #261
interaction,INT-030606,INSERT,,,RNA-014037 (AS2779) -> RNA-014726 (PA1542),S1_stat #262
interaction,INT-030607,INSERT,,,RNA-010028 (PhrS) -> RNA-014727 (guaB),S1_stat #263
interaction,INT-030608,INSERT,,,RNA-014037 (AS2779) -> RNA-014728 (PA1245),S1_stat #265
interaction,INT-030609,INSERT,,,RNA-010028 (PhrS) -> RNA-014729 (PA2814),S1_stat #269
interaction,INT-030610,INSERT,,,RNA-010028 (PhrS) -> RNA-014730 (IG_lecA-tRNA-Leu),S1_stat #272
interaction,INT-030611,INSERT,,,RNA-010028 (PhrS) -> RNA-014731 (clpV3),S1_stat #273
interaction,INT-030612,INSERT,,,RNA-014037 (AS2779) -> RNA-010039 (PA0588),S1_stat #278
interaction,INT-030613,INSERT,,,RNA-010028 (PhrS) -> RNA-014732 (PA0268),S1_stat #279
interaction,INT-030614,INSERT,,,RNA-001834 (CrcZ) -> RNA-014733 (PA1682),S1_stat #282
interaction,INT-030615,INSERT,,,RNA-014343 (OprN-3') -> RNA-014678 (Pant66),S1_stat #283
interaction,INT-030616,INSERT,,,RNA-001834 (CrcZ) -> RNA-010050 (ansB),S1_stat #284
interaction,INT-030617,INSERT,,,RNA-010028 (PhrS) -> RNA-014734 (hsiB3),S1_stat #286
interaction,INT-030618,INSERT,,,RNA-001834 (CrcZ) -> RNA-014735 (PA3535),S1_stat #287
interaction,INT-030619,INSERT,,,RNA-010028 (PhrS) -> RNA-014736 (hptB),S1_stat #290
interaction,INT-030620,INSERT,,,RNA-014051 (AspA-3') -> RNA-014355 (PA0876),S1_stat #293
interaction,INT-030621,INSERT,,,RNA-001834 (CrcZ) -> RNA-014737 (PA1181),S1_stat #294
interaction,INT-030622,INSERT,,,RNA-014031 (Pant445) -> RNA-014036 (P30),S1_stat #295
interaction,INT-030623,INSERT,,,RNA-002540 (RhlS) -> RNA-014416 (AS_wbpJ),S1_stat #298
interaction,INT-030624,INSERT,,,RNA-010028 (PhrS) -> RNA-014738 (AS_alkA),S1_stat #300
interaction,INT-030625,INSERT,,,RNA-002540 (RhlS) -> RNA-014605 (PA1289),S1_stat #303
interaction,INT-030626,INSERT,,,RNA-001834 (CrcZ) -> RNA-014067 (5_utr_betTI),S1_stat #304
interaction,INT-030627,INSERT,,,RNA-010028 (PhrS) -> RNA-014618 (oprG),S1_stat #306
interaction,INT-030628,INSERT,,,RNA-014212 (BkdZ) -> RNA-014739 (AS_PA2953),S1_stat #311
interaction,INT-030629,INSERT,,,RNA-010028 (PhrS) -> RNA-014740 (clpB),S1_stat #313
interaction,INT-030630,INSERT,,,RNA-010028 (PhrS) -> RNA-014741 (PA3309),S1_stat #314
interaction,INT-030631,INSERT,,,RNA-010028 (PhrS) -> RNA-014742 (PA2759),S1_stat #315
interaction,INT-030632,INSERT,,,RNA-002540 (RhlS) -> RNA-014743 (lasB),S1_stat #316
interaction,INT-030633,INSERT,,,RNA-010293 (RgsA) -> RNA-014094 (PA0976.1),S1_stat #317
interaction,INT-030634,INSERT,,,RNA-014212 (BkdZ) -> RNA-014744 (AS_arnF),S1_stat #321
interaction,INT-030635,INSERT,,,RNA-001834 (CrcZ) -> RNA-014745 (IG_sbp_0824),S1_stat #322
interaction,INT-030636,INSERT,,,RNA-002447 (ErsA) -> RNA-014746 (AS_PA1829),S1_stat #323
interaction,INT-030637,INSERT,,,RNA-001834 (CrcZ) -> RNA-014747 (AS_PA2318),S1_stat #324
interaction,INT-030638,INSERT,,,RNA-002540 (RhlS) -> RNA-002278 (phhC),S1_stat #325
interaction,INT-030639,INSERT,,,RNA-014748 (PA1507-3') -> RNA-014749 (PA3185),S1_stat #327
interaction,INT-030640,INSERT,,,RNA-001834 (CrcZ) -> RNA-014750 (PA1650),S1_stat #328
interaction,INT-030641,INSERT,,,RNA-014751 (5_utr_PA2770) -> RNA-010028 (PhrS),S1_stat #330
interaction,INT-030642,INSERT,,,RNA-002540 (RhlS) -> RNA-014215 (mobA),S1_stat #331
interaction,INT-030643,INSERT,,,RNA-002540 (RhlS) -> RNA-010039 (PA0588),S1_stat #333
interaction,INT-030644,INSERT,,,RNA-002540 (RhlS) -> RNA-014609 (rpmG),S1_stat #336
interaction,INT-030645,INSERT,,,RNA-014051 (AspA-3') -> RNA-014468 (PA5232),S1_stat #337
interaction,INT-030646,INSERT,,,RNA-001834 (CrcZ) -> RNA-014165 (clpA),S1_stat #340
interaction,INT-030647,INSERT,,,RNA-014212 (BkdZ) -> RNA-010041 (pqsB),S1_stat #341
interaction,INT-030648,INSERT,,,RNA-002447 (ErsA) -> RNA-014752 (Spa113),S1_stat #343
interaction,INT-030649,INSERT,,,RNA-010293 (RgsA) -> RNA-014753 (PA2372),S1_stat #346
interaction,INT-030650,INSERT,,,RNA-010028 (PhrS) -> RNA-014754 (nppD),S1_stat #347
interaction,INT-030651,INSERT,,,RNA-014682 (Spa097) -> RNA-002212 (PA5313),S1_stat #351
interaction,INT-030652,INSERT,,,RNA-002540 (RhlS) -> RNA-014133 (hilR),S1_stat #352
interaction,INT-030653,INSERT,,,RNA-010028 (PhrS) -> RNA-014755 (AS_PA1940),S1_stat #355
interaction,INT-030654,INSERT,,,RNA-002447 (ErsA) -> RNA-014136 (fgtA),S1_stat #356
interaction,INT-030655,INSERT,,,RNA-002540 (RhlS) -> RNA-001868 (sodB),S1_stat #359
interaction,INT-030656,INSERT,,,RNA-002540 (RhlS) -> RNA-014542 (oprI),S1_stat #360
interaction,INT-030657,INSERT,,,RNA-014037 (AS2779) -> RNA-014756 (Spa108),S1_stat #362
interaction,INT-030658,INSERT,,,RNA-010028 (PhrS) -> RNA-002361 (rhlR),S1_stat #364
interaction,INT-030659,INSERT,,,RNA-014037 (AS2779) -> RNA-014757 (Spa002),S1_stat #367
interaction,INT-030660,INSERT,,,RNA-001834 (CrcZ) -> RNA-014204 (tig),S1_stat #374
interaction,INT-030661,INSERT,,,RNA-001834 (CrcZ) -> RNA-014758 (carA),S1_stat #376
interaction,INT-030662,INSERT,,,RNA-001834 (CrcZ) -> RNA-014759 (rbsR),S1_stat #377
interaction,INT-030663,INSERT,,,RNA-014062 (Sr063) -> RNA-014760 (PA0953),S1_stat #378
interaction,INT-030664,INSERT,,,RNA-014062 (Sr063) -> RNA-014761 (AS_PA2760),S1_stat #379
interaction,INT-030665,INSERT,,,RNA-014037 (AS2779) -> RNA-014543 (RsmY),S1_stat #380
interaction,INT-030666,INSERT,,,RNA-002540 (RhlS) -> RNA-014532 (dadA),S1_stat #383
interaction,INT-030667,INSERT,,,RNA-014032 (OprB-3') -> RNA-014762 (cupE2),S1_stat #388
interaction,INT-030668,INSERT,,,RNA-010028 (PhrS) -> RNA-014694 (rcpC),S1_stat #390
interaction,INT-030669,INSERT,,,RNA-014138 (AceF-3') -> RNA-014763 (PA5019),S1_stat #391
interaction,INT-030670,INSERT,,,RNA-010028 (PhrS) -> RNA-014764 (PA1888),S1_stat #393
interaction,INT-030671,INSERT,,,RNA-014343 (OprN-3') -> RNA-014765 (IG_PA5210-PA5211),S1_stat #394
interaction,INT-030672,INSERT,,,RNA-014037 (AS2779) -> RNA-002074 (maiA),S1_stat #395
interaction,INT-030673,INSERT,,,RNA-014316 (PA3181-3') -> RNA-014157 (ftsI),S1_stat #398
interaction,INT-030674,INSERT,,,RNA-010028 (PhrS) -> RNA-014766 (AS_PA3139),S1_stat #400
interaction,INT-030675,INSERT,,,RNA-014032 (OprB-3') -> RNA-014767 (AS_PA5018),S1_stat #401
interaction,INT-030676,INSERT,,,RNA-010028 (PhrS) -> RNA-014768 (PA1287),S1_stat #402
interaction,INT-030677,INSERT,,,RNA-014062 (Sr063) -> RNA-014769 (IG_PA4132-PA4133),S1_stat #409
interaction,INT-030678,INSERT,,,RNA-010028 (PhrS) -> RNA-014770 (pchA),S1_stat #410
interaction,INT-030679,INSERT,,,RNA-010028 (PhrS) -> RNA-014771 (ftsH),S1_stat #411
interaction,INT-030680,INSERT,,,RNA-010028 (PhrS) -> RNA-014772 (PA3529),S1_stat #413
interaction,INT-030681,INSERT,,,RNA-010028 (PhrS) -> RNA-001856 (oprF),S1_stat #415
interaction,INT-030682,INSERT,,,RNA-002540 (RhlS) -> RNA-014602 (ftsJ),S1_stat #416
interaction,INT-030683,INSERT,,,RNA-010028 (PhrS) -> RNA-014773 (AS_Pant321),S1_stat #418
interaction,INT-030684,INSERT,,,RNA-014685 (Spa079) -> RNA-014190 (PA3157),S1_stat #419
interaction,INT-030685,INSERT,,,RNA-010028 (PhrS) -> RNA-014774 (bolA),S1_stat #420
interaction,INT-030686,INSERT,,,RNA-001834 (CrcZ) -> RNA-001840 (iscS),S1_stat #423
interaction,INT-030687,INSERT,,,RNA-001834 (CrcZ) -> RNA-014775 (RnpB),S1_stat #424
interaction,INT-030688,INSERT,,,RNA-014343 (OprN-3') -> RNA-001918 (flp),S1_stat #428
interaction,INT-030689,INSERT,,,RNA-014682 (Spa097) -> RNA-014776 (PA1835),S1_stat #429
interaction,INT-030690,INSERT,,,RNA-014062 (Sr063) -> RNA-014777 (PA1646),S1_stat #432
interaction,INT-030691,INSERT,,,RNA-001834 (CrcZ) -> RNA-014228 (Pant72),S1_stat #435
interaction,INT-030692,INSERT,,,RNA-001834 (CrcZ) -> RNA-014778 (pilY1),S1_stat #436
interaction,INT-030693,INSERT,,,RNA-002540 (RhlS) -> RNA-014239 (PA4463),S1_stat #437
interaction,INT-030694,INSERT,,,RNA-014682 (Spa097) -> RNA-014543 (RsmY),S1_stat #438
interaction,INT-030695,INSERT,,,RNA-010028 (PhrS) -> RNA-014779 (tadZ),S1_stat #439
interaction,INT-030696,INSERT,,,RNA-001834 (CrcZ) -> RNA-014780 (PA5440),S1_stat #448
interaction,INT-030697,INSERT,,,RNA-010028 (PhrS) -> RNA-014781 (PA4009),S1_stat #450
interaction,INT-030698,INSERT,,,RNA-010028 (PhrS) -> RNA-014782 (AS_phaF),S1_stat #451
interaction,INT-030699,INSERT,,,RNA-001834 (CrcZ) -> RNA-014783 (rbsA),S1_stat #454
interaction,INT-030700,INSERT,,,RNA-014037 (AS2779) -> RNA-002378 (PA3047),S1_stat #455
interaction,INT-030701,INSERT,,,RNA-014620 (PA0806.1) -> RNA-014784 (lytB),S1_stat #461
interaction,INT-030702,INSERT,,,RNA-010028 (PhrS) -> RNA-014785 (PA3079),S1_stat #466
interaction,INT-030703,INSERT,,,RNA-014343 (OprN-3') -> RNA-014543 (RsmY),S1_stat #467
interaction,INT-030704,INSERT,,,RNA-010028 (PhrS) -> RNA-014786 (AS_PA1346),S1_stat #468
interaction,INT-030705,INSERT,,,RNA-014212 (BkdZ) -> RNA-014787 (AS_PA4653),S1_stat #472
interaction,INT-030706,INSERT,,,RNA-014289 (Spa115) -> RNA-002365 (PA2006),S1_stat #475
interaction,INT-030707,INSERT,,,RNA-014037 (AS2779) -> RNA-014193 (phaF),S1_stat #476
interaction,INT-030708,INSERT,,,RNA-002540 (RhlS) -> RNA-014788 (pnp),S1_stat #478
interaction,INT-030709,INSERT,,,RNA-014037 (AS2779) -> RNA-014097 (pilM),S1_stat #481
interaction,INT-030710,INSERT,,,RNA-014620 (PA0806.1) -> RNA-001983 (PA2746a),S1_stat #482
interaction,INT-030711,INSERT,,,RNA-001834 (CrcZ) -> RNA-014492 (PA0485),S1_stat #484
interaction,INT-030712,INSERT,,,RNA-010028 (PhrS) -> RNA-014789 (foxA),S1_stat #485
interaction,INT-030713,INSERT,,,RNA-010028 (PhrS) -> RNA-014790 (PA4573),S1_stat #486
interaction,INT-030714,INSERT,,,RNA-014212 (BkdZ) -> RNA-002408 (PA2381),S1_stat #488
interaction,INT-030715,INSERT,,,RNA-010028 (PhrS) -> RNA-014691 (ssg),S1_stat #493
interaction,INT-030716,INSERT,,,RNA-014228 (Pant72) -> RNA-014423 (hflC),S1_stat #495
interaction,INT-030717,INSERT,,,RNA-014138 (AceF-3') -> RNA-014791 (cheR1),S1_stat #501
interaction,INT-030718,INSERT,,,RNA-010028 (PhrS) -> RNA-014792 (pslF),S1_stat #506
interaction,INT-030719,INSERT,,,RNA-001834 (CrcZ) -> RNA-014793 (pslI),S1_stat #508
interaction,INT-030720,INSERT,,,RNA-010028 (PhrS) -> RNA-014794 (PA1595),S1_stat #512
interaction,INT-030721,INSERT,,,RNA-014343 (OprN-3') -> RNA-014083 (PA0921),S1_stat #514
interaction,INT-030722,INSERT,,,RNA-010028 (PhrS) -> RNA-014795 (Pant87),S1_stat #518
interaction,INT-030723,INSERT,,,RNA-010028 (PhrS) -> RNA-014796 (AS_PA1251),S1_stat #521
interaction,INT-030724,INSERT,,,RNA-002540 (RhlS) -> RNA-014797 (PA1366),S1_stat #522
interaction,INT-030725,INSERT,,,RNA-014037 (AS2779) -> RNA-014127 (Spa103),S1_stat #523
interaction,INT-030726,INSERT,,,RNA-010028 (PhrS) -> RNA-014798 (Pant314),S1_stat #524
interaction,INT-030727,INSERT,,,RNA-014585 (Sr90) -> RNA-014799 (AS_PA1914),S1_stat #525
interaction,INT-030728,INSERT,,,RNA-014032 (OprB-3') -> RNA-014099 (PA0821),S1_stat #526
interaction,INT-030729,INSERT,,,RNA-014212 (BkdZ) -> RNA-014800 (AS_kdpE),S1_stat #528
interaction,INT-030730,INSERT,,,RNA-014212 (BkdZ) -> RNA-014402 (flgL),S1_stat #529
interaction,INT-030731,INSERT,,,RNA-001834 (CrcZ) -> RNA-014749 (PA3185),S1_stat #530
interaction,INT-030732,INSERT,,,RNA-010028 (PhrS) -> RNA-014801 (tsaP),S1_stat #531
interaction,INT-030733,INSERT,,,RNA-010028 (PhrS) -> RNA-014802 (PA4535),S1_stat #534
interaction,INT-030734,INSERT,,,RNA-014682 (Spa097) -> RNA-002182 (rpsP),S1_stat #535
interaction,INT-030735,INSERT,,,RNA-014803 (Spa064) -> RNA-014101 (oprL),S1_stat #539
interaction,INT-030736,INSERT,,,RNA-014212 (BkdZ) -> RNA-014804 (iscU),S1_stat #540
interaction,INT-030737,INSERT,,,RNA-002540 (RhlS) -> RNA-014805 (PA0919),S1_stat #543
interaction,INT-030738,INSERT,,,RNA-014037 (AS2779) -> RNA-014325 (PA2770),S1_stat #544
interaction,INT-030739,INSERT,,,RNA-014690 (AmiL) -> RNA-014806 (IG_PA1331_1332),S1_stat #545
interaction,INT-030740,INSERT,,,RNA-014138 (AceF-3') -> RNA-014807 (ftsA),S1_stat #547
interaction,INT-030741,INSERT,,,RNA-014620 (PA0806.1) -> RNA-014808 (IG_PA3463-3464),S1_stat #548
interaction,INT-030742,INSERT,,,RNA-010028 (PhrS) -> RNA-014809 (PA2930),S1_stat #551
interaction,INT-030743,INSERT,,,RNA-002447 (ErsA) -> RNA-002446 (pagL),S1_stat #553
interaction,INT-030744,INSERT,,,RNA-010028 (PhrS) -> RNA-014810 (PA2801),S1_stat #555
interaction,INT-030745,INSERT,,,RNA-014415 (FlgDas) -> RNA-014094 (PA0976.1),S1_stat #556
interaction,INT-030746,INSERT,,,RNA-014585 (Sr90) -> RNA-014811 (AS_pcs),S1_stat #559
interaction,INT-030747,INSERT,,,RNA-001834 (CrcZ) -> RNA-014812 (AS_PA0579),S1_stat #560
interaction,INT-030748,INSERT,,,RNA-002540 (RhlS) -> RNA-014813 (PA4576),S1_stat #561
interaction,INT-030749,INSERT,,,RNA-010293 (RgsA) -> RNA-014814 (PA2030),S1_stat #562
interaction,INT-030750,INSERT,,,RNA-002447 (ErsA) -> RNA-014815 (PA4218),S1_stat #564
interaction,INT-030751,INSERT,,,RNA-010028 (PhrS) -> RNA-014728 (PA1245),S1_stat #569
interaction,INT-030752,INSERT,,,RNA-014212 (BkdZ) -> RNA-014775 (RnpB),S1_stat #570
interaction,INT-030753,INSERT,,,RNA-014036 (P30) -> RNA-014816 (IG_spoT_PA5339),S1_stat #571
interaction,INT-030754,INSERT,,,RNA-002540 (RhlS) -> RNA-014817 (PA1440),S1_stat #580
interaction,INT-030755,INSERT,,,RNA-014212 (BkdZ) -> RNA-014818 (IG_PA0041a-PA0042),S1_stat #581
interaction,INT-030756,INSERT,,,RNA-014051 (AspA-3') -> RNA-014075 (chpA),S1_stat #582
interaction,INT-030757,INSERT,,,RNA-010028 (PhrS) -> RNA-014819 (PA1876),S1_stat #585
interaction,INT-030758,INSERT,,,RNA-014820 (Pant215) -> RNA-014821 (IG_plcH_PA0845),S1_stat #586
interaction,INT-030759,INSERT,,,RNA-010028 (PhrS) -> RNA-014822 (PA2606),S1_stat #588
interaction,INT-030760,INSERT,,,RNA-001834 (CrcZ) -> RNA-002267 (PA5436),S1_stat #591
interaction,INT-030761,INSERT,,,RNA-014030 (Spa121) -> RNA-014260 (dnaA),S1_stat #595
interaction,INT-030762,INSERT,,,RNA-010293 (RgsA) -> RNA-014823 (PA5020),S1_stat #596
interaction,INT-030763,INSERT,,,RNA-002532 (ReaL) -> RNA-014824 (IG_PA5467_5468),S1_stat #598
interaction,INT-030764,INSERT,,,RNA-002540 (RhlS) -> RNA-014650 (PA2735),S1_stat #601
interaction,INT-030765,INSERT,,,RNA-002540 (RhlS) -> RNA-014825 (AS_infC),S1_stat #602
interaction,INT-030766,INSERT,,,RNA-014032 (OprB-3') -> RNA-014826 (PA4278),S1_stat #604
interaction,INT-030767,INSERT,,,RNA-001834 (CrcZ) -> RNA-014532 (dadA),S1_stat #606
interaction,INT-030768,INSERT,,,RNA-010028 (PhrS) -> RNA-014827 (PA0804),S1_stat #607
interaction,INT-030769,INSERT,,,RNA-001834 (CrcZ) -> RNA-014059 (accB),S1_stat #608
interaction,INT-030770,INSERT,,,RNA-002540 (RhlS) -> RNA-014828 (cupE1),S1_stat #609
interaction,INT-030771,INSERT,,,RNA-010028 (PhrS) -> RNA-014829 (nppA1),S1_stat #611
interaction,INT-030772,INSERT,,,RNA-001834 (CrcZ) -> RNA-014830 (PA1357),S1_stat #614
interaction,INT-030773,INSERT,,,RNA-010028 (PhrS) -> RNA-002054 (PA5378),S1_stat #618
interaction,INT-030774,INSERT,,,RNA-014212 (BkdZ) -> RNA-014831 (PA4746.2),S1_stat #619
interaction,INT-030775,INSERT,,,RNA-001834 (CrcZ) -> RNA-014832 (IG_pvdP_PA2393),S1_stat #620
interaction,INT-030776,INSERT,,,RNA-014682 (Spa097) -> RNA-014833 (xcpQ),S1_stat #621
interaction,INT-030777,INSERT,,,RNA-010028 (PhrS) -> RNA-014834 (PA3116),S1_stat #622
interaction,INT-030778,INSERT,,,RNA-014820 (Pant215) -> RNA-014759 (rbsR),S1_stat #625
interaction,INT-030779,INSERT,,,RNA-002540 (RhlS) -> RNA-014723 (IG_PA3835-PA3836),S1_stat #629
interaction,INT-030780,INSERT,,,RNA-002447 (ErsA) -> RNA-014835 (rhlA),S1_stat #630
interaction,INT-030781,INSERT,,,RNA-014212 (BkdZ) -> RNA-014836 (amiC),S1_stat #631
interaction,INT-030782,INSERT,,,RNA-010028 (PhrS) -> RNA-014837 (AS_PA0990),S1_stat #633
interaction,INT-030783,INSERT,,,RNA-014037 (AS2779) -> RNA-001866 (htpX),S1_stat #638
interaction,INT-030784,INSERT,,,RNA-014037 (AS2779) -> RNA-002267 (PA5436),S1_stat #640
interaction,INT-030785,INSERT,,,RNA-014087 (Spa170) -> RNA-002016 (PA1677),S1_stat #645
interaction,INT-030786,INSERT,,,RNA-001834 (CrcZ) -> RNA-014838 (himA),S1_stat #646
interaction,INT-030787,INSERT,,,RNA-002443 (Sr0161) -> RNA-014145 (wbpA),S1_stat #651
interaction,INT-030788,INSERT,,,RNA-010028 (PhrS) -> RNA-014839 (PA3413),S1_stat #654
interaction,INT-030789,INSERT,,,RNA-014062 (Sr063) -> RNA-014840 (PA4948),S1_stat #658
interaction,INT-030790,INSERT,,,RNA-010028 (PhrS) -> RNA-014841 (AS_uraA),S1_stat #659
interaction,INT-030791,INSERT,,,RNA-001834 (CrcZ) -> RNA-014326 (ilvI),S1_stat #661
interaction,INT-030792,INSERT,,,RNA-014212 (BkdZ) -> RNA-014731 (clpV3),S1_stat #662
interaction,INT-030793,INSERT,,,RNA-014543 (RsmY) -> RNA-014103 (clpX),S1_stat #663
interaction,INT-030794,INSERT,,,RNA-010028 (PhrS) -> RNA-014842 (cioB),S1_stat #666
interaction,INT-030795,INSERT,,,RNA-010028 (PhrS) -> RNA-002278 (phhC),S1_stat #667
interaction,INT-030796,INSERT,,,RNA-014032 (OprB-3') -> RNA-014527 (PA0954),S1_stat #668
interaction,INT-030797,INSERT,,,RNA-010028 (PhrS) -> RNA-014843 (PA1133),S1_stat #676
interaction,INT-030798,INSERT,,,RNA-002540 (RhlS) -> RNA-014414 (PA5027),S1_stat #677
interaction,INT-030799,INSERT,,,RNA-002540 (RhlS) -> RNA-014844 (PA0912),S1_stat #680
interaction,INT-030800,INSERT,,,RNA-010028 (PhrS) -> RNA-002080 (nhaP),S1_stat #681
interaction,INT-030801,INSERT,,,RNA-001834 (CrcZ) -> RNA-014845 (muxB),S1_stat #682
interaction,INT-030802,INSERT,,,RNA-014299 (Spa059) -> RNA-014846 (sadB),S1_stat #683
interaction,INT-030803,INSERT,,,RNA-001834 (CrcZ) -> RNA-014847 (AS_pys2),S1_stat #686
interaction,INT-030804,INSERT,,,RNA-010293 (RgsA) -> RNA-014187 (ccpR),S1_stat #688
interaction,INT-030805,INSERT,,,RNA-001834 (CrcZ) -> RNA-014848 (napF),S1_stat #691
interaction,INT-030806,INSERT,,,RNA-002540 (RhlS) -> RNA-014849 (PA3022),S1_stat #692
interaction,INT-030807,INSERT,,,RNA-014212 (BkdZ) -> RNA-001969 (PA0132),S1_stat #693
interaction,INT-030808,INSERT,,,RNA-010028 (PhrS) -> RNA-014850 (PA2798),S1_stat #694
interaction,INT-030809,INSERT,,,RNA-010028 (PhrS) -> RNA-014851 (PA5456),S1_stat #695
interaction,INT-030810,INSERT,,,RNA-002540 (RhlS) -> RNA-014852 (PA0032),S1_stat #697
interaction,INT-030811,INSERT,,,RNA-014037 (AS2779) -> RNA-014853 (PA3923),S1_stat #698
interaction,INT-030812,INSERT,,,RNA-010028 (PhrS) -> RNA-002237 (PA0050),S1_stat #699
interaction,INT-030813,INSERT,,,RNA-010028 (PhrS) -> RNA-014854 (PA0751),S1_stat #700
interaction,INT-030814,INSERT,,,RNA-014066 (PrrH) -> RNA-014563 (cbrB),S1_stat #702
interaction_evidence,EVI-032539,INSERT,,,INT-029657 | technique=TEC-007 | region=,S1_exp #1
interaction_evidence,EVI-032540,INSERT,,,INT-029658 | technique=TEC-007 | region=,S1_exp #2
interaction_evidence,EVI-032541,INSERT,,,INT-029659 | technique=TEC-007 | region=,S1_exp #3
interaction_evidence,EVI-032542,INSERT,,,INT-029660 | technique=TEC-007 | region=,S1_exp #4
interaction_evidence,EVI-032543,INSERT,,,INT-029661 | technique=TEC-007 | region=,S1_exp #5
interaction_evidence,EVI-032544,INSERT,,,INT-022879 | technique=TEC-007 | region=,S1_exp #6
interaction_evidence,EVI-032545,INSERT,,,INT-029662 | technique=TEC-007 | region=,S1_exp #7
interaction_evidence,EVI-032546,INSERT,,,INT-029663 | technique=TEC-007 | region=,S1_exp #8
interaction_evidence,EVI-032547,INSERT,,,INT-029664 | technique=TEC-007 | region=,S1_exp #9
interaction_evidence,EVI-032548,INSERT,,,INT-029665 | technique=TEC-007 | region=,S1_exp #10
interaction_evidence,EVI-032549,INSERT,,,INT-022859 | technique=TEC-007 | region=5'UTR,S1_exp #11
interaction_evidence,EVI-032550,INSERT,,,INT-029666 | technique=TEC-007 | region=,S1_exp #12
interaction_evidence,EVI-032551,INSERT,,,INT-029667 | technique=TEC-007 | region=,S1_exp #13
interaction_evidence,EVI-032552,INSERT,,,INT-029668 | technique=TEC-007 | region=,S1_exp #14
interaction_evidence,EVI-032553,INSERT,,,INT-029669 | technique=TEC-007 | region=,S1_exp #15
interaction_evidence,EVI-032554,INSERT,,,INT-029670 | technique=TEC-007 | region=,S1_exp #16
interaction_evidence,EVI-032555,INSERT,,,INT-029671 | technique=TEC-007 | region=,S1_exp #17
interaction_evidence,EVI-032556,INSERT,,,INT-029672 | technique=TEC-007 | region=,S1_exp #18
interaction_evidence,EVI-032557,INSERT,,,INT-029673 | technique=TEC-007 | region=,S1_exp #19
interaction_evidence,EVI-032558,INSERT,,,INT-029674 | technique=TEC-007 | region=,S1_exp #20
interaction_evidence,EVI-032559,INSERT,,,INT-029675 | technique=TEC-007 | region=,S1_exp #21
interaction_evidence,EVI-032560,INSERT,,,INT-029676 | technique=TEC-007 | region=,S1_exp #22
interaction_evidence,EVI-032561,INSERT,,,INT-029677 | technique=TEC-007 | region=,S1_exp #23
interaction_evidence,EVI-032562,INSERT,,,INT-029678 | technique=TEC-007 | region=5'UTR,S1_exp #24
interaction_evidence,EVI-032563,INSERT,,,INT-029679 | technique=TEC-007 | region=,S1_exp #25
interaction_evidence,EVI-032564,INSERT,,,INT-029680 | technique=TEC-007 | region=5'UTR,S1_exp #26
interaction_evidence,EVI-032565,INSERT,,,INT-029681 | technique=TEC-007 | region=3'UTR,S1_exp #27
interaction_evidence,EVI-032566,INSERT,,,INT-029682 | technique=TEC-007 | region=,S1_exp #28
interaction_evidence,EVI-032567,INSERT,,,INT-029683 | technique=TEC-007 | region=5'UTR,S1_exp #29
interaction_evidence,EVI-032568,INSERT,,,INT-029666 | technique=TEC-007 | region=,S1_exp #30
interaction_evidence,EVI-032569,INSERT,,,INT-029670 | technique=TEC-007 | region=,S1_exp #31
interaction_evidence,EVI-032570,INSERT,,,INT-029684 | technique=TEC-007 | region=,S1_exp #32
interaction_evidence,EVI-032571,INSERT,,,INT-029685 | technique=TEC-007 | region=5'UTR,S1_exp #33
interaction_evidence,EVI-032572,INSERT,,,INT-029686 | technique=TEC-007 | region=,S1_exp #34
interaction_evidence,EVI-032573,INSERT,,,INT-029687 | technique=TEC-007 | region=5'UTR,S1_exp #35
interaction_evidence,EVI-032574,INSERT,,,INT-029688 | technique=TEC-007 | region=,S1_exp #36
interaction_evidence,EVI-032575,INSERT,,,INT-029689 | technique=TEC-007 | region=,S1_exp #37
interaction_evidence,EVI-032576,INSERT,,,INT-029690 | technique=TEC-007 | region=,S1_exp #38
interaction_evidence,EVI-032577,INSERT,,,INT-029691 | technique=TEC-007 | region=,S1_exp #39
interaction_evidence,EVI-032578,INSERT,,,INT-029692 | technique=TEC-007 | region=,S1_exp #40
interaction_evidence,EVI-032579,INSERT,,,INT-029693 | technique=TEC-007 | region=,S1_exp #41
interaction_evidence,EVI-032580,INSERT,,,INT-029694 | technique=TEC-007 | region=,S1_exp #42
interaction_evidence,EVI-032581,INSERT,,,INT-029695 | technique=TEC-007 | region=,S1_exp #43
interaction_evidence,EVI-032582,INSERT,,,INT-029696 | technique=TEC-007 | region=,S1_exp #44
interaction_evidence,EVI-032583,INSERT,,,INT-029697 | technique=TEC-007 | region=,S1_exp #45
interaction_evidence,EVI-032584,INSERT,,,INT-029698 | technique=TEC-007 | region=,S1_exp #46
interaction_evidence,EVI-032585,INSERT,,,INT-029699 | technique=TEC-007 | region=,S1_exp #47
interaction_evidence,EVI-032586,INSERT,,,INT-029700 | technique=TEC-007 | region=,S1_exp #48
interaction_evidence,EVI-032587,INSERT,,,INT-029701 | technique=TEC-007 | region=,S1_exp #49
interaction_evidence,EVI-032588,INSERT,,,INT-029702 | technique=TEC-007 | region=,S1_exp #50
interaction_evidence,EVI-032589,INSERT,,,INT-029703 | technique=TEC-007 | region=,S1_exp #51
interaction_evidence,EVI-032590,INSERT,,,INT-029704 | technique=TEC-007 | region=,S1_exp #52
interaction_evidence,EVI-032591,INSERT,,,INT-029705 | technique=TEC-007 | region=,S1_exp #53
interaction_evidence,EVI-032592,INSERT,,,INT-029706 | technique=TEC-007 | region=,S1_exp #54
interaction_evidence,EVI-032593,INSERT,,,INT-029707 | technique=TEC-007 | region=,S1_exp #55
interaction_evidence,EVI-032594,INSERT,,,INT-029708 | technique=TEC-007 | region=,S1_exp #56
interaction_evidence,EVI-032595,INSERT,,,INT-029709 | technique=TEC-007 | region=,S1_exp #57
interaction_evidence,EVI-032596,INSERT,,,INT-029710 | technique=TEC-007 | region=,S1_exp #58
interaction_evidence,EVI-032597,INSERT,,,INT-029711 | technique=TEC-007 | region=,S1_exp #59
interaction_evidence,EVI-032598,INSERT,,,INT-029712 | technique=TEC-007 | region=,S1_exp #60
interaction_evidence,EVI-032599,INSERT,,,INT-029713 | technique=TEC-007 | region=,S1_exp #61
interaction_evidence,EVI-032600,INSERT,,,INT-029714 | technique=TEC-007 | region=,S1_exp #62
interaction_evidence,EVI-032601,INSERT,,,INT-029715 | technique=TEC-007 | region=,S1_exp #63
interaction_evidence,EVI-032602,INSERT,,,INT-029716 | technique=TEC-007 | region=,S1_exp #64
interaction_evidence,EVI-032603,INSERT,,,INT-029717 | technique=TEC-007 | region=,S1_exp #65
interaction_evidence,EVI-032604,INSERT,,,INT-029718 | technique=TEC-007 | region=,S1_exp #66
interaction_evidence,EVI-032605,INSERT,,,INT-029719 | technique=TEC-007 | region=,S1_exp #67
interaction_evidence,EVI-032606,INSERT,,,INT-029720 | technique=TEC-007 | region=,S1_exp #68
interaction_evidence,EVI-032607,INSERT,,,INT-029721 | technique=TEC-007 | region=,S1_exp #69
interaction_evidence,EVI-032608,INSERT,,,INT-029722 | technique=TEC-007 | region=,S1_exp #70
interaction_evidence,EVI-032609,INSERT,,,INT-029723 | technique=TEC-007 | region=,S1_exp #71
interaction_evidence,EVI-032610,INSERT,,,INT-029724 | technique=TEC-007 | region=,S1_exp #72
interaction_evidence,EVI-032611,INSERT,,,INT-029725 | technique=TEC-007 | region=5'UTR,S1_exp #73
interaction_evidence,EVI-032612,INSERT,,,INT-029726 | technique=TEC-007 | region=,S1_exp #74
interaction_evidence,EVI-032613,INSERT,,,INT-029727 | technique=TEC-007 | region=,S1_exp #75
interaction_evidence,EVI-032614,INSERT,,,INT-029728 | technique=TEC-007 | region=,S1_exp #76
interaction_evidence,EVI-032615,INSERT,,,INT-029729 | technique=TEC-007 | region=,S1_exp #77
interaction_evidence,EVI-032616,INSERT,,,INT-029730 | technique=TEC-007 | region=,S1_exp #78
interaction_evidence,EVI-032617,INSERT,,,INT-029731 | technique=TEC-007 | region=,S1_exp #79
interaction_evidence,EVI-032618,INSERT,,,INT-029732 | technique=TEC-007 | region=,S1_exp #80
interaction_evidence,EVI-032619,INSERT,,,INT-029733 | technique=TEC-007 | region=,S1_exp #81
interaction_evidence,EVI-032620,INSERT,,,INT-029734 | technique=TEC-007 | region=,S1_exp #82
interaction_evidence,EVI-032621,INSERT,,,INT-029735 | technique=TEC-007 | region=,S1_exp #83
interaction_evidence,EVI-032622,INSERT,,,INT-029736 | technique=TEC-007 | region=,S1_exp #84
interaction_evidence,EVI-032623,INSERT,,,INT-029737 | technique=TEC-007 | region=,S1_exp #85
interaction_evidence,EVI-032624,INSERT,,,INT-029738 | technique=TEC-007 | region=,S1_exp #86
interaction_evidence,EVI-032625,INSERT,,,INT-029739 | technique=TEC-007 | region=,S1_exp #87
interaction_evidence,EVI-032626,INSERT,,,INT-029740 | technique=TEC-007 | region=,S1_exp #88
interaction_evidence,EVI-032627,INSERT,,,INT-029741 | technique=TEC-007 | region=,S1_exp #89
interaction_evidence,EVI-032628,INSERT,,,INT-029742 | technique=TEC-007 | region=,S1_exp #90
interaction_evidence,EVI-032629,INSERT,,,INT-029743 | technique=TEC-007 | region=,S1_exp #91
interaction_evidence,EVI-032630,INSERT,,,INT-029744 | technique=TEC-007 | region=,S1_exp #92
interaction_evidence,EVI-032631,INSERT,,,INT-029745 | technique=TEC-007 | region=,S1_exp #93
interaction_evidence,EVI-032632,INSERT,,,INT-029746 | technique=TEC-007 | region=,S1_exp #94
interaction_evidence,EVI-032633,INSERT,,,INT-029747 | technique=TEC-007 | region=,S1_exp #95
interaction_evidence,EVI-032634,INSERT,,,INT-029748 | technique=TEC-007 | region=,S1_exp #96
interaction_evidence,EVI-032635,INSERT,,,INT-029749 | technique=TEC-007 | region=,S1_exp #97
interaction_evidence,EVI-032636,INSERT,,,INT-029750 | technique=TEC-007 | region=,S1_exp #98
interaction_evidence,EVI-032637,INSERT,,,INT-029751 | technique=TEC-007 | region=,S1_exp #99
interaction_evidence,EVI-032638,INSERT,,,INT-029752 | technique=TEC-007 | region=,S1_exp #100
interaction_evidence,EVI-032639,INSERT,,,INT-029753 | technique=TEC-007 | region=,S1_exp #101
interaction_evidence,EVI-032640,INSERT,,,INT-029754 | technique=TEC-007 | region=,S1_exp #102
interaction_evidence,EVI-032641,INSERT,,,INT-029755 | technique=TEC-007 | region=,S1_exp #103
interaction_evidence,EVI-032642,INSERT,,,INT-029756 | technique=TEC-007 | region=,S1_exp #104
interaction_evidence,EVI-032643,INSERT,,,INT-029757 | technique=TEC-007 | region=3'UTR,S1_exp #105
interaction_evidence,EVI-032644,INSERT,,,INT-029758 | technique=TEC-007 | region=,S1_exp #106
interaction_evidence,EVI-032645,INSERT,,,INT-029759 | technique=TEC-007 | region=,S1_exp #107
interaction_evidence,EVI-032646,INSERT,,,INT-029760 | technique=TEC-007 | region=,S1_exp #108
interaction_evidence,EVI-032647,INSERT,,,INT-029761 | technique=TEC-007 | region=,S1_exp #109
interaction_evidence,EVI-032648,INSERT,,,INT-029762 | technique=TEC-007 | region=,S1_exp #110
interaction_evidence,EVI-032649,INSERT,,,INT-029763 | technique=TEC-007 | region=,S1_exp #111
interaction_evidence,EVI-032650,INSERT,,,INT-029764 | technique=TEC-007 | region=,S1_exp #112
interaction_evidence,EVI-032651,INSERT,,,INT-029765 | technique=TEC-007 | region=,S1_exp #113
interaction_evidence,EVI-032652,INSERT,,,INT-029766 | technique=TEC-007 | region=,S1_exp #114
interaction_evidence,EVI-032653,INSERT,,,INT-029767 | technique=TEC-007 | region=,S1_exp #115
interaction_evidence,EVI-032654,INSERT,,,INT-029768 | technique=TEC-007 | region=,S1_exp #116
interaction_evidence,EVI-032655,INSERT,,,INT-029769 | technique=TEC-007 | region=,S1_exp #117
interaction_evidence,EVI-032656,INSERT,,,INT-029770 | technique=TEC-007 | region=,S1_exp #118
interaction_evidence,EVI-032657,INSERT,,,INT-029771 | technique=TEC-007 | region=,S1_exp #119
interaction_evidence,EVI-032658,INSERT,,,INT-029772 | technique=TEC-007 | region=,S1_exp #120
interaction_evidence,EVI-032659,INSERT,,,INT-029773 | technique=TEC-007 | region=,S1_exp #121
interaction_evidence,EVI-032660,INSERT,,,INT-029774 | technique=TEC-007 | region=,S1_exp #122
interaction_evidence,EVI-032661,INSERT,,,INT-029775 | technique=TEC-007 | region=5'UTR,S1_exp #123
interaction_evidence,EVI-032662,INSERT,,,INT-029776 | technique=TEC-007 | region=,S1_exp #124
interaction_evidence,EVI-032663,INSERT,,,INT-029777 | technique=TEC-007 | region=,S1_exp #125
interaction_evidence,EVI-032664,INSERT,,,INT-029778 | technique=TEC-007 | region=5'UTR,S1_exp #126
interaction_evidence,EVI-032665,INSERT,,,INT-029779 | technique=TEC-007 | region=,S1_exp #127
interaction_evidence,EVI-032666,INSERT,,,INT-029780 | technique=TEC-007 | region=,S1_exp #128
interaction_evidence,EVI-032667,INSERT,,,INT-029781 | technique=TEC-007 | region=,S1_exp #129
interaction_evidence,EVI-032668,INSERT,,,INT-029782 | technique=TEC-007 | region=,S1_exp #130
interaction_evidence,EVI-032669,INSERT,,,INT-029783 | technique=TEC-007 | region=,S1_exp #131
interaction_evidence,EVI-032670,INSERT,,,INT-029784 | technique=TEC-007 | region=5'UTR,S1_exp #132
interaction_evidence,EVI-032671,INSERT,,,INT-029785 | technique=TEC-007 | region=,S1_exp #133
interaction_evidence,EVI-032672,INSERT,,,INT-029786 | technique=TEC-007 | region=3'UTR,S1_exp #134
interaction_evidence,EVI-032673,INSERT,,,INT-029787 | technique=TEC-007 | region=,S1_exp #135
interaction_evidence,EVI-032674,INSERT,,,INT-029788 | technique=TEC-007 | region=5'UTR,S1_exp #136
interaction_evidence,EVI-032675,INSERT,,,INT-029789 | technique=TEC-007 | region=,S1_exp #137
interaction_evidence,EVI-032676,INSERT,,,INT-029790 | technique=TEC-007 | region=,S1_exp #138
interaction_evidence,EVI-032677,INSERT,,,INT-029791 | technique=TEC-007 | region=3'UTR,S1_exp #139
interaction_evidence,EVI-032678,INSERT,,,INT-029792 | technique=TEC-007 | region=,S1_exp #140
interaction_evidence,EVI-032679,INSERT,,,INT-029793 | technique=TEC-007 | region=,S1_exp #141
interaction_evidence,EVI-032680,INSERT,,,INT-029755 | technique=TEC-007 | region=,S1_exp #142
interaction_evidence,EVI-032681,INSERT,,,INT-029794 | technique=TEC-007 | region=,S1_exp #143
interaction_evidence,EVI-032682,INSERT,,,INT-029795 | technique=TEC-007 | region=,S1_exp #144
interaction_evidence,EVI-032683,INSERT,,,INT-029796 | technique=TEC-007 | region=,S1_exp #145
interaction_evidence,EVI-032684,INSERT,,,INT-029797 | technique=TEC-007 | region=,S1_exp #146
interaction_evidence,EVI-032685,INSERT,,,INT-029798 | technique=TEC-007 | region=,S1_exp #147
interaction_evidence,EVI-032686,INSERT,,,INT-029799 | technique=TEC-007 | region=,S1_exp #148
interaction_evidence,EVI-032687,INSERT,,,INT-029800 | technique=TEC-007 | region=,S1_exp #149
interaction_evidence,EVI-032688,INSERT,,,INT-029801 | technique=TEC-007 | region=,S1_exp #150
interaction_evidence,EVI-032689,INSERT,,,INT-029802 | technique=TEC-007 | region=,S1_exp #151
interaction_evidence,EVI-032690,INSERT,,,INT-029803 | technique=TEC-007 | region=,S1_exp #152
interaction_evidence,EVI-032691,INSERT,,,INT-029804 | technique=TEC-007 | region=5'UTR,S1_exp #153
interaction_evidence,EVI-032692,INSERT,,,INT-029805 | technique=TEC-007 | region=,S1_exp #154
interaction_evidence,EVI-032693,INSERT,,,INT-029736 | technique=TEC-007 | region=,S1_exp #155
interaction_evidence,EVI-032694,INSERT,,,INT-029806 | technique=TEC-007 | region=,S1_exp #156
interaction_evidence,EVI-032695,INSERT,,,INT-029807 | technique=TEC-007 | region=,S1_exp #157
interaction_evidence,EVI-032696,INSERT,,,INT-029808 | technique=TEC-007 | region=,S1_exp #158
interaction_evidence,EVI-032697,INSERT,,,INT-029809 | technique=TEC-007 | region=,S1_exp #159
interaction_evidence,EVI-032698,INSERT,,,INT-029810 | technique=TEC-007 | region=,S1_exp #160
interaction_evidence,EVI-032699,INSERT,,,INT-029811 | technique=TEC-007 | region=,S1_exp #161
interaction_evidence,EVI-032700,INSERT,,,INT-029812 | technique=TEC-007 | region=,S1_exp #162
interaction_evidence,EVI-032701,INSERT,,,INT-029813 | technique=TEC-007 | region=,S1_exp #163
interaction_evidence,EVI-032702,INSERT,,,INT-029814 | technique=TEC-007 | region=,S1_exp #164
interaction_evidence,EVI-032703,INSERT,,,INT-029794 | technique=TEC-007 | region=,S1_exp #166
interaction_evidence,EVI-032704,INSERT,,,INT-029815 | technique=TEC-007 | region=,S1_exp #167
interaction_evidence,EVI-032705,INSERT,,,INT-029816 | technique=TEC-007 | region=,S1_exp #168
interaction_evidence,EVI-032706,INSERT,,,INT-029817 | technique=TEC-007 | region=,S1_exp #169
interaction_evidence,EVI-032707,INSERT,,,INT-029818 | technique=TEC-007 | region=,S1_exp #170
interaction_evidence,EVI-032708,INSERT,,,INT-029819 | technique=TEC-007 | region=,S1_exp #171
interaction_evidence,EVI-032709,INSERT,,,INT-029820 | technique=TEC-007 | region=,S1_exp #172
interaction_evidence,EVI-032710,INSERT,,,INT-029821 | technique=TEC-007 | region=,S1_exp #173
interaction_evidence,EVI-032711,INSERT,,,INT-029822 | technique=TEC-007 | region=,S1_exp #174
interaction_evidence,EVI-032712,INSERT,,,INT-029823 | technique=TEC-007 | region=,S1_exp #175
interaction_evidence,EVI-032713,INSERT,,,INT-029824 | technique=TEC-007 | region=,S1_exp #176
interaction_evidence,EVI-032714,INSERT,,,INT-029825 | technique=TEC-007 | region=,S1_exp #177
interaction_evidence,EVI-032715,INSERT,,,INT-029826 | technique=TEC-007 | region=,S1_exp #178
interaction_evidence,EVI-032716,INSERT,,,INT-029659 | technique=TEC-007 | region=,S1_exp #179
interaction_evidence,EVI-032717,INSERT,,,INT-029827 | technique=TEC-007 | region=,S1_exp #180
interaction_evidence,EVI-032718,INSERT,,,INT-029828 | technique=TEC-007 | region=5'UTR,S1_exp #181
interaction_evidence,EVI-032719,INSERT,,,INT-029829 | technique=TEC-007 | region=,S1_exp #182
interaction_evidence,EVI-032720,INSERT,,,INT-029830 | technique=TEC-007 | region=,S1_exp #183
interaction_evidence,EVI-032721,INSERT,,,INT-029831 | technique=TEC-007 | region=,S1_exp #184
interaction_evidence,EVI-032722,INSERT,,,INT-029832 | technique=TEC-007 | region=,S1_exp #185
interaction_evidence,EVI-032723,INSERT,,,INT-029833 | technique=TEC-007 | region=5'UTR,S1_exp #186
interaction_evidence,EVI-032724,INSERT,,,INT-029834 | technique=TEC-007 | region=,S1_exp #187
interaction_evidence,EVI-032725,INSERT,,,INT-029835 | technique=TEC-007 | region=5'UTR,S1_exp #188
interaction_evidence,EVI-032726,INSERT,,,INT-029836 | technique=TEC-007 | region=,S1_exp #189
interaction_evidence,EVI-032727,INSERT,,,INT-029837 | technique=TEC-007 | region=,S1_exp #190
interaction_evidence,EVI-032728,INSERT,,,INT-029716 | technique=TEC-007 | region=,S1_exp #191
interaction_evidence,EVI-032729,INSERT,,,INT-029838 | technique=TEC-007 | region=,S1_exp #192
interaction_evidence,EVI-032730,INSERT,,,INT-029839 | technique=TEC-007 | region=5'UTR,S1_exp #193
interaction_evidence,EVI-032731,INSERT,,,INT-029840 | technique=TEC-007 | region=,S1_exp #194
interaction_evidence,EVI-032732,INSERT,,,INT-029841 | technique=TEC-007 | region=5'UTR,S1_exp #195
interaction_evidence,EVI-032733,INSERT,,,INT-029842 | technique=TEC-007 | region=5'UTR,S1_exp #196
interaction_evidence,EVI-032734,INSERT,,,INT-029843 | technique=TEC-007 | region=,S1_exp #197
interaction_evidence,EVI-032735,INSERT,,,INT-029844 | technique=TEC-007 | region=,S1_exp #198
interaction_evidence,EVI-032736,INSERT,,,INT-029845 | technique=TEC-007 | region=,S1_exp #199
interaction_evidence,EVI-032737,INSERT,,,INT-029846 | technique=TEC-007 | region=5'UTR,S1_exp #200
interaction_evidence,EVI-032738,INSERT,,,INT-029847 | technique=TEC-007 | region=,S1_exp #201
interaction_evidence,EVI-032739,INSERT,,,INT-029848 | technique=TEC-007 | region=,S1_exp #202
interaction_evidence,EVI-032740,INSERT,,,INT-029849 | technique=TEC-007 | region=,S1_exp #203
interaction_evidence,EVI-032741,INSERT,,,INT-029850 | technique=TEC-007 | region=,S1_exp #204
interaction_evidence,EVI-032742,INSERT,,,INT-029851 | technique=TEC-007 | region=,S1_exp #205
interaction_evidence,EVI-032743,INSERT,,,INT-029852 | technique=TEC-007 | region=,S1_exp #206
interaction_evidence,EVI-032744,INSERT,,,INT-029853 | technique=TEC-007 | region=,S1_exp #207
interaction_evidence,EVI-032745,INSERT,,,INT-029854 | technique=TEC-007 | region=,S1_exp #208
interaction_evidence,EVI-032746,INSERT,,,INT-029855 | technique=TEC-007 | region=,S1_exp #209
interaction_evidence,EVI-032747,INSERT,,,INT-029856 | technique=TEC-007 | region=,S1_exp #210
interaction_evidence,EVI-032748,INSERT,,,INT-029691 | technique=TEC-007 | region=,S1_exp #211
interaction_evidence,EVI-032749,INSERT,,,INT-029674 | technique=TEC-007 | region=,S1_exp #212
interaction_evidence,EVI-032750,INSERT,,,INT-029857 | technique=TEC-007 | region=3'UTR,S1_exp #213
interaction_evidence,EVI-032751,INSERT,,,INT-029858 | technique=TEC-007 | region=,S1_exp #214
interaction_evidence,EVI-032752,INSERT,,,INT-029859 | technique=TEC-007 | region=,S1_exp #215
interaction_evidence,EVI-032753,INSERT,,,INT-029860 | technique=TEC-007 | region=,S1_exp #216
interaction_evidence,EVI-032754,INSERT,,,INT-029861 | technique=TEC-007 | region=,S1_exp #217
interaction_evidence,EVI-032755,INSERT,,,INT-029862 | technique=TEC-007 | region=3'UTR,S1_exp #218
interaction_evidence,EVI-032756,INSERT,,,INT-029863 | technique=TEC-007 | region=,S1_exp #219
interaction_evidence,EVI-032757,INSERT,,,INT-029864 | technique=TEC-007 | region=,S1_exp #220
interaction_evidence,EVI-032758,INSERT,,,INT-029865 | technique=TEC-007 | region=,S1_exp #221
interaction_evidence,EVI-032759,INSERT,,,INT-029866 | technique=TEC-007 | region=,S1_exp #222
interaction_evidence,EVI-032760,INSERT,,,INT-029867 | technique=TEC-007 | region=,S1_exp #223
interaction_evidence,EVI-032761,INSERT,,,INT-029868 | technique=TEC-007 | region=,S1_exp #224
interaction_evidence,EVI-032762,INSERT,,,INT-029869 | technique=TEC-007 | region=,S1_exp #225
interaction_evidence,EVI-032763,INSERT,,,INT-029870 | technique=TEC-007 | region=,S1_exp #226
interaction_evidence,EVI-032764,INSERT,,,INT-029871 | technique=TEC-007 | region=,S1_exp #227
interaction_evidence,EVI-032765,INSERT,,,INT-029872 | technique=TEC-007 | region=5'UTR,S1_exp #228
interaction_evidence,EVI-032766,INSERT,,,INT-029873 | technique=TEC-007 | region=,S1_exp #229
interaction_evidence,EVI-032767,INSERT,,,INT-029795 | technique=TEC-007 | region=,S1_exp #230
interaction_evidence,EVI-032768,INSERT,,,INT-029874 | technique=TEC-007 | region=,S1_exp #231
interaction_evidence,EVI-032769,INSERT,,,INT-029875 | technique=TEC-007 | region=,S1_exp #232
interaction_evidence,EVI-032770,INSERT,,,INT-029876 | technique=TEC-007 | region=5'UTR,S1_exp #233
interaction_evidence,EVI-032771,INSERT,,,INT-029877 | technique=TEC-007 | region=,S1_exp #234
interaction_evidence,EVI-032772,INSERT,,,INT-029878 | technique=TEC-007 | region=,S1_exp #235
interaction_evidence,EVI-032773,INSERT,,,INT-029879 | technique=TEC-007 | region=,S1_exp #236
interaction_evidence,EVI-032774,INSERT,,,INT-029880 | technique=TEC-007 | region=,S1_exp #237
interaction_evidence,EVI-032775,INSERT,,,INT-029881 | technique=TEC-007 | region=,S1_exp #238
interaction_evidence,EVI-032776,INSERT,,,INT-029882 | technique=TEC-007 | region=5'UTR,S1_exp #239
interaction_evidence,EVI-032777,INSERT,,,INT-029883 | technique=TEC-007 | region=,S1_exp #240
interaction_evidence,EVI-032778,INSERT,,,INT-029847 | technique=TEC-007 | region=,S1_exp #241
interaction_evidence,EVI-032779,INSERT,,,INT-029665 | technique=TEC-007 | region=,S1_exp #242
interaction_evidence,EVI-032780,INSERT,,,INT-029884 | technique=TEC-007 | region=,S1_exp #243
interaction_evidence,EVI-032781,INSERT,,,INT-029885 | technique=TEC-007 | region=,S1_exp #244
interaction_evidence,EVI-032782,INSERT,,,INT-029886 | technique=TEC-007 | region=,S1_exp #245
interaction_evidence,EVI-032783,INSERT,,,INT-029887 | technique=TEC-007 | region=,S1_exp #246
interaction_evidence,EVI-032784,INSERT,,,INT-029888 | technique=TEC-007 | region=,S1_exp #247
interaction_evidence,EVI-032785,INSERT,,,INT-029889 | technique=TEC-007 | region=,S1_exp #248
interaction_evidence,EVI-032786,INSERT,,,INT-029890 | technique=TEC-007 | region=,S1_exp #249
interaction_evidence,EVI-032787,INSERT,,,INT-029889 | technique=TEC-007 | region=,S1_exp #250
interaction_evidence,EVI-032788,INSERT,,,INT-029891 | technique=TEC-007 | region=,S1_exp #251
interaction_evidence,EVI-032789,INSERT,,,INT-029892 | technique=TEC-007 | region=,S1_exp #252
interaction_evidence,EVI-032790,INSERT,,,INT-029893 | technique=TEC-007 | region=,S1_exp #253
interaction_evidence,EVI-032791,INSERT,,,INT-029894 | technique=TEC-007 | region=3'UTR,S1_exp #254
interaction_evidence,EVI-032792,INSERT,,,INT-029895 | technique=TEC-007 | region=,S1_exp #255
interaction_evidence,EVI-032793,INSERT,,,INT-029896 | technique=TEC-007 | region=,S1_exp #256
interaction_evidence,EVI-032794,INSERT,,,INT-029897 | technique=TEC-007 | region=5'UTR,S1_exp #257
interaction_evidence,EVI-032795,INSERT,,,INT-029898 | technique=TEC-007 | region=,S1_exp #258
interaction_evidence,EVI-032796,INSERT,,,INT-029899 | technique=TEC-007 | region=,S1_exp #259
interaction_evidence,EVI-032797,INSERT,,,INT-029900 | technique=TEC-007 | region=,S1_exp #260
interaction_evidence,EVI-032798,INSERT,,,INT-029901 | technique=TEC-007 | region=,S1_exp #261
interaction_evidence,EVI-032799,INSERT,,,INT-029902 | technique=TEC-007 | region=,S1_exp #262
interaction_evidence,EVI-032800,INSERT,,,INT-029903 | technique=TEC-007 | region=,S1_exp #263
interaction_evidence,EVI-032801,INSERT,,,INT-029904 | technique=TEC-007 | region=,S1_exp #264
interaction_evidence,EVI-032802,INSERT,,,INT-029718 | technique=TEC-007 | region=,S1_exp #266
interaction_evidence,EVI-032803,INSERT,,,INT-029905 | technique=TEC-007 | region=,S1_exp #267
interaction_evidence,EVI-032804,INSERT,,,INT-029906 | technique=TEC-007 | region=,S1_exp #268
interaction_evidence,EVI-032805,INSERT,,,INT-029766 | technique=TEC-007 | region=,S1_exp #269
interaction_evidence,EVI-032806,INSERT,,,INT-029907 | technique=TEC-007 | region=,S1_exp #270
interaction_evidence,EVI-032807,INSERT,,,INT-029672 | technique=TEC-007 | region=,S1_exp #271
interaction_evidence,EVI-032808,INSERT,,,INT-029908 | technique=TEC-007 | region=,S1_exp #272
interaction_evidence,EVI-032809,INSERT,,,INT-029909 | technique=TEC-007 | region=,S1_exp #273
interaction_evidence,EVI-032810,INSERT,,,INT-029910 | technique=TEC-007 | region=,S1_exp #274
interaction_evidence,EVI-032811,INSERT,,,INT-029911 | technique=TEC-007 | region=3'UTR,S1_exp #275
interaction_evidence,EVI-032812,INSERT,,,INT-029912 | technique=TEC-007 | region=,S1_exp #276
interaction_evidence,EVI-032813,INSERT,,,INT-029913 | technique=TEC-007 | region=,S1_exp #277
interaction_evidence,EVI-032814,INSERT,,,INT-029914 | technique=TEC-007 | region=,S1_exp #278
interaction_evidence,EVI-032815,INSERT,,,INT-029915 | technique=TEC-007 | region=,S1_exp #279
interaction_evidence,EVI-032816,INSERT,,,INT-029916 | technique=TEC-007 | region=,S1_exp #280
interaction_evidence,EVI-032817,INSERT,,,INT-029917 | technique=TEC-007 | region=5'UTR,S1_exp #281
interaction_evidence,EVI-032818,INSERT,,,INT-029918 | technique=TEC-007 | region=5'UTR,S1_exp #282
interaction_evidence,EVI-032819,INSERT,,,INT-029919 | technique=TEC-007 | region=,S1_exp #283
interaction_evidence,EVI-032820,INSERT,,,INT-029920 | technique=TEC-007 | region=,S1_exp #284
interaction_evidence,EVI-032821,INSERT,,,INT-029921 | technique=TEC-007 | region=,S1_exp #285
interaction_evidence,EVI-032822,INSERT,,,INT-029922 | technique=TEC-007 | region=,S1_exp #286
interaction_evidence,EVI-032823,INSERT,,,INT-029923 | technique=TEC-007 | region=,S1_exp #287
interaction_evidence,EVI-032824,INSERT,,,INT-029924 | technique=TEC-007 | region=,S1_exp #288
interaction_evidence,EVI-032825,INSERT,,,INT-029925 | technique=TEC-007 | region=,S1_exp #289
interaction_evidence,EVI-032826,INSERT,,,INT-029926 | technique=TEC-007 | region=,S1_exp #290
interaction_evidence,EVI-032827,INSERT,,,INT-029927 | technique=TEC-007 | region=,S1_exp #291
interaction_evidence,EVI-032828,INSERT,,,INT-029928 | technique=TEC-007 | region=,S1_exp #292
interaction_evidence,EVI-032829,INSERT,,,INT-029929 | technique=TEC-007 | region=,S1_exp #293
interaction_evidence,EVI-032830,INSERT,,,INT-029930 | technique=TEC-007 | region=5'UTR,S1_exp #294
interaction_evidence,EVI-032831,INSERT,,,INT-029931 | technique=TEC-007 | region=,S1_exp #295
interaction_evidence,EVI-032832,INSERT,,,INT-029932 | technique=TEC-007 | region=,S1_exp #296
interaction_evidence,EVI-032833,INSERT,,,INT-029933 | technique=TEC-007 | region=,S1_exp #298
interaction_evidence,EVI-032834,INSERT,,,INT-029934 | technique=TEC-007 | region=,S1_exp #299
interaction_evidence,EVI-032835,INSERT,,,INT-029864 | technique=TEC-007 | region=,S1_exp #300
interaction_evidence,EVI-032836,INSERT,,,INT-029935 | technique=TEC-007 | region=,S1_exp #301
interaction_evidence,EVI-032837,INSERT,,,INT-029936 | technique=TEC-007 | region=,S1_exp #302
interaction_evidence,EVI-032838,INSERT,,,INT-029705 | technique=TEC-007 | region=,S1_exp #303
interaction_evidence,EVI-032839,INSERT,,,INT-029937 | technique=TEC-007 | region=,S1_exp #304
interaction_evidence,EVI-032840,INSERT,,,INT-029938 | technique=TEC-007 | region=,S1_exp #305
interaction_evidence,EVI-032841,INSERT,,,INT-029939 | technique=TEC-007 | region=,S1_exp #306
interaction_evidence,EVI-032842,INSERT,,,INT-029940 | technique=TEC-007 | region=,S1_exp #307
interaction_evidence,EVI-032843,INSERT,,,INT-029941 | technique=TEC-007 | region=,S1_exp #308
interaction_evidence,EVI-032844,INSERT,,,INT-029942 | technique=TEC-007 | region=,S1_exp #309
interaction_evidence,EVI-032845,INSERT,,,INT-029943 | technique=TEC-007 | region=,S1_exp #310
interaction_evidence,EVI-032846,INSERT,,,INT-029944 | technique=TEC-007 | region=,S1_exp #311
interaction_evidence,EVI-032847,INSERT,,,INT-029795 | technique=TEC-007 | region=,S1_exp #312
interaction_evidence,EVI-032848,INSERT,,,INT-029945 | technique=TEC-007 | region=,S1_exp #313
interaction_evidence,EVI-032849,INSERT,,,INT-029946 | technique=TEC-007 | region=,S1_exp #314
interaction_evidence,EVI-032850,INSERT,,,INT-029947 | technique=TEC-007 | region=5'UTR,S1_exp #315
interaction_evidence,EVI-032851,INSERT,,,INT-029948 | technique=TEC-007 | region=,S1_exp #316
interaction_evidence,EVI-032852,INSERT,,,INT-029949 | technique=TEC-007 | region=,S1_exp #317
interaction_evidence,EVI-032853,INSERT,,,INT-029950 | technique=TEC-007 | region=,S1_exp #318
interaction_evidence,EVI-032854,INSERT,,,INT-029951 | technique=TEC-007 | region=5'UTR,S1_exp #319
interaction_evidence,EVI-032855,INSERT,,,INT-029952 | technique=TEC-007 | region=,S1_exp #320
interaction_evidence,EVI-032856,INSERT,,,INT-029953 | technique=TEC-007 | region=3'UTR,S1_exp #322
interaction_evidence,EVI-032857,INSERT,,,INT-029954 | technique=TEC-007 | region=,S1_exp #323
interaction_evidence,EVI-032858,INSERT,,,INT-029670 | technique=TEC-007 | region=,S1_exp #324
interaction_evidence,EVI-032859,INSERT,,,INT-029955 | technique=TEC-007 | region=3'UTR,S1_exp #325
interaction_evidence,EVI-032860,INSERT,,,INT-029956 | technique=TEC-007 | region=5'UTR,S1_exp #326
interaction_evidence,EVI-032861,INSERT,,,INT-029957 | technique=TEC-007 | region=,S1_exp #327
interaction_evidence,EVI-032862,INSERT,,,INT-029720 | technique=TEC-007 | region=,S1_exp #328
interaction_evidence,EVI-032863,INSERT,,,INT-029958 | technique=TEC-007 | region=,S1_exp #329
interaction_evidence,EVI-032864,INSERT,,,INT-029959 | technique=TEC-007 | region=,S1_exp #330
interaction_evidence,EVI-032865,INSERT,,,INT-029960 | technique=TEC-007 | region=,S1_exp #331
interaction_evidence,EVI-032866,INSERT,,,INT-029961 | technique=TEC-007 | region=,S1_exp #332
interaction_evidence,EVI-032867,INSERT,,,INT-029962 | technique=TEC-007 | region=,S1_exp #333
interaction_evidence,EVI-032868,INSERT,,,INT-029963 | technique=TEC-007 | region=,S1_exp #334
interaction_evidence,EVI-032869,INSERT,,,INT-029964 | technique=TEC-007 | region=,S1_exp #335
interaction_evidence,EVI-032870,INSERT,,,INT-029965 | technique=TEC-007 | region=,S1_exp #336
interaction_evidence,EVI-032871,INSERT,,,INT-029966 | technique=TEC-007 | region=,S1_exp #337
interaction_evidence,EVI-032872,INSERT,,,INT-029967 | technique=TEC-007 | region=,S1_exp #338
interaction_evidence,EVI-032873,INSERT,,,INT-029968 | technique=TEC-007 | region=,S1_exp #339
interaction_evidence,EVI-032874,INSERT,,,INT-029969 | technique=TEC-007 | region=,S1_exp #340
interaction_evidence,EVI-032875,INSERT,,,INT-029970 | technique=TEC-007 | region=,S1_exp #341
interaction_evidence,EVI-032876,INSERT,,,INT-029971 | technique=TEC-007 | region=,S1_exp #342
interaction_evidence,EVI-032877,INSERT,,,INT-029972 | technique=TEC-007 | region=,S1_exp #343
interaction_evidence,EVI-032878,INSERT,,,INT-029973 | technique=TEC-007 | region=,S1_exp #344
interaction_evidence,EVI-032879,INSERT,,,INT-029974 | technique=TEC-007 | region=,S1_exp #345
interaction_evidence,EVI-032880,INSERT,,,INT-029664 | technique=TEC-007 | region=3'UTR,S1_exp #346
interaction_evidence,EVI-032881,INSERT,,,INT-029975 | technique=TEC-007 | region=,S1_exp #347
interaction_evidence,EVI-032882,INSERT,,,INT-029976 | technique=TEC-007 | region=,S1_exp #348
interaction_evidence,EVI-032883,INSERT,,,INT-029977 | technique=TEC-007 | region=,S1_exp #349
interaction_evidence,EVI-032884,INSERT,,,INT-029978 | technique=TEC-007 | region=5'UTR,S1_exp #350
interaction_evidence,EVI-032885,INSERT,,,INT-029979 | technique=TEC-007 | region=,S1_exp #351
interaction_evidence,EVI-032886,INSERT,,,INT-029980 | technique=TEC-007 | region=,S1_exp #352
interaction_evidence,EVI-032887,INSERT,,,INT-029981 | technique=TEC-007 | region=,S1_exp #353
interaction_evidence,EVI-032888,INSERT,,,INT-029982 | technique=TEC-007 | region=,S1_exp #354
interaction_evidence,EVI-032889,INSERT,,,INT-029983 | technique=TEC-007 | region=5'UTR,S1_exp #355
interaction_evidence,EVI-032890,INSERT,,,INT-029984 | technique=TEC-007 | region=,S1_exp #356
interaction_evidence,EVI-032891,INSERT,,,INT-029985 | technique=TEC-007 | region=5'UTR,S1_exp #357
interaction_evidence,EVI-032892,INSERT,,,INT-029986 | technique=TEC-007 | region=,S1_exp #358
interaction_evidence,EVI-032893,INSERT,,,INT-029987 | technique=TEC-007 | region=,S1_exp #359
interaction_evidence,EVI-032894,INSERT,,,INT-029988 | technique=TEC-007 | region=,S1_exp #360
interaction_evidence,EVI-032895,INSERT,,,INT-029989 | technique=TEC-007 | region=,S1_exp #361
interaction_evidence,EVI-032896,INSERT,,,INT-029990 | technique=TEC-007 | region=,S1_exp #362
interaction_evidence,EVI-032897,INSERT,,,INT-029686 | technique=TEC-007 | region=,S1_exp #363
interaction_evidence,EVI-032898,INSERT,,,INT-029991 | technique=TEC-007 | region=,S1_exp #364
interaction_evidence,EVI-032899,INSERT,,,INT-029992 | technique=TEC-007 | region=,S1_exp #365
interaction_evidence,EVI-032900,INSERT,,,INT-029993 | technique=TEC-007 | region=,S1_exp #366
interaction_evidence,EVI-032901,INSERT,,,INT-029994 | technique=TEC-007 | region=,S1_exp #367
interaction_evidence,EVI-032902,INSERT,,,INT-029995 | technique=TEC-007 | region=,S1_exp #368
interaction_evidence,EVI-032903,INSERT,,,INT-029996 | technique=TEC-007 | region=,S1_exp #369
interaction_evidence,EVI-032904,INSERT,,,INT-029997 | technique=TEC-007 | region=,S1_exp #370
interaction_evidence,EVI-032905,INSERT,,,INT-029998 | technique=TEC-007 | region=,S1_exp #371
interaction_evidence,EVI-032906,INSERT,,,INT-029999 | technique=TEC-007 | region=,S1_exp #372
interaction_evidence,EVI-032907,INSERT,,,INT-030000 | technique=TEC-007 | region=,S1_exp #373
interaction_evidence,EVI-032908,INSERT,,,INT-030001 | technique=TEC-007 | region=,S1_exp #374
interaction_evidence,EVI-032909,INSERT,,,INT-029678 | technique=TEC-007 | region=,S1_exp #375
interaction_evidence,EVI-032910,INSERT,,,INT-030002 | technique=TEC-007 | region=,S1_exp #376
interaction_evidence,EVI-032911,INSERT,,,INT-030003 | technique=TEC-007 | region=,S1_exp #377
interaction_evidence,EVI-032912,INSERT,,,INT-030004 | technique=TEC-007 | region=,S1_exp #378
interaction_evidence,EVI-032913,INSERT,,,INT-030005 | technique=TEC-007 | region=,S1_exp #379
interaction_evidence,EVI-032914,INSERT,,,INT-030006 | technique=TEC-007 | region=,S1_exp #380
interaction_evidence,EVI-032915,INSERT,,,INT-030007 | technique=TEC-007 | region=,S1_exp #381
interaction_evidence,EVI-032916,INSERT,,,INT-030008 | technique=TEC-007 | region=,S1_exp #382
interaction_evidence,EVI-032917,INSERT,,,INT-030009 | technique=TEC-007 | region=5'UTR,S1_exp #383
interaction_evidence,EVI-032918,INSERT,,,INT-030010 | technique=TEC-007 | region=3'UTR,S1_exp #384
interaction_evidence,EVI-032919,INSERT,,,INT-030011 | technique=TEC-007 | region=,S1_exp #385
interaction_evidence,EVI-032920,INSERT,,,INT-030012 | technique=TEC-007 | region=,S1_exp #386
interaction_evidence,EVI-032921,INSERT,,,INT-030013 | technique=TEC-007 | region=,S1_exp #387
interaction_evidence,EVI-032922,INSERT,,,INT-030014 | technique=TEC-007 | region=,S1_exp #388
interaction_evidence,EVI-032923,INSERT,,,INT-030015 | technique=TEC-007 | region=,S1_exp #389
interaction_evidence,EVI-032924,INSERT,,,INT-030016 | technique=TEC-007 | region=,S1_exp #390
interaction_evidence,EVI-032925,INSERT,,,INT-030017 | technique=TEC-007 | region=,S1_exp #391
interaction_evidence,EVI-032926,INSERT,,,INT-030018 | technique=TEC-007 | region=,S1_exp #392
interaction_evidence,EVI-032927,INSERT,,,INT-030019 | technique=TEC-007 | region=,S1_exp #393
interaction_evidence,EVI-032928,INSERT,,,INT-030020 | technique=TEC-007 | region=,S1_exp #394
interaction_evidence,EVI-032929,INSERT,,,INT-029660 | technique=TEC-007 | region=,S1_exp #395
interaction_evidence,EVI-032930,INSERT,,,INT-030021 | technique=TEC-007 | region=,S1_exp #396
interaction_evidence,EVI-032931,INSERT,,,INT-030022 | technique=TEC-007 | region=,S1_exp #397
interaction_evidence,EVI-032932,INSERT,,,INT-030023 | technique=TEC-007 | region=3'UTR,S1_exp #398
interaction_evidence,EVI-032933,INSERT,,,INT-030024 | technique=TEC-007 | region=,S1_exp #399
interaction_evidence,EVI-032934,INSERT,,,INT-030025 | technique=TEC-007 | region=5'UTR,S1_exp #400
interaction_evidence,EVI-032935,INSERT,,,INT-030026 | technique=TEC-007 | region=,S1_exp #401
interaction_evidence,EVI-032936,INSERT,,,INT-030027 | technique=TEC-007 | region=,S1_exp #402
interaction_evidence,EVI-032937,INSERT,,,INT-030028 | technique=TEC-007 | region=,S1_exp #403
interaction_evidence,EVI-032938,INSERT,,,INT-030029 | technique=TEC-007 | region=,S1_exp #404
interaction_evidence,EVI-032939,INSERT,,,INT-030030 | technique=TEC-007 | region=,S1_exp #405
interaction_evidence,EVI-032940,INSERT,,,INT-030031 | technique=TEC-007 | region=3'UTR,S1_exp #406
interaction_evidence,EVI-032941,INSERT,,,INT-030032 | technique=TEC-007 | region=,S1_exp #407
interaction_evidence,EVI-032942,INSERT,,,INT-030033 | technique=TEC-007 | region=,S1_exp #408
interaction_evidence,EVI-032943,INSERT,,,INT-030034 | technique=TEC-007 | region=,S1_exp #409
interaction_evidence,EVI-032944,INSERT,,,INT-030035 | technique=TEC-007 | region=,S1_exp #410
interaction_evidence,EVI-032945,INSERT,,,INT-030036 | technique=TEC-007 | region=,S1_exp #411
interaction_evidence,EVI-032946,INSERT,,,INT-030037 | technique=TEC-007 | region=,S1_exp #412
interaction_evidence,EVI-032947,INSERT,,,INT-030038 | technique=TEC-007 | region=,S1_exp #413
interaction_evidence,EVI-032948,INSERT,,,INT-030039 | technique=TEC-007 | region=,S1_exp #414
interaction_evidence,EVI-032949,INSERT,,,INT-030040 | technique=TEC-007 | region=,S1_exp #415
interaction_evidence,EVI-032950,INSERT,,,INT-030041 | technique=TEC-007 | region=,S1_exp #416
interaction_evidence,EVI-032951,INSERT,,,INT-030042 | technique=TEC-007 | region=,S1_exp #417
interaction_evidence,EVI-032952,INSERT,,,INT-030043 | technique=TEC-007 | region=,S1_exp #418
interaction_evidence,EVI-032953,INSERT,,,INT-030044 | technique=TEC-007 | region=,S1_exp #419
interaction_evidence,EVI-032954,INSERT,,,INT-030045 | technique=TEC-007 | region=,S1_exp #420
interaction_evidence,EVI-032955,INSERT,,,INT-022889 | technique=TEC-007 | region=,S1_exp #421
interaction_evidence,EVI-032956,INSERT,,,INT-030046 | technique=TEC-007 | region=,S1_exp #422
interaction_evidence,EVI-032957,INSERT,,,INT-030047 | technique=TEC-007 | region=,S1_exp #423
interaction_evidence,EVI-032958,INSERT,,,INT-029968 | technique=TEC-007 | region=,S1_exp #424
interaction_evidence,EVI-032959,INSERT,,,INT-030048 | technique=TEC-007 | region=,S1_exp #425
interaction_evidence,EVI-032960,INSERT,,,INT-030049 | technique=TEC-007 | region=,S1_exp #426
interaction_evidence,EVI-032961,INSERT,,,INT-029751 | technique=TEC-007 | region=,S1_exp #427
interaction_evidence,EVI-032962,INSERT,,,INT-030050 | technique=TEC-007 | region=,S1_exp #428
interaction_evidence,EVI-032963,INSERT,,,INT-029714 | technique=TEC-007 | region=,S1_exp #429
interaction_evidence,EVI-032964,INSERT,,,INT-030051 | technique=TEC-007 | region=,S1_exp #430
interaction_evidence,EVI-032965,INSERT,,,INT-030052 | technique=TEC-007 | region=,S1_exp #431
interaction_evidence,EVI-032966,INSERT,,,INT-030053 | technique=TEC-007 | region=,S1_exp #432
interaction_evidence,EVI-032967,INSERT,,,INT-030054 | technique=TEC-007 | region=,S1_exp #433
interaction_evidence,EVI-032968,INSERT,,,INT-030055 | technique=TEC-007 | region=,S1_exp #434
interaction_evidence,EVI-032969,INSERT,,,INT-030056 | technique=TEC-007 | region=5'UTR,S1_exp #435
interaction_evidence,EVI-032970,INSERT,,,INT-030057 | technique=TEC-007 | region=,S1_exp #436
interaction_evidence,EVI-032971,INSERT,,,INT-030058 | technique=TEC-007 | region=,S1_exp #437
interaction_evidence,EVI-032972,INSERT,,,INT-030059 | technique=TEC-007 | region=,S1_exp #438
interaction_evidence,EVI-032973,INSERT,,,INT-030060 | technique=TEC-007 | region=,S1_exp #439
interaction_evidence,EVI-032974,INSERT,,,INT-030061 | technique=TEC-007 | region=,S1_exp #440
interaction_evidence,EVI-032975,INSERT,,,INT-030062 | technique=TEC-007 | region=,S1_exp #441
interaction_evidence,EVI-032976,INSERT,,,INT-030063 | technique=TEC-007 | region=,S1_exp #442
interaction_evidence,EVI-032977,INSERT,,,INT-030064 | technique=TEC-007 | region=,S1_exp #443
interaction_evidence,EVI-032978,INSERT,,,INT-029788 | technique=TEC-007 | region=,S1_exp #444
interaction_evidence,EVI-032979,INSERT,,,INT-030065 | technique=TEC-007 | region=,S1_exp #445
interaction_evidence,EVI-032980,INSERT,,,INT-030066 | technique=TEC-007 | region=,S1_exp #446
interaction_evidence,EVI-032981,INSERT,,,INT-030067 | technique=TEC-007 | region=,S1_exp #447
interaction_evidence,EVI-032982,INSERT,,,INT-030068 | technique=TEC-007 | region=,S1_exp #448
interaction_evidence,EVI-032983,INSERT,,,INT-029971 | technique=TEC-007 | region=5'UTR,S1_exp #449
interaction_evidence,EVI-032984,INSERT,,,INT-030069 | technique=TEC-007 | region=,S1_exp #450
interaction_evidence,EVI-032985,INSERT,,,INT-030070 | technique=TEC-007 | region=,S1_exp #451
interaction_evidence,EVI-032986,INSERT,,,INT-030071 | technique=TEC-007 | region=5'UTR,S1_exp #452
interaction_evidence,EVI-032987,INSERT,,,INT-030072 | technique=TEC-007 | region=,S1_exp #453
interaction_evidence,EVI-032988,INSERT,,,INT-030073 | technique=TEC-007 | region=,S1_exp #454
interaction_evidence,EVI-032989,INSERT,,,INT-030074 | technique=TEC-007 | region=,S1_exp #455
interaction_evidence,EVI-032990,INSERT,,,INT-030075 | technique=TEC-007 | region=,S1_exp #456
interaction_evidence,EVI-032991,INSERT,,,INT-030076 | technique=TEC-007 | region=,S1_exp #458
interaction_evidence,EVI-032992,INSERT,,,INT-030077 | technique=TEC-007 | region=,S1_exp #459
interaction_evidence,EVI-032993,INSERT,,,INT-030078 | technique=TEC-007 | region=,S1_exp #460
interaction_evidence,EVI-032994,INSERT,,,INT-030079 | technique=TEC-007 | region=,S1_exp #461
interaction_evidence,EVI-032995,INSERT,,,INT-030080 | technique=TEC-007 | region=5'UTR,S1_exp #462
interaction_evidence,EVI-032996,INSERT,,,INT-030081 | technique=TEC-007 | region=,S1_exp #464
interaction_evidence,EVI-032997,INSERT,,,INT-030082 | technique=TEC-007 | region=,S1_exp #466
interaction_evidence,EVI-032998,INSERT,,,INT-030083 | technique=TEC-007 | region=,S1_exp #467
interaction_evidence,EVI-032999,INSERT,,,INT-030084 | technique=TEC-007 | region=,S1_exp #468
interaction_evidence,EVI-033000,INSERT,,,INT-030085 | technique=TEC-007 | region=,S1_exp #469
interaction_evidence,EVI-033001,INSERT,,,INT-030086 | technique=TEC-007 | region=,S1_exp #470
interaction_evidence,EVI-033002,INSERT,,,INT-030087 | technique=TEC-007 | region=,S1_exp #471
interaction_evidence,EVI-033003,INSERT,,,INT-030088 | technique=TEC-007 | region=,S1_exp #472
interaction_evidence,EVI-033004,INSERT,,,INT-030089 | technique=TEC-007 | region=,S1_exp #473
interaction_evidence,EVI-033005,INSERT,,,INT-030090 | technique=TEC-007 | region=,S1_exp #474
interaction_evidence,EVI-033006,INSERT,,,INT-030091 | technique=TEC-007 | region=,S1_exp #475
interaction_evidence,EVI-033007,INSERT,,,INT-030092 | technique=TEC-007 | region=,S1_exp #476
interaction_evidence,EVI-033008,INSERT,,,INT-030093 | technique=TEC-007 | region=,S1_exp #477
interaction_evidence,EVI-033009,INSERT,,,INT-030094 | technique=TEC-007 | region=,S1_exp #478
interaction_evidence,EVI-033010,INSERT,,,INT-030095 | technique=TEC-007 | region=,S1_exp #479
interaction_evidence,EVI-033011,INSERT,,,INT-029720 | technique=TEC-007 | region=,S1_exp #480
interaction_evidence,EVI-033012,INSERT,,,INT-029754 | technique=TEC-007 | region=,S1_exp #481
interaction_evidence,EVI-033013,INSERT,,,INT-030096 | technique=TEC-007 | region=,S1_exp #482
interaction_evidence,EVI-033014,INSERT,,,INT-029705 | technique=TEC-007 | region=,S1_exp #483
interaction_evidence,EVI-033015,INSERT,,,INT-030097 | technique=TEC-007 | region=,S1_exp #484
interaction_evidence,EVI-033016,INSERT,,,INT-030098 | technique=TEC-007 | region=,S1_exp #485
interaction_evidence,EVI-033017,INSERT,,,INT-030099 | technique=TEC-007 | region=,S1_exp #486
interaction_evidence,EVI-033018,INSERT,,,INT-030100 | technique=TEC-007 | region=,S1_exp #487
interaction_evidence,EVI-033019,INSERT,,,INT-030101 | technique=TEC-007 | region=,S1_exp #488
interaction_evidence,EVI-033020,INSERT,,,INT-030102 | technique=TEC-007 | region=,S1_exp #489
interaction_evidence,EVI-033021,INSERT,,,INT-029847 | technique=TEC-007 | region=,S1_exp #490
interaction_evidence,EVI-033022,INSERT,,,INT-029904 | technique=TEC-007 | region=,S1_exp #491
interaction_evidence,EVI-033023,INSERT,,,INT-029787 | technique=TEC-007 | region=,S1_exp #492
interaction_evidence,EVI-033024,INSERT,,,INT-030103 | technique=TEC-007 | region=,S1_exp #493
interaction_evidence,EVI-033025,INSERT,,,INT-030104 | technique=TEC-007 | region=,S1_exp #494
interaction_evidence,EVI-033026,INSERT,,,INT-030105 | technique=TEC-007 | region=,S1_exp #495
interaction_evidence,EVI-033027,INSERT,,,INT-030106 | technique=TEC-007 | region=,S1_exp #496
interaction_evidence,EVI-033028,INSERT,,,INT-030107 | technique=TEC-007 | region=,S1_exp #497
interaction_evidence,EVI-033029,INSERT,,,INT-030108 | technique=TEC-007 | region=,S1_exp #498
interaction_evidence,EVI-033030,INSERT,,,INT-030109 | technique=TEC-007 | region=,S1_exp #499
interaction_evidence,EVI-033031,INSERT,,,INT-030110 | technique=TEC-007 | region=,S1_exp #500
interaction_evidence,EVI-033032,INSERT,,,INT-029795 | technique=TEC-007 | region=,S1_exp #501
interaction_evidence,EVI-033033,INSERT,,,INT-030111 | technique=TEC-007 | region=,S1_exp #502
interaction_evidence,EVI-033034,INSERT,,,INT-030112 | technique=TEC-007 | region=,S1_exp #503
interaction_evidence,EVI-033035,INSERT,,,INT-030113 | technique=TEC-007 | region=,S1_exp #504
interaction_evidence,EVI-033036,INSERT,,,INT-030114 | technique=TEC-007 | region=,S1_exp #505
interaction_evidence,EVI-033037,INSERT,,,INT-030115 | technique=TEC-007 | region=,S1_exp #506
interaction_evidence,EVI-033038,INSERT,,,INT-030116 | technique=TEC-007 | region=,S1_exp #507
interaction_evidence,EVI-033039,INSERT,,,INT-030117 | technique=TEC-007 | region=,S1_exp #508
interaction_evidence,EVI-033040,INSERT,,,INT-030118 | technique=TEC-007 | region=,S1_exp #509
interaction_evidence,EVI-033041,INSERT,,,INT-030119 | technique=TEC-007 | region=,S1_exp #510
interaction_evidence,EVI-033042,INSERT,,,INT-030120 | technique=TEC-007 | region=,S1_exp #511
interaction_evidence,EVI-033043,INSERT,,,INT-030121 | technique=TEC-007 | region=,S1_exp #512
interaction_evidence,EVI-033044,INSERT,,,INT-030122 | technique=TEC-007 | region=,S1_exp #513
interaction_evidence,EVI-033045,INSERT,,,INT-030123 | technique=TEC-007 | region=,S1_exp #514
interaction_evidence,EVI-033046,INSERT,,,INT-029808 | technique=TEC-007 | region=,S1_exp #515
interaction_evidence,EVI-033047,INSERT,,,INT-030124 | technique=TEC-007 | region=,S1_exp #516
interaction_evidence,EVI-033048,INSERT,,,INT-029673 | technique=TEC-007 | region=,S1_exp #517
interaction_evidence,EVI-033049,INSERT,,,INT-030125 | technique=TEC-007 | region=,S1_exp #518
interaction_evidence,EVI-033050,INSERT,,,INT-029957 | technique=TEC-007 | region=,S1_exp #519
interaction_evidence,EVI-033051,INSERT,,,INT-030051 | technique=TEC-007 | region=,S1_exp #520
interaction_evidence,EVI-033052,INSERT,,,INT-030126 | technique=TEC-007 | region=,S1_exp #521
interaction_evidence,EVI-033053,INSERT,,,INT-030127 | technique=TEC-007 | region=,S1_exp #522
interaction_evidence,EVI-033054,INSERT,,,INT-030128 | technique=TEC-007 | region=,S1_exp #523
interaction_evidence,EVI-033055,INSERT,,,INT-030008 | technique=TEC-007 | region=,S1_exp #524
interaction_evidence,EVI-033056,INSERT,,,INT-030129 | technique=TEC-007 | region=,S1_exp #525
interaction_evidence,EVI-033057,INSERT,,,INT-030130 | technique=TEC-007 | region=,S1_exp #526
interaction_evidence,EVI-033058,INSERT,,,INT-030131 | technique=TEC-007 | region=,S1_exp #527
interaction_evidence,EVI-033059,INSERT,,,INT-030132 | technique=TEC-007 | region=,S1_exp #528
interaction_evidence,EVI-033060,INSERT,,,INT-030133 | technique=TEC-007 | region=,S1_exp #529
interaction_evidence,EVI-033061,INSERT,,,INT-030134 | technique=TEC-007 | region=,S1_exp #530
interaction_evidence,EVI-033062,INSERT,,,INT-030135 | technique=TEC-007 | region=3'UTR,S1_exp #531
interaction_evidence,EVI-033063,INSERT,,,INT-030136 | technique=TEC-007 | region=,S1_exp #532
interaction_evidence,EVI-033064,INSERT,,,INT-030137 | technique=TEC-007 | region=,S1_exp #533
interaction_evidence,EVI-033065,INSERT,,,INT-030138 | technique=TEC-007 | region=,S1_exp #535
interaction_evidence,EVI-033066,INSERT,,,INT-029673 | technique=TEC-007 | region=,S1_exp #536
interaction_evidence,EVI-033067,INSERT,,,INT-030074 | technique=TEC-007 | region=,S1_exp #537
interaction_evidence,EVI-033068,INSERT,,,INT-030139 | technique=TEC-007 | region=,S1_exp #538
interaction_evidence,EVI-033069,INSERT,,,INT-022883 | technique=TEC-007 | region=,S1_exp #539
interaction_evidence,EVI-033070,INSERT,,,INT-030140 | technique=TEC-007 | region=,S1_exp #540
interaction_evidence,EVI-033071,INSERT,,,INT-030141 | technique=TEC-007 | region=,S1_exp #541
interaction_evidence,EVI-033072,INSERT,,,INT-030142 | technique=TEC-007 | region=,S1_exp #542
interaction_evidence,EVI-033073,INSERT,,,INT-030143 | technique=TEC-007 | region=,S1_exp #543
interaction_evidence,EVI-033074,INSERT,,,INT-030144 | technique=TEC-007 | region=,S1_exp #544
interaction_evidence,EVI-033075,INSERT,,,INT-030145 | technique=TEC-007 | region=3'UTR,S1_exp #545
interaction_evidence,EVI-033076,INSERT,,,INT-029979 | technique=TEC-007 | region=,S1_exp #546
interaction_evidence,EVI-033077,INSERT,,,INT-030146 | technique=TEC-007 | region=,S1_exp #547
interaction_evidence,EVI-033078,INSERT,,,INT-030147 | technique=TEC-007 | region=,S1_exp #548
interaction_evidence,EVI-033079,INSERT,,,INT-030148 | technique=TEC-007 | region=,S1_exp #549
interaction_evidence,EVI-033080,INSERT,,,INT-030149 | technique=TEC-007 | region=,S1_exp #550
interaction_evidence,EVI-033081,INSERT,,,INT-030150 | technique=TEC-007 | region=,S1_exp #551
interaction_evidence,EVI-033082,INSERT,,,INT-030151 | technique=TEC-007 | region=,S1_exp #552
interaction_evidence,EVI-033083,INSERT,,,INT-030152 | technique=TEC-007 | region=,S1_exp #553
interaction_evidence,EVI-033084,INSERT,,,INT-030153 | technique=TEC-007 | region=,S1_exp #554
interaction_evidence,EVI-033085,INSERT,,,INT-030154 | technique=TEC-007 | region=,S1_exp #555
interaction_evidence,EVI-033086,INSERT,,,INT-030155 | technique=TEC-007 | region=,S1_exp #556
interaction_evidence,EVI-033087,INSERT,,,INT-029922 | technique=TEC-007 | region=,S1_exp #557
interaction_evidence,EVI-033088,INSERT,,,INT-030156 | technique=TEC-007 | region=,S1_exp #558
interaction_evidence,EVI-033089,INSERT,,,INT-030157 | technique=TEC-007 | region=,S1_exp #559
interaction_evidence,EVI-033090,INSERT,,,INT-030158 | technique=TEC-007 | region=,S1_exp #560
interaction_evidence,EVI-033091,INSERT,,,INT-030159 | technique=TEC-007 | region=,S1_exp #561
interaction_evidence,EVI-033092,INSERT,,,INT-030160 | technique=TEC-007 | region=,S1_exp #562
interaction_evidence,EVI-033093,INSERT,,,INT-030161 | technique=TEC-007 | region=,S1_exp #563
interaction_evidence,EVI-033094,INSERT,,,INT-030162 | technique=TEC-007 | region=,S1_exp #564
interaction_evidence,EVI-033095,INSERT,,,INT-030163 | technique=TEC-007 | region=,S1_exp #565
interaction_evidence,EVI-033096,INSERT,,,INT-030164 | technique=TEC-007 | region=,S1_exp #566
interaction_evidence,EVI-033097,INSERT,,,INT-030165 | technique=TEC-007 | region=,S1_exp #567
interaction_evidence,EVI-033098,INSERT,,,INT-030166 | technique=TEC-007 | region=,S1_exp #568
interaction_evidence,EVI-033099,INSERT,,,INT-030167 | technique=TEC-007 | region=,S1_exp #569
interaction_evidence,EVI-033100,INSERT,,,INT-030168 | technique=TEC-007 | region=,S1_exp #570
interaction_evidence,EVI-033101,INSERT,,,INT-030045 | technique=TEC-007 | region=,S1_exp #571
interaction_evidence,EVI-033102,INSERT,,,INT-030169 | technique=TEC-007 | region=,S1_exp #572
interaction_evidence,EVI-033103,INSERT,,,INT-030170 | technique=TEC-007 | region=,S1_exp #573
interaction_evidence,EVI-033104,INSERT,,,INT-029720 | technique=TEC-007 | region=,S1_exp #574
interaction_evidence,EVI-033105,INSERT,,,INT-030171 | technique=TEC-007 | region=,S1_exp #575
interaction_evidence,EVI-033106,INSERT,,,INT-030172 | technique=TEC-007 | region=,S1_exp #576
interaction_evidence,EVI-033107,INSERT,,,INT-030173 | technique=TEC-007 | region=,S1_exp #577
interaction_evidence,EVI-033108,INSERT,,,INT-030174 | technique=TEC-007 | region=,S1_exp #578
interaction_evidence,EVI-033109,INSERT,,,INT-030175 | technique=TEC-007 | region=,S1_exp #579
interaction_evidence,EVI-033110,INSERT,,,INT-030176 | technique=TEC-007 | region=,S1_exp #580
interaction_evidence,EVI-033111,INSERT,,,INT-030177 | technique=TEC-007 | region=,S1_exp #581
interaction_evidence,EVI-033112,INSERT,,,INT-030148 | technique=TEC-007 | region=,S1_exp #583
interaction_evidence,EVI-033113,INSERT,,,INT-030178 | technique=TEC-007 | region=,S1_exp #584
interaction_evidence,EVI-033114,INSERT,,,INT-030179 | technique=TEC-007 | region=,S1_exp #585
interaction_evidence,EVI-033115,INSERT,,,INT-030180 | technique=TEC-007 | region=,S1_exp #586
interaction_evidence,EVI-033116,INSERT,,,INT-030181 | technique=TEC-007 | region=,S1_exp #587
interaction_evidence,EVI-033117,INSERT,,,INT-030182 | technique=TEC-007 | region=,S1_exp #588
interaction_evidence,EVI-033118,INSERT,,,INT-030183 | technique=TEC-007 | region=,S1_exp #589
interaction_evidence,EVI-033119,INSERT,,,INT-030184 | technique=TEC-007 | region=,S1_exp #590
interaction_evidence,EVI-033120,INSERT,,,INT-030185 | technique=TEC-007 | region=,S1_exp #591
interaction_evidence,EVI-033121,INSERT,,,INT-030186 | technique=TEC-007 | region=,S1_exp #592
interaction_evidence,EVI-033122,INSERT,,,INT-030187 | technique=TEC-007 | region=,S1_exp #593
interaction_evidence,EVI-033123,INSERT,,,INT-029788 | technique=TEC-007 | region=,S1_exp #594
interaction_evidence,EVI-033124,INSERT,,,INT-030188 | technique=TEC-007 | region=,S1_exp #595
interaction_evidence,EVI-033125,INSERT,,,INT-030189 | technique=TEC-007 | region=3'UTR,S1_exp #596
interaction_evidence,EVI-033126,INSERT,,,INT-030190 | technique=TEC-007 | region=,S1_exp #597
interaction_evidence,EVI-033127,INSERT,,,INT-030191 | technique=TEC-007 | region=,S1_exp #598
interaction_evidence,EVI-033128,INSERT,,,INT-029879 | technique=TEC-007 | region=,S1_exp #599
interaction_evidence,EVI-033129,INSERT,,,INT-030192 | technique=TEC-007 | region=,S1_exp #600
interaction_evidence,EVI-033130,INSERT,,,INT-030193 | technique=TEC-007 | region=,S1_exp #601
interaction_evidence,EVI-033131,INSERT,,,INT-030194 | technique=TEC-007 | region=,S1_exp #602
interaction_evidence,EVI-033132,INSERT,,,INT-030195 | technique=TEC-007 | region=5'UTR,S1_exp #603
interaction_evidence,EVI-033133,INSERT,,,INT-030196 | technique=TEC-007 | region=,S1_exp #605
interaction_evidence,EVI-033134,INSERT,,,INT-030197 | technique=TEC-007 | region=,S1_exp #606
interaction_evidence,EVI-033135,INSERT,,,INT-029682 | technique=TEC-007 | region=,S1_exp #607
interaction_evidence,EVI-033136,INSERT,,,INT-030198 | technique=TEC-007 | region=,S1_exp #608
interaction_evidence,EVI-033137,INSERT,,,INT-030199 | technique=TEC-007 | region=,S1_exp #610
interaction_evidence,EVI-033138,INSERT,,,INT-030200 | technique=TEC-007 | region=5'UTR,S1_exp #611
interaction_evidence,EVI-033139,INSERT,,,INT-029968 | technique=TEC-007 | region=,S1_exp #612
interaction_evidence,EVI-033140,INSERT,,,INT-030201 | technique=TEC-007 | region=,S1_exp #613
interaction_evidence,EVI-033141,INSERT,,,INT-030202 | technique=TEC-007 | region=,S1_exp #614
interaction_evidence,EVI-033142,INSERT,,,INT-030203 | technique=TEC-007 | region=5'UTR,S1_exp #615
interaction_evidence,EVI-033143,INSERT,,,INT-030204 | technique=TEC-007 | region=,S1_exp #616
interaction_evidence,EVI-033144,INSERT,,,INT-030205 | technique=TEC-007 | region=,S1_exp #617
interaction_evidence,EVI-033145,INSERT,,,INT-030206 | technique=TEC-007 | region=,S1_exp #618
interaction_evidence,EVI-033146,INSERT,,,INT-030207 | technique=TEC-007 | region=,S1_exp #619
interaction_evidence,EVI-033147,INSERT,,,INT-030208 | technique=TEC-007 | region=,S1_exp #620
interaction_evidence,EVI-033148,INSERT,,,INT-030209 | technique=TEC-007 | region=,S1_exp #621
interaction_evidence,EVI-033149,INSERT,,,INT-030210 | technique=TEC-007 | region=,S1_exp #622
interaction_evidence,EVI-033150,INSERT,,,INT-030211 | technique=TEC-007 | region=,S1_exp #623
interaction_evidence,EVI-033151,INSERT,,,INT-030212 | technique=TEC-007 | region=,S1_exp #624
interaction_evidence,EVI-033152,INSERT,,,INT-030213 | technique=TEC-007 | region=,S1_exp #625
interaction_evidence,EVI-033153,INSERT,,,INT-029705 | technique=TEC-007 | region=,S1_exp #626
interaction_evidence,EVI-033154,INSERT,,,INT-030214 | technique=TEC-007 | region=,S1_exp #627
interaction_evidence,EVI-033155,INSERT,,,INT-030215 | technique=TEC-007 | region=,S1_exp #628
interaction_evidence,EVI-033156,INSERT,,,INT-030216 | technique=TEC-007 | region=,S1_exp #629
interaction_evidence,EVI-033157,INSERT,,,INT-030217 | technique=TEC-007 | region=,S1_exp #630
interaction_evidence,EVI-033158,INSERT,,,INT-030218 | technique=TEC-007 | region=5'UTR,S1_exp #631
interaction_evidence,EVI-033159,INSERT,,,INT-030219 | technique=TEC-007 | region=,S1_exp #632
interaction_evidence,EVI-033160,INSERT,,,INT-030220 | technique=TEC-007 | region=,S1_exp #633
interaction_evidence,EVI-033161,INSERT,,,INT-030221 | technique=TEC-007 | region=,S1_exp #634
interaction_evidence,EVI-033162,INSERT,,,INT-030222 | technique=TEC-007 | region=,S1_exp #635
interaction_evidence,EVI-033163,INSERT,,,INT-030223 | technique=TEC-007 | region=,S1_exp #636
interaction_evidence,EVI-033164,INSERT,,,INT-030224 | technique=TEC-007 | region=,S1_exp #637
interaction_evidence,EVI-033165,INSERT,,,INT-030225 | technique=TEC-007 | region=,S1_exp #638
interaction_evidence,EVI-033166,INSERT,,,INT-022871 | technique=TEC-007 | region=,S1_exp #639
interaction_evidence,EVI-033167,INSERT,,,INT-030226 | technique=TEC-007 | region=,S1_exp #640
interaction_evidence,EVI-033168,INSERT,,,INT-030227 | technique=TEC-007 | region=,S1_exp #641
interaction_evidence,EVI-033169,INSERT,,,INT-030228 | technique=TEC-007 | region=,S1_exp #642
interaction_evidence,EVI-033170,INSERT,,,INT-030229 | technique=TEC-007 | region=,S1_exp #643
interaction_evidence,EVI-033171,INSERT,,,INT-030230 | technique=TEC-007 | region=,S1_exp #644
interaction_evidence,EVI-033172,INSERT,,,INT-030231 | technique=TEC-007 | region=,S1_exp #645
interaction_evidence,EVI-033173,INSERT,,,INT-030232 | technique=TEC-007 | region=,S1_exp #646
interaction_evidence,EVI-033174,INSERT,,,INT-030233 | technique=TEC-007 | region=,S1_exp #647
interaction_evidence,EVI-033175,INSERT,,,INT-030234 | technique=TEC-007 | region=,S1_exp #648
interaction_evidence,EVI-033176,INSERT,,,INT-030235 | technique=TEC-007 | region=,S1_exp #649
interaction_evidence,EVI-033177,INSERT,,,INT-030236 | technique=TEC-007 | region=5'UTR,S1_exp #650
interaction_evidence,EVI-033178,INSERT,,,INT-030237 | technique=TEC-007 | region=,S1_exp #651
interaction_evidence,EVI-033179,INSERT,,,INT-030238 | technique=TEC-007 | region=,S1_exp #652
interaction_evidence,EVI-033180,INSERT,,,INT-030239 | technique=TEC-007 | region=,S1_exp #653
interaction_evidence,EVI-033181,INSERT,,,INT-030240 | technique=TEC-007 | region=,S1_exp #654
interaction_evidence,EVI-033182,INSERT,,,INT-030241 | technique=TEC-007 | region=,S1_exp #655
interaction_evidence,EVI-033183,INSERT,,,INT-030242 | technique=TEC-007 | region=,S1_exp #656
interaction_evidence,EVI-033184,INSERT,,,INT-030243 | technique=TEC-007 | region=,S1_exp #657
interaction_evidence,EVI-033185,INSERT,,,INT-030244 | technique=TEC-007 | region=,S1_exp #658
interaction_evidence,EVI-033186,INSERT,,,INT-030245 | technique=TEC-007 | region=,S1_exp #659
interaction_evidence,EVI-033187,INSERT,,,INT-029834 | technique=TEC-007 | region=5'UTR,S1_exp #660
interaction_evidence,EVI-033188,INSERT,,,INT-030246 | technique=TEC-007 | region=,S1_exp #661
interaction_evidence,EVI-033189,INSERT,,,INT-030247 | technique=TEC-007 | region=,S1_exp #662
interaction_evidence,EVI-033190,INSERT,,,INT-030248 | technique=TEC-007 | region=,S1_exp #665
interaction_evidence,EVI-033191,INSERT,,,INT-030249 | technique=TEC-007 | region=,S1_exp #666
interaction_evidence,EVI-033192,INSERT,,,INT-030250 | technique=TEC-007 | region=,S1_exp #667
interaction_evidence,EVI-033193,INSERT,,,INT-030251 | technique=TEC-007 | region=,S1_exp #668
interaction_evidence,EVI-033194,INSERT,,,INT-030252 | technique=TEC-007 | region=,S1_exp #669
interaction_evidence,EVI-033195,INSERT,,,INT-030253 | technique=TEC-007 | region=,S1_exp #670
interaction_evidence,EVI-033196,INSERT,,,INT-030254 | technique=TEC-007 | region=,S1_exp #671
interaction_evidence,EVI-033197,INSERT,,,INT-030255 | technique=TEC-007 | region=5'UTR,S1_exp #672
interaction_evidence,EVI-033198,INSERT,,,INT-030256 | technique=TEC-007 | region=,S1_exp #673
interaction_evidence,EVI-033199,INSERT,,,INT-030257 | technique=TEC-007 | region=,S1_exp #674
interaction_evidence,EVI-033200,INSERT,,,INT-030258 | technique=TEC-007 | region=,S1_exp #675
interaction_evidence,EVI-033201,INSERT,,,INT-030259 | technique=TEC-007 | region=,S1_exp #676
interaction_evidence,EVI-033202,INSERT,,,INT-030260 | technique=TEC-007 | region=,S1_exp #677
interaction_evidence,EVI-033203,INSERT,,,INT-030261 | technique=TEC-007 | region=,S1_exp #678
interaction_evidence,EVI-033204,INSERT,,,INT-029773 | technique=TEC-007 | region=,S1_exp #679
interaction_evidence,EVI-033205,INSERT,,,INT-030005 | technique=TEC-007 | region=,S1_exp #680
interaction_evidence,EVI-033206,INSERT,,,INT-030262 | technique=TEC-007 | region=,S1_exp #681
interaction_evidence,EVI-033207,INSERT,,,INT-030263 | technique=TEC-007 | region=,S1_exp #682
interaction_evidence,EVI-033208,INSERT,,,INT-030264 | technique=TEC-007 | region=,S1_exp #683
interaction_evidence,EVI-033209,INSERT,,,INT-030265 | technique=TEC-007 | region=,S1_exp #685
interaction_evidence,EVI-033210,INSERT,,,INT-030266 | technique=TEC-007 | region=,S1_exp #686
interaction_evidence,EVI-033211,INSERT,,,INT-030267 | technique=TEC-007 | region=,S1_exp #687
interaction_evidence,EVI-033212,INSERT,,,INT-030268 | technique=TEC-007 | region=,S1_exp #689
interaction_evidence,EVI-033213,INSERT,,,INT-030269 | technique=TEC-007 | region=,S1_exp #690
interaction_evidence,EVI-033214,INSERT,,,INT-030270 | technique=TEC-007 | region=,S1_exp #691
interaction_evidence,EVI-033215,INSERT,,,INT-030271 | technique=TEC-007 | region=,S1_exp #692
interaction_evidence,EVI-033216,INSERT,,,INT-029837 | technique=TEC-007 | region=,S1_exp #693
interaction_evidence,EVI-033217,INSERT,,,INT-030272 | technique=TEC-007 | region=,S1_exp #694
interaction_evidence,EVI-033218,INSERT,,,INT-030000 | technique=TEC-007 | region=,S1_exp #695
interaction_evidence,EVI-033219,INSERT,,,INT-030273 | technique=TEC-007 | region=,S1_exp #697
interaction_evidence,EVI-033220,INSERT,,,INT-030274 | technique=TEC-007 | region=5'UTR,S1_exp #698
interaction_evidence,EVI-033221,INSERT,,,INT-030275 | technique=TEC-007 | region=,S1_exp #699
interaction_evidence,EVI-033222,INSERT,,,INT-030276 | technique=TEC-007 | region=5'UTR,S1_exp #700
interaction_evidence,EVI-033223,INSERT,,,INT-030277 | technique=TEC-007 | region=,S1_exp #701
interaction_evidence,EVI-033224,INSERT,,,INT-030278 | technique=TEC-007 | region=,S1_exp #702
interaction_evidence,EVI-033225,INSERT,,,INT-030279 | technique=TEC-007 | region=,S1_exp #703
interaction_evidence,EVI-033226,INSERT,,,INT-030280 | technique=TEC-007 | region=,S1_exp #704
interaction_evidence,EVI-033227,INSERT,,,INT-030281 | technique=TEC-007 | region=,S1_exp #706
interaction_evidence,EVI-033228,INSERT,,,INT-030282 | technique=TEC-007 | region=,S1_exp #707
interaction_evidence,EVI-033229,INSERT,,,INT-030283 | technique=TEC-007 | region=,S1_exp #708
interaction_evidence,EVI-033230,INSERT,,,INT-030284 | technique=TEC-007 | region=,S1_exp #709
interaction_evidence,EVI-033231,INSERT,,,INT-030285 | technique=TEC-007 | region=,S1_exp #710
interaction_evidence,EVI-033232,INSERT,,,INT-030286 | technique=TEC-007 | region=,S1_exp #711
interaction_evidence,EVI-033233,INSERT,,,INT-030287 | technique=TEC-007 | region=,S1_exp #712
interaction_evidence,EVI-033234,INSERT,,,INT-030288 | technique=TEC-007 | region=,S1_exp #713
interaction_evidence,EVI-033235,INSERT,,,INT-030289 | technique=TEC-007 | region=,S1_exp #714
interaction_evidence,EVI-033236,INSERT,,,INT-030290 | technique=TEC-007 | region=,S1_exp #715
interaction_evidence,EVI-033237,INSERT,,,INT-030291 | technique=TEC-007 | region=,S1_exp #716
interaction_evidence,EVI-033238,INSERT,,,INT-030292 | technique=TEC-007 | region=,S1_exp #717
interaction_evidence,EVI-033239,INSERT,,,INT-030293 | technique=TEC-007 | region=,S1_exp #718
interaction_evidence,EVI-033240,INSERT,,,INT-030294 | technique=TEC-007 | region=,S1_exp #719
interaction_evidence,EVI-033241,INSERT,,,INT-030295 | technique=TEC-007 | region=,S1_exp #720
interaction_evidence,EVI-033242,INSERT,,,INT-030296 | technique=TEC-007 | region=5'UTR,S1_exp #722
interaction_evidence,EVI-033243,INSERT,,,INT-030297 | technique=TEC-007 | region=,S1_exp #723
interaction_evidence,EVI-033244,INSERT,,,INT-029787 | technique=TEC-007 | region=,S1_exp #725
interaction_evidence,EVI-033245,INSERT,,,INT-030298 | technique=TEC-007 | region=,S1_exp #726
interaction_evidence,EVI-033246,INSERT,,,INT-030299 | technique=TEC-007 | region=,S1_exp #727
interaction_evidence,EVI-033247,INSERT,,,INT-030300 | technique=TEC-007 | region=,S1_exp #728
interaction_evidence,EVI-033248,INSERT,,,INT-030301 | technique=TEC-007 | region=,S1_exp #729
interaction_evidence,EVI-033249,INSERT,,,INT-030302 | technique=TEC-007 | region=,S1_exp #730
interaction_evidence,EVI-033250,INSERT,,,INT-030303 | technique=TEC-007 | region=,S1_exp #731
interaction_evidence,EVI-033251,INSERT,,,INT-030304 | technique=TEC-007 | region=,S1_exp #732
interaction_evidence,EVI-033252,INSERT,,,INT-030305 | technique=TEC-007 | region=,S1_exp #733
interaction_evidence,EVI-033253,INSERT,,,INT-030306 | technique=TEC-007 | region=,S1_exp #734
interaction_evidence,EVI-033254,INSERT,,,INT-030307 | technique=TEC-007 | region=,S1_exp #735
interaction_evidence,EVI-033255,INSERT,,,INT-029772 | technique=TEC-007 | region=,S1_exp #736
interaction_evidence,EVI-033256,INSERT,,,INT-030308 | technique=TEC-007 | region=,S1_exp #738
interaction_evidence,EVI-033257,INSERT,,,INT-030176 | technique=TEC-007 | region=,S1_exp #739
interaction_evidence,EVI-033258,INSERT,,,INT-030309 | technique=TEC-007 | region=,S1_exp #740
interaction_evidence,EVI-033259,INSERT,,,INT-030310 | technique=TEC-007 | region=,S1_exp #741
interaction_evidence,EVI-033260,INSERT,,,INT-030311 | technique=TEC-007 | region=,S1_exp #742
interaction_evidence,EVI-033261,INSERT,,,INT-030312 | technique=TEC-007 | region=,S1_exp #743
interaction_evidence,EVI-033262,INSERT,,,INT-030313 | technique=TEC-007 | region=,S1_exp #744
interaction_evidence,EVI-033263,INSERT,,,INT-030314 | technique=TEC-007 | region=,S1_exp #745
interaction_evidence,EVI-033264,INSERT,,,INT-029876 | technique=TEC-007 | region=,S1_exp #746
interaction_evidence,EVI-033265,INSERT,,,INT-030315 | technique=TEC-007 | region=,S1_exp #747
interaction_evidence,EVI-033266,INSERT,,,INT-030316 | technique=TEC-007 | region=,S1_exp #748
interaction_evidence,EVI-033267,INSERT,,,INT-030317 | technique=TEC-007 | region=,S1_exp #750
interaction_evidence,EVI-033268,INSERT,,,INT-030318 | technique=TEC-007 | region=,S1_exp #751
interaction_evidence,EVI-033269,INSERT,,,INT-030319 | technique=TEC-007 | region=,S1_exp #752
interaction_evidence,EVI-033270,INSERT,,,INT-030320 | technique=TEC-007 | region=5'UTR,S1_exp #754
interaction_evidence,EVI-033271,INSERT,,,INT-030321 | technique=TEC-007 | region=,S1_exp #755
interaction_evidence,EVI-033272,INSERT,,,INT-029693 | technique=TEC-007 | region=,S1_exp #756
interaction_evidence,EVI-033273,INSERT,,,INT-030322 | technique=TEC-007 | region=,S1_exp #757
interaction_evidence,EVI-033274,INSERT,,,INT-030323 | technique=TEC-007 | region=,S1_exp #758
interaction_evidence,EVI-033275,INSERT,,,INT-029802 | technique=TEC-007 | region=,S1_exp #759
interaction_evidence,EVI-033276,INSERT,,,INT-030324 | technique=TEC-007 | region=,S1_exp #760
interaction_evidence,EVI-033277,INSERT,,,INT-030325 | technique=TEC-007 | region=5'UTR,S1_exp #761
interaction_evidence,EVI-033278,INSERT,,,INT-030326 | technique=TEC-007 | region=,S1_exp #762
interaction_evidence,EVI-033279,INSERT,,,INT-030327 | technique=TEC-007 | region=,S1_exp #763
interaction_evidence,EVI-033280,INSERT,,,INT-030328 | technique=TEC-007 | region=,S1_exp #764
interaction_evidence,EVI-033281,INSERT,,,INT-029688 | technique=TEC-007 | region=,S1_exp #765
interaction_evidence,EVI-033282,INSERT,,,INT-030329 | technique=TEC-007 | region=,S1_exp #766
interaction_evidence,EVI-033283,INSERT,,,INT-030330 | technique=TEC-007 | region=,S1_exp #767
interaction_evidence,EVI-033284,INSERT,,,INT-030331 | technique=TEC-007 | region=,S1_exp #769
interaction_evidence,EVI-033285,INSERT,,,INT-030332 | technique=TEC-007 | region=,S1_exp #770
interaction_evidence,EVI-033286,INSERT,,,INT-030333 | technique=TEC-007 | region=,S1_exp #771
interaction_evidence,EVI-033287,INSERT,,,INT-030334 | technique=TEC-007 | region=,S1_exp #772
interaction_evidence,EVI-033288,INSERT,,,INT-030335 | technique=TEC-007 | region=,S1_exp #773
interaction_evidence,EVI-033289,INSERT,,,INT-029995 | technique=TEC-007 | region=,S1_exp #774
interaction_evidence,EVI-033290,INSERT,,,INT-030336 | technique=TEC-007 | region=,S1_exp #775
interaction_evidence,EVI-033291,INSERT,,,INT-030337 | technique=TEC-007 | region=,S1_exp #776
interaction_evidence,EVI-033292,INSERT,,,INT-030338 | technique=TEC-007 | region=,S1_exp #777
interaction_evidence,EVI-033293,INSERT,,,INT-022862 | technique=TEC-007 | region=,S1_exp #778
interaction_evidence,EVI-033294,INSERT,,,INT-030339 | technique=TEC-007 | region=,S1_exp #779
interaction_evidence,EVI-033295,INSERT,,,INT-030340 | technique=TEC-007 | region=,S1_exp #780
interaction_evidence,EVI-033296,INSERT,,,INT-030341 | technique=TEC-007 | region=,S1_exp #781
interaction_evidence,EVI-033297,INSERT,,,INT-030342 | technique=TEC-007 | region=,S1_exp #783
interaction_evidence,EVI-033298,INSERT,,,INT-030343 | technique=TEC-007 | region=,S1_exp #784
interaction_evidence,EVI-033299,INSERT,,,INT-030344 | technique=TEC-007 | region=,S1_exp #786
interaction_evidence,EVI-033300,INSERT,,,INT-030345 | technique=TEC-007 | region=,S1_exp #787
interaction_evidence,EVI-033301,INSERT,,,INT-030346 | technique=TEC-007 | region=,S1_exp #788
interaction_evidence,EVI-033302,INSERT,,,INT-030347 | technique=TEC-007 | region=,S1_exp #789
interaction_evidence,EVI-033303,INSERT,,,INT-030348 | technique=TEC-007 | region=5'UTR,S1_exp #790
interaction_evidence,EVI-033304,INSERT,,,INT-030349 | technique=TEC-007 | region=,S1_exp #791
interaction_evidence,EVI-033305,INSERT,,,INT-030350 | technique=TEC-007 | region=,S1_exp #792
interaction_evidence,EVI-033306,INSERT,,,INT-030351 | technique=TEC-007 | region=,S1_exp #793
interaction_evidence,EVI-033307,INSERT,,,INT-030352 | technique=TEC-007 | region=,S1_exp #794
interaction_evidence,EVI-033308,INSERT,,,INT-030353 | technique=TEC-007 | region=,S1_exp #795
interaction_evidence,EVI-033309,INSERT,,,INT-030354 | technique=TEC-007 | region=5'UTR,S1_exp #796
interaction_evidence,EVI-033310,INSERT,,,INT-029859 | technique=TEC-007 | region=,S1_exp #797
interaction_evidence,EVI-033311,INSERT,,,INT-030355 | technique=TEC-007 | region=,S1_exp #798
interaction_evidence,EVI-033312,INSERT,,,INT-030356 | technique=TEC-007 | region=5'UTR,S1_exp #799
interaction_evidence,EVI-033313,INSERT,,,INT-030357 | technique=TEC-007 | region=,S1_exp #801
interaction_evidence,EVI-033314,INSERT,,,INT-030358 | technique=TEC-007 | region=,S1_exp #802
interaction_evidence,EVI-033315,INSERT,,,INT-030359 | technique=TEC-007 | region=3'UTR,S1_exp #803
interaction_evidence,EVI-033316,INSERT,,,INT-030360 | technique=TEC-007 | region=,S1_exp #804
interaction_evidence,EVI-033317,INSERT,,,INT-030361 | technique=TEC-007 | region=5'UTR,S1_exp #805
interaction_evidence,EVI-033318,INSERT,,,INT-030362 | technique=TEC-007 | region=,S1_exp #806
interaction_evidence,EVI-033319,INSERT,,,INT-030363 | technique=TEC-007 | region=,S1_exp #807
interaction_evidence,EVI-033320,INSERT,,,INT-030364 | technique=TEC-007 | region=,S1_exp #808
interaction_evidence,EVI-033321,INSERT,,,INT-030365 | technique=TEC-007 | region=,S1_exp #809
interaction_evidence,EVI-033322,INSERT,,,INT-030366 | technique=TEC-007 | region=,S1_exp #810
interaction_evidence,EVI-033323,INSERT,,,INT-030367 | technique=TEC-007 | region=5'UTR,S1_exp #811
interaction_evidence,EVI-033324,INSERT,,,INT-030368 | technique=TEC-007 | region=,S1_exp #812
interaction_evidence,EVI-033325,INSERT,,,INT-030369 | technique=TEC-007 | region=,S1_exp #813
interaction_evidence,EVI-033326,INSERT,,,INT-029674 | technique=TEC-007 | region=,S1_exp #814
interaction_evidence,EVI-033327,INSERT,,,INT-030370 | technique=TEC-007 | region=,S1_exp #815
interaction_evidence,EVI-033328,INSERT,,,INT-030371 | technique=TEC-007 | region=,S1_exp #816
interaction_evidence,EVI-033329,INSERT,,,INT-030372 | technique=TEC-007 | region=,S1_exp #817
interaction_evidence,EVI-033330,INSERT,,,INT-030373 | technique=TEC-007 | region=,S1_exp #818
interaction_evidence,EVI-033331,INSERT,,,INT-029729 | technique=TEC-007 | region=,S1_exp #819
interaction_evidence,EVI-033332,INSERT,,,INT-030374 | technique=TEC-007 | region=,S1_exp #820
interaction_evidence,EVI-033333,INSERT,,,INT-030375 | technique=TEC-007 | region=,S1_exp #821
interaction_evidence,EVI-033334,INSERT,,,INT-030376 | technique=TEC-007 | region=,S1_exp #822
interaction_evidence,EVI-033335,INSERT,,,INT-030377 | technique=TEC-007 | region=5'UTR,S1_exp #823
interaction_evidence,EVI-033336,INSERT,,,INT-030378 | technique=TEC-007 | region=,S1_exp #824
interaction_evidence,EVI-033337,INSERT,,,INT-030379 | technique=TEC-007 | region=,S1_exp #825
interaction_evidence,EVI-033338,INSERT,,,INT-030380 | technique=TEC-007 | region=,S1_exp #826
interaction_evidence,EVI-033339,INSERT,,,INT-003667 | technique=TEC-007 | region=,S1_exp #827
interaction_evidence,EVI-033340,INSERT,,,INT-030381 | technique=TEC-007 | region=,S1_exp #828
interaction_evidence,EVI-033341,INSERT,,,INT-029754 | technique=TEC-007 | region=,S1_exp #829
interaction_evidence,EVI-033342,INSERT,,,INT-030382 | technique=TEC-007 | region=,S1_exp #830
interaction_evidence,EVI-033343,INSERT,,,INT-030383 | technique=TEC-007 | region=,S1_exp #831
interaction_evidence,EVI-033344,INSERT,,,INT-030384 | technique=TEC-007 | region=,S1_exp #833
interaction_evidence,EVI-033345,INSERT,,,INT-030385 | technique=TEC-007 | region=,S1_exp #834
interaction_evidence,EVI-033346,INSERT,,,INT-030386 | technique=TEC-007 | region=,S1_exp #835
interaction_evidence,EVI-033347,INSERT,,,INT-030227 | technique=TEC-007 | region=3'UTR,S1_exp #837
interaction_evidence,EVI-033348,INSERT,,,INT-030387 | technique=TEC-007 | region=,S1_exp #838
interaction_evidence,EVI-033349,INSERT,,,INT-030388 | technique=TEC-007 | region=5'UTR,S1_exp #839
interaction_evidence,EVI-033350,INSERT,,,INT-030389 | technique=TEC-007 | region=,S1_exp #841
interaction_evidence,EVI-033351,INSERT,,,INT-030390 | technique=TEC-007 | region=,S1_exp #842
interaction_evidence,EVI-033352,INSERT,,,INT-030391 | technique=TEC-007 | region=,S1_exp #843
interaction_evidence,EVI-033353,INSERT,,,INT-030392 | technique=TEC-007 | region=,S1_exp #844
interaction_evidence,EVI-033354,INSERT,,,INT-030393 | technique=TEC-007 | region=,S1_exp #845
interaction_evidence,EVI-033355,INSERT,,,INT-030394 | technique=TEC-007 | region=5'UTR,S1_exp #846
interaction_evidence,EVI-033356,INSERT,,,INT-030395 | technique=TEC-007 | region=,S1_exp #847
interaction_evidence,EVI-033357,INSERT,,,INT-030396 | technique=TEC-007 | region=,S1_exp #848
interaction_evidence,EVI-033358,INSERT,,,INT-030397 | technique=TEC-007 | region=,S1_exp #849
interaction_evidence,EVI-033359,INSERT,,,INT-030398 | technique=TEC-007 | region=,S1_exp #851
interaction_evidence,EVI-033360,INSERT,,,INT-030399 | technique=TEC-007 | region=,S1_exp #852
interaction_evidence,EVI-033361,INSERT,,,INT-030400 | technique=TEC-007 | region=,S1_exp #853
interaction_evidence,EVI-033362,INSERT,,,INT-030401 | technique=TEC-007 | region=,S1_exp #854
interaction_evidence,EVI-033363,INSERT,,,INT-030402 | technique=TEC-007 | region=,S1_exp #855
interaction_evidence,EVI-033364,INSERT,,,INT-030403 | technique=TEC-007 | region=,S1_exp #856
interaction_evidence,EVI-033365,INSERT,,,INT-030404 | technique=TEC-007 | region=,S1_exp #858
interaction_evidence,EVI-033366,INSERT,,,INT-030405 | technique=TEC-007 | region=,S1_exp #861
interaction_evidence,EVI-033367,INSERT,,,INT-030193 | technique=TEC-007 | region=,S1_exp #862
interaction_evidence,EVI-033368,INSERT,,,INT-030406 | technique=TEC-007 | region=,S1_exp #863
interaction_evidence,EVI-033369,INSERT,,,INT-030407 | technique=TEC-007 | region=5'UTR,S1_exp #864
interaction_evidence,EVI-033370,INSERT,,,INT-030408 | technique=TEC-007 | region=,S1_exp #865
interaction_evidence,EVI-033371,INSERT,,,INT-030409 | technique=TEC-007 | region=,S1_exp #867
interaction_evidence,EVI-033372,INSERT,,,INT-030410 | technique=TEC-007 | region=,S1_exp #869
interaction_evidence,EVI-033373,INSERT,,,INT-030411 | technique=TEC-007 | region=,S1_exp #870
interaction_evidence,EVI-033374,INSERT,,,INT-030412 | technique=TEC-007 | region=,S1_exp #871
interaction_evidence,EVI-033375,INSERT,,,INT-030413 | technique=TEC-007 | region=,S1_exp #872
interaction_evidence,EVI-033376,INSERT,,,INT-030414 | technique=TEC-007 | region=,S1_exp #873
interaction_evidence,EVI-033377,INSERT,,,INT-030415 | technique=TEC-007 | region=,S1_exp #874
interaction_evidence,EVI-033378,INSERT,,,INT-030416 | technique=TEC-007 | region=,S1_exp #875
interaction_evidence,EVI-033379,INSERT,,,INT-030417 | technique=TEC-007 | region=,S1_exp #876
interaction_evidence,EVI-033380,INSERT,,,INT-030418 | technique=TEC-007 | region=,S1_exp #877
interaction_evidence,EVI-033381,INSERT,,,INT-029799 | technique=TEC-007 | region=,S1_exp #878
interaction_evidence,EVI-033382,INSERT,,,INT-030419 | technique=TEC-007 | region=,S1_exp #879
interaction_evidence,EVI-033383,INSERT,,,INT-030420 | technique=TEC-007 | region=,S1_exp #880
interaction_evidence,EVI-033384,INSERT,,,INT-030421 | technique=TEC-007 | region=,S1_exp #881
interaction_evidence,EVI-033385,INSERT,,,INT-030422 | technique=TEC-007 | region=,S1_exp #882
interaction_evidence,EVI-033386,INSERT,,,INT-030423 | technique=TEC-007 | region=,S1_exp #883
interaction_evidence,EVI-033387,INSERT,,,INT-030424 | technique=TEC-007 | region=5'UTR,S1_exp #884
interaction_evidence,EVI-033388,INSERT,,,INT-030425 | technique=TEC-007 | region=,S1_exp #885
interaction_evidence,EVI-033389,INSERT,,,INT-030426 | technique=TEC-007 | region=,S1_exp #886
interaction_evidence,EVI-033390,INSERT,,,INT-030427 | technique=TEC-007 | region=,S1_exp #887
interaction_evidence,EVI-033391,INSERT,,,INT-029720 | technique=TEC-007 | region=,S1_exp #888
interaction_evidence,EVI-033392,INSERT,,,INT-030428 | technique=TEC-007 | region=,S1_exp #889
interaction_evidence,EVI-033393,INSERT,,,INT-030429 | technique=TEC-007 | region=,S1_exp #891
interaction_evidence,EVI-033394,INSERT,,,INT-030430 | technique=TEC-007 | region=,S1_exp #892
interaction_evidence,EVI-033395,INSERT,,,INT-030431 | technique=TEC-007 | region=,S1_exp #894
interaction_evidence,EVI-033396,INSERT,,,INT-030432 | technique=TEC-007 | region=,S1_exp #896
interaction_evidence,EVI-033397,INSERT,,,INT-030433 | technique=TEC-007 | region=,S1_exp #897
interaction_evidence,EVI-033398,INSERT,,,INT-030434 | technique=TEC-007 | region=5'UTR,S1_exp #898
interaction_evidence,EVI-033399,INSERT,,,INT-030435 | technique=TEC-007 | region=,S1_exp #899
interaction_evidence,EVI-033400,INSERT,,,INT-030436 | technique=TEC-007 | region=,S1_exp #900
interaction_evidence,EVI-033401,INSERT,,,INT-030437 | technique=TEC-007 | region=,S1_exp #901
interaction_evidence,EVI-033402,INSERT,,,INT-030438 | technique=TEC-007 | region=,S1_exp #903
interaction_evidence,EVI-033403,INSERT,,,INT-030439 | technique=TEC-007 | region=,S1_exp #904
interaction_evidence,EVI-033404,INSERT,,,INT-030440 | technique=TEC-007 | region=,S1_exp #905
interaction_evidence,EVI-033405,INSERT,,,INT-030441 | technique=TEC-007 | region=,S1_exp #906
interaction_evidence,EVI-033406,INSERT,,,INT-030442 | technique=TEC-007 | region=,S1_exp #907
interaction_evidence,EVI-033407,INSERT,,,INT-029783 | technique=TEC-007 | region=,S1_exp #908
interaction_evidence,EVI-033408,INSERT,,,INT-030443 | technique=TEC-007 | region=5'UTR,S1_exp #909
interaction_evidence,EVI-033409,INSERT,,,INT-030444 | technique=TEC-007 | region=5'UTR,S1_exp #910
interaction_evidence,EVI-033410,INSERT,,,INT-030445 | technique=TEC-007 | region=,S1_exp #911
interaction_evidence,EVI-033411,INSERT,,,INT-030446 | technique=TEC-007 | region=,S1_exp #912
interaction_evidence,EVI-033412,INSERT,,,INT-030447 | technique=TEC-007 | region=,S1_exp #913
interaction_evidence,EVI-033413,INSERT,,,INT-030448 | technique=TEC-007 | region=,S1_exp #914
interaction_evidence,EVI-033414,INSERT,,,INT-029773 | technique=TEC-007 | region=,S1_exp #915
interaction_evidence,EVI-033415,INSERT,,,INT-029715 | technique=TEC-007 | region=,S1_exp #916
interaction_evidence,EVI-033416,INSERT,,,INT-030449 | technique=TEC-007 | region=,S1_exp #917
interaction_evidence,EVI-033417,INSERT,,,INT-030450 | technique=TEC-007 | region=,S1_exp #918
interaction_evidence,EVI-033418,INSERT,,,INT-030451 | technique=TEC-007 | region=5'UTR,S1_exp #919
interaction_evidence,EVI-033419,INSERT,,,INT-030452 | technique=TEC-007 | region=,S1_exp #920
interaction_evidence,EVI-033420,INSERT,,,INT-030453 | technique=TEC-007 | region=,S1_exp #921
interaction_evidence,EVI-033421,INSERT,,,INT-030454 | technique=TEC-007 | region=,S1_exp #922
interaction_evidence,EVI-033422,INSERT,,,INT-030455 | technique=TEC-007 | region=,S1_exp #923
interaction_evidence,EVI-033423,INSERT,,,INT-030456 | technique=TEC-007 | region=,S1_exp #924
interaction_evidence,EVI-033424,INSERT,,,INT-030457 | technique=TEC-007 | region=,S1_exp #925
interaction_evidence,EVI-033425,INSERT,,,INT-030458 | technique=TEC-007 | region=,S1_exp #926
interaction_evidence,EVI-033426,INSERT,,,INT-030459 | technique=TEC-007 | region=,S1_exp #927
interaction_evidence,EVI-033427,INSERT,,,INT-030460 | technique=TEC-007 | region=3'UTR,S1_exp #928
interaction_evidence,EVI-033428,INSERT,,,INT-030461 | technique=TEC-007 | region=,S1_exp #929
interaction_evidence,EVI-033429,INSERT,,,INT-030462 | technique=TEC-007 | region=,S1_exp #930
interaction_evidence,EVI-033430,INSERT,,,INT-030463 | technique=TEC-007 | region=,S1_exp #932
interaction_evidence,EVI-033431,INSERT,,,INT-030464 | technique=TEC-007 | region=,S1_exp #933
interaction_evidence,EVI-033432,INSERT,,,INT-030465 | technique=TEC-007 | region=,S1_exp #936
interaction_evidence,EVI-033433,INSERT,,,INT-030466 | technique=TEC-007 | region=,S1_exp #939
interaction_evidence,EVI-033434,INSERT,,,INT-030467 | technique=TEC-007 | region=,S1_exp #941
interaction_evidence,EVI-033435,INSERT,,,INT-030468 | technique=TEC-007 | region=,S1_exp #942
interaction_evidence,EVI-033436,INSERT,,,INT-030469 | technique=TEC-007 | region=,S1_exp #943
interaction_evidence,EVI-033437,INSERT,,,INT-030470 | technique=TEC-007 | region=5'UTR,S1_exp #945
interaction_evidence,EVI-033438,INSERT,,,INT-029751 | technique=TEC-007 | region=,S1_exp #946
interaction_evidence,EVI-033439,INSERT,,,INT-030471 | technique=TEC-007 | region=,S1_exp #947
interaction_evidence,EVI-033440,INSERT,,,INT-030472 | technique=TEC-007 | region=,S1_exp #949
interaction_evidence,EVI-033441,INSERT,,,INT-030473 | technique=TEC-007 | region=,S1_exp #950
interaction_evidence,EVI-033442,INSERT,,,INT-030474 | technique=TEC-007 | region=,S1_exp #951
interaction_evidence,EVI-033443,INSERT,,,INT-030475 | technique=TEC-007 | region=,S1_exp #952
interaction_evidence,EVI-033444,INSERT,,,INT-030442 | technique=TEC-007 | region=,S1_exp #953
interaction_evidence,EVI-033445,INSERT,,,INT-030476 | technique=TEC-007 | region=,S1_exp #954
interaction_evidence,EVI-033446,INSERT,,,INT-030477 | technique=TEC-007 | region=,S1_exp #956
interaction_evidence,EVI-033447,INSERT,,,INT-030478 | technique=TEC-007 | region=,S1_exp #957
interaction_evidence,EVI-033448,INSERT,,,INT-030479 | technique=TEC-007 | region=,S1_exp #958
interaction_evidence,EVI-033449,INSERT,,,INT-030480 | technique=TEC-007 | region=,S1_exp #959
interaction_evidence,EVI-033450,INSERT,,,INT-030481 | technique=TEC-007 | region=5'UTR,S1_exp #960
interaction_evidence,EVI-033451,INSERT,,,INT-029686 | technique=TEC-007 | region=,S1_exp #961
interaction_evidence,EVI-033452,INSERT,,,INT-030482 | technique=TEC-007 | region=,S1_exp #962
interaction_evidence,EVI-033453,INSERT,,,INT-030483 | technique=TEC-007 | region=,S1_exp #963
interaction_evidence,EVI-033454,INSERT,,,INT-030484 | technique=TEC-007 | region=5'UTR,S1_exp #965
interaction_evidence,EVI-033455,INSERT,,,INT-030485 | technique=TEC-007 | region=,S1_exp #966
interaction_evidence,EVI-033456,INSERT,,,INT-030486 | technique=TEC-007 | region=,S1_exp #969
interaction_evidence,EVI-033457,INSERT,,,INT-030487 | technique=TEC-007 | region=,S1_exp #972
interaction_evidence,EVI-033458,INSERT,,,INT-030488 | technique=TEC-007 | region=,S1_exp #974
interaction_evidence,EVI-033459,INSERT,,,INT-030489 | technique=TEC-007 | region=,S1_exp #975
interaction_evidence,EVI-033460,INSERT,,,INT-030424 | technique=TEC-007 | region=,S1_exp #976
interaction_evidence,EVI-033461,INSERT,,,INT-030490 | technique=TEC-007 | region=,S1_exp #977
interaction_evidence,EVI-033462,INSERT,,,INT-029895 | technique=TEC-007 | region=,S1_exp #984
interaction_evidence,EVI-033463,INSERT,,,INT-030111 | technique=TEC-007 | region=,S1_exp #985
interaction_evidence,EVI-033464,INSERT,,,INT-030491 | technique=TEC-007 | region=,S1_exp #986
interaction_evidence,EVI-033465,INSERT,,,INT-030492 | technique=TEC-007 | region=,S1_exp #987
interaction_evidence,EVI-033466,INSERT,,,INT-030493 | technique=TEC-007 | region=,S1_exp #988
interaction_evidence,EVI-033467,INSERT,,,INT-030494 | technique=TEC-007 | region=,S1_exp #989
interaction_evidence,EVI-033468,INSERT,,,INT-029816 | technique=TEC-007 | region=,S1_exp #990
interaction_evidence,EVI-033469,INSERT,,,INT-030495 | technique=TEC-007 | region=,S1_exp #991
interaction_evidence,EVI-033470,INSERT,,,INT-030496 | technique=TEC-007 | region=,S1_exp #992
interaction_evidence,EVI-033471,INSERT,,,INT-030497 | technique=TEC-007 | region=,S1_exp #993
interaction_evidence,EVI-033472,INSERT,,,INT-030498 | technique=TEC-007 | region=,S1_exp #994
interaction_evidence,EVI-033473,INSERT,,,INT-030499 | technique=TEC-007 | region=,S1_exp #995
interaction_evidence,EVI-033474,INSERT,,,INT-030500 | technique=TEC-007 | region=,S1_exp #996
interaction_evidence,EVI-033475,INSERT,,,INT-030501 | technique=TEC-007 | region=,S1_exp #997
interaction_evidence,EVI-033476,INSERT,,,INT-029658 | technique=TEC-007 | region=,S1_stat #1
interaction_evidence,EVI-033477,INSERT,,,INT-029671 | technique=TEC-007 | region=,S1_stat #2
interaction_evidence,EVI-033478,INSERT,,,INT-029664 | technique=TEC-007 | region=,S1_stat #3
interaction_evidence,EVI-033479,INSERT,,,INT-029711 | technique=TEC-007 | region=,S1_stat #4
interaction_evidence,EVI-033480,INSERT,,,INT-029674 | technique=TEC-007 | region=,S1_stat #5
interaction_evidence,EVI-033481,INSERT,,,INT-029686 | technique=TEC-007 | region=,S1_stat #6
interaction_evidence,EVI-033482,INSERT,,,INT-029698 | technique=TEC-007 | region=,S1_stat #7
interaction_evidence,EVI-033483,INSERT,,,INT-029667 | technique=TEC-007 | region=,S1_stat #8
interaction_evidence,EVI-033484,INSERT,,,INT-029918 | technique=TEC-007 | region=5'UTR,S1_stat #9
interaction_evidence,EVI-033485,INSERT,,,INT-030502 | technique=TEC-007 | region=5'UTR,S1_stat #10
interaction_evidence,EVI-033486,INSERT,,,INT-029661 | technique=TEC-007 | region=,S1_stat #11
interaction_evidence,EVI-033487,INSERT,,,INT-029676 | technique=TEC-007 | region=,S1_stat #12
interaction_evidence,EVI-033488,INSERT,,,INT-029668 | technique=TEC-007 | region=,S1_stat #13
interaction_evidence,EVI-033489,INSERT,,,INT-029657 | technique=TEC-007 | region=,S1_stat #14
interaction_evidence,EVI-033490,INSERT,,,INT-029663 | technique=TEC-007 | region=,S1_stat #15
interaction_evidence,EVI-033491,INSERT,,,INT-029673 | technique=TEC-007 | region=,S1_stat #16
interaction_evidence,EVI-033492,INSERT,,,INT-029687 | technique=TEC-007 | region=5'UTR,S1_stat #17
interaction_evidence,EVI-033493,INSERT,,,INT-029670 | technique=TEC-007 | region=,S1_stat #18
interaction_evidence,EVI-033494,INSERT,,,INT-029933 | technique=TEC-007 | region=,S1_stat #19
interaction_evidence,EVI-033495,INSERT,,,INT-029772 | technique=TEC-007 | region=,S1_stat #20
interaction_evidence,EVI-033496,INSERT,,,INT-030503 | technique=TEC-007 | region=,S1_stat #21
interaction_evidence,EVI-033497,INSERT,,,INT-030260 | technique=TEC-007 | region=,S1_stat #22
interaction_evidence,EVI-033498,INSERT,,,INT-030504 | technique=TEC-007 | region=,S1_stat #23
interaction_evidence,EVI-033499,INSERT,,,INT-029892 | technique=TEC-007 | region=,S1_stat #24
interaction_evidence,EVI-033500,INSERT,,,INT-030024 | technique=TEC-007 | region=,S1_stat #25
interaction_evidence,EVI-033501,INSERT,,,INT-029703 | technique=TEC-007 | region=,S1_stat #26
interaction_evidence,EVI-033502,INSERT,,,INT-029734 | technique=TEC-007 | region=,S1_stat #27
interaction_evidence,EVI-033503,INSERT,,,INT-030505 | technique=TEC-007 | region=,S1_stat #29
interaction_evidence,EVI-033504,INSERT,,,INT-029680 | technique=TEC-007 | region=5'UTR,S1_stat #30
interaction_evidence,EVI-033505,INSERT,,,INT-030506 | technique=TEC-007 | region=,S1_stat #31
interaction_evidence,EVI-033506,INSERT,,,INT-030507 | technique=TEC-007 | region=,S1_stat #32
interaction_evidence,EVI-033507,INSERT,,,INT-030508 | technique=TEC-007 | region=,S1_stat #33
interaction_evidence,EVI-033508,INSERT,,,INT-029690 | technique=TEC-007 | region=,S1_stat #34
interaction_evidence,EVI-033509,INSERT,,,INT-022859 | technique=TEC-007 | region=5'UTR,S1_stat #35
interaction_evidence,EVI-033510,INSERT,,,INT-029871 | technique=TEC-007 | region=,S1_stat #36
interaction_evidence,EVI-033511,INSERT,,,INT-030509 | technique=TEC-007 | region=,S1_stat #37
interaction_evidence,EVI-033512,INSERT,,,INT-030072 | technique=TEC-007 | region=,S1_stat #38
interaction_evidence,EVI-033513,INSERT,,,INT-029685 | technique=TEC-007 | region=5'UTR,S1_stat #39
interaction_evidence,EVI-033514,INSERT,,,INT-030510 | technique=TEC-007 | region=,S1_stat #40
interaction_evidence,EVI-033515,INSERT,,,INT-029688 | technique=TEC-007 | region=,S1_stat #41
interaction_evidence,EVI-033516,INSERT,,,INT-029683 | technique=TEC-007 | region=,S1_stat #42
interaction_evidence,EVI-033517,INSERT,,,INT-030511 | technique=TEC-007 | region=5'UTR,S1_stat #43
interaction_evidence,EVI-033518,INSERT,,,INT-029694 | technique=TEC-007 | region=,S1_stat #44
interaction_evidence,EVI-033519,INSERT,,,INT-029951 | technique=TEC-007 | region=5'UTR,S1_stat #45
interaction_evidence,EVI-033520,INSERT,,,INT-030139 | technique=TEC-007 | region=,S1_stat #46
interaction_evidence,EVI-033521,INSERT,,,INT-029803 | technique=TEC-007 | region=,S1_stat #47
interaction_evidence,EVI-033522,INSERT,,,INT-029752 | technique=TEC-007 | region=,S1_stat #48
interaction_evidence,EVI-033523,INSERT,,,INT-029719 | technique=TEC-007 | region=,S1_stat #49
interaction_evidence,EVI-033524,INSERT,,,INT-029776 | technique=TEC-007 | region=,S1_stat #50
interaction_evidence,EVI-033525,INSERT,,,INT-029715 | technique=TEC-007 | region=,S1_stat #51
interaction_evidence,EVI-033526,INSERT,,,INT-030512 | technique=TEC-007 | region=,S1_stat #52
interaction_evidence,EVI-033527,INSERT,,,INT-030513 | technique=TEC-007 | region=5'UTR,S1_stat #53
interaction_evidence,EVI-033528,INSERT,,,INT-029704 | technique=TEC-007 | region=,S1_stat #54
interaction_evidence,EVI-033529,INSERT,,,INT-029847 | technique=TEC-007 | region=,S1_stat #55
interaction_evidence,EVI-033530,INSERT,,,INT-022879 | technique=TEC-007 | region=,S1_stat #56
interaction_evidence,EVI-033531,INSERT,,,INT-030413 | technique=TEC-007 | region=,S1_stat #57
interaction_evidence,EVI-033532,INSERT,,,INT-029753 | technique=TEC-007 | region=,S1_stat #58
interaction_evidence,EVI-033533,INSERT,,,INT-029682 | technique=TEC-007 | region=,S1_stat #59
interaction_evidence,EVI-033534,INSERT,,,INT-030514 | technique=TEC-007 | region=,S1_stat #60
interaction_evidence,EVI-033535,INSERT,,,INT-029720 | technique=TEC-007 | region=,S1_stat #61
interaction_evidence,EVI-033536,INSERT,,,INT-029699 | technique=TEC-007 | region=,S1_stat #62
interaction_evidence,EVI-033537,INSERT,,,INT-030515 | technique=TEC-007 | region=,S1_stat #63
interaction_evidence,EVI-033538,INSERT,,,INT-029771 | technique=TEC-007 | region=,S1_stat #64
interaction_evidence,EVI-033539,INSERT,,,INT-029681 | technique=TEC-007 | region=3'UTR,S1_stat #65
interaction_evidence,EVI-033540,INSERT,,,INT-029689 | technique=TEC-007 | region=,S1_stat #66
interaction_evidence,EVI-033541,INSERT,,,INT-029706 | technique=TEC-007 | region=,S1_stat #67
interaction_evidence,EVI-033542,INSERT,,,INT-029665 | technique=TEC-007 | region=,S1_stat #68
interaction_evidence,EVI-033543,INSERT,,,INT-030516 | technique=TEC-007 | region=,S1_stat #69
interaction_evidence,EVI-033544,INSERT,,,INT-030517 | technique=TEC-007 | region=,S1_stat #70
interaction_evidence,EVI-033545,INSERT,,,INT-029744 | technique=TEC-007 | region=,S1_stat #71
interaction_evidence,EVI-033546,INSERT,,,INT-029705 | technique=TEC-007 | region=,S1_stat #72
interaction_evidence,EVI-033547,INSERT,,,INT-030518 | technique=TEC-007 | region=,S1_stat #73
interaction_evidence,EVI-033548,INSERT,,,INT-030519 | technique=TEC-007 | region=,S1_stat #74
interaction_evidence,EVI-033549,INSERT,,,INT-030520 | technique=TEC-007 | region=,S1_stat #75
interaction_evidence,EVI-033550,INSERT,,,INT-030121 | technique=TEC-007 | region=,S1_stat #76
interaction_evidence,EVI-033551,INSERT,,,INT-029806 | technique=TEC-007 | region=,S1_stat #77
interaction_evidence,EVI-033552,INSERT,,,INT-030521 | technique=TEC-007 | region=,S1_stat #78
interaction_evidence,EVI-033553,INSERT,,,INT-029695 | technique=TEC-007 | region=,S1_stat #79
interaction_evidence,EVI-033554,INSERT,,,INT-029745 | technique=TEC-007 | region=,S1_stat #80
interaction_evidence,EVI-033555,INSERT,,,INT-029819 | technique=TEC-007 | region=,S1_stat #81
interaction_evidence,EVI-033556,INSERT,,,INT-022876 | technique=TEC-007 | region=,S1_stat #82
interaction_evidence,EVI-033557,INSERT,,,INT-030060 | technique=TEC-007 | region=,S1_stat #83
interaction_evidence,EVI-033558,INSERT,,,INT-030120 | technique=TEC-007 | region=,S1_stat #84
interaction_evidence,EVI-033559,INSERT,,,INT-030522 | technique=TEC-007 | region=,S1_stat #85
interaction_evidence,EVI-033560,INSERT,,,INT-029895 | technique=TEC-007 | region=,S1_stat #86
interaction_evidence,EVI-033561,INSERT,,,INT-030296 | technique=TEC-007 | region=,S1_stat #87
interaction_evidence,EVI-033562,INSERT,,,INT-030467 | technique=TEC-007 | region=,S1_stat #88
interaction_evidence,EVI-033563,INSERT,,,INT-030523 | technique=TEC-007 | region=,S1_stat #89
interaction_evidence,EVI-033564,INSERT,,,INT-003772 | technique=TEC-007 | region=5'UTR,S1_stat #90
interaction_evidence,EVI-033565,INSERT,,,INT-029828 | technique=TEC-007 | region=5'UTR,S1_stat #91
interaction_evidence,EVI-033566,INSERT,,,INT-030524 | technique=TEC-007 | region=,S1_stat #92
interaction_evidence,EVI-033567,INSERT,,,INT-030525 | technique=TEC-007 | region=,S1_stat #93
interaction_evidence,EVI-033568,INSERT,,,INT-030526 | technique=TEC-007 | region=,S1_stat #94
interaction_evidence,EVI-033569,INSERT,,,INT-030228 | technique=TEC-007 | region=,S1_stat #95
interaction_evidence,EVI-033570,INSERT,,,INT-029839 | technique=TEC-007 | region=5'UTR,S1_stat #96
interaction_evidence,EVI-033571,INSERT,,,INT-030527 | technique=TEC-007 | region=,S1_stat #97
interaction_evidence,EVI-033572,INSERT,,,INT-029829 | technique=TEC-007 | region=,S1_stat #98
interaction_evidence,EVI-033573,INSERT,,,INT-030528 | technique=TEC-007 | region=,S1_stat #99
interaction_evidence,EVI-033574,INSERT,,,INT-030529 | technique=TEC-007 | region=,S1_stat #100
interaction_evidence,EVI-033575,INSERT,,,INT-022871 | technique=TEC-007 | region=,S1_stat #101
interaction_evidence,EVI-033576,INSERT,,,INT-030530 | technique=TEC-007 | region=,S1_stat #102
interaction_evidence,EVI-033577,INSERT,,,INT-030531 | technique=TEC-007 | region=,S1_stat #103
interaction_evidence,EVI-033578,INSERT,,,INT-029813 | technique=TEC-007 | region=,S1_stat #104
interaction_evidence,EVI-033579,INSERT,,,INT-030532 | technique=TEC-007 | region=,S1_stat #106
interaction_evidence,EVI-033580,INSERT,,,INT-030533 | technique=TEC-007 | region=,S1_stat #107
interaction_evidence,EVI-033581,INSERT,,,INT-030534 | technique=TEC-007 | region=,S1_stat #108
interaction_evidence,EVI-033582,INSERT,,,INT-030535 | technique=TEC-007 | region=,S1_stat #109
interaction_evidence,EVI-033583,INSERT,,,INT-030536 | technique=TEC-007 | region=,S1_stat #110
interaction_evidence,EVI-033584,INSERT,,,INT-030537 | technique=TEC-007 | region=,S1_stat #111
interaction_evidence,EVI-033585,INSERT,,,INT-029723 | technique=TEC-007 | region=,S1_stat #112
interaction_evidence,EVI-033586,INSERT,,,INT-030538 | technique=TEC-007 | region=5'UTR,S1_stat #113
interaction_evidence,EVI-033587,INSERT,,,INT-029785 | technique=TEC-007 | region=,S1_stat #115
interaction_evidence,EVI-033588,INSERT,,,INT-029845 | technique=TEC-007 | region=,S1_stat #116
interaction_evidence,EVI-033589,INSERT,,,INT-030040 | technique=TEC-007 | region=,S1_stat #117
interaction_evidence,EVI-033590,INSERT,,,INT-029772 | technique=TEC-007 | region=,S1_stat #118
interaction_evidence,EVI-033591,INSERT,,,INT-029733 | technique=TEC-007 | region=,S1_stat #119
interaction_evidence,EVI-033592,INSERT,,,INT-030539 | technique=TEC-007 | region=,S1_stat #120
interaction_evidence,EVI-033593,INSERT,,,INT-030239 | technique=TEC-007 | region=,S1_stat #121
interaction_evidence,EVI-033594,INSERT,,,INT-030355 | technique=TEC-007 | region=,S1_stat #122
interaction_evidence,EVI-033595,INSERT,,,INT-029735 | technique=TEC-007 | region=,S1_stat #123
interaction_evidence,EVI-033596,INSERT,,,INT-030540 | technique=TEC-007 | region=,S1_stat #124
interaction_evidence,EVI-033597,INSERT,,,INT-029795 | technique=TEC-007 | region=,S1_stat #125
interaction_evidence,EVI-033598,INSERT,,,INT-029843 | technique=TEC-007 | region=,S1_stat #126
interaction_evidence,EVI-033599,INSERT,,,INT-030541 | technique=TEC-007 | region=,S1_stat #127
interaction_evidence,EVI-033600,INSERT,,,INT-030542 | technique=TEC-007 | region=,S1_stat #128
interaction_evidence,EVI-033601,INSERT,,,INT-029876 | technique=TEC-007 | region=5'UTR,S1_stat #129
interaction_evidence,EVI-033602,INSERT,,,INT-030543 | technique=TEC-007 | region=,S1_stat #130
interaction_evidence,EVI-033603,INSERT,,,INT-030544 | technique=TEC-007 | region=,S1_stat #131
interaction_evidence,EVI-033604,INSERT,,,INT-030545 | technique=TEC-007 | region=5'UTR,S1_stat #132
interaction_evidence,EVI-033605,INSERT,,,INT-029751 | technique=TEC-007 | region=,S1_stat #133
interaction_evidence,EVI-033606,INSERT,,,INT-029864 | technique=TEC-007 | region=,S1_stat #134
interaction_evidence,EVI-033607,INSERT,,,INT-029756 | technique=TEC-007 | region=,S1_stat #135
interaction_evidence,EVI-033608,INSERT,,,INT-030546 | technique=TEC-007 | region=5'UTR,S1_stat #136
interaction_evidence,EVI-033609,INSERT,,,INT-030190 | technique=TEC-007 | region=,S1_stat #137
interaction_evidence,EVI-033610,INSERT,,,INT-029963 | technique=TEC-007 | region=,S1_stat #138
interaction_evidence,EVI-033611,INSERT,,,INT-030110 | technique=TEC-007 | region=,S1_stat #139
interaction_evidence,EVI-033612,INSERT,,,INT-030161 | technique=TEC-007 | region=,S1_stat #140
interaction_evidence,EVI-033613,INSERT,,,INT-029722 | technique=TEC-007 | region=,S1_stat #141
interaction_evidence,EVI-033614,INSERT,,,INT-030547 | technique=TEC-007 | region=,S1_stat #142
interaction_evidence,EVI-033615,INSERT,,,INT-030548 | technique=TEC-007 | region=,S1_stat #143
interaction_evidence,EVI-033616,INSERT,,,INT-030549 | technique=TEC-007 | region=,S1_stat #144
interaction_evidence,EVI-033617,INSERT,,,INT-029737 | technique=TEC-007 | region=,S1_stat #145
interaction_evidence,EVI-033618,INSERT,,,INT-029763 | technique=TEC-007 | region=,S1_stat #146
interaction_evidence,EVI-033619,INSERT,,,INT-030550 | technique=TEC-007 | region=,S1_stat #147
interaction_evidence,EVI-033620,INSERT,,,INT-030551 | technique=TEC-007 | region=,S1_stat #148
interaction_evidence,EVI-033621,INSERT,,,INT-029863 | technique=TEC-007 | region=,S1_stat #149
interaction_evidence,EVI-033622,INSERT,,,INT-030552 | technique=TEC-007 | region=,S1_stat #150
interaction_evidence,EVI-033623,INSERT,,,INT-029693 | technique=TEC-007 | region=,S1_stat #151
interaction_evidence,EVI-033624,INSERT,,,INT-030553 | technique=TEC-007 | region=,S1_stat #152
interaction_evidence,EVI-033625,INSERT,,,INT-030554 | technique=TEC-007 | region=,S1_stat #153
interaction_evidence,EVI-033626,INSERT,,,INT-029790 | technique=TEC-007 | region=,S1_stat #154
interaction_evidence,EVI-033627,INSERT,,,INT-030096 | technique=TEC-007 | region=,S1_stat #155
interaction_evidence,EVI-033628,INSERT,,,INT-029929 | technique=TEC-007 | region=,S1_stat #156
interaction_evidence,EVI-033629,INSERT,,,INT-030555 | technique=TEC-007 | region=,S1_stat #157
interaction_evidence,EVI-033630,INSERT,,,INT-030556 | technique=TEC-007 | region=,S1_stat #158
interaction_evidence,EVI-033631,INSERT,,,INT-030557 | technique=TEC-007 | region=,S1_stat #159
interaction_evidence,EVI-033632,INSERT,,,INT-030520 | technique=TEC-007 | region=,S1_stat #160
interaction_evidence,EVI-033633,INSERT,,,INT-030558 | technique=TEC-007 | region=,S1_stat #162
interaction_evidence,EVI-033634,INSERT,,,INT-029755 | technique=TEC-007 | region=,S1_stat #163
interaction_evidence,EVI-033635,INSERT,,,INT-029899 | technique=TEC-007 | region=,S1_stat #164
interaction_evidence,EVI-033636,INSERT,,,INT-029841 | technique=TEC-007 | region=,S1_stat #165
interaction_evidence,EVI-033637,INSERT,,,INT-030559 | technique=TEC-007 | region=,S1_stat #166
interaction_evidence,EVI-033638,INSERT,,,INT-030391 | technique=TEC-007 | region=,S1_stat #167
interaction_evidence,EVI-033639,INSERT,,,INT-029788 | technique=TEC-007 | region=5'UTR,S1_stat #169
interaction_evidence,EVI-033640,INSERT,,,INT-029928 | technique=TEC-007 | region=,S1_stat #170
interaction_evidence,EVI-033641,INSERT,,,INT-030560 | technique=TEC-007 | region=,S1_stat #171
interaction_evidence,EVI-033642,INSERT,,,INT-029670 | technique=TEC-007 | region=,S1_stat #172
interaction_evidence,EVI-033643,INSERT,,,INT-030561 | technique=TEC-007 | region=,S1_stat #173
interaction_evidence,EVI-033644,INSERT,,,INT-029886 | technique=TEC-007 | region=,S1_stat #174
interaction_evidence,EVI-033645,INSERT,,,INT-030562 | technique=TEC-007 | region=5'UTR,S1_stat #175
interaction_evidence,EVI-033646,INSERT,,,INT-030563 | technique=TEC-007 | region=,S1_stat #176
interaction_evidence,EVI-033647,INSERT,,,INT-030466 | technique=TEC-007 | region=,S1_stat #177
interaction_evidence,EVI-033648,INSERT,,,INT-030564 | technique=TEC-007 | region=3'UTR,S1_stat #178
interaction_evidence,EVI-033649,INSERT,,,INT-030565 | technique=TEC-007 | region=,S1_stat #179
interaction_evidence,EVI-033650,INSERT,,,INT-029793 | technique=TEC-007 | region=,S1_stat #180
interaction_evidence,EVI-033651,INSERT,,,INT-030278 | technique=TEC-007 | region=,S1_stat #181
interaction_evidence,EVI-033652,INSERT,,,INT-030081 | technique=TEC-007 | region=,S1_stat #183
interaction_evidence,EVI-033653,INSERT,,,INT-029974 | technique=TEC-007 | region=,S1_stat #184
interaction_evidence,EVI-033654,INSERT,,,INT-030566 | technique=TEC-007 | region=,S1_stat #185
interaction_evidence,EVI-033655,INSERT,,,INT-030567 | technique=TEC-007 | region=,S1_stat #186
interaction_evidence,EVI-033656,INSERT,,,INT-030568 | technique=TEC-007 | region=,S1_stat #187
interaction_evidence,EVI-033657,INSERT,,,INT-030193 | technique=TEC-007 | region=,S1_stat #188
interaction_evidence,EVI-033658,INSERT,,,INT-030569 | technique=TEC-007 | region=,S1_stat #189
interaction_evidence,EVI-033659,INSERT,,,INT-030413 | technique=TEC-007 | region=,S1_stat #190
interaction_evidence,EVI-033660,INSERT,,,INT-029712 | technique=TEC-007 | region=,S1_stat #193
interaction_evidence,EVI-033661,INSERT,,,INT-029709 | technique=TEC-007 | region=,S1_stat #194
interaction_evidence,EVI-033662,INSERT,,,INT-030570 | technique=TEC-007 | region=,S1_stat #195
interaction_evidence,EVI-033663,INSERT,,,INT-030571 | technique=TEC-007 | region=,S1_stat #196
interaction_evidence,EVI-033664,INSERT,,,INT-030572 | technique=TEC-007 | region=,S1_stat #197
interaction_evidence,EVI-033665,INSERT,,,INT-029988 | technique=TEC-007 | region=,S1_stat #198
interaction_evidence,EVI-033666,INSERT,,,INT-030573 | technique=TEC-007 | region=,S1_stat #199
interaction_evidence,EVI-033667,INSERT,,,INT-030370 | technique=TEC-007 | region=,S1_stat #200
interaction_evidence,EVI-033668,INSERT,,,INT-030123 | technique=TEC-007 | region=,S1_stat #201
interaction_evidence,EVI-033669,INSERT,,,INT-030574 | technique=TEC-007 | region=,S1_stat #202
interaction_evidence,EVI-033670,INSERT,,,INT-030575 | technique=TEC-007 | region=5'UTR,S1_stat #203
interaction_evidence,EVI-033671,INSERT,,,INT-030576 | technique=TEC-007 | region=,S1_stat #204
interaction_evidence,EVI-033672,INSERT,,,INT-029725 | technique=TEC-007 | region=5'UTR,S1_stat #206
interaction_evidence,EVI-033673,INSERT,,,INT-030577 | technique=TEC-007 | region=,S1_stat #207
interaction_evidence,EVI-033674,INSERT,,,INT-030578 | technique=TEC-007 | region=,S1_stat #208
interaction_evidence,EVI-033675,INSERT,,,INT-030579 | technique=TEC-007 | region=,S1_stat #209
interaction_evidence,EVI-033676,INSERT,,,INT-030580 | technique=TEC-007 | region=,S1_stat #211
interaction_evidence,EVI-033677,INSERT,,,INT-030581 | technique=TEC-007 | region=,S1_stat #212
interaction_evidence,EVI-033678,INSERT,,,INT-030582 | technique=TEC-007 | region=,S1_stat #213
interaction_evidence,EVI-033679,INSERT,,,INT-030583 | technique=TEC-007 | region=,S1_stat #214
interaction_evidence,EVI-033680,INSERT,,,INT-030135 | technique=TEC-007 | region=,S1_stat #215
interaction_evidence,EVI-033681,INSERT,,,INT-029738 | technique=TEC-007 | region=,S1_stat #216
interaction_evidence,EVI-033682,INSERT,,,INT-029797 | technique=TEC-007 | region=,S1_stat #217
interaction_evidence,EVI-033683,INSERT,,,INT-030584 | technique=TEC-007 | region=,S1_stat #218
interaction_evidence,EVI-033684,INSERT,,,INT-029940 | technique=TEC-007 | region=,S1_stat #219
interaction_evidence,EVI-033685,INSERT,,,INT-030585 | technique=TEC-007 | region=,S1_stat #220
interaction_evidence,EVI-033686,INSERT,,,INT-029682 | technique=TEC-007 | region=,S1_stat #221
interaction_evidence,EVI-033687,INSERT,,,INT-029934 | technique=TEC-007 | region=,S1_stat #222
interaction_evidence,EVI-033688,INSERT,,,INT-029779 | technique=TEC-007 | region=,S1_stat #223
interaction_evidence,EVI-033689,INSERT,,,INT-030586 | technique=TEC-007 | region=,S1_stat #224
interaction_evidence,EVI-033690,INSERT,,,INT-029815 | technique=TEC-007 | region=,S1_stat #225
interaction_evidence,EVI-033691,INSERT,,,INT-029714 | technique=TEC-007 | region=,S1_stat #226
interaction_evidence,EVI-033692,INSERT,,,INT-030587 | technique=TEC-007 | region=,S1_stat #227
interaction_evidence,EVI-033693,INSERT,,,INT-030588 | technique=TEC-007 | region=,S1_stat #228
interaction_evidence,EVI-033694,INSERT,,,INT-030589 | technique=TEC-007 | region=,S1_stat #230
interaction_evidence,EVI-033695,INSERT,,,INT-030590 | technique=TEC-007 | region=,S1_stat #232
interaction_evidence,EVI-033696,INSERT,,,INT-029754 | technique=TEC-007 | region=,S1_stat #233
interaction_evidence,EVI-033697,INSERT,,,INT-030591 | technique=TEC-007 | region=3'UTR,S1_stat #234
interaction_evidence,EVI-033698,INSERT,,,INT-030592 | technique=TEC-007 | region=,S1_stat #235
interaction_evidence,EVI-033699,INSERT,,,INT-029684 | technique=TEC-007 | region=,S1_stat #236
interaction_evidence,EVI-033700,INSERT,,,INT-029836 | technique=TEC-007 | region=,S1_stat #238
interaction_evidence,EVI-033701,INSERT,,,INT-030593 | technique=TEC-007 | region=,S1_stat #239
interaction_evidence,EVI-033702,INSERT,,,INT-030594 | technique=TEC-007 | region=,S1_stat #240
interaction_evidence,EVI-033703,INSERT,,,INT-030595 | technique=TEC-007 | region=,S1_stat #242
interaction_evidence,EVI-033704,INSERT,,,INT-030596 | technique=TEC-007 | region=,S1_stat #243
interaction_evidence,EVI-033705,INSERT,,,INT-030597 | technique=TEC-007 | region=,S1_stat #244
interaction_evidence,EVI-033706,INSERT,,,INT-029703 | technique=TEC-007 | region=,S1_stat #245
interaction_evidence,EVI-033707,INSERT,,,INT-030598 | technique=TEC-007 | region=,S1_stat #247
interaction_evidence,EVI-033708,INSERT,,,INT-030253 | technique=TEC-007 | region=,S1_stat #250
interaction_evidence,EVI-033709,INSERT,,,INT-030599 | technique=TEC-007 | region=,S1_stat #251
interaction_evidence,EVI-033710,INSERT,,,INT-030600 | technique=TEC-007 | region=,S1_stat #252
interaction_evidence,EVI-033711,INSERT,,,INT-030601 | technique=TEC-007 | region=,S1_stat #253
interaction_evidence,EVI-033712,INSERT,,,INT-030602 | technique=TEC-007 | region=,S1_stat #254
interaction_evidence,EVI-033713,INSERT,,,INT-030239 | technique=TEC-007 | region=,S1_stat #256
interaction_evidence,EVI-033714,INSERT,,,INT-029967 | technique=TEC-007 | region=,S1_stat #258
interaction_evidence,EVI-033715,INSERT,,,INT-030603 | technique=TEC-007 | region=,S1_stat #259
interaction_evidence,EVI-033716,INSERT,,,INT-030604 | technique=TEC-007 | region=3'UTR,S1_stat #260
interaction_evidence,EVI-033717,INSERT,,,INT-030605 | technique=TEC-007 | region=,S1_stat #261
interaction_evidence,EVI-033718,INSERT,,,INT-030606 | technique=TEC-007 | region=,S1_stat #262
interaction_evidence,EVI-033719,INSERT,,,INT-030607 | technique=TEC-007 | region=,S1_stat #263
interaction_evidence,EVI-033720,INSERT,,,INT-030429 | technique=TEC-007 | region=,S1_stat #264
interaction_evidence,EVI-033721,INSERT,,,INT-030608 | technique=TEC-007 | region=5'UTR,S1_stat #265
interaction_evidence,EVI-033722,INSERT,,,INT-029720 | technique=TEC-007 | region=,S1_stat #268
interaction_evidence,EVI-033723,INSERT,,,INT-030609 | technique=TEC-007 | region=,S1_stat #269
interaction_evidence,EVI-033724,INSERT,,,INT-030610 | technique=TEC-007 | region=,S1_stat #272
interaction_evidence,EVI-033725,INSERT,,,INT-030611 | technique=TEC-007 | region=,S1_stat #273
interaction_evidence,EVI-033726,INSERT,,,INT-029854 | technique=TEC-007 | region=,S1_stat #275
interaction_evidence,EVI-033727,INSERT,,,INT-029677 | technique=TEC-007 | region=,S1_stat #276
interaction_evidence,EVI-033728,INSERT,,,INT-029708 | technique=TEC-007 | region=,S1_stat #277
interaction_evidence,EVI-033729,INSERT,,,INT-030612 | technique=TEC-007 | region=,S1_stat #278
interaction_evidence,EVI-033730,INSERT,,,INT-030613 | technique=TEC-007 | region=,S1_stat #279
interaction_evidence,EVI-033731,INSERT,,,INT-030614 | technique=TEC-007 | region=,S1_stat #282
interaction_evidence,EVI-033732,INSERT,,,INT-030615 | technique=TEC-007 | region=,S1_stat #283
interaction_evidence,EVI-033733,INSERT,,,INT-030616 | technique=TEC-007 | region=,S1_stat #284
interaction_evidence,EVI-033734,INSERT,,,INT-030140 | technique=TEC-007 | region=,S1_stat #285
interaction_evidence,EVI-033735,INSERT,,,INT-030617 | technique=TEC-007 | region=,S1_stat #286
interaction_evidence,EVI-033736,INSERT,,,INT-030618 | technique=TEC-007 | region=,S1_stat #287
interaction_evidence,EVI-033737,INSERT,,,INT-029907 | technique=TEC-007 | region=,S1_stat #288
interaction_evidence,EVI-033738,INSERT,,,INT-030296 | technique=TEC-007 | region=,S1_stat #289
interaction_evidence,EVI-033739,INSERT,,,INT-030619 | technique=TEC-007 | region=,S1_stat #290
interaction_evidence,EVI-033740,INSERT,,,INT-030488 | technique=TEC-007 | region=,S1_stat #291
interaction_evidence,EVI-033741,INSERT,,,INT-029782 | technique=TEC-007 | region=,S1_stat #292
interaction_evidence,EVI-033742,INSERT,,,INT-030620 | technique=TEC-007 | region=5'UTR,S1_stat #293
interaction_evidence,EVI-033743,INSERT,,,INT-030621 | technique=TEC-007 | region=,S1_stat #294
interaction_evidence,EVI-033744,INSERT,,,INT-030622 | technique=TEC-007 | region=,S1_stat #295
interaction_evidence,EVI-033745,INSERT,,,INT-029911 | technique=TEC-007 | region=3'UTR,S1_stat #296
interaction_evidence,EVI-033746,INSERT,,,INT-030623 | technique=TEC-007 | region=,S1_stat #298
interaction_evidence,EVI-033747,INSERT,,,INT-030624 | technique=TEC-007 | region=,S1_stat #300
interaction_evidence,EVI-033748,INSERT,,,INT-029755 | technique=TEC-007 | region=,S1_stat #302
interaction_evidence,EVI-033749,INSERT,,,INT-030625 | technique=TEC-007 | region=,S1_stat #303
interaction_evidence,EVI-033750,INSERT,,,INT-030626 | technique=TEC-007 | region=,S1_stat #304
interaction_evidence,EVI-033751,INSERT,,,INT-030627 | technique=TEC-007 | region=,S1_stat #306
interaction_evidence,EVI-033752,INSERT,,,INT-030628 | technique=TEC-007 | region=,S1_stat #311
interaction_evidence,EVI-033753,INSERT,,,INT-030208 | technique=TEC-007 | region=,S1_stat #312
interaction_evidence,EVI-033754,INSERT,,,INT-030629 | technique=TEC-007 | region=,S1_stat #313
interaction_evidence,EVI-033755,INSERT,,,INT-030630 | technique=TEC-007 | region=,S1_stat #314
interaction_evidence,EVI-033756,INSERT,,,INT-030631 | technique=TEC-007 | region=,S1_stat #315
interaction_evidence,EVI-033757,INSERT,,,INT-030632 | technique=TEC-007 | region=,S1_stat #316
interaction_evidence,EVI-033758,INSERT,,,INT-030633 | technique=TEC-007 | region=,S1_stat #317
interaction_evidence,EVI-033759,INSERT,,,INT-030634 | technique=TEC-007 | region=,S1_stat #321
interaction_evidence,EVI-033760,INSERT,,,INT-030635 | technique=TEC-007 | region=,S1_stat #322
interaction_evidence,EVI-033761,INSERT,,,INT-030636 | technique=TEC-007 | region=,S1_stat #323
interaction_evidence,EVI-033762,INSERT,,,INT-030637 | technique=TEC-007 | region=,S1_stat #324
interaction_evidence,EVI-033763,INSERT,,,INT-030638 | technique=TEC-007 | region=,S1_stat #325
interaction_evidence,EVI-033764,INSERT,,,INT-029757 | technique=TEC-007 | region=,S1_stat #326
interaction_evidence,EVI-033765,INSERT,,,INT-030639 | technique=TEC-007 | region=,S1_stat #327
interaction_evidence,EVI-033766,INSERT,,,INT-030640 | technique=TEC-007 | region=,S1_stat #328
interaction_evidence,EVI-033767,INSERT,,,INT-029799 | technique=TEC-007 | region=,S1_stat #329
interaction_evidence,EVI-033768,INSERT,,,INT-030641 | technique=TEC-007 | region=5'UTR,S1_stat #330
interaction_evidence,EVI-033769,INSERT,,,INT-030642 | technique=TEC-007 | region=,S1_stat #331
interaction_evidence,EVI-033770,INSERT,,,INT-029860 | technique=TEC-007 | region=,S1_stat #332
interaction_evidence,EVI-033771,INSERT,,,INT-030643 | technique=TEC-007 | region=,S1_stat #333
interaction_evidence,EVI-033772,INSERT,,,INT-030644 | technique=TEC-007 | region=,S1_stat #336
interaction_evidence,EVI-033773,INSERT,,,INT-030645 | technique=TEC-007 | region=5'UTR,S1_stat #337
interaction_evidence,EVI-033774,INSERT,,,INT-030575 | technique=TEC-007 | region=5'UTR,S1_stat #338
interaction_evidence,EVI-033775,INSERT,,,INT-030646 | technique=TEC-007 | region=,S1_stat #340
interaction_evidence,EVI-033776,INSERT,,,INT-030647 | technique=TEC-007 | region=,S1_stat #341
interaction_evidence,EVI-033777,INSERT,,,INT-030648 | technique=TEC-007 | region=,S1_stat #343
interaction_evidence,EVI-033778,INSERT,,,INT-030649 | technique=TEC-007 | region=,S1_stat #346
interaction_evidence,EVI-033779,INSERT,,,INT-030650 | technique=TEC-007 | region=,S1_stat #347
interaction_evidence,EVI-033780,INSERT,,,INT-030651 | technique=TEC-007 | region=,S1_stat #351
interaction_evidence,EVI-033781,INSERT,,,INT-030652 | technique=TEC-007 | region=,S1_stat #352
interaction_evidence,EVI-033782,INSERT,,,INT-030280 | technique=TEC-007 | region=5'UTR,S1_stat #353
interaction_evidence,EVI-033783,INSERT,,,INT-029904 | technique=TEC-007 | region=,S1_stat #354
interaction_evidence,EVI-033784,INSERT,,,INT-030653 | technique=TEC-007 | region=,S1_stat #355
interaction_evidence,EVI-033785,INSERT,,,INT-030654 | technique=TEC-007 | region=,S1_stat #356
interaction_evidence,EVI-033786,INSERT,,,INT-030655 | technique=TEC-007 | region=,S1_stat #359
interaction_evidence,EVI-033787,INSERT,,,INT-030656 | technique=TEC-007 | region=,S1_stat #360
interaction_evidence,EVI-033788,INSERT,,,INT-030657 | technique=TEC-007 | region=,S1_stat #362
interaction_evidence,EVI-033789,INSERT,,,INT-030126 | technique=TEC-007 | region=,S1_stat #363
interaction_evidence,EVI-033790,INSERT,,,INT-030658 | technique=TEC-007 | region=5'UTR,S1_stat #364
interaction_evidence,EVI-033791,INSERT,,,INT-030659 | technique=TEC-007 | region=,S1_stat #367
interaction_evidence,EVI-033792,INSERT,,,INT-029774 | technique=TEC-007 | region=,S1_stat #371
interaction_evidence,EVI-033793,INSERT,,,INT-030055 | technique=TEC-007 | region=,S1_stat #372
interaction_evidence,EVI-033794,INSERT,,,INT-030660 | technique=TEC-007 | region=,S1_stat #374
interaction_evidence,EVI-033795,INSERT,,,INT-030661 | technique=TEC-007 | region=,S1_stat #376
interaction_evidence,EVI-033796,INSERT,,,INT-030662 | technique=TEC-007 | region=,S1_stat #377
interaction_evidence,EVI-033797,INSERT,,,INT-030663 | technique=TEC-007 | region=,S1_stat #378
interaction_evidence,EVI-033798,INSERT,,,INT-030664 | technique=TEC-007 | region=,S1_stat #379
interaction_evidence,EVI-033799,INSERT,,,INT-030665 | technique=TEC-007 | region=,S1_stat #380
interaction_evidence,EVI-033800,INSERT,,,INT-030202 | technique=TEC-007 | region=,S1_stat #382
interaction_evidence,EVI-033801,INSERT,,,INT-030666 | technique=TEC-007 | region=,S1_stat #383
interaction_evidence,EVI-033802,INSERT,,,INT-029821 | technique=TEC-007 | region=,S1_stat #384
interaction_evidence,EVI-033803,INSERT,,,INT-030667 | technique=TEC-007 | region=,S1_stat #388
interaction_evidence,EVI-033804,INSERT,,,INT-029829 | technique=TEC-007 | region=,S1_stat #389
interaction_evidence,EVI-033805,INSERT,,,INT-030668 | technique=TEC-007 | region=,S1_stat #390
interaction_evidence,EVI-033806,INSERT,,,INT-030669 | technique=TEC-007 | region=5'UTR,S1_stat #391
interaction_evidence,EVI-033807,INSERT,,,INT-030010 | technique=TEC-007 | region=3'UTR,S1_stat #392
interaction_evidence,EVI-033808,INSERT,,,INT-030670 | technique=TEC-007 | region=5'UTR,S1_stat #393
interaction_evidence,EVI-033809,INSERT,,,INT-030671 | technique=TEC-007 | region=,S1_stat #394
interaction_evidence,EVI-033810,INSERT,,,INT-030672 | technique=TEC-007 | region=,S1_stat #395
interaction_evidence,EVI-033811,INSERT,,,INT-029674 | technique=TEC-007 | region=,S1_stat #396
interaction_evidence,EVI-033812,INSERT,,,INT-030673 | technique=TEC-007 | region=,S1_stat #398
interaction_evidence,EVI-033813,INSERT,,,INT-030674 | technique=TEC-007 | region=,S1_stat #400
interaction_evidence,EVI-033814,INSERT,,,INT-030675 | technique=TEC-007 | region=,S1_stat #401
interaction_evidence,EVI-033815,INSERT,,,INT-030676 | technique=TEC-007 | region=,S1_stat #402
interaction_evidence,EVI-033816,INSERT,,,INT-030105 | technique=TEC-007 | region=,S1_stat #405
interaction_evidence,EVI-033817,INSERT,,,INT-030677 | technique=TEC-007 | region=,S1_stat #409
interaction_evidence,EVI-033818,INSERT,,,INT-030678 | technique=TEC-007 | region=,S1_stat #410
interaction_evidence,EVI-033819,INSERT,,,INT-030679 | technique=TEC-007 | region=,S1_stat #411
interaction_evidence,EVI-033820,INSERT,,,INT-029910 | technique=TEC-007 | region=,S1_stat #412
interaction_evidence,EVI-033821,INSERT,,,INT-030680 | technique=TEC-007 | region=,S1_stat #413
interaction_evidence,EVI-033822,INSERT,,,INT-030328 | technique=TEC-007 | region=,S1_stat #414
interaction_evidence,EVI-033823,INSERT,,,INT-030681 | technique=TEC-007 | region=,S1_stat #415
interaction_evidence,EVI-033824,INSERT,,,INT-030682 | technique=TEC-007 | region=,S1_stat #416
interaction_evidence,EVI-033825,INSERT,,,INT-030683 | technique=TEC-007 | region=,S1_stat #418
interaction_evidence,EVI-033826,INSERT,,,INT-030684 | technique=TEC-007 | region=,S1_stat #419
interaction_evidence,EVI-033827,INSERT,,,INT-030685 | technique=TEC-007 | region=,S1_stat #420
interaction_evidence,EVI-033828,INSERT,,,INT-030686 | technique=TEC-007 | region=,S1_stat #423
interaction_evidence,EVI-033829,INSERT,,,INT-030687 | technique=TEC-007 | region=,S1_stat #424
interaction_evidence,EVI-033830,INSERT,,,INT-030688 | technique=TEC-007 | region=5'UTR,S1_stat #428
interaction_evidence,EVI-033831,INSERT,,,INT-030689 | technique=TEC-007 | region=,S1_stat #429
interaction_evidence,EVI-033832,INSERT,,,INT-030690 | technique=TEC-007 | region=,S1_stat #432
interaction_evidence,EVI-033833,INSERT,,,INT-030691 | technique=TEC-007 | region=,S1_stat #435
interaction_evidence,EVI-033834,INSERT,,,INT-030692 | technique=TEC-007 | region=,S1_stat #436
interaction_evidence,EVI-033835,INSERT,,,INT-030693 | technique=TEC-007 | region=,S1_stat #437
interaction_evidence,EVI-033836,INSERT,,,INT-030694 | technique=TEC-007 | region=,S1_stat #438
interaction_evidence,EVI-033837,INSERT,,,INT-030695 | technique=TEC-007 | region=,S1_stat #439
interaction_evidence,EVI-033838,INSERT,,,INT-029972 | technique=TEC-007 | region=,S1_stat #440
interaction_evidence,EVI-033839,INSERT,,,INT-029679 | technique=TEC-007 | region=,S1_stat #441
interaction_evidence,EVI-033840,INSERT,,,INT-030696 | technique=TEC-007 | region=,S1_stat #448
interaction_evidence,EVI-033841,INSERT,,,INT-030697 | technique=TEC-007 | region=,S1_stat #450
interaction_evidence,EVI-033842,INSERT,,,INT-030698 | technique=TEC-007 | region=,S1_stat #451
interaction_evidence,EVI-033843,INSERT,,,INT-030699 | technique=TEC-007 | region=,S1_stat #454
interaction_evidence,EVI-033844,INSERT,,,INT-030700 | technique=TEC-007 | region=,S1_stat #455
interaction_evidence,EVI-033845,INSERT,,,INT-030574 | technique=TEC-007 | region=,S1_stat #456
interaction_evidence,EVI-033846,INSERT,,,INT-030410 | technique=TEC-007 | region=,S1_stat #459
interaction_evidence,EVI-033847,INSERT,,,INT-030701 | technique=TEC-007 | region=,S1_stat #461
interaction_evidence,EVI-033848,INSERT,,,INT-030195 | technique=TEC-007 | region=5'UTR,S1_stat #462
interaction_evidence,EVI-033849,INSERT,,,INT-030702 | technique=TEC-007 | region=,S1_stat #466
interaction_evidence,EVI-033850,INSERT,,,INT-030703 | technique=TEC-007 | region=,S1_stat #467
interaction_evidence,EVI-033851,INSERT,,,INT-030704 | technique=TEC-007 | region=,S1_stat #468
interaction_evidence,EVI-033852,INSERT,,,INT-030705 | technique=TEC-007 | region=,S1_stat #472
interaction_evidence,EVI-033853,INSERT,,,INT-029751 | technique=TEC-007 | region=,S1_stat #474
interaction_evidence,EVI-033854,INSERT,,,INT-030706 | technique=TEC-007 | region=,S1_stat #475
interaction_evidence,EVI-033855,INSERT,,,INT-030707 | technique=TEC-007 | region=,S1_stat #476
interaction_evidence,EVI-033856,INSERT,,,INT-030708 | technique=TEC-007 | region=,S1_stat #478
interaction_evidence,EVI-033857,INSERT,,,INT-029702 | technique=TEC-007 | region=,S1_stat #480
interaction_evidence,EVI-033858,INSERT,,,INT-030709 | technique=TEC-007 | region=,S1_stat #481
interaction_evidence,EVI-033859,INSERT,,,INT-030710 | technique=TEC-007 | region=,S1_stat #482
interaction_evidence,EVI-033860,INSERT,,,INT-030711 | technique=TEC-007 | region=,S1_stat #484
interaction_evidence,EVI-033861,INSERT,,,INT-030712 | technique=TEC-007 | region=,S1_stat #485
interaction_evidence,EVI-033862,INSERT,,,INT-030713 | technique=TEC-007 | region=,S1_stat #486
interaction_evidence,EVI-033863,INSERT,,,INT-030714 | technique=TEC-007 | region=,S1_stat #488
interaction_evidence,EVI-033864,INSERT,,,INT-030715 | technique=TEC-007 | region=,S1_stat #493
interaction_evidence,EVI-033865,INSERT,,,INT-030716 | technique=TEC-007 | region=,S1_stat #495
interaction_evidence,EVI-033866,INSERT,,,INT-030717 | technique=TEC-007 | region=,S1_stat #501
interaction_evidence,EVI-033867,INSERT,,,INT-030324 | technique=TEC-007 | region=,S1_stat #502
interaction_evidence,EVI-033868,INSERT,,,INT-030244 | technique=TEC-007 | region=,S1_stat #504
interaction_evidence,EVI-033869,INSERT,,,INT-030718 | technique=TEC-007 | region=,S1_stat #506
interaction_evidence,EVI-033870,INSERT,,,INT-030719 | technique=TEC-007 | region=,S1_stat #508
interaction_evidence,EVI-033871,INSERT,,,INT-030088 | technique=TEC-007 | region=,S1_stat #509
interaction_evidence,EVI-033872,INSERT,,,INT-030720 | technique=TEC-007 | region=,S1_stat #512
interaction_evidence,EVI-033873,INSERT,,,INT-030721 | technique=TEC-007 | region=,S1_stat #514
interaction_evidence,EVI-033874,INSERT,,,INT-030722 | technique=TEC-007 | region=,S1_stat #518
interaction_evidence,EVI-033875,INSERT,,,INT-030526 | technique=TEC-007 | region=,S1_stat #520
interaction_evidence,EVI-033876,INSERT,,,INT-030723 | technique=TEC-007 | region=,S1_stat #521
interaction_evidence,EVI-033877,INSERT,,,INT-030724 | technique=TEC-007 | region=,S1_stat #522
interaction_evidence,EVI-033878,INSERT,,,INT-030725 | technique=TEC-007 | region=,S1_stat #523
interaction_evidence,EVI-033879,INSERT,,,INT-030726 | technique=TEC-007 | region=,S1_stat #524
interaction_evidence,EVI-033880,INSERT,,,INT-030727 | technique=TEC-007 | region=,S1_stat #525
interaction_evidence,EVI-033881,INSERT,,,INT-030728 | technique=TEC-007 | region=,S1_stat #526
interaction_evidence,EVI-033882,INSERT,,,INT-030729 | technique=TEC-007 | region=,S1_stat #528
interaction_evidence,EVI-033883,INSERT,,,INT-030730 | technique=TEC-007 | region=,S1_stat #529
interaction_evidence,EVI-033884,INSERT,,,INT-030731 | technique=TEC-007 | region=,S1_stat #530
interaction_evidence,EVI-033885,INSERT,,,INT-030732 | technique=TEC-007 | region=,S1_stat #531
interaction_evidence,EVI-033886,INSERT,,,INT-030733 | technique=TEC-007 | region=,S1_stat #534
interaction_evidence,EVI-033887,INSERT,,,INT-030734 | technique=TEC-007 | region=,S1_stat #535
interaction_evidence,EVI-033888,INSERT,,,INT-030735 | technique=TEC-007 | region=,S1_stat #539
interaction_evidence,EVI-033889,INSERT,,,INT-030736 | technique=TEC-007 | region=,S1_stat #540
interaction_evidence,EVI-033890,INSERT,,,INT-030737 | technique=TEC-007 | region=,S1_stat #543
interaction_evidence,EVI-033891,INSERT,,,INT-030738 | technique=TEC-007 | region=5'UTR,S1_stat #544
interaction_evidence,EVI-033892,INSERT,,,INT-030739 | technique=TEC-007 | region=,S1_stat #545
interaction_evidence,EVI-033893,INSERT,,,INT-030740 | technique=TEC-007 | region=,S1_stat #547
interaction_evidence,EVI-033894,INSERT,,,INT-030741 | technique=TEC-007 | region=,S1_stat #548
interaction_evidence,EVI-033895,INSERT,,,INT-030742 | technique=TEC-007 | region=,S1_stat #551
interaction_evidence,EVI-033896,INSERT,,,INT-030743 | technique=TEC-007 | region=,S1_stat #553
interaction_evidence,EVI-033897,INSERT,,,INT-030744 | technique=TEC-007 | region=,S1_stat #555
interaction_evidence,EVI-033898,INSERT,,,INT-030745 | technique=TEC-007 | region=,S1_stat #556
interaction_evidence,EVI-033899,INSERT,,,INT-030746 | technique=TEC-007 | region=,S1_stat #559
interaction_evidence,EVI-033900,INSERT,,,INT-030747 | technique=TEC-007 | region=,S1_stat #560
interaction_evidence,EVI-033901,INSERT,,,INT-030748 | technique=TEC-007 | region=,S1_stat #561
interaction_evidence,EVI-033902,INSERT,,,INT-030749 | technique=TEC-007 | region=,S1_stat #562
interaction_evidence,EVI-033903,INSERT,,,INT-030750 | technique=TEC-007 | region=3'UTR,S1_stat #564
interaction_evidence,EVI-033904,INSERT,,,INT-030243 | technique=TEC-007 | region=,S1_stat #567
interaction_evidence,EVI-033905,INSERT,,,INT-029759 | technique=TEC-007 | region=,S1_stat #568
interaction_evidence,EVI-033906,INSERT,,,INT-030751 | technique=TEC-007 | region=5'UTR,S1_stat #569
interaction_evidence,EVI-033907,INSERT,,,INT-030752 | technique=TEC-007 | region=,S1_stat #570
interaction_evidence,EVI-033908,INSERT,,,INT-030753 | technique=TEC-007 | region=,S1_stat #571
interaction_evidence,EVI-033909,INSERT,,,INT-030029 | technique=TEC-007 | region=,S1_stat #574
interaction_evidence,EVI-033910,INSERT,,,INT-030394 | technique=TEC-007 | region=,S1_stat #575
interaction_evidence,EVI-033911,INSERT,,,INT-029845 | technique=TEC-007 | region=,S1_stat #577
interaction_evidence,EVI-033912,INSERT,,,INT-030754 | technique=TEC-007 | region=,S1_stat #580
interaction_evidence,EVI-033913,INSERT,,,INT-030755 | technique=TEC-007 | region=,S1_stat #581
interaction_evidence,EVI-033914,INSERT,,,INT-030756 | technique=TEC-007 | region=,S1_stat #582
interaction_evidence,EVI-033915,INSERT,,,INT-030174 | technique=TEC-007 | region=,S1_stat #584
interaction_evidence,EVI-033916,INSERT,,,INT-030757 | technique=TEC-007 | region=,S1_stat #585
interaction_evidence,EVI-033917,INSERT,,,INT-030758 | technique=TEC-007 | region=,S1_stat #586
interaction_evidence,EVI-033918,INSERT,,,INT-030759 | technique=TEC-007 | region=,S1_stat #588
interaction_evidence,EVI-033919,INSERT,,,INT-030760 | technique=TEC-007 | region=,S1_stat #591
interaction_evidence,EVI-033920,INSERT,,,INT-030761 | technique=TEC-007 | region=,S1_stat #595
interaction_evidence,EVI-033921,INSERT,,,INT-030762 | technique=TEC-007 | region=,S1_stat #596
interaction_evidence,EVI-033922,INSERT,,,INT-030763 | technique=TEC-007 | region=,S1_stat #598
interaction_evidence,EVI-033923,INSERT,,,INT-030764 | technique=TEC-007 | region=,S1_stat #601
interaction_evidence,EVI-033924,INSERT,,,INT-030765 | technique=TEC-007 | region=,S1_stat #602
interaction_evidence,EVI-033925,INSERT,,,INT-029958 | technique=TEC-007 | region=,S1_stat #603
interaction_evidence,EVI-033926,INSERT,,,INT-030766 | technique=TEC-007 | region=,S1_stat #604
interaction_evidence,EVI-033927,INSERT,,,INT-030767 | technique=TEC-007 | region=,S1_stat #606
interaction_evidence,EVI-033928,INSERT,,,INT-030768 | technique=TEC-007 | region=,S1_stat #607
interaction_evidence,EVI-033929,INSERT,,,INT-030769 | technique=TEC-007 | region=,S1_stat #608
interaction_evidence,EVI-033930,INSERT,,,INT-030770 | technique=TEC-007 | region=,S1_stat #609
interaction_evidence,EVI-033931,INSERT,,,INT-030771 | technique=TEC-007 | region=,S1_stat #611
interaction_evidence,EVI-033932,INSERT,,,INT-030772 | technique=TEC-007 | region=,S1_stat #614
interaction_evidence,EVI-033933,INSERT,,,INT-030773 | technique=TEC-007 | region=,S1_stat #618
interaction_evidence,EVI-033934,INSERT,,,INT-030774 | technique=TEC-007 | region=,S1_stat #619
interaction_evidence,EVI-033935,INSERT,,,INT-030775 | technique=TEC-007 | region=,S1_stat #620
interaction_evidence,EVI-033936,INSERT,,,INT-030776 | technique=TEC-007 | region=,S1_stat #621
interaction_evidence,EVI-033937,INSERT,,,INT-030777 | technique=TEC-007 | region=,S1_stat #622
interaction_evidence,EVI-033938,INSERT,,,INT-030778 | technique=TEC-007 | region=,S1_stat #625
interaction_evidence,EVI-033939,INSERT,,,INT-030779 | technique=TEC-007 | region=,S1_stat #629
interaction_evidence,EVI-033940,INSERT,,,INT-030780 | technique=TEC-007 | region=,S1_stat #630
interaction_evidence,EVI-033941,INSERT,,,INT-030781 | technique=TEC-007 | region=,S1_stat #631
interaction_evidence,EVI-033942,INSERT,,,INT-030782 | technique=TEC-007 | region=,S1_stat #633
interaction_evidence,EVI-033943,INSERT,,,INT-030783 | technique=TEC-007 | region=,S1_stat #638
interaction_evidence,EVI-033944,INSERT,,,INT-030784 | technique=TEC-007 | region=,S1_stat #640
interaction_evidence,EVI-033945,INSERT,,,INT-029692 | technique=TEC-007 | region=5'UTR,S1_stat #642
interaction_evidence,EVI-033946,INSERT,,,INT-030785 | technique=TEC-007 | region=,S1_stat #645
interaction_evidence,EVI-033947,INSERT,,,INT-030786 | technique=TEC-007 | region=,S1_stat #646
interaction_evidence,EVI-033948,INSERT,,,INT-030576 | technique=TEC-007 | region=,S1_stat #649
interaction_evidence,EVI-033949,INSERT,,,INT-030372 | technique=TEC-007 | region=,S1_stat #650
interaction_evidence,EVI-033950,INSERT,,,INT-030787 | technique=TEC-007 | region=,S1_stat #651
interaction_evidence,EVI-033951,INSERT,,,INT-029851 | technique=TEC-007 | region=,S1_stat #653
interaction_evidence,EVI-033952,INSERT,,,INT-030788 | technique=TEC-007 | region=,S1_stat #654
interaction_evidence,EVI-033953,INSERT,,,INT-030211 | technique=TEC-007 | region=,S1_stat #656
interaction_evidence,EVI-033954,INSERT,,,INT-030789 | technique=TEC-007 | region=,S1_stat #658
interaction_evidence,EVI-033955,INSERT,,,INT-030790 | technique=TEC-007 | region=,S1_stat #659
interaction_evidence,EVI-033956,INSERT,,,INT-030791 | technique=TEC-007 | region=,S1_stat #661
interaction_evidence,EVI-033957,INSERT,,,INT-030792 | technique=TEC-007 | region=,S1_stat #662
interaction_evidence,EVI-033958,INSERT,,,INT-030793 | technique=TEC-007 | region=,S1_stat #663
interaction_evidence,EVI-033959,INSERT,,,INT-030794 | technique=TEC-007 | region=,S1_stat #666
interaction_evidence,EVI-033960,INSERT,,,INT-030795 | technique=TEC-007 | region=,S1_stat #667
interaction_evidence,EVI-033961,INSERT,,,INT-030796 | technique=TEC-007 | region=3'UTR,S1_stat #668
interaction_evidence,EVI-033962,INSERT,,,INT-029912 | technique=TEC-007 | region=,S1_stat #669
interaction_evidence,EVI-033963,INSERT,,,INT-030797 | technique=TEC-007 | region=,S1_stat #676
interaction_evidence,EVI-033964,INSERT,,,INT-030798 | technique=TEC-007 | region=,S1_stat #677
interaction_evidence,EVI-033965,INSERT,,,INT-030799 | technique=TEC-007 | region=3'UTR,S1_stat #680
interaction_evidence,EVI-033966,INSERT,,,INT-030800 | technique=TEC-007 | region=,S1_stat #681
interaction_evidence,EVI-033967,INSERT,,,INT-030801 | technique=TEC-007 | region=,S1_stat #682
interaction_evidence,EVI-033968,INSERT,,,INT-030802 | technique=TEC-007 | region=,S1_stat #683
interaction_evidence,EVI-033969,INSERT,,,INT-029819 | technique=TEC-007 | region=,S1_stat #684
interaction_evidence,EVI-033970,INSERT,,,INT-029847 | technique=TEC-007 | region=,S1_stat #685
interaction_evidence,EVI-033971,INSERT,,,INT-030803 | technique=TEC-007 | region=,S1_stat #686
interaction_evidence,EVI-033972,INSERT,,,INT-030804 | technique=TEC-007 | region=,S1_stat #688
interaction_evidence,EVI-033973,INSERT,,,INT-030630 | technique=TEC-007 | region=,S1_stat #690
interaction_evidence,EVI-033974,INSERT,,,INT-030805 | technique=TEC-007 | region=,S1_stat #691
interaction_evidence,EVI-033975,INSERT,,,INT-030806 | technique=TEC-007 | region=,S1_stat #692
interaction_evidence,EVI-033976,INSERT,,,INT-030807 | technique=TEC-007 | region=,S1_stat #693
interaction_evidence,EVI-033977,INSERT,,,INT-030808 | technique=TEC-007 | region=,S1_stat #694
interaction_evidence,EVI-033978,INSERT,,,INT-030809 | technique=TEC-007 | region=,S1_stat #695
interaction_evidence,EVI-033979,INSERT,,,INT-030810 | technique=TEC-007 | region=,S1_stat #697
interaction_evidence,EVI-033980,INSERT,,,INT-030811 | technique=TEC-007 | region=,S1_stat #698
interaction_evidence,EVI-033981,INSERT,,,INT-030812 | technique=TEC-007 | region=,S1_stat #699
interaction_evidence,EVI-033982,INSERT,,,INT-030813 | technique=TEC-007 | region=,S1_stat #700
interaction_evidence,EVI-033983,INSERT,,,INT-030543 | technique=TEC-007 | region=,S1_stat #701
interaction_evidence,EVI-033984,INSERT,,,INT-030814 | technique=TEC-007 | region=,S1_stat #702
interaction_evidence,EVI-033985,INSERT,,,INT-029813 | technique= | region=,S2 PA0462
interaction_evidence,EVI-033986,INSERT,,,INT-022871 | technique= | region=,S2 PA0588
interaction_evidence,EVI-033987,INSERT,,,INT-029733 | technique= | region=,S2 PA0765
interaction_evidence,EVI-033988,INSERT,,,INT-030685 | technique= | region=,S2 PA0857
interaction_evidence,EVI-033989,INSERT,,,INT-029752 | technique= | region=,S2 PA0973
interaction_evidence,EVI-033990,INSERT,,,INT-022876 | technique= | region=,S2 PA1000
interaction_evidence,EVI-033991,INSERT,,,INT-022879 | technique= | region=,S2 PA1123
interaction_evidence,EVI-033992,INSERT,,,INT-029699 | technique= | region=,S2 PA1209
interaction_evidence,EVI-033993,INSERT,,,INT-030676 | technique= | region=,S2 PA1287
interaction_evidence,EVI-033994,INSERT,,,INT-022859 | technique= | region=,S2 PA1317
interaction_evidence,EVI-033995,INSERT,,,INT-030029 | technique= | region=,S2 PA1429
interaction_evidence,EVI-033996,INSERT,,,INT-030601 | technique= | region=,S2 PA1562
interaction_evidence,EVI-033997,INSERT,,,INT-029677 | technique= | region=,S2 PA1592
interaction_evidence,EVI-033998,INSERT,,,INT-029711 | technique= | region=,S2 PA2006
interaction_evidence,EVI-033999,INSERT,,,INT-030589 | technique= | region=,S2 PA2046
interaction_evidence,EVI-034000,INSERT,,,INT-029863 | technique= | region=,S2 PA2177
interaction_evidence,EVI-034001,INSERT,,,INT-030617 | technique= | region=,S2 PA2365
interaction_evidence,EVI-034002,INSERT,,,INT-030611 | technique= | region=,S2 PA2371
interaction_evidence,EVI-034003,INSERT,,,INT-030211 | technique= | region=,S2 PA2519
interaction_evidence,EVI-034004,INSERT,,,INT-030808 | technique= | region=,S2 PA2798
interaction_evidence,EVI-034005,INSERT,,,INT-029757 | technique= | region=,S2 PA2931
interaction_evidence,EVI-034006,INSERT,,,INT-029793 | technique= | region=,S2 PA3080
interaction_evidence,EVI-034007,INSERT,,,INT-030800 | technique= | region=,S2 PA3887
interaction_evidence,EVI-034008,INSERT,,,INT-030794 | technique= | region=,S2 PA3929
interaction_evidence,EVI-034009,INSERT,,,INT-029790 | technique= | region=,S2 PA3930
interaction_evidence,EVI-034010,INSERT,,,INT-030502 | technique= | region=,S2 PA3966
interaction_evidence,EVI-034011,INSERT,,,INT-029815 | technique= | region=,S2 PA4016
interaction_evidence,EVI-034012,INSERT,,,INT-030679 | technique= | region=,S2 PA4751
interaction_evidence,EVI-034013,INSERT,,,INT-029674 | technique= | region=,S2 PA4812
interaction_evidence,EVI-034014,INSERT,,,INT-029712 | technique= | region=,S2 PA5256
interaction_evidence,EVI-034015,INSERT,,,INT-030578 | technique= | region=,S2 PA5290
interaction_evidence,EVI-034016,INSERT,,,INT-029664 | technique= | region=,S2 PA5301
interaction_evidence,EVI-034017,INSERT,,,INT-029785 | technique= | region=,S2 Spa103
interaction_evidence,EVI-034018,INSERT,,,INT-029661 | technique= | region=,S2 Spa121
interaction_evidence,EVI-034019,INSERT,,,INT-029735 | technique= | region=,S2 Spa170
interaction_evidence,EVI-034020,INSERT,,,INT-029667 | technique= | region=5'UTR,texto PA2009
interaction_evidence,EVI-034021,INSERT,,,INT-029673 | technique= | region=5'UTR,texto PA3340
interaction_evidence,EVI-034022,INSERT,,,INT-029723 | technique= | region=5'UTR,texto PA2511
binding_site,BND-035814,INSERT,,,EVI-032539 | sRNA RNA-010028 3705308-3705408 (-),S1_exp #1
binding_site,BND-035815,INSERT,,,EVI-032539 | mRNA RNA-002182 4196808-4197213 (-),S1_exp #1
binding_site,BND-035816,INSERT,,,EVI-032540 | sRNA RNA-002540 3889774-3889830 (-),S1_exp #2
binding_site,BND-035817,INSERT,,,EVI-032540 | mRNA RNA-001834 5308701-5308954 (+),S1_exp #2
binding_site,BND-035818,INSERT,,,EVI-032541 | sRNA RNA-010028 3705308-3705489 (-),S1_exp #3
binding_site,BND-035819,INSERT,,,EVI-032541 | mRNA RNA-014028 3013442-3013807 (-),S1_exp #3
binding_site,BND-035820,INSERT,,,EVI-032542 | sRNA RNA-010028 3705308-3705319 (-),S1_exp #4
binding_site,BND-035821,INSERT,,,EVI-032542 | mRNA RNA-014029 4445526-4445963 (+),S1_exp #4
binding_site,BND-035822,INSERT,,,EVI-032543 | sRNA RNA-010028 3705308-3705448 (-),S1_exp #5
binding_site,BND-035823,INSERT,,,EVI-032543 | mRNA RNA-014030 6171767-6172064 (-),S1_exp #5
binding_site,BND-035824,INSERT,,,EVI-032544 | sRNA RNA-010028 3705308-3705318 (-),S1_exp #6
binding_site,BND-035825,INSERT,,,EVI-032544 | mRNA RNA-010047 1216140-1216531 (-),S1_exp #6
binding_site,BND-035826,INSERT,,,EVI-032545 | sRNA RNA-014031 5372502-5372550 (-),S1_exp #7
binding_site,BND-035827,INSERT,,,EVI-032545 | mRNA RNA-001834 5308602-5308699 (+),S1_exp #7
binding_site,BND-035828,INSERT,,,EVI-032546 | sRNA RNA-010028 3705308-3705318 (-),S1_exp #8
binding_site,BND-035829,INSERT,,,EVI-032546 | mRNA RNA-002058 5165510-5165927 (-),S1_exp #8
binding_site,BND-035830,INSERT,,,EVI-032547 | sRNA RNA-010028 3705308-3705318 (-),S1_exp #9
binding_site,BND-035831,INSERT,,,EVI-032547 | mRNA RNA-002311 5970307-5970608 (-),S1_exp #9
binding_site,BND-035832,INSERT,,,EVI-032548 | sRNA RNA-014032 3575844-3575867 (-),S1_exp #10
binding_site,BND-035833,INSERT,,,EVI-032548 | mRNA RNA-001834 5308803-5308934 (+),S1_exp #10
binding_site,BND-035834,INSERT,,,EVI-032549 | sRNA RNA-010028 3705308-3705320 (-),S1_exp #11
binding_site,BND-035835,INSERT,,,EVI-032549 | mRNA RNA-010031 1427658-1427895 (+),S1_exp #11
binding_site,BND-035836,INSERT,,,EVI-032550 | sRNA RNA-010028 3705308-3705446 (-),S1_exp #12
binding_site,BND-035837,INSERT,,,EVI-032550 | mRNA RNA-001834 5308901-5309268 (+),S1_exp #12
binding_site,BND-035838,INSERT,,,EVI-032551 | sRNA RNA-010028 3705308-3705318 (-),S1_exp #13
binding_site,BND-035839,INSERT,,,EVI-032551 | mRNA RNA-014033 2198680-2198819 (-),S1_exp #13
binding_site,BND-035840,INSERT,,,EVI-032552 | sRNA RNA-014034 6053257-6053267 (+),S1_exp #14
binding_site,BND-035841,INSERT,,,EVI-032552 | mRNA RNA-001834 5308705-5308934 (+),S1_exp #14
binding_site,BND-035842,INSERT,,,EVI-032553 | sRNA RNA-014035 184040-184112 (+),S1_exp #15
binding_site,BND-035843,INSERT,,,EVI-032553 | mRNA RNA-001834 5308901-5308934 (+),S1_exp #15
binding_site,BND-035844,INSERT,,,EVI-032554 | sRNA RNA-001834 5308622-5308800 (+),S1_exp #16
binding_site,BND-035845,INSERT,,,EVI-032554 | mRNA RNA-014036 5308703-5308929 (-),S1_exp #16
binding_site,BND-035846,INSERT,,,EVI-032555 | sRNA RNA-014037 3127821-3127849 (+),S1_exp #17
binding_site,BND-035847,INSERT,,,EVI-032555 | mRNA RNA-001834 5308811-5308931 (+),S1_exp #17
binding_site,BND-035848,INSERT,,,EVI-032556 | sRNA RNA-010028 3705308-3705318 (-),S1_exp #18
binding_site,BND-035849,INSERT,,,EVI-032556 | mRNA RNA-014038 3103922-3104376 (-),S1_exp #18
binding_site,BND-035850,INSERT,,,EVI-032557 | sRNA RNA-010028 3705308-3705329 (-),S1_exp #19
binding_site,BND-035851,INSERT,,,EVI-032557 | mRNA RNA-014039 3751526-3751927 (-),S1_exp #19
binding_site,BND-035852,INSERT,,,EVI-032558 | sRNA RNA-010028 3705309-3705318 (-),S1_exp #20
binding_site,BND-035853,INSERT,,,EVI-032558 | mRNA RNA-001870 5401459-5401812 (-),S1_exp #20
binding_site,BND-035854,INSERT,,,EVI-032559 | sRNA RNA-010028 3705308-3705350 (-),S1_exp #21
binding_site,BND-035855,INSERT,,,EVI-032559 | mRNA RNA-014040 3206794-3207181 (+),S1_exp #21
binding_site,BND-035856,INSERT,,,EVI-032560 | sRNA RNA-010028 3705308-3705329 (-),S1_exp #22
binding_site,BND-035857,INSERT,,,EVI-032560 | mRNA RNA-014041 5831875-5831994 (+),S1_exp #22
binding_site,BND-035858,INSERT,,,EVI-032561 | sRNA RNA-010028 3705308-3705448 (-),S1_exp #23
binding_site,BND-035859,INSERT,,,EVI-032561 | mRNA RNA-014042 1734924-1735097 (-),S1_exp #23
binding_site,BND-035860,INSERT,,,EVI-032562 | sRNA RNA-010028 3705309-3705318 (-),S1_exp #24
binding_site,BND-035861,INSERT,,,EVI-032562 | mRNA RNA-014043 1028060-1028219 (+),S1_exp #24
binding_site,BND-035862,INSERT,,,EVI-032563 | sRNA RNA-010028 3705310-3705384 (-),S1_exp #25
binding_site,BND-035863,INSERT,,,EVI-032563 | mRNA RNA-014044 2801146-2801492 (-),S1_exp #25
binding_site,BND-035864,INSERT,,,EVI-032564 | sRNA RNA-010028 3705309-3705318 (-),S1_exp #26
binding_site,BND-035865,INSERT,,,EVI-032564 | mRNA RNA-002118 1898758-1898962 (+),S1_exp #26
binding_site,BND-035866,INSERT,,,EVI-032565 | sRNA RNA-001834 5308583-5308698 (+),S1_exp #27
binding_site,BND-035867,INSERT,,,EVI-032565 | mRNA RNA-002003 5985621-5985641 (+),S1_exp #27
binding_site,BND-035868,INSERT,,,EVI-032566 | sRNA RNA-010028 3705308-3705318 (-),S1_exp #28
binding_site,BND-035869,INSERT,,,EVI-032566 | mRNA RNA-014045 3531902-3532340 (-),S1_exp #28
binding_site,BND-035870,INSERT,,,EVI-032567 | sRNA RNA-010028 3705309-3705318 (-),S1_exp #29
binding_site,BND-035871,INSERT,,,EVI-032567 | mRNA RNA-002398 3791229-3791682 (+),S1_exp #29
binding_site,BND-035872,INSERT,,,EVI-032568 | sRNA RNA-010028 3705309-3705318 (-),S1_exp #30
binding_site,BND-035873,INSERT,,,EVI-032568 | mRNA RNA-001834 5308588-5308600 (+),S1_exp #30
binding_site,BND-035874,INSERT,,,EVI-032569 | sRNA RNA-001834 5308902-5308964 (+),S1_exp #31
binding_site,BND-035875,INSERT,,,EVI-032569 | mRNA RNA-014036 5308618-5308922 (-),S1_exp #31
binding_site,BND-035876,INSERT,,,EVI-032570 | sRNA RNA-010028 3705309-3705318 (-),S1_exp #32
binding_site,BND-035877,INSERT,,,EVI-032570 | mRNA RNA-014046 5906163-5906195 (+),S1_exp #32
binding_site,BND-035878,INSERT,,,EVI-032571 | sRNA RNA-010028 3705308-3705318 (-),S1_exp #33
binding_site,BND-035879,INSERT,,,EVI-032571 | mRNA RNA-014047 3442684-3442795 (+),S1_exp #33
binding_site,BND-035880,INSERT,,,EVI-032572 | sRNA RNA-010028 3705309-3705318 (-),S1_exp #34
binding_site,BND-035881,INSERT,,,EVI-032572 | mRNA RNA-002191 946827-947216 (+),S1_exp #34
binding_site,BND-035882,INSERT,,,EVI-032573 | sRNA RNA-010028 3705309-3705318 (-),S1_exp #35
binding_site,BND-035883,INSERT,,,EVI-032573 | mRNA RNA-002238 99921-100197 (+),S1_exp #35
binding_site,BND-035884,INSERT,,,EVI-032574 | sRNA RNA-010028 3705308-3705448 (-),S1_exp #36
binding_site,BND-035885,INSERT,,,EVI-032574 | mRNA RNA-014048 5182045-5182415 (-),S1_exp #36
binding_site,BND-035886,INSERT,,,EVI-032575 | sRNA RNA-010028 3705309-3705318 (-),S1_exp #37
binding_site,BND-035887,INSERT,,,EVI-032575 | mRNA RNA-014049 1589078-1589484 (+),S1_exp #37
binding_site,BND-035888,INSERT,,,EVI-032576 | sRNA RNA-010028 3705308-3705318 (-),S1_exp #38
binding_site,BND-035889,INSERT,,,EVI-032576 | mRNA RNA-014050 4229042-4229297 (+),S1_exp #38
binding_site,BND-035890,INSERT,,,EVI-032577 | sRNA RNA-010028 3705309-3705318 (-),S1_exp #39
binding_site,BND-035891,INSERT,,,EVI-032577 | mRNA RNA-002055 1250821-1251283 (-),S1_exp #39
binding_site,BND-035892,INSERT,,,EVI-032578 | sRNA RNA-014051 6110792-6110937 (+),S1_exp #40
binding_site,BND-035893,INSERT,,,EVI-032578 | mRNA RNA-014052 5671957-5672228 (-),S1_exp #40
binding_site,BND-035894,INSERT,,,EVI-032579 | sRNA RNA-010028 3705309-3705318 (-),S1_exp #41
binding_site,BND-035895,INSERT,,,EVI-032579 | mRNA RNA-014053 4577119-4577446 (-),S1_exp #41
binding_site,BND-035896,INSERT,,,EVI-032580 | sRNA RNA-010028 3705310-3705318 (-),S1_exp #42
binding_site,BND-035897,INSERT,,,EVI-032580 | mRNA RNA-014054 5837781-5837918 (+),S1_exp #42
binding_site,BND-035898,INSERT,,,EVI-032581 | sRNA RNA-010028 3705308-3705318 (-),S1_exp #43
binding_site,BND-035899,INSERT,,,EVI-032581 | mRNA RNA-014055 1034418-1034843 (+),S1_exp #43
binding_site,BND-035900,INSERT,,,EVI-032582 | sRNA RNA-010028 3705309-3705318 (-),S1_exp #44
binding_site,BND-035901,INSERT,,,EVI-032582 | mRNA RNA-014056 1758595-1758643 (-),S1_exp #44
binding_site,BND-035902,INSERT,,,EVI-032583 | sRNA RNA-010028 3705310-3705315 (-),S1_exp #45
binding_site,BND-035903,INSERT,,,EVI-032583 | mRNA RNA-014057 1888942-1889367 (+),S1_exp #45
binding_site,BND-035904,INSERT,,,EVI-032584 | sRNA RNA-010028 3705309-3705484 (-),S1_exp #46
binding_site,BND-035905,INSERT,,,EVI-032584 | mRNA RNA-002447 6183605-6183660 (-),S1_exp #46
binding_site,BND-035906,INSERT,,,EVI-032585 | sRNA RNA-010028 3705309-3705448 (-),S1_exp #47
binding_site,BND-035907,INSERT,,,EVI-032585 | mRNA RNA-014058 1310268-1310536 (-),S1_exp #47
binding_site,BND-035908,INSERT,,,EVI-032586 | sRNA RNA-010028 3705309-3705318 (-),S1_exp #48
binding_site,BND-035909,INSERT,,,EVI-032586 | mRNA RNA-014059 5442711-5442927 (+),S1_exp #48
binding_site,BND-035910,INSERT,,,EVI-032587 | sRNA RNA-010028 3705309-3705316 (-),S1_exp #49
binding_site,BND-035911,INSERT,,,EVI-032587 | mRNA RNA-014060 6198045-6198446 (+),S1_exp #49
binding_site,BND-035912,INSERT,,,EVI-032588 | sRNA RNA-010028 3705308-3705317 (-),S1_exp #50
binding_site,BND-035913,INSERT,,,EVI-032588 | mRNA RNA-014061 3531405-3531899 (-),S1_exp #50
binding_site,BND-035914,INSERT,,,EVI-032589 | sRNA RNA-014062 3116511-3116519 (+),S1_exp #51
binding_site,BND-035915,INSERT,,,EVI-032589 | mRNA RNA-014063 3528587-3528629 (-),S1_exp #51
binding_site,BND-035916,INSERT,,,EVI-032590 | sRNA RNA-010028 3705309-3705318 (-),S1_exp #52
binding_site,BND-035917,INSERT,,,EVI-032590 | mRNA RNA-014064 6254702-6254799 (-),S1_exp #52
binding_site,BND-035918,INSERT,,,EVI-032591 | sRNA RNA-010028 3705309-3705318 (-),S1_exp #53
binding_site,BND-035919,INSERT,,,EVI-032591 | mRNA RNA-001847 1156717-1157187 (+),S1_exp #53
binding_site,BND-035920,INSERT,,,EVI-032592 | sRNA RNA-010028 3705310-3705438 (-),S1_exp #54
binding_site,BND-035921,INSERT,,,EVI-032592 | mRNA RNA-014065 4206523-4206849 (+),S1_exp #54
binding_site,BND-035922,INSERT,,,EVI-032593 | sRNA RNA-014066 5284072-5284319 (+),S1_exp #55
binding_site,BND-035923,INSERT,,,EVI-032593 | mRNA RNA-002443 184210-184289 (+),S1_exp #55
binding_site,BND-035924,INSERT,,,EVI-032594 | sRNA RNA-010028 3705309-3705319 (-),S1_exp #56
binding_site,BND-035925,INSERT,,,EVI-032594 | mRNA RNA-014067 6051402-6051869 (+),S1_exp #56
binding_site,BND-035926,INSERT,,,EVI-032595 | sRNA RNA-010028 3705309-3705318 (-),S1_exp #57
binding_site,BND-035927,INSERT,,,EVI-032595 | mRNA RNA-001929 3659382-3659765 (-),S1_exp #57
binding_site,BND-035928,INSERT,,,EVI-032596 | sRNA RNA-010028 3705309-3705448 (-),S1_exp #58
binding_site,BND-035929,INSERT,,,EVI-032596 | mRNA RNA-014068 5983389-5983742 (-),S1_exp #58
binding_site,BND-035930,INSERT,,,EVI-032597 | sRNA RNA-010028 3705309-3705318 (-),S1_exp #59
binding_site,BND-035931,INSERT,,,EVI-032597 | mRNA RNA-002365 2195364-2195770 (-),S1_exp #59
binding_site,BND-035932,INSERT,,,EVI-032598 | sRNA RNA-010028 3705309-3705318 (-),S1_exp #60
binding_site,BND-035933,INSERT,,,EVI-032598 | mRNA RNA-014069 5917928-5918143 (-),S1_exp #60
binding_site,BND-035934,INSERT,,,EVI-032599 | sRNA RNA-010028 3705309-3705318 (-),S1_exp #61
binding_site,BND-035935,INSERT,,,EVI-032599 | mRNA RNA-014070 3954481-3954660 (-),S1_exp #61
binding_site,BND-035936,INSERT,,,EVI-032600 | sRNA RNA-010028 3705310-3705320 (-),S1_exp #62
binding_site,BND-035937,INSERT,,,EVI-032600 | mRNA RNA-014071 5341557-5341982 (-),S1_exp #62
binding_site,BND-035938,INSERT,,,EVI-032601 | sRNA RNA-010028 3705309-3705448 (-),S1_exp #63
binding_site,BND-035939,INSERT,,,EVI-032601 | mRNA RNA-002160 5376368-5376619 (-),S1_exp #63
binding_site,BND-035940,INSERT,,,EVI-032602 | sRNA RNA-014062 3116495-3116519 (+),S1_exp #64
binding_site,BND-035941,INSERT,,,EVI-032602 | mRNA RNA-001834 5308902-5308928 (+),S1_exp #64
binding_site,BND-035942,INSERT,,,EVI-032603 | sRNA RNA-014072 3855363-3855465 (-),S1_exp #65
binding_site,BND-035943,INSERT,,,EVI-032603 | mRNA RNA-001834 5308901-5308931 (+),S1_exp #65
binding_site,BND-035944,INSERT,,,EVI-032604 | sRNA RNA-001834 5308901-5308930 (+),S1_exp #66
binding_site,BND-035945,INSERT,,,EVI-032604 | mRNA RNA-014073 4780305-4780764 (-),S1_exp #66
binding_site,BND-035946,INSERT,,,EVI-032605 | sRNA RNA-010028 3705308-3705318 (-),S1_exp #67
binding_site,BND-035947,INSERT,,,EVI-032605 | mRNA RNA-014074 4859316-4859779 (-),S1_exp #67
binding_site,BND-035948,INSERT,,,EVI-032606 | sRNA RNA-010028 3705308-3705484 (-),S1_exp #68
binding_site,BND-035949,INSERT,,,EVI-032606 | mRNA RNA-014075 457245-457672 (+),S1_exp #68
binding_site,BND-035950,INSERT,,,EVI-032607 | sRNA RNA-014076 245677-245727 (-),S1_exp #69
binding_site,BND-035951,INSERT,,,EVI-032607 | mRNA RNA-001834 5308902-5308928 (+),S1_exp #69
binding_site,BND-035952,INSERT,,,EVI-032608 | sRNA RNA-010028 3705309-3705449 (-),S1_exp #70
binding_site,BND-035953,INSERT,,,EVI-032608 | mRNA RNA-014077 3706548-3706922 (-),S1_exp #70
binding_site,BND-035954,INSERT,,,EVI-032609 | sRNA RNA-010028 3705309-3705318 (-),S1_exp #71
binding_site,BND-035955,INSERT,,,EVI-032609 | mRNA RNA-009967 2828831-2829273 (-),S1_exp #71
binding_site,BND-035956,INSERT,,,EVI-032610 | sRNA RNA-010028 3705309-3705318 (-),S1_exp #72
binding_site,BND-035957,INSERT,,,EVI-032610 | mRNA RNA-002443 184248-184300 (+),S1_exp #72
binding_site,BND-035958,INSERT,,,EVI-032611 | sRNA RNA-010028 3705310-3705316 (-),S1_exp #73
binding_site,BND-035959,INSERT,,,EVI-032611 | mRNA RNA-014078 1087331-1087577 (-),S1_exp #73
binding_site,BND-035960,INSERT,,,EVI-032612 | sRNA RNA-010028 3705310-3705316 (-),S1_exp #74
binding_site,BND-035961,INSERT,,,EVI-032612 | mRNA RNA-001987 6017151-6017528 (-),S1_exp #74
binding_site,BND-035962,INSERT,,,EVI-032613 | sRNA RNA-010028 3705309-3705318 (-),S1_exp #75
binding_site,BND-035963,INSERT,,,EVI-032613 | mRNA RNA-014079 3573450-3573837 (-),S1_exp #75
binding_site,BND-035964,INSERT,,,EVI-032614 | sRNA RNA-010028 3705309-3705318 (-),S1_exp #76
binding_site,BND-035965,INSERT,,,EVI-032614 | mRNA RNA-014080 706724-706803 (-),S1_exp #76
binding_site,BND-035966,INSERT,,,EVI-032615 | sRNA RNA-010028 3705309-3705316 (-),S1_exp #77
binding_site,BND-035967,INSERT,,,EVI-032615 | mRNA RNA-014081 2164550-2164810 (-),S1_exp #77
binding_site,BND-035968,INSERT,,,EVI-032616 | sRNA RNA-010028 3705309-3705316 (-),S1_exp #78
binding_site,BND-035969,INSERT,,,EVI-032616 | mRNA RNA-014082 1277015-1277458 (+),S1_exp #78
binding_site,BND-035970,INSERT,,,EVI-032617 | sRNA RNA-010028 3705309-3705315 (-),S1_exp #79
binding_site,BND-035971,INSERT,,,EVI-032617 | mRNA RNA-014083 1007008-1007268 (+),S1_exp #79
binding_site,BND-035972,INSERT,,,EVI-032618 | sRNA RNA-010028 3705310-3705318 (-),S1_exp #80
binding_site,BND-035973,INSERT,,,EVI-032618 | mRNA RNA-014084 246644-247060 (-),S1_exp #80
binding_site,BND-035974,INSERT,,,EVI-032619 | sRNA RNA-010028 3705309-3705450 (-),S1_exp #81
binding_site,BND-035975,INSERT,,,EVI-032619 | mRNA RNA-014085 833703-834046 (+),S1_exp #81
binding_site,BND-035976,INSERT,,,EVI-032620 | sRNA RNA-010028 3705308-3705317 (-),S1_exp #82
binding_site,BND-035977,INSERT,,,EVI-032620 | mRNA RNA-014086 3108595-3108889 (-),S1_exp #82
binding_site,BND-035978,INSERT,,,EVI-032621 | sRNA RNA-010028 3705308-3705317 (-),S1_exp #83
binding_site,BND-035979,INSERT,,,EVI-032621 | mRNA RNA-014087 5001984-5002381 (-),S1_exp #83
binding_site,BND-035980,INSERT,,,EVI-032622 | sRNA RNA-014062 3116446-3116480 (+),S1_exp #84
binding_site,BND-035981,INSERT,,,EVI-032622 | mRNA RNA-014088 5332054-5332081 (-),S1_exp #84
binding_site,BND-035982,INSERT,,,EVI-032623 | sRNA RNA-010028 3705310-3705317 (-),S1_exp #85
binding_site,BND-035983,INSERT,,,EVI-032623 | mRNA RNA-014089 120728-120975 (+),S1_exp #85
binding_site,BND-035984,INSERT,,,EVI-032624 | sRNA RNA-010028 3705310-3705318 (-),S1_exp #86
binding_site,BND-035985,INSERT,,,EVI-032624 | mRNA RNA-014090 3545331-3545781 (-),S1_exp #86
binding_site,BND-035986,INSERT,,,EVI-032625 | sRNA RNA-010028 3705309-3705318 (-),S1_exp #87
binding_site,BND-035987,INSERT,,,EVI-032625 | mRNA RNA-014091 4843870-4844058 (+),S1_exp #87
binding_site,BND-035988,INSERT,,,EVI-032626 | sRNA RNA-010028 3705310-3705317 (-),S1_exp #88
binding_site,BND-035989,INSERT,,,EVI-032626 | mRNA RNA-001846 4753276-4753698 (-),S1_exp #88
binding_site,BND-035990,INSERT,,,EVI-032627 | sRNA RNA-014051 6110825-6110938 (+),S1_exp #89
binding_site,BND-035991,INSERT,,,EVI-032627 | mRNA RNA-014092 1117638-1117879 (+),S1_exp #89
binding_site,BND-035992,INSERT,,,EVI-032628 | sRNA RNA-010028 3705308-3705316 (-),S1_exp #90
binding_site,BND-035993,INSERT,,,EVI-032628 | mRNA RNA-014093 4418319-4418568 (+),S1_exp #90
binding_site,BND-035994,INSERT,,,EVI-032629 | sRNA RNA-014031 5372502-5372511 (-),S1_exp #91
binding_site,BND-035995,INSERT,,,EVI-032629 | mRNA RNA-002122 3457712-3457961 (-),S1_exp #91
binding_site,BND-035996,INSERT,,,EVI-032630 | sRNA RNA-010028 3705310-3705316 (-),S1_exp #92
binding_site,BND-035997,INSERT,,,EVI-032630 | mRNA RNA-014094 1060402-1060539 (+),S1_exp #92
binding_site,BND-035998,INSERT,,,EVI-032631 | sRNA RNA-010028 3705310-3705318 (-),S1_exp #93
binding_site,BND-035999,INSERT,,,EVI-032631 | mRNA RNA-014095 3598032-3598333 (-),S1_exp #93
binding_site,BND-036000,INSERT,,,EVI-032632 | sRNA RNA-010028 3705310-3705452 (-),S1_exp #94
binding_site,BND-036001,INSERT,,,EVI-032632 | mRNA RNA-014096 5118508-5118917 (+),S1_exp #94
binding_site,BND-036002,INSERT,,,EVI-032633 | sRNA RNA-001834 5308901-5308930 (+),S1_exp #95
binding_site,BND-036003,INSERT,,,EVI-032633 | mRNA RNA-014030 6171806-6171811 (-),S1_exp #95
binding_site,BND-036004,INSERT,,,EVI-032634 | sRNA RNA-010028 3705309-3705318 (-),S1_exp #96
binding_site,BND-036005,INSERT,,,EVI-032634 | mRNA RNA-014097 5680533-5680830 (-),S1_exp #96
binding_site,BND-036006,INSERT,,,EVI-032635 | sRNA RNA-010028 3705309-3705317 (-),S1_exp #97
binding_site,BND-036007,INSERT,,,EVI-032635 | mRNA RNA-014098 5117889-5117960 (-),S1_exp #97
binding_site,BND-036008,INSERT,,,EVI-032636 | sRNA RNA-010028 3705310-3705318 (-),S1_exp #98
binding_site,BND-036009,INSERT,,,EVI-032636 | mRNA RNA-014099 897708-897754 (-),S1_exp #98
binding_site,BND-036010,INSERT,,,EVI-032637 | sRNA RNA-010028 3705310-3705318 (-),S1_exp #99
binding_site,BND-036011,INSERT,,,EVI-032637 | mRNA RNA-014100 1184205-1184292 (+),S1_exp #99
binding_site,BND-036012,INSERT,,,EVI-032638 | sRNA RNA-010028 3705310-3705318 (-),S1_exp #100
binding_site,BND-036013,INSERT,,,EVI-032638 | mRNA RNA-014101 1057518-1057693 (+),S1_exp #100
binding_site,BND-036014,INSERT,,,EVI-032639 | sRNA RNA-010028 3705309-3705318 (-),S1_exp #101
binding_site,BND-036015,INSERT,,,EVI-032639 | mRNA RNA-014102 1141242-1141680 (+),S1_exp #101
binding_site,BND-036016,INSERT,,,EVI-032640 | sRNA RNA-010028 3705310-3705317 (-),S1_exp #102
binding_site,BND-036017,INSERT,,,EVI-032640 | mRNA RNA-014103 1955803-1956238 (+),S1_exp #102
binding_site,BND-036018,INSERT,,,EVI-032641 | sRNA RNA-010028 3705310-3705312 (-),S1_exp #103
binding_site,BND-036019,INSERT,,,EVI-032641 | mRNA RNA-014063 3529280-3529591 (-),S1_exp #103
binding_site,BND-036020,INSERT,,,EVI-032642 | sRNA RNA-010028 3705310-3705318 (-),S1_exp #104
binding_site,BND-036021,INSERT,,,EVI-032642 | mRNA RNA-014104 5985918-5986364 (-),S1_exp #104
binding_site,BND-036022,INSERT,,,EVI-032643 | sRNA RNA-010028 3705309-3705316 (-),S1_exp #105
binding_site,BND-036023,INSERT,,,EVI-032643 | mRNA RNA-014105 3286510-3286739 (-),S1_exp #105
binding_site,BND-036024,INSERT,,,EVI-032644 | sRNA RNA-010028 3705309-3705318 (-),S1_exp #106
binding_site,BND-036025,INSERT,,,EVI-032644 | mRNA RNA-002215 4761525-4761628 (-),S1_exp #106
binding_site,BND-036026,INSERT,,,EVI-032645 | sRNA RNA-010028 3705310-3705318 (-),S1_exp #107
binding_site,BND-036027,INSERT,,,EVI-032645 | mRNA RNA-014106 636714-636810 (-),S1_exp #107
binding_site,BND-036028,INSERT,,,EVI-032646 | sRNA RNA-010028 3705309-3705318 (-),S1_exp #108
binding_site,BND-036029,INSERT,,,EVI-032646 | mRNA RNA-014107 3364105-3364449 (+),S1_exp #108
binding_site,BND-036030,INSERT,,,EVI-032647 | sRNA RNA-010028 3705308-3705314 (-),S1_exp #109
binding_site,BND-036031,INSERT,,,EVI-032647 | mRNA RNA-014108 4332214-4332263 (-),S1_exp #109
binding_site,BND-036032,INSERT,,,EVI-032648 | sRNA RNA-010028 3705309-3705318 (-),S1_exp #110
binding_site,BND-036033,INSERT,,,EVI-032648 | mRNA RNA-014109 4759699-4759916 (-),S1_exp #110
binding_site,BND-036034,INSERT,,,EVI-032649 | sRNA RNA-010028 3705310-3705318 (-),S1_exp #111
binding_site,BND-036035,INSERT,,,EVI-032649 | mRNA RNA-014110 4247549-4247925 (-),S1_exp #111
binding_site,BND-036036,INSERT,,,EVI-032650 | sRNA RNA-010028 3705309-3705318 (-),S1_exp #112
binding_site,BND-036037,INSERT,,,EVI-032650 | mRNA RNA-014111 3522775-3522933 (+),S1_exp #112
binding_site,BND-036038,INSERT,,,EVI-032651 | sRNA RNA-010028 3705309-3705317 (-),S1_exp #113
binding_site,BND-036039,INSERT,,,EVI-032651 | mRNA RNA-014112 3013871-3014196 (+),S1_exp #113
binding_site,BND-036040,INSERT,,,EVI-032652 | sRNA RNA-010028 3705309-3705318 (-),S1_exp #114
binding_site,BND-036041,INSERT,,,EVI-032652 | mRNA RNA-014113 3754516-3754984 (-),S1_exp #114
binding_site,BND-036042,INSERT,,,EVI-032653 | sRNA RNA-010028 3705309-3705317 (-),S1_exp #115
binding_site,BND-036043,INSERT,,,EVI-032653 | mRNA RNA-014114 4362998-4363102 (-),S1_exp #115
binding_site,BND-036044,INSERT,,,EVI-032654 | sRNA RNA-010028 3705310-3705318 (-),S1_exp #116
binding_site,BND-036045,INSERT,,,EVI-032654 | mRNA RNA-014115 5222199-5222294 (-),S1_exp #116
binding_site,BND-036046,INSERT,,,EVI-032655 | sRNA RNA-014051 6110934-6110938 (+),S1_exp #117
binding_site,BND-036047,INSERT,,,EVI-032655 | mRNA RNA-002050 225178-225278 (+),S1_exp #117
binding_site,BND-036048,INSERT,,,EVI-032656 | sRNA RNA-010028 3705310-3705318 (-),S1_exp #118
binding_site,BND-036049,INSERT,,,EVI-032656 | mRNA RNA-014116 2623504-2623852 (-),S1_exp #118
binding_site,BND-036050,INSERT,,,EVI-032657 | sRNA RNA-010028 3705310-3705317 (-),S1_exp #119
binding_site,BND-036051,INSERT,,,EVI-032657 | mRNA RNA-014117 1300808-1301218 (+),S1_exp #119
binding_site,BND-036052,INSERT,,,EVI-032658 | sRNA RNA-010028 3705310-3705318 (-),S1_exp #120
binding_site,BND-036053,INSERT,,,EVI-032658 | mRNA RNA-002377 4619052-4619322 (-),S1_exp #120
binding_site,BND-036054,INSERT,,,EVI-032659 | sRNA RNA-010028 3705310-3705318 (-),S1_exp #121
binding_site,BND-036055,INSERT,,,EVI-032659 | mRNA RNA-014118 6050511-6050700 (-),S1_exp #121
binding_site,BND-036056,INSERT,,,EVI-032660 | sRNA RNA-010028 3705310-3705316 (-),S1_exp #122
binding_site,BND-036057,INSERT,,,EVI-032660 | mRNA RNA-001934 2146601-2146938 (+),S1_exp #122
binding_site,BND-036058,INSERT,,,EVI-032661 | sRNA RNA-014119 1119579-1119585 (-),S1_exp #123
binding_site,BND-036059,INSERT,,,EVI-032661 | mRNA RNA-002208 3459965-3460025 (-),S1_exp #123
binding_site,BND-036060,INSERT,,,EVI-032662 | sRNA RNA-010028 3705310-3705315 (-),S1_exp #124
binding_site,BND-036061,INSERT,,,EVI-032662 | mRNA RNA-014120 4455512-4455702 (-),S1_exp #124
binding_site,BND-036062,INSERT,,,EVI-032663 | sRNA RNA-010028 3705310-3705318 (-),S1_exp #125
binding_site,BND-036063,INSERT,,,EVI-032663 | mRNA RNA-014121 327079-327432 (+),S1_exp #125
binding_site,BND-036064,INSERT,,,EVI-032664 | sRNA RNA-010028 3705309-3705378 (-),S1_exp #126
binding_site,BND-036065,INSERT,,,EVI-032664 | mRNA RNA-014122 5315469-5315700 (+),S1_exp #126
binding_site,BND-036066,INSERT,,,EVI-032665 | sRNA RNA-010028 3705310-3705341 (-),S1_exp #127
binding_site,BND-036067,INSERT,,,EVI-032665 | mRNA RNA-014123 243402-243676 (+),S1_exp #127
binding_site,BND-036068,INSERT,,,EVI-032666 | sRNA RNA-014062 3116513-3116519 (+),S1_exp #128
binding_site,BND-036069,INSERT,,,EVI-032666 | mRNA RNA-014124 785527-785798 (-),S1_exp #128
binding_site,BND-036070,INSERT,,,EVI-032667 | sRNA RNA-014066 5284071-5284319 (+),S1_exp #129
binding_site,BND-036071,INSERT,,,EVI-032667 | mRNA RNA-001835 6182385-6182792 (-),S1_exp #129
binding_site,BND-036072,INSERT,,,EVI-032668 | sRNA RNA-010028 3705310-3705318 (-),S1_exp #130
binding_site,BND-036073,INSERT,,,EVI-032668 | mRNA RNA-014125 4946406-4946848 (-),S1_exp #130
binding_site,BND-036074,INSERT,,,EVI-032669 | sRNA RNA-010028 3705309-3705490 (-),S1_exp #131
binding_site,BND-036075,INSERT,,,EVI-032669 | mRNA RNA-014126 1486903-1487381 (-),S1_exp #131
binding_site,BND-036076,INSERT,,,EVI-032670 | sRNA RNA-014051 6110898-6110937 (+),S1_exp #132
binding_site,BND-036077,INSERT,,,EVI-032670 | mRNA RNA-001958 138748-138751 (+),S1_exp #132
binding_site,BND-036078,INSERT,,,EVI-032671 | sRNA RNA-010028 3705310-3705408 (-),S1_exp #133
binding_site,BND-036079,INSERT,,,EVI-032671 | mRNA RNA-014127 3616920-3617040 (+),S1_exp #133
binding_site,BND-036080,INSERT,,,EVI-032672 | sRNA RNA-001834 5308714-5308795 (+),S1_exp #134
binding_site,BND-036081,INSERT,,,EVI-032672 | mRNA RNA-014128 283781-283790 (-),S1_exp #134
binding_site,BND-036082,INSERT,,,EVI-032673 | sRNA RNA-010028 3705309-3705318 (-),S1_exp #135
binding_site,BND-036083,INSERT,,,EVI-032673 | mRNA RNA-014129 5904405-5904496 (-),S1_exp #135
binding_site,BND-036084,INSERT,,,EVI-032674 | sRNA RNA-010028 3705309-3705315 (-),S1_exp #136
binding_site,BND-036085,INSERT,,,EVI-032674 | mRNA RNA-014130 3441493-3441636 (-),S1_exp #136
binding_site,BND-036086,INSERT,,,EVI-032675 | sRNA RNA-010028 3705310-3705314 (-),S1_exp #137
binding_site,BND-036087,INSERT,,,EVI-032675 | mRNA RNA-014131 3119844-3120078 (+),S1_exp #137
binding_site,BND-036088,INSERT,,,EVI-032676 | sRNA RNA-010028 3705310-3705318 (-),S1_exp #138
binding_site,BND-036089,INSERT,,,EVI-032676 | mRNA RNA-002277 4406356-4406533 (-),S1_exp #138
binding_site,BND-036090,INSERT,,,EVI-032677 | sRNA RNA-010028 3705310-3705313 (-),S1_exp #139
binding_site,BND-036091,INSERT,,,EVI-032677 | mRNA RNA-014132 5214710-5214766 (-),S1_exp #139
binding_site,BND-036092,INSERT,,,EVI-032678 | sRNA RNA-010028 3705309-3705318 (-),S1_exp #140
binding_site,BND-036093,INSERT,,,EVI-032678 | mRNA RNA-014133 2125954-2126242 (-),S1_exp #140
binding_site,BND-036094,INSERT,,,EVI-032679 | sRNA RNA-010028 3705310-3705311 (-),S1_exp #141
binding_site,BND-036095,INSERT,,,EVI-032679 | mRNA RNA-014134 3456358-3456637 (-),S1_exp #141
binding_site,BND-036096,INSERT,,,EVI-032680 | sRNA RNA-010028 3705310-3705314 (-),S1_exp #142
binding_site,BND-036097,INSERT,,,EVI-032680 | mRNA RNA-014063 3528607-3528994 (-),S1_exp #142
binding_site,BND-036098,INSERT,,,EVI-032681 | sRNA RNA-010028 3705308-3705318 (-),S1_exp #143
binding_site,BND-036099,INSERT,,,EVI-032681 | mRNA RNA-014135 3327149-3327280 (-),S1_exp #143
binding_site,BND-036100,INSERT,,,EVI-032682 | sRNA RNA-010028 3705309-3705317 (-),S1_exp #144
binding_site,BND-036101,INSERT,,,EVI-032682 | mRNA RNA-014136 1180439-1180845 (+),S1_exp #144
binding_site,BND-036102,INSERT,,,EVI-032683 | sRNA RNA-010028 3705309-3705317 (-),S1_exp #145
binding_site,BND-036103,INSERT,,,EVI-032683 | mRNA RNA-014137 4072603-4072633 (-),S1_exp #145
binding_site,BND-036104,INSERT,,,EVI-032684 | sRNA RNA-014138 5640675-5640682 (+),S1_exp #146
binding_site,BND-036105,INSERT,,,EVI-032684 | mRNA RNA-014139 5701737-5701770 (-),S1_exp #146
binding_site,BND-036106,INSERT,,,EVI-032685 | sRNA RNA-010028 3705309-3705384 (-),S1_exp #147
binding_site,BND-036107,INSERT,,,EVI-032685 | mRNA RNA-014140 5885248-5885384 (-),S1_exp #147
binding_site,BND-036108,INSERT,,,EVI-032686 | sRNA RNA-010028 3705309-3705326 (-),S1_exp #148
binding_site,BND-036109,INSERT,,,EVI-032686 | mRNA RNA-014141 5916055-5916419 (-),S1_exp #148
binding_site,BND-036110,INSERT,,,EVI-032687 | sRNA RNA-014072 3855363-3855377 (-),S1_exp #149
binding_site,BND-036111,INSERT,,,EVI-032687 | mRNA RNA-014142 4769019-4769124 (-),S1_exp #149
binding_site,BND-036112,INSERT,,,EVI-032688 | sRNA RNA-010028 3705310-3705318 (-),S1_exp #150
binding_site,BND-036113,INSERT,,,EVI-032688 | mRNA RNA-014143 1545793-1546181 (-),S1_exp #150
binding_site,BND-036114,INSERT,,,EVI-032689 | sRNA RNA-010028 3705309-3705318 (-),S1_exp #151
binding_site,BND-036115,INSERT,,,EVI-032689 | mRNA RNA-014073 4780402-4780896 (-),S1_exp #151
binding_site,BND-036116,INSERT,,,EVI-032690 | sRNA RNA-010028 3705310-3705318 (-),S1_exp #152
binding_site,BND-036117,INSERT,,,EVI-032690 | mRNA RNA-014144 1348631-1348980 (-),S1_exp #152
binding_site,BND-036118,INSERT,,,EVI-032691 | sRNA RNA-014066 5284103-5284319 (+),S1_exp #153
binding_site,BND-036119,INSERT,,,EVI-032691 | mRNA RNA-001870 5401767-5401769 (-),S1_exp #153
binding_site,BND-036120,INSERT,,,EVI-032692 | sRNA RNA-010028 3705309-3705318 (-),S1_exp #154
binding_site,BND-036121,INSERT,,,EVI-032692 | mRNA RNA-002385 334687-334811 (+),S1_exp #154
binding_site,BND-036122,INSERT,,,EVI-032693 | sRNA RNA-014062 3116516-3116519 (+),S1_exp #155
binding_site,BND-036123,INSERT,,,EVI-032693 | mRNA RNA-014088 5332105-5332173 (-),S1_exp #155
binding_site,BND-036124,INSERT,,,EVI-032694 | sRNA RNA-010028 3705310-3705314 (-),S1_exp #156
binding_site,BND-036125,INSERT,,,EVI-032694 | mRNA RNA-014145 3544512-3544809 (-),S1_exp #156
binding_site,BND-036126,INSERT,,,EVI-032695 | sRNA RNA-010028 3705310-3705318 (-),S1_exp #157
binding_site,BND-036127,INSERT,,,EVI-032695 | mRNA RNA-014146 1485854-1485892 (-),S1_exp #157
binding_site,BND-036128,INSERT,,,EVI-032696 | sRNA RNA-010028 3705311-3705318 (-),S1_exp #158
binding_site,BND-036129,INSERT,,,EVI-032696 | mRNA RNA-014147 5238280-5238290 (+),S1_exp #158
binding_site,BND-036130,INSERT,,,EVI-032697 | sRNA RNA-010028 3705310-3705314 (-),S1_exp #159
binding_site,BND-036131,INSERT,,,EVI-032697 | mRNA RNA-014148 1187004-1187250 (+),S1_exp #159
binding_site,BND-036132,INSERT,,,EVI-032698 | sRNA RNA-010028 3705310-3705318 (-),S1_exp #160
binding_site,BND-036133,INSERT,,,EVI-032698 | mRNA RNA-014149 6118124-6118598 (-),S1_exp #160
binding_site,BND-036134,INSERT,,,EVI-032699 | sRNA RNA-010028 3705309-3705313 (-),S1_exp #161
binding_site,BND-036135,INSERT,,,EVI-032699 | mRNA RNA-014150 5036214-5036384 (+),S1_exp #161
binding_site,BND-036136,INSERT,,,EVI-032700 | sRNA RNA-010028 3705310-3705317 (-),S1_exp #162
binding_site,BND-036137,INSERT,,,EVI-032700 | mRNA RNA-014151 5329231-5329606 (-),S1_exp #162
binding_site,BND-036138,INSERT,,,EVI-032701 | sRNA RNA-010028 3705309-3705318 (-),S1_exp #163
binding_site,BND-036139,INSERT,,,EVI-032701 | mRNA RNA-014152 522632-522974 (+),S1_exp #163
binding_site,BND-036140,INSERT,,,EVI-032702 | sRNA RNA-010028 3705310-3705318 (-),S1_exp #164
binding_site,BND-036141,INSERT,,,EVI-032702 | mRNA RNA-014153 1544223-1544460 (-),S1_exp #164
binding_site,BND-036142,INSERT,,,EVI-032703 | sRNA RNA-010028 3705310-3705317 (-),S1_exp #166
binding_site,BND-036143,INSERT,,,EVI-032703 | mRNA RNA-014135 3327808-3328071 (-),S1_exp #166
binding_site,BND-036144,INSERT,,,EVI-032704 | sRNA RNA-010028 3705310-3705318 (-),S1_exp #167
binding_site,BND-036145,INSERT,,,EVI-032704 | mRNA RNA-014154 4496552-4496751 (+),S1_exp #167
binding_site,BND-036146,INSERT,,,EVI-032705 | sRNA RNA-010028 3705309-3705311 (-),S1_exp #168
binding_site,BND-036147,INSERT,,,EVI-032705 | mRNA RNA-014155 5548609-5549068 (-),S1_exp #168
binding_site,BND-036148,INSERT,,,EVI-032706 | sRNA RNA-010028 3705309-3705312 (-),S1_exp #169
binding_site,BND-036149,INSERT,,,EVI-032706 | mRNA RNA-002449 1161916-1162355 (-),S1_exp #169
binding_site,BND-036150,INSERT,,,EVI-032707 | sRNA RNA-014051 6110824-6110825 (+),S1_exp #170
binding_site,BND-036151,INSERT,,,EVI-032707 | mRNA RNA-014156 1284423-1284427 (+),S1_exp #170
binding_site,BND-036152,INSERT,,,EVI-032708 | sRNA RNA-010028 3705309-3705318 (-),S1_exp #171
binding_site,BND-036153,INSERT,,,EVI-032708 | mRNA RNA-002085 4761162-4761426 (-),S1_exp #171
binding_site,BND-036154,INSERT,,,EVI-032709 | sRNA RNA-010028 3705310-3705313 (-),S1_exp #172
binding_site,BND-036155,INSERT,,,EVI-032709 | mRNA RNA-014157 4953583-4953972 (-),S1_exp #172
binding_site,BND-036156,INSERT,,,EVI-032710 | sRNA RNA-010028 3705310-3705348 (-),S1_exp #173
binding_site,BND-036157,INSERT,,,EVI-032710 | mRNA RNA-014158 4885250-4885664 (-),S1_exp #173
binding_site,BND-036158,INSERT,,,EVI-032711 | sRNA RNA-010028 3705310-3705313 (-),S1_exp #174
binding_site,BND-036159,INSERT,,,EVI-032711 | mRNA RNA-002274 2176950-2176984 (+),S1_exp #174
binding_site,BND-036160,INSERT,,,EVI-032712 | sRNA RNA-001834 5308901-5308917 (+),S1_exp #175
binding_site,BND-036161,INSERT,,,EVI-032712 | mRNA RNA-014159 3545838-3545846 (-),S1_exp #175
binding_site,BND-036162,INSERT,,,EVI-032713 | sRNA RNA-010028 3705310-3705318 (-),S1_exp #176
binding_site,BND-036163,INSERT,,,EVI-032713 | mRNA RNA-014160 5541246-5541290 (-),S1_exp #176
binding_site,BND-036164,INSERT,,,EVI-032714 | sRNA RNA-010028 3705309-3705315 (-),S1_exp #177
binding_site,BND-036165,INSERT,,,EVI-032714 | mRNA RNA-014161 5013028-5013181 (-),S1_exp #177
binding_site,BND-036166,INSERT,,,EVI-032715 | sRNA RNA-010028 3705309-3705314 (-),S1_exp #178
binding_site,BND-036167,INSERT,,,EVI-032715 | mRNA RNA-014162 4350329-4350387 (+),S1_exp #178
binding_site,BND-036168,INSERT,,,EVI-032716 | sRNA RNA-010028 3705310-3705317 (-),S1_exp #179
binding_site,BND-036169,INSERT,,,EVI-032716 | mRNA RNA-014028 3013016-3013081 (-),S1_exp #179
binding_site,BND-036170,INSERT,,,EVI-032717 | sRNA RNA-010028 3705310-3705318 (-),S1_exp #180
binding_site,BND-036171,INSERT,,,EVI-032717 | mRNA RNA-014163 901428-901474 (-),S1_exp #180
binding_site,BND-036172,INSERT,,,EVI-032718 | sRNA RNA-010028 3705310-3705318 (-),S1_exp #181
binding_site,BND-036173,INSERT,,,EVI-032718 | mRNA RNA-014164 2453564-2453761 (+),S1_exp #181
binding_site,BND-036174,INSERT,,,EVI-032719 | sRNA RNA-010028 3705310-3705319 (-),S1_exp #182
binding_site,BND-036175,INSERT,,,EVI-032719 | mRNA RNA-014165 2964105-2964549 (-),S1_exp #182
binding_site,BND-036176,INSERT,,,EVI-032720 | sRNA RNA-010028 3705309-3705315 (-),S1_exp #183
binding_site,BND-036177,INSERT,,,EVI-032720 | mRNA RNA-014166 4243650-4243730 (-),S1_exp #183
binding_site,BND-036178,INSERT,,,EVI-032721 | sRNA RNA-010028 3705310-3705311 (-),S1_exp #184
binding_site,BND-036179,INSERT,,,EVI-032721 | mRNA RNA-002330 1721215-1721488 (+),S1_exp #184
binding_site,BND-036180,INSERT,,,EVI-032722 | sRNA RNA-010028 3705310-3705317 (-),S1_exp #185
binding_site,BND-036181,INSERT,,,EVI-032722 | mRNA RNA-014167 578849-578985 (-),S1_exp #185
binding_site,BND-036182,INSERT,,,EVI-032723 | sRNA RNA-014066 5284078-5284319 (+),S1_exp #186
binding_site,BND-036183,INSERT,,,EVI-032723 | mRNA RNA-001891 4036179-4036224 (+),S1_exp #186
binding_site,BND-036184,INSERT,,,EVI-032724 | sRNA RNA-010028 3705309-3705318 (-),S1_exp #187
binding_site,BND-036185,INSERT,,,EVI-032724 | mRNA RNA-014159 3545865-3546128 (-),S1_exp #187
binding_site,BND-036186,INSERT,,,EVI-032725 | sRNA RNA-014066 5284060-5284318 (+),S1_exp #188
binding_site,BND-036187,INSERT,,,EVI-032725 | mRNA RNA-001860 5476879-5476927 (+),S1_exp #188
binding_site,BND-036188,INSERT,,,EVI-032726 | sRNA RNA-010028 3705309-3705312 (-),S1_exp #189
binding_site,BND-036189,INSERT,,,EVI-032726 | mRNA RNA-014168 6217034-6217196 (-),S1_exp #189
binding_site,BND-036190,INSERT,,,EVI-032727 | sRNA RNA-010028 3705310-3705317 (-),S1_exp #190
binding_site,BND-036191,INSERT,,,EVI-032727 | mRNA RNA-014169 5694072-5694374 (+),S1_exp #190
binding_site,BND-036192,INSERT,,,EVI-032728 | sRNA RNA-014062 3116488-3116498 (+),S1_exp #191
binding_site,BND-036193,INSERT,,,EVI-032728 | mRNA RNA-001834 5308804-5308836 (+),S1_exp #191
binding_site,BND-036194,INSERT,,,EVI-032729 | sRNA RNA-001834 5308824-5308925 (+),S1_exp #192
binding_site,BND-036195,INSERT,,,EVI-032729 | mRNA RNA-002091 1650070-1650375 (+),S1_exp #192
binding_site,BND-036196,INSERT,,,EVI-032730 | sRNA RNA-014066 5284103-5284312 (+),S1_exp #193
binding_site,BND-036197,INSERT,,,EVI-032730 | mRNA RNA-001868 4893520-4893697 (+),S1_exp #193
binding_site,BND-036198,INSERT,,,EVI-032731 | sRNA RNA-010028 3705310-3705312 (-),S1_exp #194
binding_site,BND-036199,INSERT,,,EVI-032731 | mRNA RNA-014170 4933902-4934368 (-),S1_exp #194
binding_site,BND-036200,INSERT,,,EVI-032732 | sRNA RNA-010028 3705309-3705315 (-),S1_exp #195
binding_site,BND-036201,INSERT,,,EVI-032732 | mRNA RNA-002425 2473035-2473242 (+),S1_exp #195
binding_site,BND-036202,INSERT,,,EVI-032733 | sRNA RNA-010028 3705308-3705311 (-),S1_exp #196
binding_site,BND-036203,INSERT,,,EVI-032733 | mRNA RNA-014171 1117977-1118157 (+),S1_exp #196
binding_site,BND-036204,INSERT,,,EVI-032734 | sRNA RNA-014036 5308615-5308699 (-),S1_exp #197
binding_site,BND-036205,INSERT,,,EVI-032734 | mRNA RNA-001834 5308755-5308890 (+),S1_exp #197
binding_site,BND-036206,INSERT,,,EVI-032735 | sRNA RNA-010028 3705310-3705316 (-),S1_exp #198
binding_site,BND-036207,INSERT,,,EVI-032735 | mRNA RNA-014172 3350306-3350383 (-),S1_exp #198
binding_site,BND-036208,INSERT,,,EVI-032736 | sRNA RNA-010028 3705311-3705312 (-),S1_exp #199
binding_site,BND-036209,INSERT,,,EVI-032736 | mRNA RNA-014173 3668883-3669052 (-),S1_exp #199
binding_site,BND-036210,INSERT,,,EVI-032737 | sRNA RNA-001834 5308901-5308916 (+),S1_exp #200
binding_site,BND-036211,INSERT,,,EVI-032737 | mRNA RNA-002182 4196995-4196999 (-),S1_exp #200
binding_site,BND-036212,INSERT,,,EVI-032738 | sRNA RNA-010028 3705309-3705317 (-),S1_exp #201
binding_site,BND-036213,INSERT,,,EVI-032738 | mRNA RNA-014174 3538206-3538398 (-),S1_exp #201
binding_site,BND-036214,INSERT,,,EVI-032739 | sRNA RNA-010028 3705310-3705313 (-),S1_exp #202
binding_site,BND-036215,INSERT,,,EVI-032739 | mRNA RNA-014175 4848271-4848697 (+),S1_exp #202
binding_site,BND-036216,INSERT,,,EVI-032740 | sRNA RNA-014051 6110819-6110825 (+),S1_exp #203
binding_site,BND-036217,INSERT,,,EVI-032740 | mRNA RNA-014176 5138778-5138791 (-),S1_exp #203
binding_site,BND-036218,INSERT,,,EVI-032741 | sRNA RNA-010028 3705311-3705312 (-),S1_exp #204
binding_site,BND-036219,INSERT,,,EVI-032741 | mRNA RNA-014177 4923323-4923361 (+),S1_exp #204
binding_site,BND-036220,INSERT,,,EVI-032742 | sRNA RNA-010028 3705310-3705318 (-),S1_exp #205
binding_site,BND-036221,INSERT,,,EVI-032742 | mRNA RNA-014178 293253-293307 (-),S1_exp #205
binding_site,BND-036222,INSERT,,,EVI-032743 | sRNA RNA-010028 3705309-3705315 (-),S1_exp #206
binding_site,BND-036223,INSERT,,,EVI-032743 | mRNA RNA-014179 1054104-1054460 (+),S1_exp #206
binding_site,BND-036224,INSERT,,,EVI-032744 | sRNA RNA-010028 3705309-3705317 (-),S1_exp #207
binding_site,BND-036225,INSERT,,,EVI-032744 | mRNA RNA-014180 5282585-5282799 (-),S1_exp #207
binding_site,BND-036226,INSERT,,,EVI-032745 | sRNA RNA-010028 3705310-3705315 (-),S1_exp #208
binding_site,BND-036227,INSERT,,,EVI-032745 | mRNA RNA-014181 5624908-5625307 (-),S1_exp #208
binding_site,BND-036228,INSERT,,,EVI-032746 | sRNA RNA-010028 3705309-3705316 (-),S1_exp #209
binding_site,BND-036229,INSERT,,,EVI-032746 | mRNA RNA-014182 3038102-3038116 (+),S1_exp #209
binding_site,BND-036230,INSERT,,,EVI-032747 | sRNA RNA-010028 3705310-3705311 (-),S1_exp #210
binding_site,BND-036231,INSERT,,,EVI-032747 | mRNA RNA-014183 2143801-2143851 (+),S1_exp #210
binding_site,BND-036232,INSERT,,,EVI-032748 | sRNA RNA-010028 3705310-3705316 (-),S1_exp #211
binding_site,BND-036233,INSERT,,,EVI-032748 | mRNA RNA-002055 1250370-1250515 (-),S1_exp #211
binding_site,BND-036234,INSERT,,,EVI-032749 | sRNA RNA-010028 3705310-3705316 (-),S1_exp #212
binding_site,BND-036235,INSERT,,,EVI-032749 | mRNA RNA-001870 5400891-5401263 (-),S1_exp #212
binding_site,BND-036236,INSERT,,,EVI-032750 | sRNA RNA-010028 3705310-3705311 (-),S1_exp #213
binding_site,BND-036237,INSERT,,,EVI-032750 | mRNA RNA-002110 6218772-6218910 (-),S1_exp #213
binding_site,BND-036238,INSERT,,,EVI-032751 | sRNA RNA-010028 3705310-3705311 (-),S1_exp #214
binding_site,BND-036239,INSERT,,,EVI-032751 | mRNA RNA-014184 5767813-5767895 (+),S1_exp #214
binding_site,BND-036240,INSERT,,,EVI-032752 | sRNA RNA-010028 3705311-3705318 (-),S1_exp #215
binding_site,BND-036241,INSERT,,,EVI-032752 | mRNA RNA-014185 1147005-1147312 (+),S1_exp #215
binding_site,BND-036242,INSERT,,,EVI-032753 | sRNA RNA-010028 3705310-3705317 (-),S1_exp #216
binding_site,BND-036243,INSERT,,,EVI-032753 | mRNA RNA-014186 1300149-1300541 (+),S1_exp #216
binding_site,BND-036244,INSERT,,,EVI-032754 | sRNA RNA-010028 3705310-3705319 (-),S1_exp #217
binding_site,BND-036245,INSERT,,,EVI-032754 | mRNA RNA-014187 5136636-5137039 (+),S1_exp #217
binding_site,BND-036246,INSERT,,,EVI-032755 | sRNA RNA-010028 3705310-3705312 (-),S1_exp #218
binding_site,BND-036247,INSERT,,,EVI-032755 | mRNA RNA-014188 3088205-3088265 (-),S1_exp #218
binding_site,BND-036248,INSERT,,,EVI-032756 | sRNA RNA-010028 3705310-3705317 (-),S1_exp #219
binding_site,BND-036249,INSERT,,,EVI-032756 | mRNA RNA-014189 2397624-2397763 (+),S1_exp #219
binding_site,BND-036250,INSERT,,,EVI-032757 | sRNA RNA-010028 3705310-3705315 (-),S1_exp #220
binding_site,BND-036251,INSERT,,,EVI-032757 | mRNA RNA-014190 3542066-3542188 (-),S1_exp #220
binding_site,BND-036252,INSERT,,,EVI-032758 | sRNA RNA-010028 3705310-3705314 (-),S1_exp #221
binding_site,BND-036253,INSERT,,,EVI-032758 | mRNA RNA-014191 1996943-1997273 (+),S1_exp #221
binding_site,BND-036254,INSERT,,,EVI-032759 | sRNA RNA-014062 3116504-3116519 (+),S1_exp #222
binding_site,BND-036255,INSERT,,,EVI-032759 | mRNA RNA-014192 3318805-3318995 (-),S1_exp #222
binding_site,BND-036256,INSERT,,,EVI-032760 | sRNA RNA-010028 3705310-3705314 (-),S1_exp #223
binding_site,BND-036257,INSERT,,,EVI-032760 | mRNA RNA-014193 5701643-5701738 (-),S1_exp #223
binding_site,BND-036258,INSERT,,,EVI-032761 | sRNA RNA-010028 3705310-3705312 (-),S1_exp #224
binding_site,BND-036259,INSERT,,,EVI-032761 | mRNA RNA-014194 5632429-5632886 (+),S1_exp #224
binding_site,BND-036260,INSERT,,,EVI-032762 | sRNA RNA-014051 6110930-6110937 (+),S1_exp #225
binding_site,BND-036261,INSERT,,,EVI-032762 | mRNA RNA-014195 721953-721967 (+),S1_exp #225
binding_site,BND-036262,INSERT,,,EVI-032763 | sRNA RNA-010028 3705310-3705316 (-),S1_exp #226
binding_site,BND-036263,INSERT,,,EVI-032763 | mRNA RNA-014196 5547281-5547287 (-),S1_exp #226
binding_site,BND-036264,INSERT,,,EVI-032764 | sRNA RNA-014051 6110819-6110900 (+),S1_exp #227
binding_site,BND-036265,INSERT,,,EVI-032764 | mRNA RNA-014094 1060386-1060390 (+),S1_exp #227
binding_site,BND-036266,INSERT,,,EVI-032765 | sRNA RNA-010028 3705309-3705312 (-),S1_exp #228
binding_site,BND-036267,INSERT,,,EVI-032765 | mRNA RNA-014197 4968581-4968594 (+),S1_exp #228
binding_site,BND-036268,INSERT,,,EVI-032766 | sRNA RNA-001834 5308626-5308687 (+),S1_exp #229
binding_site,BND-036269,INSERT,,,EVI-032766 | mRNA RNA-014198 1639063-1639064 (+),S1_exp #229
binding_site,BND-036270,INSERT,,,EVI-032767 | sRNA RNA-010028 3705310-3705318 (-),S1_exp #230
binding_site,BND-036271,INSERT,,,EVI-032767 | mRNA RNA-014136 1181328-1181585 (+),S1_exp #230
binding_site,BND-036272,INSERT,,,EVI-032768 | sRNA RNA-014138 5640675-5640682 (+),S1_exp #231
binding_site,BND-036273,INSERT,,,EVI-032768 | mRNA RNA-014104 5985945-5986019 (-),S1_exp #231
binding_site,BND-036274,INSERT,,,EVI-032769 | sRNA RNA-010028 3705311-3705314 (-),S1_exp #232
binding_site,BND-036275,INSERT,,,EVI-032769 | mRNA RNA-014199 5071071-5071438 (+),S1_exp #232
binding_site,BND-036276,INSERT,,,EVI-032770 | sRNA RNA-002532 3958143-3958148 (+),S1_exp #233
binding_site,BND-036277,INSERT,,,EVI-032770 | mRNA RNA-014039 3751849-3751893 (-),S1_exp #233
binding_site,BND-036278,INSERT,,,EVI-032771 | sRNA RNA-010028 3705310-3705318 (-),S1_exp #234
binding_site,BND-036279,INSERT,,,EVI-032771 | mRNA RNA-001891 4036245-4036305 (+),S1_exp #234
binding_site,BND-036280,INSERT,,,EVI-032772 | sRNA RNA-010028 3705310-3705315 (-),S1_exp #235
binding_site,BND-036281,INSERT,,,EVI-032772 | mRNA RNA-014200 6197242-6197599 (+),S1_exp #235
binding_site,BND-036282,INSERT,,,EVI-032773 | sRNA RNA-010028 3705310-3705313 (-),S1_exp #236
binding_site,BND-036283,INSERT,,,EVI-032773 | mRNA RNA-014201 1720198-1720451 (-),S1_exp #236
binding_site,BND-036284,INSERT,,,EVI-032774 | sRNA RNA-010028 3705309-3705314 (-),S1_exp #237
binding_site,BND-036285,INSERT,,,EVI-032774 | mRNA RNA-014202 4874497-4874738 (-),S1_exp #237
binding_site,BND-036286,INSERT,,,EVI-032775 | sRNA RNA-010028 3705310-3705311 (-),S1_exp #238
binding_site,BND-036287,INSERT,,,EVI-032775 | mRNA RNA-002143 338353-338552 (+),S1_exp #238
binding_site,BND-036288,INSERT,,,EVI-032776 | sRNA RNA-010028 3705311-3705314 (-),S1_exp #239
binding_site,BND-036289,INSERT,,,EVI-032776 | mRNA RNA-014203 4006219-4006234 (-),S1_exp #239
binding_site,BND-036290,INSERT,,,EVI-032777 | sRNA RNA-010028 3705311-3705317 (-),S1_exp #240
binding_site,BND-036291,INSERT,,,EVI-032777 | mRNA RNA-014204 1953593-1953737 (+),S1_exp #240
binding_site,BND-036292,INSERT,,,EVI-032778 | sRNA RNA-010028 3705310-3705315 (-),S1_exp #241
binding_site,BND-036293,INSERT,,,EVI-032778 | mRNA RNA-014174 3538870-3539204 (-),S1_exp #241
binding_site,BND-036294,INSERT,,,EVI-032779 | sRNA RNA-014032 3575845-3575849 (-),S1_exp #242
binding_site,BND-036295,INSERT,,,EVI-032779 | mRNA RNA-001834 5308567-5308600 (+),S1_exp #242
binding_site,BND-036296,INSERT,,,EVI-032780 | sRNA RNA-010028 3705310-3705318 (-),S1_exp #243
binding_site,BND-036297,INSERT,,,EVI-032780 | mRNA RNA-014205 4759001-4759064 (-),S1_exp #243
binding_site,BND-036298,INSERT,,,EVI-032781 | sRNA RNA-010028 3705308-3705312 (-),S1_exp #244
binding_site,BND-036299,INSERT,,,EVI-032781 | mRNA RNA-014192 3318665-3318700 (-),S1_exp #244
binding_site,BND-036300,INSERT,,,EVI-032782 | sRNA RNA-010028 3705310-3705315 (-),S1_exp #245
binding_site,BND-036301,INSERT,,,EVI-032782 | mRNA RNA-014206 5065534-5065572 (-),S1_exp #245
binding_site,BND-036302,INSERT,,,EVI-032783 | sRNA RNA-010028 3705311-3705312 (-),S1_exp #246
binding_site,BND-036303,INSERT,,,EVI-032783 | mRNA RNA-014207 4612436-4612453 (+),S1_exp #246
binding_site,BND-036304,INSERT,,,EVI-032784 | sRNA RNA-010028 3705310-3705311 (-),S1_exp #247
binding_site,BND-036305,INSERT,,,EVI-032784 | mRNA RNA-014208 3491144-3491555 (-),S1_exp #247
binding_site,BND-036306,INSERT,,,EVI-032785 | sRNA RNA-001834 5308901-5308913 (+),S1_exp #248
binding_site,BND-036307,INSERT,,,EVI-032785 | mRNA RNA-014209 828704-828709 (+),S1_exp #248
binding_site,BND-036308,INSERT,,,EVI-032786 | sRNA RNA-010028 3705310-3705315 (-),S1_exp #249
binding_site,BND-036309,INSERT,,,EVI-032786 | mRNA RNA-014210 5678714-5678791 (-),S1_exp #249
binding_site,BND-036310,INSERT,,,EVI-032787 | sRNA RNA-001834 5308875-5308900 (+),S1_exp #250
binding_site,BND-036311,INSERT,,,EVI-032787 | mRNA RNA-014209 828704-828706 (+),S1_exp #250
binding_site,BND-036312,INSERT,,,EVI-032788 | sRNA RNA-014051 6110787-6110825 (+),S1_exp #251
binding_site,BND-036313,INSERT,,,EVI-032788 | mRNA RNA-014211 6110813-6110916 (-),S1_exp #251
binding_site,BND-036314,INSERT,,,EVI-032789 | sRNA RNA-014212 2478217-2478255 (+),S1_exp #252
binding_site,BND-036315,INSERT,,,EVI-032789 | mRNA RNA-014213 2473015-2473016 (+),S1_exp #252
binding_site,BND-036316,INSERT,,,EVI-032790 | sRNA RNA-010028 3705310-3705311 (-),S1_exp #253
binding_site,BND-036317,INSERT,,,EVI-032790 | mRNA RNA-001949 551877-551889 (+),S1_exp #253
binding_site,BND-036318,INSERT,,,EVI-032791 | sRNA RNA-010028 3705308-3705312 (-),S1_exp #254
binding_site,BND-036319,INSERT,,,EVI-032791 | mRNA RNA-014214 3157998-3158113 (-),S1_exp #254
binding_site,BND-036320,INSERT,,,EVI-032792 | sRNA RNA-014062 3116518-3116519 (+),S1_exp #255
binding_site,BND-036321,INSERT,,,EVI-032792 | mRNA RNA-014215 3394693-3394694 (+),S1_exp #255
binding_site,BND-036322,INSERT,,,EVI-032793 | sRNA RNA-010028 3705309-3705311 (-),S1_exp #256
binding_site,BND-036323,INSERT,,,EVI-032793 | mRNA RNA-014216 598612-598736 (+),S1_exp #256
binding_site,BND-036324,INSERT,,,EVI-032794 | sRNA RNA-002540 3889774-3889809 (-),S1_exp #257
binding_site,BND-036325,INSERT,,,EVI-032794 | mRNA RNA-014217 3119945-3120027 (+),S1_exp #257
binding_site,BND-036326,INSERT,,,EVI-032795 | sRNA RNA-010028 3705310-3705318 (-),S1_exp #258
binding_site,BND-036327,INSERT,,,EVI-032795 | mRNA RNA-014218 4127448-4127742 (-),S1_exp #258
binding_site,BND-036328,INSERT,,,EVI-032796 | sRNA RNA-010028 3705310-3705311 (-),S1_exp #259
binding_site,BND-036329,INSERT,,,EVI-032796 | mRNA RNA-014219 3536692-3536979 (-),S1_exp #259
binding_site,BND-036330,INSERT,,,EVI-032797 | sRNA RNA-010028 3705308-3705311 (-),S1_exp #260
binding_site,BND-036331,INSERT,,,EVI-032797 | mRNA RNA-014220 3587405-3587612 (+),S1_exp #260
binding_site,BND-036332,INSERT,,,EVI-032798 | sRNA RNA-014062 3116510-3116519 (+),S1_exp #261
binding_site,BND-036333,INSERT,,,EVI-032798 | mRNA RNA-014221 3116491-3116492 (-),S1_exp #261
binding_site,BND-036334,INSERT,,,EVI-032799 | sRNA RNA-010028 3705310-3705316 (-),S1_exp #262
binding_site,BND-036335,INSERT,,,EVI-032799 | mRNA RNA-014222 4420229-4420241 (-),S1_exp #262
binding_site,BND-036336,INSERT,,,EVI-032800 | sRNA RNA-010028 3705311-3705317 (-),S1_exp #263
binding_site,BND-036337,INSERT,,,EVI-032800 | mRNA RNA-014223 5116236-5116296 (-),S1_exp #263
binding_site,BND-036338,INSERT,,,EVI-032801 | sRNA RNA-010028 3705311-3705318 (-),S1_exp #264
binding_site,BND-036339,INSERT,,,EVI-032801 | mRNA RNA-014224 5852124-5852243 (-),S1_exp #264
binding_site,BND-036340,INSERT,,,EVI-032802 | sRNA RNA-001834 5308845-5308900 (+),S1_exp #266
binding_site,BND-036341,INSERT,,,EVI-032802 | mRNA RNA-014073 4780309-4780314 (-),S1_exp #266
binding_site,BND-036342,INSERT,,,EVI-032803 | sRNA RNA-010028 3705309-3705312 (-),S1_exp #267
binding_site,BND-036343,INSERT,,,EVI-032803 | mRNA RNA-014225 3571828-3571985 (-),S1_exp #267
binding_site,BND-036344,INSERT,,,EVI-032804 | sRNA RNA-010028 3705311-3705317 (-),S1_exp #268
binding_site,BND-036345,INSERT,,,EVI-032804 | mRNA RNA-014226 3337350-3337414 (-),S1_exp #268
binding_site,BND-036346,INSERT,,,EVI-032805 | sRNA RNA-010028 3705309-3705312 (-),S1_exp #269
binding_site,BND-036347,INSERT,,,EVI-032805 | mRNA RNA-014113 3754172-3754210 (-),S1_exp #269
binding_site,BND-036348,INSERT,,,EVI-032806 | sRNA RNA-010028 3705310-3705318 (-),S1_exp #270
binding_site,BND-036349,INSERT,,,EVI-032806 | mRNA RNA-002438 5333394-5333637 (-),S1_exp #270
binding_site,BND-036350,INSERT,,,EVI-032807 | sRNA RNA-010028 3705309-3705314 (-),S1_exp #271
binding_site,BND-036351,INSERT,,,EVI-032807 | mRNA RNA-014038 3103804-3103871 (-),S1_exp #271
binding_site,BND-036352,INSERT,,,EVI-032808 | sRNA RNA-010028 3705311-3705312 (-),S1_exp #272
binding_site,BND-036353,INSERT,,,EVI-032808 | mRNA RNA-014227 2782705-2782762 (-),S1_exp #272
binding_site,BND-036354,INSERT,,,EVI-032809 | sRNA RNA-014228 727595-727604 (+),S1_exp #273
binding_site,BND-036355,INSERT,,,EVI-032809 | mRNA RNA-014186 1299607-1299679 (+),S1_exp #273
binding_site,BND-036356,INSERT,,,EVI-032810 | sRNA RNA-010028 3705310-3705408 (-),S1_exp #274
binding_site,BND-036357,INSERT,,,EVI-032810 | mRNA RNA-014229 2812587-2812817 (+),S1_exp #274
binding_site,BND-036358,INSERT,,,EVI-032811 | sRNA RNA-010028 3705310-3705312 (-),S1_exp #275
binding_site,BND-036359,INSERT,,,EVI-032811 | mRNA RNA-014230 229290-229475 (-),S1_exp #275
binding_site,BND-036360,INSERT,,,EVI-032812 | sRNA RNA-014066 5284103-5284319 (+),S1_exp #276
binding_site,BND-036361,INSERT,,,EVI-032812 | mRNA RNA-001961 1689174-1689362 (-),S1_exp #276
binding_site,BND-036362,INSERT,,,EVI-032813 | sRNA RNA-010028 3705310-3705311 (-),S1_exp #277
binding_site,BND-036363,INSERT,,,EVI-032813 | mRNA RNA-014231 2060654-2060719 (-),S1_exp #277
binding_site,BND-036364,INSERT,,,EVI-032814 | sRNA RNA-010028 3705311-3705312 (-),S1_exp #278
binding_site,BND-036365,INSERT,,,EVI-032814 | mRNA RNA-014232 5944215-5944274 (+),S1_exp #278
binding_site,BND-036366,INSERT,,,EVI-032815 | sRNA RNA-010028 3705310-3705311 (-),S1_exp #279
binding_site,BND-036367,INSERT,,,EVI-032815 | mRNA RNA-014233 1989925-1989943 (-),S1_exp #279
binding_site,BND-036368,INSERT,,,EVI-032816 | sRNA RNA-010028 3705309-3705312 (-),S1_exp #280
binding_site,BND-036369,INSERT,,,EVI-032816 | mRNA RNA-014234 1039757-1040137 (+),S1_exp #280
binding_site,BND-036370,INSERT,,,EVI-032817 | sRNA RNA-010028 3705311-3705487 (-),S1_exp #281
binding_site,BND-036371,INSERT,,,EVI-032817 | mRNA RNA-014235 5192898-5193197 (+),S1_exp #281
binding_site,BND-036372,INSERT,,,EVI-032818 | sRNA RNA-010028 3705310-3705318 (-),S1_exp #282
binding_site,BND-036373,INSERT,,,EVI-032818 | mRNA RNA-014236 3414342-3414538 (+),S1_exp #282
binding_site,BND-036374,INSERT,,,EVI-032819 | sRNA RNA-010028 3705310-3705313 (-),S1_exp #283
binding_site,BND-036375,INSERT,,,EVI-032819 | mRNA RNA-001980 4963583-4963860 (-),S1_exp #283
binding_site,BND-036376,INSERT,,,EVI-032820 | sRNA RNA-010028 3705309-3705317 (-),S1_exp #284
binding_site,BND-036377,INSERT,,,EVI-032820 | mRNA RNA-002138 3877781-3878161 (+),S1_exp #284
binding_site,BND-036378,INSERT,,,EVI-032821 | sRNA RNA-010028 3705310-3705311 (-),S1_exp #285
binding_site,BND-036379,INSERT,,,EVI-032821 | mRNA RNA-014237 1055737-1055838 (+),S1_exp #285
binding_site,BND-036380,INSERT,,,EVI-032822 | sRNA RNA-010028 3705311-3705317 (-),S1_exp #286
binding_site,BND-036381,INSERT,,,EVI-032822 | mRNA RNA-014238 4284828-4284879 (-),S1_exp #286
binding_site,BND-036382,INSERT,,,EVI-032823 | sRNA RNA-010028 3705310-3705357 (-),S1_exp #287
binding_site,BND-036383,INSERT,,,EVI-032823 | mRNA RNA-014239 4994431-4994779 (+),S1_exp #287
binding_site,BND-036384,INSERT,,,EVI-032824 | sRNA RNA-014031 5372502-5372505 (-),S1_exp #288
binding_site,BND-036385,INSERT,,,EVI-032824 | mRNA RNA-014240 4994137-4994506 (+),S1_exp #288
binding_site,BND-036386,INSERT,,,EVI-032825 | sRNA RNA-010028 3705310-3705313 (-),S1_exp #289
binding_site,BND-036387,INSERT,,,EVI-032825 | mRNA RNA-014241 5922105-5922578 (-),S1_exp #289
binding_site,BND-036388,INSERT,,,EVI-032826 | sRNA RNA-014062 3116511-3116519 (+),S1_exp #290
binding_site,BND-036389,INSERT,,,EVI-032826 | mRNA RNA-014083 1006819-1006968 (+),S1_exp #290
binding_site,BND-036390,INSERT,,,EVI-032827 | sRNA RNA-010028 3705311-3705320 (-),S1_exp #291
binding_site,BND-036391,INSERT,,,EVI-032827 | mRNA RNA-001853 4957679-4957707 (+),S1_exp #291
binding_site,BND-036392,INSERT,,,EVI-032828 | sRNA RNA-010028 3705310-3705318 (-),S1_exp #292
binding_site,BND-036393,INSERT,,,EVI-032828 | mRNA RNA-014242 3154736-3155115 (-),S1_exp #292
binding_site,BND-036394,INSERT,,,EVI-032829 | sRNA RNA-010028 3705310-3705312 (-),S1_exp #293
binding_site,BND-036395,INSERT,,,EVI-032829 | mRNA RNA-014243 5569087-5569251 (+),S1_exp #293
binding_site,BND-036396,INSERT,,,EVI-032830 | sRNA RNA-010028 3705310-3705312 (-),S1_exp #294
binding_site,BND-036397,INSERT,,,EVI-032830 | mRNA RNA-014244 5391687-5391843 (+),S1_exp #294
binding_site,BND-036398,INSERT,,,EVI-032831 | sRNA RNA-010028 3705311-3705317 (-),S1_exp #295
binding_site,BND-036399,INSERT,,,EVI-032831 | mRNA RNA-014245 5343341-5343642 (+),S1_exp #295
binding_site,BND-036400,INSERT,,,EVI-032832 | sRNA RNA-010028 3705311-3705311 (-),S1_exp #296
binding_site,BND-036401,INSERT,,,EVI-032832 | mRNA RNA-014246 5157604-5157643 (+),S1_exp #296
binding_site,BND-036402,INSERT,,,EVI-032833 | sRNA RNA-010028 3705311-3705311 (-),S1_exp #298
binding_site,BND-036403,INSERT,,,EVI-032833 | mRNA RNA-014247 2328898-2329080 (+),S1_exp #298
binding_site,BND-036404,INSERT,,,EVI-032834 | sRNA RNA-010028 3705310-3705448 (-),S1_exp #299
binding_site,BND-036405,INSERT,,,EVI-032834 | mRNA RNA-014248 5186110-5186171 (+),S1_exp #299
binding_site,BND-036406,INSERT,,,EVI-032835 | sRNA RNA-010028 3705310-3705317 (-),S1_exp #300
binding_site,BND-036407,INSERT,,,EVI-032835 | mRNA RNA-014190 3540932-3541197 (-),S1_exp #300
binding_site,BND-036408,INSERT,,,EVI-032836 | sRNA RNA-010028 3705309-3705311 (-),S1_exp #301
binding_site,BND-036409,INSERT,,,EVI-032836 | mRNA RNA-002292 3550199-3550247 (-),S1_exp #301
binding_site,BND-036410,INSERT,,,EVI-032837 | sRNA RNA-010028 3705311-3705311 (-),S1_exp #302
binding_site,BND-036411,INSERT,,,EVI-032837 | mRNA RNA-014249 4297240-4297584 (+),S1_exp #302
binding_site,BND-036412,INSERT,,,EVI-032838 | sRNA RNA-010028 3705311-3705317 (-),S1_exp #303
binding_site,BND-036413,INSERT,,,EVI-032838 | mRNA RNA-001847 1156239-1156698 (+),S1_exp #303
binding_site,BND-036414,INSERT,,,EVI-032839 | sRNA RNA-010028 3705310-3705316 (-),S1_exp #304
binding_site,BND-036415,INSERT,,,EVI-032839 | mRNA RNA-014250 1184706-1184781 (+),S1_exp #304
binding_site,BND-036416,INSERT,,,EVI-032840 | sRNA RNA-010028 3705310-3705312 (-),S1_exp #305
binding_site,BND-036417,INSERT,,,EVI-032840 | mRNA RNA-014251 5385865-5385880 (+),S1_exp #305
binding_site,BND-036418,INSERT,,,EVI-032841 | sRNA RNA-010028 3705310-3705316 (-),S1_exp #306
binding_site,BND-036419,INSERT,,,EVI-032841 | mRNA RNA-014252 1187716-1188079 (+),S1_exp #306
binding_site,BND-036420,INSERT,,,EVI-032842 | sRNA RNA-010028 3705311-3705312 (-),S1_exp #307
binding_site,BND-036421,INSERT,,,EVI-032842 | mRNA RNA-014253 5184237-5184324 (-),S1_exp #307
binding_site,BND-036422,INSERT,,,EVI-032843 | sRNA RNA-010028 3705310-3705318 (-),S1_exp #308
binding_site,BND-036423,INSERT,,,EVI-032843 | mRNA RNA-002301 5537476-5537845 (-),S1_exp #308
binding_site,BND-036424,INSERT,,,EVI-032844 | sRNA RNA-010028 3705310-3705312 (-),S1_exp #309
binding_site,BND-036425,INSERT,,,EVI-032844 | mRNA RNA-014254 3394949-3394971 (+),S1_exp #309
binding_site,BND-036426,INSERT,,,EVI-032845 | sRNA RNA-010028 3705310-3705317 (-),S1_exp #310
binding_site,BND-036427,INSERT,,,EVI-032845 | mRNA RNA-014255 4092481-4092589 (+),S1_exp #310
binding_site,BND-036428,INSERT,,,EVI-032846 | sRNA RNA-010028 3705310-3705312 (-),S1_exp #311
binding_site,BND-036429,INSERT,,,EVI-032846 | mRNA RNA-014256 986996-987045 (+),S1_exp #311
binding_site,BND-036430,INSERT,,,EVI-032847 | sRNA RNA-010028 3705311-3705311 (-),S1_exp #312
binding_site,BND-036431,INSERT,,,EVI-032847 | mRNA RNA-014136 1182164-1182539 (+),S1_exp #312
binding_site,BND-036432,INSERT,,,EVI-032848 | sRNA RNA-001834 5308589-5308598 (+),S1_exp #313
binding_site,BND-036433,INSERT,,,EVI-032848 | mRNA RNA-014257 1007737-1007770 (-),S1_exp #313
binding_site,BND-036434,INSERT,,,EVI-032849 | sRNA RNA-010028 3705310-3705312 (-),S1_exp #314
binding_site,BND-036435,INSERT,,,EVI-032849 | mRNA RNA-014052 5667740-5668053 (-),S1_exp #314
binding_site,BND-036436,INSERT,,,EVI-032850 | sRNA RNA-001834 5308905-5308919 (+),S1_exp #315
binding_site,BND-036437,INSERT,,,EVI-032850 | mRNA RNA-014039 3751826-3751865 (-),S1_exp #315
binding_site,BND-036438,INSERT,,,EVI-032851 | sRNA RNA-010028 3705310-3705311 (-),S1_exp #316
binding_site,BND-036439,INSERT,,,EVI-032851 | mRNA RNA-014258 135182-135235 (+),S1_exp #316
binding_site,BND-036440,INSERT,,,EVI-032852 | sRNA RNA-010028 3705310-3705317 (-),S1_exp #317
binding_site,BND-036441,INSERT,,,EVI-032852 | mRNA RNA-014259 3205120-3205328 (+),S1_exp #317
binding_site,BND-036442,INSERT,,,EVI-032853 | sRNA RNA-010028 3705310-3705313 (-),S1_exp #318
binding_site,BND-036443,INSERT,,,EVI-032853 | mRNA RNA-014209 828651-828712 (+),S1_exp #318
binding_site,BND-036444,INSERT,,,EVI-032854 | sRNA RNA-010028 3705310-3705311 (-),S1_exp #319
binding_site,BND-036445,INSERT,,,EVI-032854 | mRNA RNA-002044 127259-127581 (+),S1_exp #319
binding_site,BND-036446,INSERT,,,EVI-032855 | sRNA RNA-010028 3705311-3705316 (-),S1_exp #320
binding_site,BND-036447,INSERT,,,EVI-032855 | mRNA RNA-014260 441-587 (+),S1_exp #320
binding_site,BND-036448,INSERT,,,EVI-032856 | sRNA RNA-001834 5308925-5308928 (+),S1_exp #322
binding_site,BND-036449,INSERT,,,EVI-032856 | mRNA RNA-014261 1693078-1693080 (-),S1_exp #322
binding_site,BND-036450,INSERT,,,EVI-032857 | sRNA RNA-010028 3705309-3705312 (-),S1_exp #323
binding_site,BND-036451,INSERT,,,EVI-032857 | mRNA RNA-014262 5905309-5905354 (-),S1_exp #323
binding_site,BND-036452,INSERT,,,EVI-032858 | sRNA RNA-001834 5308654-5308693 (+),S1_exp #324
binding_site,BND-036453,INSERT,,,EVI-032858 | mRNA RNA-014036 5308616-5308692 (-),S1_exp #324
binding_site,BND-036454,INSERT,,,EVI-032859 | sRNA RNA-001834 5308924-5308930 (+),S1_exp #325
binding_site,BND-036455,INSERT,,,EVI-032859 | mRNA RNA-014263 21024-21028 (-),S1_exp #325
binding_site,BND-036456,INSERT,,,EVI-032860 | sRNA RNA-010028 3705311-3705318 (-),S1_exp #326
binding_site,BND-036457,INSERT,,,EVI-032860 | mRNA RNA-014264 3367813-3368114 (-),S1_exp #326
binding_site,BND-036458,INSERT,,,EVI-032861 | sRNA RNA-010028 3705310-3705408 (-),S1_exp #327
binding_site,BND-036459,INSERT,,,EVI-032861 | mRNA RNA-014265 1488062-1488273 (-),S1_exp #327
binding_site,BND-036460,INSERT,,,EVI-032862 | sRNA RNA-010028 3705311-3705314 (-),S1_exp #328
binding_site,BND-036461,INSERT,,,EVI-032862 | mRNA RNA-014075 458777-459017 (+),S1_exp #328
binding_site,BND-036462,INSERT,,,EVI-032863 | sRNA RNA-010028 3705309-3705312 (-),S1_exp #329
binding_site,BND-036463,INSERT,,,EVI-032863 | mRNA RNA-014266 4965848-4965889 (-),S1_exp #329
binding_site,BND-036464,INSERT,,,EVI-032864 | sRNA RNA-010028 3705310-3705317 (-),S1_exp #330
binding_site,BND-036465,INSERT,,,EVI-032864 | mRNA RNA-014267 4661306-4661314 (+),S1_exp #330
binding_site,BND-036466,INSERT,,,EVI-032865 | sRNA RNA-010028 3705310-3705383 (-),S1_exp #331
binding_site,BND-036467,INSERT,,,EVI-032865 | mRNA RNA-014268 1027433-1027692 (+),S1_exp #331
binding_site,BND-036468,INSERT,,,EVI-032866 | sRNA RNA-010028 3705310-3705318 (-),S1_exp #332
binding_site,BND-036469,INSERT,,,EVI-032866 | mRNA RNA-014269 5116535-5116742 (-),S1_exp #332
binding_site,BND-036470,INSERT,,,EVI-032867 | sRNA RNA-010028 3705310-3705480 (-),S1_exp #333
binding_site,BND-036471,INSERT,,,EVI-032867 | mRNA RNA-014270 1593174-1593497 (+),S1_exp #333
binding_site,BND-036472,INSERT,,,EVI-032868 | sRNA RNA-014066 5284108-5284319 (+),S1_exp #334
binding_site,BND-036473,INSERT,,,EVI-032868 | mRNA RNA-014271 999812-999813 (-),S1_exp #334
binding_site,BND-036474,INSERT,,,EVI-032869 | sRNA RNA-010028 3705310-3705313 (-),S1_exp #335
binding_site,BND-036475,INSERT,,,EVI-032869 | mRNA RNA-014272 168927-169248 (+),S1_exp #335
binding_site,BND-036476,INSERT,,,EVI-032870 | sRNA RNA-010028 3705310-3705312 (-),S1_exp #336
binding_site,BND-036477,INSERT,,,EVI-032870 | mRNA RNA-002298 6246023-6246331 (-),S1_exp #336
binding_site,BND-036478,INSERT,,,EVI-032871 | sRNA RNA-010028 3705311-3705316 (-),S1_exp #337
binding_site,BND-036479,INSERT,,,EVI-032871 | mRNA RNA-014273 3218377-3218468 (-),S1_exp #337
binding_site,BND-036480,INSERT,,,EVI-032872 | sRNA RNA-010028 3705310-3705317 (-),S1_exp #338
binding_site,BND-036481,INSERT,,,EVI-032872 | mRNA RNA-014274 4771479-4771746 (-),S1_exp #338
binding_site,BND-036482,INSERT,,,EVI-032873 | sRNA RNA-010028 3705310-3705316 (-),S1_exp #339
binding_site,BND-036483,INSERT,,,EVI-032873 | mRNA RNA-014275 1559702-1559747 (+),S1_exp #339
binding_site,BND-036484,INSERT,,,EVI-032874 | sRNA RNA-010028 3705310-3705312 (-),S1_exp #340
binding_site,BND-036485,INSERT,,,EVI-032874 | mRNA RNA-014276 2444267-2444428 (-),S1_exp #340
binding_site,BND-036486,INSERT,,,EVI-032875 | sRNA RNA-010028 3705310-3705315 (-),S1_exp #341
binding_site,BND-036487,INSERT,,,EVI-032875 | mRNA RNA-014277 3604852-3605047 (-),S1_exp #341
binding_site,BND-036488,INSERT,,,EVI-032876 | sRNA RNA-010028 3705310-3705317 (-),S1_exp #342
binding_site,BND-036489,INSERT,,,EVI-032876 | mRNA RNA-014278 3769535-3769605 (+),S1_exp #342
binding_site,BND-036490,INSERT,,,EVI-032877 | sRNA RNA-010028 3705309-3705318 (-),S1_exp #343
binding_site,BND-036491,INSERT,,,EVI-032877 | mRNA RNA-014279 2661613-2661776 (-),S1_exp #343
binding_site,BND-036492,INSERT,,,EVI-032878 | sRNA RNA-010028 3705309-3705312 (-),S1_exp #344
binding_site,BND-036493,INSERT,,,EVI-032878 | mRNA RNA-014280 2217148-2217185 (+),S1_exp #344
binding_site,BND-036494,INSERT,,,EVI-032879 | sRNA RNA-010028 3705311-3705311 (-),S1_exp #345
binding_site,BND-036495,INSERT,,,EVI-032879 | mRNA RNA-014281 5235034-5235044 (+),S1_exp #345
binding_site,BND-036496,INSERT,,,EVI-032880 | sRNA RNA-010028 3705311-3705317 (-),S1_exp #346
binding_site,BND-036497,INSERT,,,EVI-032880 | mRNA RNA-002311 5969862-5970162 (-),S1_exp #346
binding_site,BND-036498,INSERT,,,EVI-032881 | sRNA RNA-010028 3705311-3705312 (-),S1_exp #347
binding_site,BND-036499,INSERT,,,EVI-032881 | mRNA RNA-014195 722014-722036 (-),S1_exp #347
binding_site,BND-036500,INSERT,,,EVI-032882 | sRNA RNA-014138 5640681-5640682 (+),S1_exp #348
binding_site,BND-036501,INSERT,,,EVI-032882 | mRNA RNA-002076 706686-706722 (-),S1_exp #348
binding_site,BND-036502,INSERT,,,EVI-032883 | sRNA RNA-010028 3705310-3705315 (-),S1_exp #349
binding_site,BND-036503,INSERT,,,EVI-032883 | mRNA RNA-014282 1247150-1247225 (+),S1_exp #349
binding_site,BND-036504,INSERT,,,EVI-032884 | sRNA RNA-010028 3705311-3705312 (-),S1_exp #350
binding_site,BND-036505,INSERT,,,EVI-032884 | mRNA RNA-014283 5063820-5064145 (-),S1_exp #350
binding_site,BND-036506,INSERT,,,EVI-032885 | sRNA RNA-010028 3705309-3705317 (-),S1_exp #351
binding_site,BND-036507,INSERT,,,EVI-032885 | mRNA RNA-014284 420646-420962 (+),S1_exp #351
binding_site,BND-036508,INSERT,,,EVI-032886 | sRNA RNA-010028 3705311-3705313 (-),S1_exp #352
binding_site,BND-036509,INSERT,,,EVI-032886 | mRNA RNA-014285 5276687-5276775 (+),S1_exp #352
binding_site,BND-036510,INSERT,,,EVI-032887 | sRNA RNA-010028 3705309-3705311 (-),S1_exp #353
binding_site,BND-036511,INSERT,,,EVI-032887 | mRNA RNA-014286 5522401-5522693 (-),S1_exp #353
binding_site,BND-036512,INSERT,,,EVI-032888 | sRNA RNA-014138 5640674-5640676 (+),S1_exp #354
binding_site,BND-036513,INSERT,,,EVI-032888 | mRNA RNA-014287 4693290-4693334 (+),S1_exp #354
binding_site,BND-036514,INSERT,,,EVI-032889 | sRNA RNA-001834 5308901-5308912 (+),S1_exp #355
binding_site,BND-036515,INSERT,,,EVI-032889 | mRNA RNA-014048 5182318-5182346 (-),S1_exp #355
binding_site,BND-036516,INSERT,,,EVI-032890 | sRNA RNA-010028 3705309-3705311 (-),S1_exp #356
binding_site,BND-036517,INSERT,,,EVI-032890 | mRNA RNA-014288 1145110-1145233 (+),S1_exp #356
binding_site,BND-036518,INSERT,,,EVI-032891 | sRNA RNA-010028 3705311-3705313 (-),S1_exp #357
binding_site,BND-036519,INSERT,,,EVI-032891 | mRNA RNA-002010 6058580-6058616 (+),S1_exp #357
binding_site,BND-036520,INSERT,,,EVI-032892 | sRNA RNA-010028 3705310-3705314 (-),S1_exp #358
binding_site,BND-036521,INSERT,,,EVI-032892 | mRNA RNA-014289 3119213-3119251 (-),S1_exp #358
binding_site,BND-036522,INSERT,,,EVI-032893 | sRNA RNA-001834 5308591-5308598 (+),S1_exp #359
binding_site,BND-036523,INSERT,,,EVI-032893 | mRNA RNA-002311 5970560-5970568 (-),S1_exp #359
binding_site,BND-036524,INSERT,,,EVI-032894 | sRNA RNA-010028 3705309-3705318 (-),S1_exp #360
binding_site,BND-036525,INSERT,,,EVI-032894 | mRNA RNA-014290 3540372-3540417 (-),S1_exp #360
binding_site,BND-036526,INSERT,,,EVI-032895 | sRNA RNA-010028 3705310-3705408 (-),S1_exp #361
binding_site,BND-036527,INSERT,,,EVI-032895 | mRNA RNA-001961 1689173-1689357 (-),S1_exp #361
binding_site,BND-036528,INSERT,,,EVI-032896 | sRNA RNA-014138 5640675-5640681 (+),S1_exp #362
binding_site,BND-036529,INSERT,,,EVI-032896 | mRNA RNA-002302 2331532-2331583 (-),S1_exp #362
binding_site,BND-036530,INSERT,,,EVI-032897 | sRNA RNA-010028 3705311-3705318 (-),S1_exp #363
binding_site,BND-036531,INSERT,,,EVI-032897 | mRNA RNA-002191 946664-946779 (+),S1_exp #363
binding_site,BND-036532,INSERT,,,EVI-032898 | sRNA RNA-010028 3705310-3705312 (-),S1_exp #364
binding_site,BND-036533,INSERT,,,EVI-032898 | mRNA RNA-014291 3499808-3499844 (-),S1_exp #364
binding_site,BND-036534,INSERT,,,EVI-032899 | sRNA RNA-014138 5640678-5640682 (+),S1_exp #365
binding_site,BND-036535,INSERT,,,EVI-032899 | mRNA RNA-014292 5207933-5208129 (+),S1_exp #365
binding_site,BND-036536,INSERT,,,EVI-032900 | sRNA RNA-010028 3705310-3705313 (-),S1_exp #366
binding_site,BND-036537,INSERT,,,EVI-032900 | mRNA RNA-014293 482084-482400 (-),S1_exp #366
binding_site,BND-036538,INSERT,,,EVI-032901 | sRNA RNA-010028 3705310-3705312 (-),S1_exp #367
binding_site,BND-036539,INSERT,,,EVI-032901 | mRNA RNA-002212 5983776-5984032 (+),S1_exp #367
binding_site,BND-036540,INSERT,,,EVI-032902 | sRNA RNA-010028 3705310-3705314 (-),S1_exp #368
binding_site,BND-036541,INSERT,,,EVI-032902 | mRNA RNA-014294 5677404-5677801 (-),S1_exp #368
binding_site,BND-036542,INSERT,,,EVI-032903 | sRNA RNA-010028 3705311-3705311 (-),S1_exp #369
binding_site,BND-036543,INSERT,,,EVI-032903 | mRNA RNA-014295 5277129-5277191 (-),S1_exp #369
binding_site,BND-036544,INSERT,,,EVI-032904 | sRNA RNA-010028 3705309-3705312 (-),S1_exp #370
binding_site,BND-036545,INSERT,,,EVI-032904 | mRNA RNA-014296 5774673-5774800 (+),S1_exp #370
binding_site,BND-036546,INSERT,,,EVI-032905 | sRNA RNA-010028 3705310-3705311 (-),S1_exp #371
binding_site,BND-036547,INSERT,,,EVI-032905 | mRNA RNA-002417 3150140-3150413 (-),S1_exp #371
binding_site,BND-036548,INSERT,,,EVI-032906 | sRNA RNA-010028 3705310-3705312 (-),S1_exp #372
binding_site,BND-036549,INSERT,,,EVI-032906 | mRNA RNA-014297 5870459-5870459 (-),S1_exp #372
binding_site,BND-036550,INSERT,,,EVI-032907 | sRNA RNA-001834 5308902-5308919 (+),S1_exp #373
binding_site,BND-036551,INSERT,,,EVI-032907 | mRNA RNA-014298 382928-383015 (+),S1_exp #373
binding_site,BND-036552,INSERT,,,EVI-032908 | sRNA RNA-010028 3705311-3705315 (-),S1_exp #374
binding_site,BND-036553,INSERT,,,EVI-032908 | mRNA RNA-014299 2113738-2113821 (-),S1_exp #374
binding_site,BND-036554,INSERT,,,EVI-032909 | sRNA RNA-010028 3705310-3705311 (-),S1_exp #375
binding_site,BND-036555,INSERT,,,EVI-032909 | mRNA RNA-014043 1029446-1029449 (+),S1_exp #375
binding_site,BND-036556,INSERT,,,EVI-032910 | sRNA RNA-010028 3705310-3705312 (-),S1_exp #376
binding_site,BND-036557,INSERT,,,EVI-032910 | mRNA RNA-002133 2991890-2992021 (+),S1_exp #376
binding_site,BND-036558,INSERT,,,EVI-032911 | sRNA RNA-010028 3705310-3705312 (-),S1_exp #377
binding_site,BND-036559,INSERT,,,EVI-032911 | mRNA RNA-014300 5791577-5791702 (+),S1_exp #377
binding_site,BND-036560,INSERT,,,EVI-032912 | sRNA RNA-010028 3705310-3705314 (-),S1_exp #378
binding_site,BND-036561,INSERT,,,EVI-032912 | mRNA RNA-014301 5637537-5637588 (+),S1_exp #378
binding_site,BND-036562,INSERT,,,EVI-032913 | sRNA RNA-001834 5308589-5308600 (+),S1_exp #379
binding_site,BND-036563,INSERT,,,EVI-032913 | mRNA RNA-014102 1141293-1141296 (+),S1_exp #379
binding_site,BND-036564,INSERT,,,EVI-032914 | sRNA RNA-010028 3705311-3705314 (-),S1_exp #380
binding_site,BND-036565,INSERT,,,EVI-032914 | mRNA RNA-002209 603310-603441 (+),S1_exp #380
binding_site,BND-036566,INSERT,,,EVI-032915 | sRNA RNA-010028 3705310-3705311 (-),S1_exp #381
binding_site,BND-036567,INSERT,,,EVI-032915 | mRNA RNA-014302 2652213-2652383 (-),S1_exp #381
binding_site,BND-036568,INSERT,,,EVI-032916 | sRNA RNA-010028 3705310-3705312 (-),S1_exp #382
binding_site,BND-036569,INSERT,,,EVI-032916 | mRNA RNA-014303 1590171-1590487 (+),S1_exp #382
binding_site,BND-036570,INSERT,,,EVI-032917 | sRNA RNA-010028 3705310-3705312 (-),S1_exp #383
binding_site,BND-036571,INSERT,,,EVI-032917 | mRNA RNA-014304 449526-449976 (+),S1_exp #383
binding_site,BND-036572,INSERT,,,EVI-032918 | sRNA RNA-001834 5308819-5308823 (+),S1_exp #384
binding_site,BND-036573,INSERT,,,EVI-032918 | mRNA RNA-014305 3979526-3979527 (+),S1_exp #384
binding_site,BND-036574,INSERT,,,EVI-032919 | sRNA RNA-010028 3705310-3705318 (-),S1_exp #385
binding_site,BND-036575,INSERT,,,EVI-032919 | mRNA RNA-014306 5248805-5248920 (-),S1_exp #385
binding_site,BND-036576,INSERT,,,EVI-032920 | sRNA RNA-010028 3705310-3705311 (-),S1_exp #386
binding_site,BND-036577,INSERT,,,EVI-032920 | mRNA RNA-014307 5674420-5674566 (-),S1_exp #386
binding_site,BND-036578,INSERT,,,EVI-032921 | sRNA RNA-010028 3705311-3705318 (-),S1_exp #387
binding_site,BND-036579,INSERT,,,EVI-032921 | mRNA RNA-002410 5122615-5122903 (-),S1_exp #387
binding_site,BND-036580,INSERT,,,EVI-032922 | sRNA RNA-010028 3705310-3705312 (-),S1_exp #388
binding_site,BND-036581,INSERT,,,EVI-032922 | mRNA RNA-001998 5486034-5486218 (-),S1_exp #388
binding_site,BND-036582,INSERT,,,EVI-032923 | sRNA RNA-014066 5284103-5284318 (+),S1_exp #389
binding_site,BND-036583,INSERT,,,EVI-032923 | mRNA RNA-001890 1712654-1712780 (-),S1_exp #389
binding_site,BND-036584,INSERT,,,EVI-032924 | sRNA RNA-010028 3705311-3705313 (-),S1_exp #390
binding_site,BND-036585,INSERT,,,EVI-032924 | mRNA RNA-014308 384365-384526 (+),S1_exp #390
binding_site,BND-036586,INSERT,,,EVI-032925 | sRNA RNA-010028 3705310-3705312 (-),S1_exp #391
binding_site,BND-036587,INSERT,,,EVI-032925 | mRNA RNA-014309 5568847-5568892 (-),S1_exp #391
binding_site,BND-036588,INSERT,,,EVI-032926 | sRNA RNA-010028 3705311-3705311 (-),S1_exp #392
binding_site,BND-036589,INSERT,,,EVI-032926 | mRNA RNA-014310 1746024-1746074 (-),S1_exp #392
binding_site,BND-036590,INSERT,,,EVI-032927 | sRNA RNA-010028 3705310-3705316 (-),S1_exp #393
binding_site,BND-036591,INSERT,,,EVI-032927 | mRNA RNA-014311 6201606-6201671 (+),S1_exp #393
binding_site,BND-036592,INSERT,,,EVI-032928 | sRNA RNA-010028 3705311-3705318 (-),S1_exp #394
binding_site,BND-036593,INSERT,,,EVI-032928 | mRNA RNA-014312 4070259-4070374 (-),S1_exp #394
binding_site,BND-036594,INSERT,,,EVI-032929 | sRNA RNA-010028 3705311-3705313 (-),S1_exp #395
binding_site,BND-036595,INSERT,,,EVI-032929 | mRNA RNA-014029 4445195-4445481 (+),S1_exp #395
binding_site,BND-036596,INSERT,,,EVI-032930 | sRNA RNA-010028 3705311-3705314 (-),S1_exp #396
binding_site,BND-036597,INSERT,,,EVI-032930 | mRNA RNA-014292 5207888-5208138 (+),S1_exp #396
binding_site,BND-036598,INSERT,,,EVI-032931 | sRNA RNA-010028 3705311-3705311 (-),S1_exp #397
binding_site,BND-036599,INSERT,,,EVI-032931 | mRNA RNA-002393 638959-639111 (-),S1_exp #397
binding_site,BND-036600,INSERT,,,EVI-032932 | sRNA RNA-001834 5308589-5308596 (+),S1_exp #398
binding_site,BND-036601,INSERT,,,EVI-032932 | mRNA RNA-014206 5065448-5065636 (-),S1_exp #398
binding_site,BND-036602,INSERT,,,EVI-032933 | sRNA RNA-010028 3705310-3705312 (-),S1_exp #399
binding_site,BND-036603,INSERT,,,EVI-032933 | mRNA RNA-002540 3889830-3889844 (-),S1_exp #399
binding_site,BND-036604,INSERT,,,EVI-032934 | sRNA RNA-010028 3705311-3705311 (-),S1_exp #400
binding_site,BND-036605,INSERT,,,EVI-032934 | mRNA RNA-002258 5037022-5037159 (+),S1_exp #400
binding_site,BND-036606,INSERT,,,EVI-032935 | sRNA RNA-010028 3705309-3705315 (-),S1_exp #401
binding_site,BND-036607,INSERT,,,EVI-032935 | mRNA RNA-014313 3369187-3369292 (-),S1_exp #401
binding_site,BND-036608,INSERT,,,EVI-032936 | sRNA RNA-010028 3705311-3705318 (-),S1_exp #402
binding_site,BND-036609,INSERT,,,EVI-032936 | mRNA RNA-014314 5034612-5034741 (-),S1_exp #402
binding_site,BND-036610,INSERT,,,EVI-032937 | sRNA RNA-010028 3705311-3705312 (-),S1_exp #403
binding_site,BND-036611,INSERT,,,EVI-032937 | mRNA RNA-014315 599705-599884 (+),S1_exp #403
binding_site,BND-036612,INSERT,,,EVI-032938 | sRNA RNA-010028 3705311-3705312 (-),S1_exp #404
binding_site,BND-036613,INSERT,,,EVI-032938 | mRNA RNA-002346 1557482-1557731 (+),S1_exp #404
binding_site,BND-036614,INSERT,,,EVI-032939 | sRNA RNA-014316 3570898-3571032 (-),S1_exp #405
binding_site,BND-036615,INSERT,,,EVI-032939 | mRNA RNA-001834 5308911-5308926 (+),S1_exp #405
binding_site,BND-036616,INSERT,,,EVI-032940 | sRNA RNA-001834 5308916-5308926 (+),S1_exp #406
binding_site,BND-036617,INSERT,,,EVI-032940 | mRNA RNA-014317 1571829-1571831 (+),S1_exp #406
binding_site,BND-036618,INSERT,,,EVI-032941 | sRNA RNA-010028 3705310-3705311 (-),S1_exp #407
binding_site,BND-036619,INSERT,,,EVI-032941 | mRNA RNA-014318 1027956-1027958 (-),S1_exp #407
binding_site,BND-036620,INSERT,,,EVI-032942 | sRNA RNA-010028 3705310-3705311 (-),S1_exp #408
binding_site,BND-036621,INSERT,,,EVI-032942 | mRNA RNA-014319 3585364-3585421 (-),S1_exp #408
binding_site,BND-036622,INSERT,,,EVI-032943 | sRNA RNA-010028 3705309-3705311 (-),S1_exp #409
binding_site,BND-036623,INSERT,,,EVI-032943 | mRNA RNA-014320 4060053-4060489 (-),S1_exp #409
binding_site,BND-036624,INSERT,,,EVI-032944 | sRNA RNA-010028 3705310-3705313 (-),S1_exp #410
binding_site,BND-036625,INSERT,,,EVI-032944 | mRNA RNA-014321 3530241-3530601 (-),S1_exp #410
binding_site,BND-036626,INSERT,,,EVI-032945 | sRNA RNA-010028 3705309-3705311 (-),S1_exp #411
binding_site,BND-036627,INSERT,,,EVI-032945 | mRNA RNA-014322 2923556-2923905 (-),S1_exp #411
binding_site,BND-036628,INSERT,,,EVI-032946 | sRNA RNA-010028 3705311-3705318 (-),S1_exp #412
binding_site,BND-036629,INSERT,,,EVI-032946 | mRNA RNA-001844 82757-83127 (-),S1_exp #412
binding_site,BND-036630,INSERT,,,EVI-032947 | sRNA RNA-002443 184456-184457 (+),S1_exp #413
binding_site,BND-036631,INSERT,,,EVI-032947 | mRNA RNA-014296 5774772-5774792 (+),S1_exp #413
binding_site,BND-036632,INSERT,,,EVI-032948 | sRNA RNA-014323 3514664-3514666 (-),S1_exp #414
binding_site,BND-036633,INSERT,,,EVI-032948 | mRNA RNA-014204 1953924-1953928 (+),S1_exp #414
binding_site,BND-036634,INSERT,,,EVI-032949 | sRNA RNA-010028 3705311-3705318 (-),S1_exp #415
binding_site,BND-036635,INSERT,,,EVI-032949 | mRNA RNA-002267 6118603-6118605 (-),S1_exp #415
binding_site,BND-036636,INSERT,,,EVI-032950 | sRNA RNA-010028 3705310-3705315 (-),S1_exp #416
binding_site,BND-036637,INSERT,,,EVI-032950 | mRNA RNA-002241 1251452-1251776 (-),S1_exp #416
binding_site,BND-036638,INSERT,,,EVI-032951 | sRNA RNA-002447 6183530-6183618 (-),S1_exp #417
binding_site,BND-036639,INSERT,,,EVI-032951 | mRNA RNA-014324 1245595-1245925 (+),S1_exp #417
binding_site,BND-036640,INSERT,,,EVI-032952 | sRNA RNA-010028 3705311-3705318 (-),S1_exp #418
binding_site,BND-036641,INSERT,,,EVI-032952 | mRNA RNA-014325 3128653-3128785 (-),S1_exp #418
binding_site,BND-036642,INSERT,,,EVI-032953 | sRNA RNA-010028 3705310-3705315 (-),S1_exp #419
binding_site,BND-036643,INSERT,,,EVI-032953 | mRNA RNA-014326 5274332-5274408 (-),S1_exp #419
binding_site,BND-036644,INSERT,,,EVI-032954 | sRNA RNA-010028 3705309-3705318 (-),S1_exp #420
binding_site,BND-036645,INSERT,,,EVI-032954 | mRNA RNA-014327 5640252-5640559 (+),S1_exp #420
binding_site,BND-036646,INSERT,,,EVI-032955 | sRNA RNA-010028 3705311-3705317 (-),S1_exp #421
binding_site,BND-036647,INSERT,,,EVI-032955 | mRNA RNA-010057 4134142-4134166 (+),S1_exp #421
binding_site,BND-036648,INSERT,,,EVI-032956 | sRNA RNA-010028 3705310-3705312 (-),S1_exp #422
binding_site,BND-036649,INSERT,,,EVI-032956 | mRNA RNA-014328 3592950-3593023 (-),S1_exp #422
binding_site,BND-036650,INSERT,,,EVI-032957 | sRNA RNA-010028 3705309-3705311 (-),S1_exp #423
binding_site,BND-036651,INSERT,,,EVI-032957 | mRNA RNA-014329 4760350-4760534 (-),S1_exp #423
binding_site,BND-036652,INSERT,,,EVI-032958 | sRNA RNA-010028 3705310-3705311 (-),S1_exp #424
binding_site,BND-036653,INSERT,,,EVI-032958 | mRNA RNA-014275 1559252-1559282 (+),S1_exp #424
binding_site,BND-036654,INSERT,,,EVI-032959 | sRNA RNA-014032 3575845-3575847 (-),S1_exp #425
binding_site,BND-036655,INSERT,,,EVI-032959 | mRNA RNA-014080 706813-706815 (-),S1_exp #425
binding_site,BND-036656,INSERT,,,EVI-032960 | sRNA RNA-010028 3705312-3705313 (-),S1_exp #426
binding_site,BND-036657,INSERT,,,EVI-032960 | mRNA RNA-014330 5516898-5516993 (-),S1_exp #426
binding_site,BND-036658,INSERT,,,EVI-032961 | sRNA RNA-010028 3705310-3705311 (-),S1_exp #427
binding_site,BND-036659,INSERT,,,EVI-032961 | mRNA RNA-014100 1183026-1183132 (+),S1_exp #427
binding_site,BND-036660,INSERT,,,EVI-032962 | sRNA RNA-010028 3705310-3705318 (-),S1_exp #428
binding_site,BND-036661,INSERT,,,EVI-032962 | mRNA RNA-014331 3379684-3379769 (-),S1_exp #428
binding_site,BND-036662,INSERT,,,EVI-032963 | sRNA RNA-010028 3705310-3705312 (-),S1_exp #429
binding_site,BND-036663,INSERT,,,EVI-032963 | mRNA RNA-014071 5339998-5340005 (-),S1_exp #429
binding_site,BND-036664,INSERT,,,EVI-032964 | sRNA RNA-002447 6183554-6183623 (-),S1_exp #430
binding_site,BND-036665,INSERT,,,EVI-032964 | mRNA RNA-014097 5680700-5680703 (-),S1_exp #430
binding_site,BND-036666,INSERT,,,EVI-032965 | sRNA RNA-010028 3705311-3705317 (-),S1_exp #431
binding_site,BND-036667,INSERT,,,EVI-032965 | mRNA RNA-014332 710131-710380 (+),S1_exp #431
binding_site,BND-036668,INSERT,,,EVI-032966 | sRNA RNA-010028 3705311-3705315 (-),S1_exp #432
binding_site,BND-036669,INSERT,,,EVI-032966 | mRNA RNA-014333 4021861-4021908 (-),S1_exp #432
binding_site,BND-036670,INSERT,,,EVI-032967 | sRNA RNA-010028 3705310-3705316 (-),S1_exp #433
binding_site,BND-036671,INSERT,,,EVI-032967 | mRNA RNA-014334 2913920-2914205 (+),S1_exp #433
binding_site,BND-036672,INSERT,,,EVI-032968 | sRNA RNA-010028 3705310-3705311 (-),S1_exp #434
binding_site,BND-036673,INSERT,,,EVI-032968 | mRNA RNA-002437 6187461-6187688 (+),S1_exp #434
binding_site,BND-036674,INSERT,,,EVI-032969 | sRNA RNA-010028 3705311-3705311 (-),S1_exp #435
binding_site,BND-036675,INSERT,,,EVI-032969 | mRNA RNA-002303 4503878-4503940 (+),S1_exp #435
binding_site,BND-036676,INSERT,,,EVI-032970 | sRNA RNA-010028 3705309-3705312 (-),S1_exp #436
binding_site,BND-036677,INSERT,,,EVI-032970 | mRNA RNA-014335 40989-41130 (+),S1_exp #436
binding_site,BND-036678,INSERT,,,EVI-032971 | sRNA RNA-010028 3705311-3705318 (-),S1_exp #437
binding_site,BND-036679,INSERT,,,EVI-032971 | mRNA RNA-014336 6046945-6047219 (+),S1_exp #437
binding_site,BND-036680,INSERT,,,EVI-032972 | sRNA RNA-010028 3705310-3705312 (-),S1_exp #438
binding_site,BND-036681,INSERT,,,EVI-032972 | mRNA RNA-014337 1070742-1070982 (+),S1_exp #438
binding_site,BND-036682,INSERT,,,EVI-032973 | sRNA RNA-010028 3705309-3705311 (-),S1_exp #439
binding_site,BND-036683,INSERT,,,EVI-032973 | mRNA RNA-014338 979369-979606 (+),S1_exp #439
binding_site,BND-036684,INSERT,,,EVI-032974 | sRNA RNA-010028 3705310-3705312 (-),S1_exp #440
binding_site,BND-036685,INSERT,,,EVI-032974 | mRNA RNA-014339 5314136-5314197 (+),S1_exp #440
binding_site,BND-036686,INSERT,,,EVI-032975 | sRNA RNA-010028 3705311-3705315 (-),S1_exp #441
binding_site,BND-036687,INSERT,,,EVI-032975 | mRNA RNA-014340 1057910-1057970 (+),S1_exp #441
binding_site,BND-036688,INSERT,,,EVI-032976 | sRNA RNA-010028 3705311-3705311 (-),S1_exp #442
binding_site,BND-036689,INSERT,,,EVI-032976 | mRNA RNA-014341 5912037-5912106 (-),S1_exp #442
binding_site,BND-036690,INSERT,,,EVI-032977 | sRNA RNA-010028 3705309-3705311 (-),S1_exp #443
binding_site,BND-036691,INSERT,,,EVI-032977 | mRNA RNA-014342 1683755-1683954 (-),S1_exp #443
binding_site,BND-036692,INSERT,,,EVI-032978 | sRNA RNA-010028 3705310-3705311 (-),S1_exp #444
binding_site,BND-036693,INSERT,,,EVI-032978 | mRNA RNA-014130 3439035-3439492 (-),S1_exp #444
binding_site,BND-036694,INSERT,,,EVI-032979 | sRNA RNA-014343 2814681-2814686 (+),S1_exp #445
binding_site,BND-036695,INSERT,,,EVI-032979 | mRNA RNA-014104 5985913-5985983 (-),S1_exp #445
binding_site,BND-036696,INSERT,,,EVI-032980 | sRNA RNA-014031 5372504-5372505 (-),S1_exp #446
binding_site,BND-036697,INSERT,,,EVI-032980 | mRNA RNA-014269 5116642-5116690 (-),S1_exp #446
binding_site,BND-036698,INSERT,,,EVI-032981 | sRNA RNA-010028 3705310-3705311 (-),S1_exp #447
binding_site,BND-036699,INSERT,,,EVI-032981 | mRNA RNA-002033 1904243-1904484 (+),S1_exp #447
binding_site,BND-036700,INSERT,,,EVI-032982 | sRNA RNA-010028 3705310-3705311 (-),S1_exp #448
binding_site,BND-036701,INSERT,,,EVI-032982 | mRNA RNA-014344 4764297-4764341 (-),S1_exp #448
binding_site,BND-036702,INSERT,,,EVI-032983 | sRNA RNA-010028 3705311-3705312 (-),S1_exp #449
binding_site,BND-036703,INSERT,,,EVI-032983 | mRNA RNA-014278 3768069-3768115 (+),S1_exp #449
binding_site,BND-036704,INSERT,,,EVI-032984 | sRNA RNA-010028 3705311-3705312 (-),S1_exp #450
binding_site,BND-036705,INSERT,,,EVI-032984 | mRNA RNA-014345 6252836-6252999 (-),S1_exp #450
binding_site,BND-036706,INSERT,,,EVI-032985 | sRNA RNA-014051 6110937-6110939 (+),S1_exp #451
binding_site,BND-036707,INSERT,,,EVI-032985 | mRNA RNA-014269 5116623-5116640 (-),S1_exp #451
binding_site,BND-036708,INSERT,,,EVI-032986 | sRNA RNA-010028 3705310-3705311 (-),S1_exp #452
binding_site,BND-036709,INSERT,,,EVI-032986 | mRNA RNA-014346 3376970-3377057 (+),S1_exp #452
binding_site,BND-036710,INSERT,,,EVI-032987 | sRNA RNA-010028 3705310-3705318 (-),S1_exp #453
binding_site,BND-036711,INSERT,,,EVI-032987 | mRNA RNA-014347 2125675-2125889 (-),S1_exp #453
binding_site,BND-036712,INSERT,,,EVI-032988 | sRNA RNA-010028 3705310-3705311 (-),S1_exp #454
binding_site,BND-036713,INSERT,,,EVI-032988 | mRNA RNA-014348 1878247-1878601 (+),S1_exp #454
binding_site,BND-036714,INSERT,,,EVI-032989 | sRNA RNA-010028 3705310-3705311 (-),S1_exp #455
binding_site,BND-036715,INSERT,,,EVI-032989 | mRNA RNA-014349 3683614-3683626 (-),S1_exp #455
binding_site,BND-036716,INSERT,,,EVI-032990 | sRNA RNA-010028 3705310-3705311 (-),S1_exp #456
binding_site,BND-036717,INSERT,,,EVI-032990 | mRNA RNA-014350 3014959-3015000 (+),S1_exp #456
binding_site,BND-036718,INSERT,,,EVI-032991 | sRNA RNA-010028 3705310-3705311 (-),S1_exp #458
binding_site,BND-036719,INSERT,,,EVI-032991 | mRNA RNA-014351 1240097-1240198 (-),S1_exp #458
binding_site,BND-036720,INSERT,,,EVI-032992 | sRNA RNA-010028 3705311-3705315 (-),S1_exp #459
binding_site,BND-036721,INSERT,,,EVI-032992 | mRNA RNA-014352 5386634-5386768 (-),S1_exp #459
binding_site,BND-036722,INSERT,,,EVI-032993 | sRNA RNA-010028 3705311-3705312 (-),S1_exp #460
binding_site,BND-036723,INSERT,,,EVI-032993 | mRNA RNA-014353 5137958-5138002 (+),S1_exp #460
binding_site,BND-036724,INSERT,,,EVI-032994 | sRNA RNA-014031 5372504-5372505 (-),S1_exp #461
binding_site,BND-036725,INSERT,,,EVI-032994 | mRNA RNA-014354 4152529-4152658 (+),S1_exp #461
binding_site,BND-036726,INSERT,,,EVI-032995 | sRNA RNA-014066 5284109-5284319 (+),S1_exp #462
binding_site,BND-036727,INSERT,,,EVI-032995 | mRNA RNA-014355 958325-958376 (+),S1_exp #462
binding_site,BND-036728,INSERT,,,EVI-032996 | sRNA RNA-014138 5640675-5640681 (+),S1_exp #464
binding_site,BND-036729,INSERT,,,EVI-032996 | mRNA RNA-010028 3705477-3705491 (-),S1_exp #464
binding_site,BND-036730,INSERT,,,EVI-032997 | sRNA RNA-010028 3705310-3705312 (-),S1_exp #466
binding_site,BND-036731,INSERT,,,EVI-032997 | mRNA RNA-002179 4776340-4776387 (-),S1_exp #466
binding_site,BND-036732,INSERT,,,EVI-032998 | sRNA RNA-010028 3705310-3705311 (-),S1_exp #467
binding_site,BND-036733,INSERT,,,EVI-032998 | mRNA RNA-002251 2996398-2996569 (+),S1_exp #467
binding_site,BND-036734,INSERT,,,EVI-032999 | sRNA RNA-010028 3705310-3705313 (-),S1_exp #468
binding_site,BND-036735,INSERT,,,EVI-032999 | mRNA RNA-014356 470657-470915 (+),S1_exp #468
binding_site,BND-036736,INSERT,,,EVI-033000 | sRNA RNA-010028 3705310-3705311 (-),S1_exp #469
binding_site,BND-036737,INSERT,,,EVI-033000 | mRNA RNA-014357 5969882-5969900 (+),S1_exp #469
binding_site,BND-036738,INSERT,,,EVI-033001 | sRNA RNA-010028 3705311-3705313 (-),S1_exp #470
binding_site,BND-036739,INSERT,,,EVI-033001 | mRNA RNA-014358 6144052-6144081 (-),S1_exp #470
binding_site,BND-036740,INSERT,,,EVI-033002 | sRNA RNA-010028 3705311-3705316 (-),S1_exp #471
binding_site,BND-036741,INSERT,,,EVI-033002 | mRNA RNA-014359 2913276-2913697 (-),S1_exp #471
binding_site,BND-036742,INSERT,,,EVI-033003 | sRNA RNA-010028 3705311-3705312 (-),S1_exp #472
binding_site,BND-036743,INSERT,,,EVI-033003 | mRNA RNA-014360 3211762-3212074 (+),S1_exp #472
binding_site,BND-036744,INSERT,,,EVI-033004 | sRNA RNA-014051 6110825-6110825 (+),S1_exp #473
binding_site,BND-036745,INSERT,,,EVI-033004 | mRNA RNA-001992 627797-627819 (-),S1_exp #473
binding_site,BND-036746,INSERT,,,EVI-033005 | sRNA RNA-010028 3705309-3705311 (-),S1_exp #474
binding_site,BND-036747,INSERT,,,EVI-033005 | mRNA RNA-014317 1570812-1570980 (+),S1_exp #474
binding_site,BND-036748,INSERT,,,EVI-033006 | sRNA RNA-010028 3705311-3705311 (-),S1_exp #475
binding_site,BND-036749,INSERT,,,EVI-033006 | mRNA RNA-014361 6008222-6008314 (+),S1_exp #475
binding_site,BND-036750,INSERT,,,EVI-033007 | sRNA RNA-010028 3705310-3705311 (-),S1_exp #476
binding_site,BND-036751,INSERT,,,EVI-033007 | mRNA RNA-014362 4994919-4995364 (+),S1_exp #476
binding_site,BND-036752,INSERT,,,EVI-033008 | sRNA RNA-010028 3705310-3705313 (-),S1_exp #477
binding_site,BND-036753,INSERT,,,EVI-033008 | mRNA RNA-014363 5272794-5272975 (-),S1_exp #477
binding_site,BND-036754,INSERT,,,EVI-033009 | sRNA RNA-010028 3705311-3705313 (-),S1_exp #478
binding_site,BND-036755,INSERT,,,EVI-033009 | mRNA RNA-014364 401901-402351 (+),S1_exp #478
binding_site,BND-036756,INSERT,,,EVI-033010 | sRNA RNA-010028 3705311-3705318 (-),S1_exp #479
binding_site,BND-036757,INSERT,,,EVI-033010 | mRNA RNA-014365 1391753-1392105 (+),S1_exp #479
binding_site,BND-036758,INSERT,,,EVI-033011 | sRNA RNA-010028 3705311-3705316 (-),S1_exp #480
binding_site,BND-036759,INSERT,,,EVI-033011 | mRNA RNA-014075 459607-459620 (+),S1_exp #480
binding_site,BND-036760,INSERT,,,EVI-033012 | sRNA RNA-010028 3705310-3705315 (-),S1_exp #481
binding_site,BND-036761,INSERT,,,EVI-033012 | mRNA RNA-014103 1955024-1955092 (+),S1_exp #481
binding_site,BND-036762,INSERT,,,EVI-033013 | sRNA RNA-010028 3705309-3705311 (-),S1_exp #482
binding_site,BND-036763,INSERT,,,EVI-033013 | mRNA RNA-014366 2803210-2803340 (-),S1_exp #482
binding_site,BND-036764,INSERT,,,EVI-033014 | sRNA RNA-010028 3705309-3705314 (-),S1_exp #483
binding_site,BND-036765,INSERT,,,EVI-033014 | mRNA RNA-001847 1157246-1157329 (+),S1_exp #483
binding_site,BND-036766,INSERT,,,EVI-033015 | sRNA RNA-010028 3705310-3705313 (-),S1_exp #484
binding_site,BND-036767,INSERT,,,EVI-033015 | mRNA RNA-014367 4881686-4881729 (-),S1_exp #484
binding_site,BND-036768,INSERT,,,EVI-033016 | sRNA RNA-010028 3705310-3705318 (-),S1_exp #485
binding_site,BND-036769,INSERT,,,EVI-033016 | mRNA RNA-014368 3651883-3652050 (+),S1_exp #485
binding_site,BND-036770,INSERT,,,EVI-033017 | sRNA RNA-010028 3705310-3705317 (-),S1_exp #486
binding_site,BND-036771,INSERT,,,EVI-033017 | mRNA RNA-014369 1030764-1030854 (+),S1_exp #486
binding_site,BND-036772,INSERT,,,EVI-033018 | sRNA RNA-010028 3705311-3705311 (-),S1_exp #487
binding_site,BND-036773,INSERT,,,EVI-033018 | mRNA RNA-014370 3715786-3715914 (-),S1_exp #487
binding_site,BND-036774,INSERT,,,EVI-033019 | sRNA RNA-014032 3575845-3575845 (-),S1_exp #488
binding_site,BND-036775,INSERT,,,EVI-033019 | mRNA RNA-002398 3791319-3791343 (+),S1_exp #488
binding_site,BND-036776,INSERT,,,EVI-033020 | sRNA RNA-014371 302554-302587 (+),S1_exp #489
binding_site,BND-036777,INSERT,,,EVI-033020 | mRNA RNA-001834 5308924-5308925 (+),S1_exp #489
binding_site,BND-036778,INSERT,,,EVI-033021 | sRNA RNA-010028 3705311-3705312 (-),S1_exp #490
binding_site,BND-036779,INSERT,,,EVI-033021 | mRNA RNA-014174 3537878-3537911 (-),S1_exp #490
binding_site,BND-036780,INSERT,,,EVI-033022 | sRNA RNA-010028 3705310-3705315 (-),S1_exp #491
binding_site,BND-036781,INSERT,,,EVI-033022 | mRNA RNA-014224 5851360-5851636 (-),S1_exp #491
binding_site,BND-036782,INSERT,,,EVI-033023 | sRNA RNA-010028 3705310-3705311 (-),S1_exp #492
binding_site,BND-036783,INSERT,,,EVI-033023 | mRNA RNA-014129 5904501-5904700 (-),S1_exp #492
binding_site,BND-036784,INSERT,,,EVI-033024 | sRNA RNA-010028 3705311-3705312 (-),S1_exp #493
binding_site,BND-036785,INSERT,,,EVI-033024 | mRNA RNA-014372 5071476-5071721 (-),S1_exp #493
binding_site,BND-036786,INSERT,,,EVI-033025 | sRNA RNA-010028 3705310-3705311 (-),S1_exp #494
binding_site,BND-036787,INSERT,,,EVI-033025 | mRNA RNA-014373 4782306-4782334 (-),S1_exp #494
binding_site,BND-036788,INSERT,,,EVI-033026 | sRNA RNA-010028 3705311-3705318 (-),S1_exp #495
binding_site,BND-036789,INSERT,,,EVI-033026 | mRNA RNA-014374 4088740-4088773 (+),S1_exp #495
binding_site,BND-036790,INSERT,,,EVI-033027 | sRNA RNA-010028 3705310-3705318 (-),S1_exp #496
binding_site,BND-036791,INSERT,,,EVI-033027 | mRNA RNA-014375 3562864-3562879 (+),S1_exp #496
binding_site,BND-036792,INSERT,,,EVI-033028 | sRNA RNA-010028 3705310-3705313 (-),S1_exp #497
binding_site,BND-036793,INSERT,,,EVI-033028 | mRNA RNA-001867 6182253-6182373 (-),S1_exp #497
binding_site,BND-036794,INSERT,,,EVI-033029 | sRNA RNA-010028 3705308-3705311 (-),S1_exp #498
binding_site,BND-036795,INSERT,,,EVI-033029 | mRNA RNA-014376 4272305-4272674 (-),S1_exp #498
binding_site,BND-036796,INSERT,,,EVI-033030 | sRNA RNA-014066 5284061-5284103 (+),S1_exp #499
binding_site,BND-036797,INSERT,,,EVI-033030 | mRNA RNA-014377 1275832-1275874 (-),S1_exp #499
binding_site,BND-036798,INSERT,,,EVI-033031 | sRNA RNA-010028 3705311-3705311 (-),S1_exp #500
binding_site,BND-036799,INSERT,,,EVI-033031 | mRNA RNA-002336 4617026-4617391 (-),S1_exp #500
binding_site,BND-036800,INSERT,,,EVI-033032 | sRNA RNA-010028 3705310-3705318 (-),S1_exp #501
binding_site,BND-036801,INSERT,,,EVI-033032 | mRNA RNA-014136 1179815-1180207 (+),S1_exp #501
binding_site,BND-036802,INSERT,,,EVI-033033 | sRNA RNA-010028 3705310-3705317 (-),S1_exp #502
binding_site,BND-036803,INSERT,,,EVI-033033 | mRNA RNA-014378 1094647-1094656 (+),S1_exp #502
binding_site,BND-036804,INSERT,,,EVI-033034 | sRNA RNA-014051 6110937-6110938 (+),S1_exp #503
binding_site,BND-036805,INSERT,,,EVI-033034 | mRNA RNA-014379 3536415-3536434 (-),S1_exp #503
binding_site,BND-036806,INSERT,,,EVI-033035 | sRNA RNA-014062 3116516-3116519 (+),S1_exp #504
binding_site,BND-036807,INSERT,,,EVI-033035 | mRNA RNA-014337 1070744-1070978 (+),S1_exp #504
binding_site,BND-036808,INSERT,,,EVI-033036 | sRNA RNA-010028 3705311-3705315 (-),S1_exp #505
binding_site,BND-036809,INSERT,,,EVI-033036 | mRNA RNA-014380 4051566-4051887 (-),S1_exp #505
binding_site,BND-036810,INSERT,,,EVI-033037 | sRNA RNA-010028 3705310-3705326 (-),S1_exp #506
binding_site,BND-036811,INSERT,,,EVI-033037 | mRNA RNA-014381 1944056-1944087 (+),S1_exp #506
binding_site,BND-036812,INSERT,,,EVI-033038 | sRNA RNA-010028 3705310-3705311 (-),S1_exp #507
binding_site,BND-036813,INSERT,,,EVI-033038 | mRNA RNA-014382 5318126-5318174 (+),S1_exp #507
binding_site,BND-036814,INSERT,,,EVI-033039 | sRNA RNA-010028 3705309-3705312 (-),S1_exp #508
binding_site,BND-036815,INSERT,,,EVI-033039 | mRNA RNA-014383 1048934-1049286 (+),S1_exp #508
binding_site,BND-036816,INSERT,,,EVI-033040 | sRNA RNA-010028 3705310-3705313 (-),S1_exp #509
binding_site,BND-036817,INSERT,,,EVI-033040 | mRNA RNA-014384 2219114-2219510 (-),S1_exp #509
binding_site,BND-036818,INSERT,,,EVI-033041 | sRNA RNA-010028 3705311-3705316 (-),S1_exp #510
binding_site,BND-036819,INSERT,,,EVI-033041 | mRNA RNA-014385 5756209-5756380 (-),S1_exp #510
binding_site,BND-036820,INSERT,,,EVI-033042 | sRNA RNA-010028 3705311-3705311 (-),S1_exp #511
binding_site,BND-036821,INSERT,,,EVI-033042 | mRNA RNA-002339 2475821-2475925 (+),S1_exp #511
binding_site,BND-036822,INSERT,,,EVI-033043 | sRNA RNA-014062 3116514-3116518 (+),S1_exp #512
binding_site,BND-036823,INSERT,,,EVI-033043 | mRNA RNA-014090 3545511-3545650 (-),S1_exp #512
binding_site,BND-036824,INSERT,,,EVI-033044 | sRNA RNA-010028 3705311-3705311 (-),S1_exp #513
binding_site,BND-036825,INSERT,,,EVI-033044 | mRNA RNA-014386 1760628-1760665 (+),S1_exp #513
binding_site,BND-036826,INSERT,,,EVI-033045 | sRNA RNA-010028 3705310-3705318 (-),S1_exp #514
binding_site,BND-036827,INSERT,,,EVI-033045 | mRNA RNA-014387 4979834-4979897 (+),S1_exp #514
binding_site,BND-036828,INSERT,,,EVI-033046 | sRNA RNA-010028 3705311-3705339 (-),S1_exp #515
binding_site,BND-036829,INSERT,,,EVI-033046 | mRNA RNA-014147 5238323-5238323 (+),S1_exp #515
binding_site,BND-036830,INSERT,,,EVI-033047 | sRNA RNA-010028 3705310-3705314 (-),S1_exp #516
binding_site,BND-036831,INSERT,,,EVI-033047 | mRNA RNA-014388 953673-953683 (+),S1_exp #516
binding_site,BND-036832,INSERT,,,EVI-033048 | sRNA RNA-010028 3705310-3705318 (-),S1_exp #517
binding_site,BND-036833,INSERT,,,EVI-033048 | mRNA RNA-014039 3750890-3750910 (-),S1_exp #517
binding_site,BND-036834,INSERT,,,EVI-033049 | sRNA RNA-010028 3705310-3705311 (-),S1_exp #518
binding_site,BND-036835,INSERT,,,EVI-033049 | mRNA RNA-014389 53765-53959 (+),S1_exp #518
binding_site,BND-036836,INSERT,,,EVI-033050 | sRNA RNA-010028 3705309-3705312 (-),S1_exp #519
binding_site,BND-036837,INSERT,,,EVI-033050 | mRNA RNA-014265 1487728-1487863 (-),S1_exp #519
binding_site,BND-036838,INSERT,,,EVI-033051 | sRNA RNA-002447 6183530-6183590 (-),S1_exp #520
binding_site,BND-036839,INSERT,,,EVI-033051 | mRNA RNA-014097 5680385-5680700 (-),S1_exp #520
binding_site,BND-036840,INSERT,,,EVI-033052 | sRNA RNA-010028 3705311-3705311 (-),S1_exp #521
binding_site,BND-036841,INSERT,,,EVI-033052 | mRNA RNA-002013 1451717-1451728 (-),S1_exp #521
binding_site,BND-036842,INSERT,,,EVI-033053 | sRNA RNA-014054 5837850-5837851 (+),S1_exp #522
binding_site,BND-036843,INSERT,,,EVI-033053 | mRNA RNA-001834 5308592-5308595 (+),S1_exp #522
binding_site,BND-036844,INSERT,,,EVI-033054 | sRNA RNA-010028 3705311-3705315 (-),S1_exp #523
binding_site,BND-036845,INSERT,,,EVI-033054 | mRNA RNA-014390 402969-403318 (+),S1_exp #523
binding_site,BND-036846,INSERT,,,EVI-033055 | sRNA RNA-010028 3705310-3705318 (-),S1_exp #524
binding_site,BND-036847,INSERT,,,EVI-033055 | mRNA RNA-014303 1589773-1589965 (+),S1_exp #524
binding_site,BND-036848,INSERT,,,EVI-033056 | sRNA RNA-010028 3705310-3705314 (-),S1_exp #525
binding_site,BND-036849,INSERT,,,EVI-033056 | mRNA RNA-014391 5126775-5126790 (+),S1_exp #525
binding_site,BND-036850,INSERT,,,EVI-033057 | sRNA RNA-002532 3958146-3958148 (+),S1_exp #526
binding_site,BND-036851,INSERT,,,EVI-033057 | mRNA RNA-001837 6019354-6019359 (-),S1_exp #526
binding_site,BND-036852,INSERT,,,EVI-033058 | sRNA RNA-010028 3705311-3705311 (-),S1_exp #527
binding_site,BND-036853,INSERT,,,EVI-033058 | mRNA RNA-014392 1172448-1172502 (+),S1_exp #527
binding_site,BND-036854,INSERT,,,EVI-033059 | sRNA RNA-010028 3705311-3705318 (-),S1_exp #528
binding_site,BND-036855,INSERT,,,EVI-033059 | mRNA RNA-014393 14599-14797 (+),S1_exp #528
binding_site,BND-036856,INSERT,,,EVI-033060 | sRNA RNA-010028 3705310-3705311 (-),S1_exp #529
binding_site,BND-036857,INSERT,,,EVI-033060 | mRNA RNA-014394 5028063-5028257 (-),S1_exp #529
binding_site,BND-036858,INSERT,,,EVI-033061 | sRNA RNA-010028 3705311-3705317 (-),S1_exp #530
binding_site,BND-036859,INSERT,,,EVI-033061 | mRNA RNA-014395 5483898-5484066 (-),S1_exp #530
binding_site,BND-036860,INSERT,,,EVI-033062 | sRNA RNA-010028 3705311-3705318 (-),S1_exp #531
binding_site,BND-036861,INSERT,,,EVI-033062 | mRNA RNA-014396 4387181-4387247 (-),S1_exp #531
binding_site,BND-036862,INSERT,,,EVI-033063 | sRNA RNA-010028 3705311-3705318 (-),S1_exp #532
binding_site,BND-036863,INSERT,,,EVI-033063 | mRNA RNA-014397 955512-955959 (+),S1_exp #532
binding_site,BND-036864,INSERT,,,EVI-033064 | sRNA RNA-010028 3705311-3705311 (-),S1_exp #533
binding_site,BND-036865,INSERT,,,EVI-033064 | mRNA RNA-014398 2130845-2131230 (+),S1_exp #533
binding_site,BND-036866,INSERT,,,EVI-033065 | sRNA RNA-010028 3705311-3705311 (-),S1_exp #535
binding_site,BND-036867,INSERT,,,EVI-033065 | mRNA RNA-014399 1972643-1972699 (+),S1_exp #535
binding_site,BND-036868,INSERT,,,EVI-033066 | sRNA RNA-010028 3705310-3705312 (-),S1_exp #536
binding_site,BND-036869,INSERT,,,EVI-033066 | mRNA RNA-014039 3751220-3751492 (-),S1_exp #536
binding_site,BND-036870,INSERT,,,EVI-033067 | sRNA RNA-010028 3705311-3705313 (-),S1_exp #537
binding_site,BND-036871,INSERT,,,EVI-033067 | mRNA RNA-014349 3682722-3683177 (-),S1_exp #537
binding_site,BND-036872,INSERT,,,EVI-033068 | sRNA RNA-014212 2478254-2478254 (+),S1_exp #538
binding_site,BND-036873,INSERT,,,EVI-033068 | mRNA RNA-014245 5343395-5343478 (+),S1_exp #538
binding_site,BND-036874,INSERT,,,EVI-033069 | sRNA RNA-010028 3705311-3705311 (-),S1_exp #539
binding_site,BND-036875,INSERT,,,EVI-033069 | mRNA RNA-010051 2390294-2390305 (+),S1_exp #539
binding_site,BND-036876,INSERT,,,EVI-033070 | sRNA RNA-010028 3705310-3705311 (-),S1_exp #540
binding_site,BND-036877,INSERT,,,EVI-033070 | mRNA RNA-014400 812298-812301 (-),S1_exp #540
binding_site,BND-036878,INSERT,,,EVI-033071 | sRNA RNA-010028 3705310-3705311 (-),S1_exp #541
binding_site,BND-036879,INSERT,,,EVI-033071 | mRNA RNA-014401 5749432-5749612 (+),S1_exp #541
binding_site,BND-036880,INSERT,,,EVI-033072 | sRNA RNA-010028 3705311-3705311 (-),S1_exp #542
binding_site,BND-036881,INSERT,,,EVI-033072 | mRNA RNA-014402 1174280-1174324 (+),S1_exp #542
binding_site,BND-036882,INSERT,,,EVI-033073 | sRNA RNA-010028 3705311-3705318 (-),S1_exp #543
binding_site,BND-036883,INSERT,,,EVI-033073 | mRNA RNA-014403 6151600-6151631 (+),S1_exp #543
binding_site,BND-036884,INSERT,,,EVI-033074 | sRNA RNA-010028 3705310-3705311 (-),S1_exp #544
binding_site,BND-036885,INSERT,,,EVI-033074 | mRNA RNA-002263 105975-106110 (+),S1_exp #544
binding_site,BND-036886,INSERT,,,EVI-033075 | sRNA RNA-010028 3705311-3705316 (-),S1_exp #545
binding_site,BND-036887,INSERT,,,EVI-033075 | mRNA RNA-014404 6861-6907 (+),S1_exp #545
binding_site,BND-036888,INSERT,,,EVI-033076 | sRNA RNA-010028 3705311-3705312 (-),S1_exp #546
binding_site,BND-036889,INSERT,,,EVI-033076 | mRNA RNA-014284 421149-421425 (+),S1_exp #546
binding_site,BND-036890,INSERT,,,EVI-033077 | sRNA RNA-010028 3705310-3705312 (-),S1_exp #547
binding_site,BND-036891,INSERT,,,EVI-033077 | mRNA RNA-014405 5440352-5440562 (+),S1_exp #547
binding_site,BND-036892,INSERT,,,EVI-033078 | sRNA RNA-010028 3705311-3705311 (-),S1_exp #548
binding_site,BND-036893,INSERT,,,EVI-033078 | mRNA RNA-014406 5583620-5583628 (-),S1_exp #548
binding_site,BND-036894,INSERT,,,EVI-033079 | sRNA RNA-010028 3705310-3705312 (-),S1_exp #549
binding_site,BND-036895,INSERT,,,EVI-033079 | mRNA RNA-014407 3393323-3393328 (-),S1_exp #549
binding_site,BND-036896,INSERT,,,EVI-033080 | sRNA RNA-010028 3705309-3705311 (-),S1_exp #550
binding_site,BND-036897,INSERT,,,EVI-033080 | mRNA RNA-014408 3525748-3525758 (-),S1_exp #550
binding_site,BND-036898,INSERT,,,EVI-033081 | sRNA RNA-010028 3705311-3705312 (-),S1_exp #551
binding_site,BND-036899,INSERT,,,EVI-033081 | mRNA RNA-014409 248773-248774 (+),S1_exp #551
binding_site,BND-036900,INSERT,,,EVI-033082 | sRNA RNA-010028 3705310-3705311 (-),S1_exp #552
binding_site,BND-036901,INSERT,,,EVI-033082 | mRNA RNA-014410 3999145-3999183 (+),S1_exp #552
binding_site,BND-036902,INSERT,,,EVI-033083 | sRNA RNA-010028 3705311-3705379 (-),S1_exp #553
binding_site,BND-036903,INSERT,,,EVI-033083 | mRNA RNA-014411 1805720-1805799 (-),S1_exp #553
binding_site,BND-036904,INSERT,,,EVI-033084 | sRNA RNA-014066 5284103-5284318 (+),S1_exp #554
binding_site,BND-036905,INSERT,,,EVI-033084 | mRNA RNA-001889 1002532-1002538 (-),S1_exp #554
binding_site,BND-036906,INSERT,,,EVI-033085 | sRNA RNA-010028 3705310-3705311 (-),S1_exp #555
binding_site,BND-036907,INSERT,,,EVI-033085 | mRNA RNA-014412 1225056-1225151 (+),S1_exp #555
binding_site,BND-036908,INSERT,,,EVI-033086 | sRNA RNA-010028 3705310-3705312 (-),S1_exp #556
binding_site,BND-036909,INSERT,,,EVI-033086 | mRNA RNA-014413 4279381-4279446 (-),S1_exp #556
binding_site,BND-036910,INSERT,,,EVI-033087 | sRNA RNA-010028 3705309-3705311 (-),S1_exp #557
binding_site,BND-036911,INSERT,,,EVI-033087 | mRNA RNA-014238 4285383-4285461 (-),S1_exp #557
binding_site,BND-036912,INSERT,,,EVI-033088 | sRNA RNA-001834 5308873-5308908 (+),S1_exp #558
binding_site,BND-036913,INSERT,,,EVI-033088 | mRNA RNA-014414 5657939-5658031 (+),S1_exp #558
binding_site,BND-036914,INSERT,,,EVI-033089 | sRNA RNA-010028 3705311-3705317 (-),S1_exp #559
binding_site,BND-036915,INSERT,,,EVI-033089 | mRNA RNA-014415 1165373-1165555 (-),S1_exp #559
binding_site,BND-036916,INSERT,,,EVI-033090 | sRNA RNA-010028 3705311-3705312 (-),S1_exp #560
binding_site,BND-036917,INSERT,,,EVI-033090 | mRNA RNA-014416 3530635-3530877 (+),S1_exp #560
binding_site,BND-036918,INSERT,,,EVI-033091 | sRNA RNA-010028 3705311-3705311 (-),S1_exp #561
binding_site,BND-036919,INSERT,,,EVI-033091 | mRNA RNA-014417 4187066-4187490 (-),S1_exp #561
binding_site,BND-036920,INSERT,,,EVI-033092 | sRNA RNA-010028 3705310-3705315 (-),S1_exp #562
binding_site,BND-036921,INSERT,,,EVI-033092 | mRNA RNA-014418 48795-48848 (+),S1_exp #562
binding_site,BND-036922,INSERT,,,EVI-033093 | sRNA RNA-002447 6183529-6183626 (-),S1_exp #563
binding_site,BND-036923,INSERT,,,EVI-033093 | mRNA RNA-014124 785340-785788 (-),S1_exp #563
binding_site,BND-036924,INSERT,,,EVI-033094 | sRNA RNA-014343 2814682-2814687 (+),S1_exp #564
binding_site,BND-036925,INSERT,,,EVI-033094 | mRNA RNA-001834 5308925-5308926 (+),S1_exp #564
binding_site,BND-036926,INSERT,,,EVI-033095 | sRNA RNA-014323 3514662-3514663 (-),S1_exp #565
binding_site,BND-036927,INSERT,,,EVI-033095 | mRNA RNA-002540 3889831-3889845 (-),S1_exp #565
binding_site,BND-036928,INSERT,,,EVI-033096 | sRNA RNA-010028 3705310-3705311 (-),S1_exp #566
binding_site,BND-036929,INSERT,,,EVI-033096 | mRNA RNA-014419 3118325-3118360 (+),S1_exp #566
binding_site,BND-036930,INSERT,,,EVI-033097 | sRNA RNA-010028 3705311-3705314 (-),S1_exp #567
binding_site,BND-036931,INSERT,,,EVI-033097 | mRNA RNA-014420 4270397-4270398 (-),S1_exp #567
binding_site,BND-036932,INSERT,,,EVI-033098 | sRNA RNA-014066 5284103-5284313 (+),S1_exp #568
binding_site,BND-036933,INSERT,,,EVI-033098 | mRNA RNA-014167 578356-578360 (-),S1_exp #568
binding_site,BND-036934,INSERT,,,EVI-033099 | sRNA RNA-014066 5284103-5284319 (+),S1_exp #569
binding_site,BND-036935,INSERT,,,EVI-033099 | mRNA RNA-014347 2125791-2125794 (-),S1_exp #569
binding_site,BND-036936,INSERT,,,EVI-033100 | sRNA RNA-010028 3705311-3705311 (-),S1_exp #570
binding_site,BND-036937,INSERT,,,EVI-033100 | mRNA RNA-014421 79548-79991 (+),S1_exp #570
binding_site,BND-036938,INSERT,,,EVI-033101 | sRNA RNA-010028 3705310-3705311 (-),S1_exp #571
binding_site,BND-036939,INSERT,,,EVI-033101 | mRNA RNA-014327 5639919-5639959 (+),S1_exp #571
binding_site,BND-036940,INSERT,,,EVI-033102 | sRNA RNA-001834 5308902-5308911 (+),S1_exp #572
binding_site,BND-036941,INSERT,,,EVI-033102 | mRNA RNA-014056 1758576-1758577 (-),S1_exp #572
binding_site,BND-036942,INSERT,,,EVI-033103 | sRNA RNA-014062 3116518-3116519 (+),S1_exp #573
binding_site,BND-036943,INSERT,,,EVI-033103 | mRNA RNA-014418 53342-53529 (+),S1_exp #573
binding_site,BND-036944,INSERT,,,EVI-033104 | sRNA RNA-010028 3705310-3705316 (-),S1_exp #574
binding_site,BND-036945,INSERT,,,EVI-033104 | mRNA RNA-014075 456594-456918 (+),S1_exp #574
binding_site,BND-036946,INSERT,,,EVI-033105 | sRNA RNA-010028 3705310-3705316 (-),S1_exp #575
binding_site,BND-036947,INSERT,,,EVI-033105 | mRNA RNA-014422 670717-670968 (+),S1_exp #575
binding_site,BND-036948,INSERT,,,EVI-033106 | sRNA RNA-014138 5640681-5640682 (+),S1_exp #576
binding_site,BND-036949,INSERT,,,EVI-033106 | mRNA RNA-014423 5545131-5545238 (-),S1_exp #576
binding_site,BND-036950,INSERT,,,EVI-033107 | sRNA RNA-010028 3705311-3705311 (-),S1_exp #577
binding_site,BND-036951,INSERT,,,EVI-033107 | mRNA RNA-002452 3533140-3533401 (-),S1_exp #577
binding_site,BND-036952,INSERT,,,EVI-033108 | sRNA RNA-010028 3705311-3705312 (-),S1_exp #578
binding_site,BND-036953,INSERT,,,EVI-033108 | mRNA RNA-014424 483101-483138 (+),S1_exp #578
binding_site,BND-036954,INSERT,,,EVI-033109 | sRNA RNA-010028 3705311-3705311 (-),S1_exp #579
binding_site,BND-036955,INSERT,,,EVI-033109 | mRNA RNA-002455 5038905-5038921 (+),S1_exp #579
binding_site,BND-036956,INSERT,,,EVI-033110 | sRNA RNA-010028 3705310-3705311 (-),S1_exp #580
binding_site,BND-036957,INSERT,,,EVI-033110 | mRNA RNA-014425 1057333-1057395 (+),S1_exp #580
binding_site,BND-036958,INSERT,,,EVI-033111 | sRNA RNA-010028 3705310-3705315 (-),S1_exp #581
binding_site,BND-036959,INSERT,,,EVI-033111 | mRNA RNA-014426 2397231-2397294 (-),S1_exp #581
binding_site,BND-036960,INSERT,,,EVI-033112 | sRNA RNA-010028 3705313-3705315 (-),S1_exp #583
binding_site,BND-036961,INSERT,,,EVI-033112 | mRNA RNA-014407 3392296-3392692 (-),S1_exp #583
binding_site,BND-036962,INSERT,,,EVI-033113 | sRNA RNA-010028 3705310-3705311 (-),S1_exp #584
binding_site,BND-036963,INSERT,,,EVI-033113 | mRNA RNA-014427 3617312-3617549 (+),S1_exp #584
binding_site,BND-036964,INSERT,,,EVI-033114 | sRNA RNA-001834 5308906-5308907 (+),S1_exp #585
binding_site,BND-036965,INSERT,,,EVI-033114 | mRNA RNA-014196 5548226-5548630 (-),S1_exp #585
binding_site,BND-036966,INSERT,,,EVI-033115 | sRNA RNA-010028 3705310-3705317 (-),S1_exp #586
binding_site,BND-036967,INSERT,,,EVI-033115 | mRNA RNA-014428 4734234-4734358 (-),S1_exp #586
binding_site,BND-036968,INSERT,,,EVI-033116 | sRNA RNA-010028 3705310-3705312 (-),S1_exp #587
binding_site,BND-036969,INSERT,,,EVI-033116 | mRNA RNA-014429 5918591-5918925 (-),S1_exp #587
binding_site,BND-036970,INSERT,,,EVI-033117 | sRNA RNA-010028 3705311-3705311 (-),S1_exp #588
binding_site,BND-036971,INSERT,,,EVI-033117 | mRNA RNA-014430 5881026-5881057 (-),S1_exp #588
binding_site,BND-036972,INSERT,,,EVI-033118 | sRNA RNA-010028 3705311-3705311 (-),S1_exp #589
binding_site,BND-036973,INSERT,,,EVI-033118 | mRNA RNA-014431 5001778-5001809 (-),S1_exp #589
binding_site,BND-036974,INSERT,,,EVI-033119 | sRNA RNA-010028 3705310-3705314 (-),S1_exp #590
binding_site,BND-036975,INSERT,,,EVI-033119 | mRNA RNA-014432 2772727-2772755 (-),S1_exp #590
binding_site,BND-036976,INSERT,,,EVI-033120 | sRNA RNA-001834 5308699-5308699 (+),S1_exp #591
binding_site,BND-036977,INSERT,,,EVI-033120 | mRNA RNA-014433 1630637-1630674 (+),S1_exp #591
binding_site,BND-036978,INSERT,,,EVI-033121 | sRNA RNA-014138 5640680-5640681 (+),S1_exp #592
binding_site,BND-036979,INSERT,,,EVI-033121 | mRNA RNA-002073 1718359-1718374 (+),S1_exp #592
binding_site,BND-036980,INSERT,,,EVI-033122 | sRNA RNA-010028 3705310-3705312 (-),S1_exp #593
binding_site,BND-036981,INSERT,,,EVI-033122 | mRNA RNA-014434 1793539-1793578 (-),S1_exp #593
binding_site,BND-036982,INSERT,,,EVI-033123 | sRNA RNA-010028 3705311-3705317 (-),S1_exp #594
binding_site,BND-036983,INSERT,,,EVI-033123 | mRNA RNA-014130 3440010-3440076 (-),S1_exp #594
binding_site,BND-036984,INSERT,,,EVI-033124 | sRNA RNA-010028 3705311-3705317 (-),S1_exp #595
binding_site,BND-036985,INSERT,,,EVI-033124 | mRNA RNA-014435 5752341-5752341 (-),S1_exp #595
binding_site,BND-036986,INSERT,,,EVI-033125 | sRNA RNA-001834 5308596-5308598 (+),S1_exp #596
binding_site,BND-036987,INSERT,,,EVI-033125 | mRNA RNA-014436 74174-74175 (-),S1_exp #596
binding_site,BND-036988,INSERT,,,EVI-033126 | sRNA RNA-010028 3705311-3705311 (-),S1_exp #597
binding_site,BND-036989,INSERT,,,EVI-033126 | mRNA RNA-014437 5517391-5517445 (-),S1_exp #597
binding_site,BND-036990,INSERT,,,EVI-033127 | sRNA RNA-010028 3705311-3705314 (-),S1_exp #598
binding_site,BND-036991,INSERT,,,EVI-033127 | mRNA RNA-014438 5010739-5010911 (-),S1_exp #598
binding_site,BND-036992,INSERT,,,EVI-033128 | sRNA RNA-010028 3705311-3705311 (-),S1_exp #599
binding_site,BND-036993,INSERT,,,EVI-033128 | mRNA RNA-014201 1719893-1719910 (-),S1_exp #599
binding_site,BND-036994,INSERT,,,EVI-033129 | sRNA RNA-010028 3705310-3705318 (-),S1_exp #600
binding_site,BND-036995,INSERT,,,EVI-033129 | mRNA RNA-014439 1500078-1500312 (+),S1_exp #600
binding_site,BND-036996,INSERT,,,EVI-033130 | sRNA RNA-010028 3705311-3705311 (-),S1_exp #601
binding_site,BND-036997,INSERT,,,EVI-033130 | mRNA RNA-002337 1724248-1724659 (+),S1_exp #601
binding_site,BND-036998,INSERT,,,EVI-033131 | sRNA RNA-010028 3705311-3705311 (-),S1_exp #602
binding_site,BND-036999,INSERT,,,EVI-033131 | mRNA RNA-014440 1892430-1892893 (+),S1_exp #602
binding_site,BND-037000,INSERT,,,EVI-033132 | sRNA RNA-010028 3705311-3705311 (-),S1_exp #603
binding_site,BND-037001,INSERT,,,EVI-033132 | mRNA RNA-014441 1837333-1837338 (+),S1_exp #603
binding_site,BND-037002,INSERT,,,EVI-033133 | sRNA RNA-014140 5885302-5885312 (-),S1_exp #605
binding_site,BND-037003,INSERT,,,EVI-033133 | mRNA RNA-014030 6171809-6171810 (-),S1_exp #605
binding_site,BND-037004,INSERT,,,EVI-033134 | sRNA RNA-014031 5372504-5372539 (-),S1_exp #606
binding_site,BND-037005,INSERT,,,EVI-033134 | mRNA RNA-014028 3013791-3013799 (-),S1_exp #606
binding_site,BND-037006,INSERT,,,EVI-033135 | sRNA RNA-010028 3705311-3705311 (-),S1_exp #607
binding_site,BND-037007,INSERT,,,EVI-033135 | mRNA RNA-014045 3532445-3532486 (-),S1_exp #607
binding_site,BND-037008,INSERT,,,EVI-033136 | sRNA RNA-010028 3705311-3705312 (-),S1_exp #608
binding_site,BND-037009,INSERT,,,EVI-033136 | mRNA RNA-014442 5917347-5917361 (-),S1_exp #608
binding_site,BND-037010,INSERT,,,EVI-033137 | sRNA RNA-010028 3705310-3705311 (-),S1_exp #610
binding_site,BND-037011,INSERT,,,EVI-033137 | mRNA RNA-014443 833213-833354 (+),S1_exp #610
binding_site,BND-037012,INSERT,,,EVI-033138 | sRNA RNA-010028 3705310-3705408 (-),S1_exp #611
binding_site,BND-037013,INSERT,,,EVI-033138 | mRNA RNA-014444 6195203-6195474 (+),S1_exp #611
binding_site,BND-037014,INSERT,,,EVI-033139 | sRNA RNA-010028 3705311-3705318 (-),S1_exp #612
binding_site,BND-037015,INSERT,,,EVI-033139 | mRNA RNA-014275 1559327-1559478 (+),S1_exp #612
binding_site,BND-037016,INSERT,,,EVI-033140 | sRNA RNA-010028 3705309-3705310 (-),S1_exp #613
binding_site,BND-037017,INSERT,,,EVI-033140 | mRNA RNA-014445 4803499-4803865 (-),S1_exp #613
binding_site,BND-037018,INSERT,,,EVI-033141 | sRNA RNA-010028 3705311-3705317 (-),S1_exp #614
binding_site,BND-037019,INSERT,,,EVI-033141 | mRNA RNA-014446 1800921-1801285 (+),S1_exp #614
binding_site,BND-037020,INSERT,,,EVI-033142 | sRNA RNA-010028 3705310-3705311 (-),S1_exp #615
binding_site,BND-037021,INSERT,,,EVI-033142 | mRNA RNA-014447 2553883-2553951 (+),S1_exp #615
binding_site,BND-037022,INSERT,,,EVI-033143 | sRNA RNA-010028 3705311-3705311 (-),S1_exp #616
binding_site,BND-037023,INSERT,,,EVI-033143 | mRNA RNA-014448 4812302-4812585 (+),S1_exp #616
binding_site,BND-037024,INSERT,,,EVI-033144 | sRNA RNA-010028 3705311-3705312 (-),S1_exp #617
binding_site,BND-037025,INSERT,,,EVI-033144 | mRNA RNA-014449 2942099-2942119 (+),S1_exp #617
binding_site,BND-037026,INSERT,,,EVI-033145 | sRNA RNA-010028 3705311-3705311 (-),S1_exp #618
binding_site,BND-037027,INSERT,,,EVI-033145 | mRNA RNA-001902 317750-318008 (-),S1_exp #618
binding_site,BND-037028,INSERT,,,EVI-033146 | sRNA RNA-010028 3705311-3705311 (-),S1_exp #619
binding_site,BND-037029,INSERT,,,EVI-033146 | mRNA RNA-014450 1138495-1138550 (+),S1_exp #619
binding_site,BND-037030,INSERT,,,EVI-033147 | sRNA RNA-010028 3705310-3705312 (-),S1_exp #620
binding_site,BND-037031,INSERT,,,EVI-033147 | mRNA RNA-014451 5210172-5210450 (-),S1_exp #620
binding_site,BND-037032,INSERT,,,EVI-033148 | sRNA RNA-010028 3705310-3705376 (-),S1_exp #621
binding_site,BND-037033,INSERT,,,EVI-033148 | mRNA RNA-014452 4288923-4289146 (+),S1_exp #621
binding_site,BND-037034,INSERT,,,EVI-033149 | sRNA RNA-010028 3705315-3705318 (-),S1_exp #622
binding_site,BND-037035,INSERT,,,EVI-033149 | mRNA RNA-002255 343669-343673 (+),S1_exp #622
binding_site,BND-037036,INSERT,,,EVI-033150 | sRNA RNA-010028 3705311-3705311 (-),S1_exp #623
binding_site,BND-037037,INSERT,,,EVI-033150 | mRNA RNA-014453 2837149-2837157 (-),S1_exp #623
binding_site,BND-037038,INSERT,,,EVI-033151 | sRNA RNA-010028 3705308-3705317 (-),S1_exp #624
binding_site,BND-037039,INSERT,,,EVI-033151 | mRNA RNA-014454 4348985-4348987 (+),S1_exp #624
binding_site,BND-037040,INSERT,,,EVI-033152 | sRNA RNA-010028 3705311-3705312 (-),S1_exp #625
binding_site,BND-037041,INSERT,,,EVI-033152 | mRNA RNA-014455 5977247-5977271 (+),S1_exp #625
binding_site,BND-037042,INSERT,,,EVI-033153 | sRNA RNA-010028 3705311-3705311 (-),S1_exp #626
binding_site,BND-037043,INSERT,,,EVI-033153 | mRNA RNA-001847 1157812-1157854 (+),S1_exp #626
binding_site,BND-037044,INSERT,,,EVI-033154 | sRNA RNA-010028 3705311-3705312 (-),S1_exp #627
binding_site,BND-037045,INSERT,,,EVI-033154 | mRNA RNA-014456 1681144-1681162 (-),S1_exp #627
binding_site,BND-037046,INSERT,,,EVI-033155 | sRNA RNA-010028 3705310-3705310 (-),S1_exp #628
binding_site,BND-037047,INSERT,,,EVI-033155 | mRNA RNA-014457 853305-853308 (+),S1_exp #628
binding_site,BND-037048,INSERT,,,EVI-033156 | sRNA RNA-001834 5308902-5308953 (+),S1_exp #629
binding_site,BND-037049,INSERT,,,EVI-033156 | mRNA RNA-014458 1682412-1682567 (+),S1_exp #629
binding_site,BND-037050,INSERT,,,EVI-033157 | sRNA RNA-014032 3575845-3575847 (-),S1_exp #630
binding_site,BND-037051,INSERT,,,EVI-033157 | mRNA RNA-014066 5284054-5284206 (+),S1_exp #630
binding_site,BND-037052,INSERT,,,EVI-033158 | sRNA RNA-010028 3705310-3705312 (-),S1_exp #631
binding_site,BND-037053,INSERT,,,EVI-033158 | mRNA RNA-014459 247131-247280 (+),S1_exp #631
binding_site,BND-037054,INSERT,,,EVI-033159 | sRNA RNA-014062 3116512-3116518 (+),S1_exp #632
binding_site,BND-037055,INSERT,,,EVI-033159 | mRNA RNA-014460 5071795-5072148 (+),S1_exp #632
binding_site,BND-037056,INSERT,,,EVI-033160 | sRNA RNA-014062 3116517-3116518 (+),S1_exp #633
binding_site,BND-037057,INSERT,,,EVI-033160 | mRNA RNA-001929 3659497-3659767 (-),S1_exp #633
binding_site,BND-037058,INSERT,,,EVI-033161 | sRNA RNA-010028 3705309-3705311 (-),S1_exp #634
binding_site,BND-037059,INSERT,,,EVI-033161 | mRNA RNA-014461 4752099-4752278 (-),S1_exp #634
binding_site,BND-037060,INSERT,,,EVI-033162 | sRNA RNA-001834 5308917-5308917 (+),S1_exp #635
binding_site,BND-037061,INSERT,,,EVI-033162 | mRNA RNA-014462 4758297-4758423 (-),S1_exp #635
binding_site,BND-037062,INSERT,,,EVI-033163 | sRNA RNA-010028 3705310-3705357 (-),S1_exp #636
binding_site,BND-037063,INSERT,,,EVI-033163 | mRNA RNA-014463 4346751-4346939 (+),S1_exp #636
binding_site,BND-037064,INSERT,,,EVI-033164 | sRNA RNA-010028 3705311-3705311 (-),S1_exp #637
binding_site,BND-037065,INSERT,,,EVI-033164 | mRNA RNA-014464 5797098-5797231 (+),S1_exp #637
binding_site,BND-037066,INSERT,,,EVI-033165 | sRNA RNA-010028 3705310-3705311 (-),S1_exp #638
binding_site,BND-037067,INSERT,,,EVI-033165 | mRNA RNA-014465 6030876-6031088 (+),S1_exp #638
binding_site,BND-037068,INSERT,,,EVI-033166 | sRNA RNA-010028 3705311-3705312 (-),S1_exp #639
binding_site,BND-037069,INSERT,,,EVI-033166 | mRNA RNA-010039 647680-647827 (-),S1_exp #639
binding_site,BND-037070,INSERT,,,EVI-033167 | sRNA RNA-010028 3705311-3705315 (-),S1_exp #640
binding_site,BND-037071,INSERT,,,EVI-033167 | mRNA RNA-014466 787406-787808 (+),S1_exp #640
binding_site,BND-037072,INSERT,,,EVI-033168 | sRNA RNA-010028 3705309-3705312 (-),S1_exp #641
binding_site,BND-037073,INSERT,,,EVI-033168 | mRNA RNA-014467 2919483-2919630 (-),S1_exp #641
binding_site,BND-037074,INSERT,,,EVI-033169 | sRNA RNA-010028 3705310-3705311 (-),S1_exp #642
binding_site,BND-037075,INSERT,,,EVI-033169 | mRNA RNA-014468 5890558-5890942 (-),S1_exp #642
binding_site,BND-037076,INSERT,,,EVI-033170 | sRNA RNA-010028 3705310-3705311 (-),S1_exp #643
binding_site,BND-037077,INSERT,,,EVI-033170 | mRNA RNA-014469 4609352-4609396 (-),S1_exp #643
binding_site,BND-037078,INSERT,,,EVI-033171 | sRNA RNA-010028 3705311-3705311 (-),S1_exp #644
binding_site,BND-037079,INSERT,,,EVI-033171 | mRNA RNA-014470 2188473-2188476 (+),S1_exp #644
binding_site,BND-037080,INSERT,,,EVI-033172 | sRNA RNA-014343 2814682-2814687 (+),S1_exp #645
binding_site,BND-037081,INSERT,,,EVI-033172 | mRNA RNA-014192 3318824-3318900 (-),S1_exp #645
binding_site,BND-037082,INSERT,,,EVI-033173 | sRNA RNA-010028 3705311-3705312 (-),S1_exp #646
binding_site,BND-037083,INSERT,,,EVI-033173 | mRNA RNA-014471 1022946-1022980 (+),S1_exp #646
binding_site,BND-037084,INSERT,,,EVI-033174 | sRNA RNA-010028 3705309-3705312 (-),S1_exp #647
binding_site,BND-037085,INSERT,,,EVI-033174 | mRNA RNA-014472 3791226-3791255 (-),S1_exp #647
binding_site,BND-037086,INSERT,,,EVI-033175 | sRNA RNA-014213 2473016-2473066 (+),S1_exp #648
binding_site,BND-037087,INSERT,,,EVI-033175 | mRNA RNA-014030 6171807-6171810 (-),S1_exp #648
binding_site,BND-037088,INSERT,,,EVI-033176 | sRNA RNA-010028 3705310-3705311 (-),S1_exp #649
binding_site,BND-037089,INSERT,,,EVI-033176 | mRNA RNA-014473 3017753-3017782 (-),S1_exp #649
binding_site,BND-037090,INSERT,,,EVI-033177 | sRNA RNA-001834 5308593-5308596 (+),S1_exp #650
binding_site,BND-037091,INSERT,,,EVI-033177 | mRNA RNA-014474 4917445-4917456 (-),S1_exp #650
binding_site,BND-037092,INSERT,,,EVI-033178 | sRNA RNA-010028 3705310-3705316 (-),S1_exp #651
binding_site,BND-037093,INSERT,,,EVI-033178 | mRNA RNA-014475 4970461-4970461 (-),S1_exp #651
binding_site,BND-037094,INSERT,,,EVI-033179 | sRNA RNA-010028 3705310-3705311 (-),S1_exp #652
binding_site,BND-037095,INSERT,,,EVI-033179 | mRNA RNA-014476 4344848-4344924 (+),S1_exp #652
binding_site,BND-037096,INSERT,,,EVI-033180 | sRNA RNA-010028 3705310-3705311 (-),S1_exp #653
binding_site,BND-037097,INSERT,,,EVI-033180 | mRNA RNA-014477 3671008-3671251 (-),S1_exp #653
binding_site,BND-037098,INSERT,,,EVI-033181 | sRNA RNA-010028 3705311-3705311 (-),S1_exp #654
binding_site,BND-037099,INSERT,,,EVI-033181 | mRNA RNA-014478 1991335-1991426 (+),S1_exp #654
binding_site,BND-037100,INSERT,,,EVI-033182 | sRNA RNA-010028 3705311-3705311 (-),S1_exp #655
binding_site,BND-037101,INSERT,,,EVI-033182 | mRNA RNA-001878 3623139-3623282 (-),S1_exp #655
binding_site,BND-037102,INSERT,,,EVI-033183 | sRNA RNA-010028 3705311-3705311 (-),S1_exp #656
binding_site,BND-037103,INSERT,,,EVI-033183 | mRNA RNA-002454 4260961-4261042 (-),S1_exp #656
binding_site,BND-037104,INSERT,,,EVI-033184 | sRNA RNA-014062 3116518-3116519 (+),S1_exp #657
binding_site,BND-037105,INSERT,,,EVI-033184 | mRNA RNA-014322 2923602-2923621 (-),S1_exp #657
binding_site,BND-037106,INSERT,,,EVI-033185 | sRNA RNA-010028 3705310-3705316 (-),S1_exp #658
binding_site,BND-037107,INSERT,,,EVI-033185 | mRNA RNA-014479 4756107-4756128 (-),S1_exp #658
binding_site,BND-037108,INSERT,,,EVI-033186 | sRNA RNA-010028 3705310-3705311 (-),S1_exp #659
binding_site,BND-037109,INSERT,,,EVI-033186 | mRNA RNA-001889 1002483-1002487 (-),S1_exp #659
binding_site,BND-037110,INSERT,,,EVI-033187 | sRNA RNA-010028 3705310-3705311 (-),S1_exp #660
binding_site,BND-037111,INSERT,,,EVI-033187 | mRNA RNA-014159 3547042-3547058 (-),S1_exp #660
binding_site,BND-037112,INSERT,,,EVI-033188 | sRNA RNA-010028 3705309-3705311 (-),S1_exp #661
binding_site,BND-037113,INSERT,,,EVI-033188 | mRNA RNA-014480 4941780-4941785 (-),S1_exp #661
binding_site,BND-037114,INSERT,,,EVI-033189 | sRNA RNA-010028 3705311-3705314 (-),S1_exp #662
binding_site,BND-037115,INSERT,,,EVI-033189 | mRNA RNA-014481 4695629-4695649 (-),S1_exp #662
binding_site,BND-037116,INSERT,,,EVI-033190 | sRNA RNA-010028 3705309-3705315 (-),S1_exp #665
binding_site,BND-037117,INSERT,,,EVI-033190 | mRNA RNA-014482 6240307-6240782 (+),S1_exp #665
binding_site,BND-037118,INSERT,,,EVI-033191 | sRNA RNA-010028 3705311-3705311 (-),S1_exp #666
binding_site,BND-037119,INSERT,,,EVI-033191 | mRNA RNA-014483 4925885-4925974 (+),S1_exp #666
binding_site,BND-037120,INSERT,,,EVI-033192 | sRNA RNA-010028 3705310-3705317 (-),S1_exp #667
binding_site,BND-037121,INSERT,,,EVI-033192 | mRNA RNA-014484 3777936-3778013 (-),S1_exp #667
binding_site,BND-037122,INSERT,,,EVI-033193 | sRNA RNA-002447 6183529-6183590 (-),S1_exp #668
binding_site,BND-037123,INSERT,,,EVI-033193 | mRNA RNA-014249 4297629-4298085 (+),S1_exp #668
binding_site,BND-037124,INSERT,,,EVI-033194 | sRNA RNA-010028 3705311-3705318 (-),S1_exp #669
binding_site,BND-037125,INSERT,,,EVI-033194 | mRNA RNA-014485 1032676-1032759 (-),S1_exp #669
binding_site,BND-037126,INSERT,,,EVI-033195 | sRNA RNA-014062 3116513-3116519 (+),S1_exp #670
binding_site,BND-037127,INSERT,,,EVI-033195 | mRNA RNA-014432 2762281-2762322 (-),S1_exp #670
binding_site,BND-037128,INSERT,,,EVI-033196 | sRNA RNA-010028 3705311-3705312 (-),S1_exp #671
binding_site,BND-037129,INSERT,,,EVI-033196 | mRNA RNA-014486 4844066-4844068 (-),S1_exp #671
binding_site,BND-037130,INSERT,,,EVI-033197 | sRNA RNA-014062 3116516-3116519 (+),S1_exp #672
binding_site,BND-037131,INSERT,,,EVI-033197 | mRNA RNA-002444 1045382-1045385 (-),S1_exp #672
binding_site,BND-037132,INSERT,,,EVI-033198 | sRNA RNA-014487 4388815-4388815 (-),S1_exp #673
binding_site,BND-037133,INSERT,,,EVI-033198 | mRNA RNA-014488 5067798-5067798 (-),S1_exp #673
binding_site,BND-037134,INSERT,,,EVI-033199 | sRNA RNA-010028 3705309-3705312 (-),S1_exp #674
binding_site,BND-037135,INSERT,,,EVI-033199 | mRNA RNA-014489 5672485-5672485 (-),S1_exp #674
binding_site,BND-037136,INSERT,,,EVI-033200 | sRNA RNA-010028 3705310-3705312 (-),S1_exp #675
binding_site,BND-037137,INSERT,,,EVI-033200 | mRNA RNA-014490 3421982-3421992 (-),S1_exp #675
binding_site,BND-037138,INSERT,,,EVI-033201 | sRNA RNA-010028 3705309-3705314 (-),S1_exp #676
binding_site,BND-037139,INSERT,,,EVI-033201 | mRNA RNA-014491 641948-641951 (+),S1_exp #676
binding_site,BND-037140,INSERT,,,EVI-033202 | sRNA RNA-010028 3705311-3705311 (-),S1_exp #677
binding_site,BND-037141,INSERT,,,EVI-033202 | mRNA RNA-014215 3394725-3394757 (+),S1_exp #677
binding_site,BND-037142,INSERT,,,EVI-033203 | sRNA RNA-010028 3705311-3705311 (-),S1_exp #678
binding_site,BND-037143,INSERT,,,EVI-033203 | mRNA RNA-014492 547291-547293 (-),S1_exp #678
binding_site,BND-037144,INSERT,,,EVI-033204 | sRNA RNA-010028 3705310-3705311 (-),S1_exp #679
binding_site,BND-037145,INSERT,,,EVI-033204 | mRNA RNA-014118 6050140-6050174 (-),S1_exp #679
binding_site,BND-037146,INSERT,,,EVI-033205 | sRNA RNA-001834 5308595-5308597 (+),S1_exp #680
binding_site,BND-037147,INSERT,,,EVI-033205 | mRNA RNA-014102 1141330-1141332 (+),S1_exp #680
binding_site,BND-037148,INSERT,,,EVI-033206 | sRNA RNA-010028 3705311-3705313 (-),S1_exp #681
binding_site,BND-037149,INSERT,,,EVI-033206 | mRNA RNA-014493 4489017-4489019 (-),S1_exp #681
binding_site,BND-037150,INSERT,,,EVI-033207 | sRNA RNA-010028 3705311-3705317 (-),S1_exp #682
binding_site,BND-037151,INSERT,,,EVI-033207 | mRNA RNA-014494 5206459-5206480 (-),S1_exp #682
binding_site,BND-037152,INSERT,,,EVI-033208 | sRNA RNA-010028 3705311-3705311 (-),S1_exp #683
binding_site,BND-037153,INSERT,,,EVI-033208 | mRNA RNA-014495 2888958-2888958 (-),S1_exp #683
binding_site,BND-037154,INSERT,,,EVI-033209 | sRNA RNA-014037 3127840-3127847 (+),S1_exp #685
binding_site,BND-037155,INSERT,,,EVI-033209 | mRNA RNA-014028 3013674-3013747 (-),S1_exp #685
binding_site,BND-037156,INSERT,,,EVI-033210 | sRNA RNA-010028 3705311-3705317 (-),S1_exp #686
binding_site,BND-037157,INSERT,,,EVI-033210 | mRNA RNA-014496 5875585-5875609 (+),S1_exp #686
binding_site,BND-037158,INSERT,,,EVI-033211 | sRNA RNA-010028 3705311-3705312 (-),S1_exp #687
binding_site,BND-037159,INSERT,,,EVI-033211 | mRNA RNA-014497 4132575-4132919 (+),S1_exp #687
binding_site,BND-037160,INSERT,,,EVI-033212 | sRNA RNA-010028 3705310-3705311 (-),S1_exp #689
binding_site,BND-037161,INSERT,,,EVI-033212 | mRNA RNA-014498 5770620-5770761 (-),S1_exp #689
binding_site,BND-037162,INSERT,,,EVI-033213 | sRNA RNA-010028 3705311-3705313 (-),S1_exp #690
binding_site,BND-037163,INSERT,,,EVI-033213 | mRNA RNA-002440 5352063-5352241 (-),S1_exp #690
binding_site,BND-037164,INSERT,,,EVI-033214 | sRNA RNA-010028 3705310-3705311 (-),S1_exp #691
binding_site,BND-037165,INSERT,,,EVI-033214 | mRNA RNA-014499 5758508-5758797 (-),S1_exp #691
binding_site,BND-037166,INSERT,,,EVI-033215 | sRNA RNA-010028 3705310-3705318 (-),S1_exp #692
binding_site,BND-037167,INSERT,,,EVI-033215 | mRNA RNA-014500 3008515-3008738 (-),S1_exp #692
binding_site,BND-037168,INSERT,,,EVI-033216 | sRNA RNA-010028 3705309-3705311 (-),S1_exp #693
binding_site,BND-037169,INSERT,,,EVI-033216 | mRNA RNA-014169 5693495-5693516 (+),S1_exp #693
binding_site,BND-037170,INSERT,,,EVI-033217 | sRNA RNA-010028 3705311-3705311 (-),S1_exp #694
binding_site,BND-037171,INSERT,,,EVI-033217 | mRNA RNA-014501 6136704-6137049 (-),S1_exp #694
binding_site,BND-037172,INSERT,,,EVI-033218 | sRNA RNA-001834 5308895-5308899 (+),S1_exp #695
binding_site,BND-037173,INSERT,,,EVI-033218 | mRNA RNA-014298 382922-382971 (+),S1_exp #695
binding_site,BND-037174,INSERT,,,EVI-033219 | sRNA RNA-010028 3705310-3705311 (-),S1_exp #697
binding_site,BND-037175,INSERT,,,EVI-033219 | mRNA RNA-014502 5484492-5484496 (-),S1_exp #697
binding_site,BND-037176,INSERT,,,EVI-033220 | sRNA RNA-010028 3705310-3705311 (-),S1_exp #698
binding_site,BND-037177,INSERT,,,EVI-033220 | mRNA RNA-002444 1045421-1045431 (-),S1_exp #698
binding_site,BND-037178,INSERT,,,EVI-033221 | sRNA RNA-010028 3705311-3705315 (-),S1_exp #699
binding_site,BND-037179,INSERT,,,EVI-033221 | mRNA RNA-014503 4881037-4881087 (-),S1_exp #699
binding_site,BND-037180,INSERT,,,EVI-033222 | sRNA RNA-010028 3705311-3705311 (-),S1_exp #700
binding_site,BND-037181,INSERT,,,EVI-033222 | mRNA RNA-014504 5900220-5900228 (-),S1_exp #700
binding_site,BND-037182,INSERT,,,EVI-033223 | sRNA RNA-002447 6183659-6183659 (-),S1_exp #701
binding_site,BND-037183,INSERT,,,EVI-033223 | mRNA RNA-014466 787092-787092 (+),S1_exp #701
binding_site,BND-037184,INSERT,,,EVI-033224 | sRNA RNA-014296 5774821-5774821 (+),S1_exp #702
binding_site,BND-037185,INSERT,,,EVI-033224 | mRNA RNA-014343 2814617-2814618 (+),S1_exp #702
binding_site,BND-037186,INSERT,,,EVI-033225 | sRNA RNA-010028 3705310-3705311 (-),S1_exp #703
binding_site,BND-037187,INSERT,,,EVI-033225 | mRNA RNA-014505 4998045-4998050 (-),S1_exp #703
binding_site,BND-037188,INSERT,,,EVI-033226 | sRNA RNA-014062 3116486-3116519 (+),S1_exp #704
binding_site,BND-037189,INSERT,,,EVI-033226 | mRNA RNA-002130 3442474-3442500 (-),S1_exp #704
binding_site,BND-037190,INSERT,,,EVI-033227 | sRNA RNA-010028 3705310-3705311 (-),S1_exp #706
binding_site,BND-037191,INSERT,,,EVI-033227 | mRNA RNA-014506 5371581-5371688 (-),S1_exp #706
binding_site,BND-037192,INSERT,,,EVI-033228 | sRNA RNA-010028 3705308-3705310 (-),S1_exp #707
binding_site,BND-037193,INSERT,,,EVI-033228 | mRNA RNA-014507 12428-12585 (-),S1_exp #707
binding_site,BND-037194,INSERT,,,EVI-033229 | sRNA RNA-014062 3116517-3116519 (+),S1_exp #708
binding_site,BND-037195,INSERT,,,EVI-033229 | mRNA RNA-014508 5618154-5618277 (-),S1_exp #708
binding_site,BND-037196,INSERT,,,EVI-033230 | sRNA RNA-010028 3705309-3705311 (-),S1_exp #709
binding_site,BND-037197,INSERT,,,EVI-033230 | mRNA RNA-014509 3757828-3757965 (-),S1_exp #709
binding_site,BND-037198,INSERT,,,EVI-033231 | sRNA RNA-010028 3705311-3705311 (-),S1_exp #710
binding_site,BND-037199,INSERT,,,EVI-033231 | mRNA RNA-002030 301730-301874 (+),S1_exp #710
binding_site,BND-037200,INSERT,,,EVI-033232 | sRNA RNA-010028 3705311-3705312 (-),S1_exp #711
binding_site,BND-037201,INSERT,,,EVI-033232 | mRNA RNA-014510 1054845-1054939 (+),S1_exp #711
binding_site,BND-037202,INSERT,,,EVI-033233 | sRNA RNA-010028 3705311-3705311 (-),S1_exp #712
binding_site,BND-037203,INSERT,,,EVI-033233 | mRNA RNA-014511 2948429-2948582 (+),S1_exp #712
binding_site,BND-037204,INSERT,,,EVI-033234 | sRNA RNA-014066 5284109-5284318 (+),S1_exp #713
binding_site,BND-037205,INSERT,,,EVI-033234 | mRNA RNA-014512 3311843-3311950 (-),S1_exp #713
binding_site,BND-037206,INSERT,,,EVI-033235 | sRNA RNA-010028 3705311-3705311 (-),S1_exp #714
binding_site,BND-037207,INSERT,,,EVI-033235 | mRNA RNA-014513 2860356-2860549 (-),S1_exp #714
binding_site,BND-037208,INSERT,,,EVI-033236 | sRNA RNA-014514 884628-884650 (+),S1_exp #715
binding_site,BND-037209,INSERT,,,EVI-033236 | mRNA RNA-002210 534170-534173 (+),S1_exp #715
binding_site,BND-037210,INSERT,,,EVI-033237 | sRNA RNA-014138 5640675-5640682 (+),S1_exp #716
binding_site,BND-037211,INSERT,,,EVI-033237 | mRNA RNA-002207 4762205-4762207 (-),S1_exp #716
binding_site,BND-037212,INSERT,,,EVI-033238 | sRNA RNA-001834 5308901-5308912 (+),S1_exp #717
binding_site,BND-037213,INSERT,,,EVI-033238 | mRNA RNA-014515 2759863-2759873 (-),S1_exp #717
binding_site,BND-037214,INSERT,,,EVI-033239 | sRNA RNA-014343 2814681-2814687 (+),S1_exp #718
binding_site,BND-037215,INSERT,,,EVI-033239 | mRNA RNA-014349 3683843-3683857 (-),S1_exp #718
binding_site,BND-037216,INSERT,,,EVI-033240 | sRNA RNA-010028 3705311-3705311 (-),S1_exp #719
binding_site,BND-037217,INSERT,,,EVI-033240 | mRNA RNA-014516 3270558-3270559 (+),S1_exp #719
binding_site,BND-037218,INSERT,,,EVI-033241 | sRNA RNA-010028 3705309-3705311 (-),S1_exp #720
binding_site,BND-037219,INSERT,,,EVI-033241 | mRNA RNA-014517 1417925-1417931 (+),S1_exp #720
binding_site,BND-037220,INSERT,,,EVI-033242 | sRNA RNA-010028 3705311-3705313 (-),S1_exp #722
binding_site,BND-037221,INSERT,,,EVI-033242 | mRNA RNA-001941 204559-204560 (-),S1_exp #722
binding_site,BND-037222,INSERT,,,EVI-033243 | sRNA RNA-010028 3705311-3705311 (-),S1_exp #723
binding_site,BND-037223,INSERT,,,EVI-033243 | mRNA RNA-014508 5618151-5618152 (-),S1_exp #723
binding_site,BND-037224,INSERT,,,EVI-033244 | sRNA RNA-010028 3705311-3705317 (-),S1_exp #725
binding_site,BND-037225,INSERT,,,EVI-033244 | mRNA RNA-014129 5904317-5904373 (-),S1_exp #725
binding_site,BND-037226,INSERT,,,EVI-033245 | sRNA RNA-010028 3705310-3705311 (-),S1_exp #726
binding_site,BND-037227,INSERT,,,EVI-033245 | mRNA RNA-014518 783947-783991 (-),S1_exp #726
binding_site,BND-037228,INSERT,,,EVI-033246 | sRNA RNA-014051 6110936-6110937 (+),S1_exp #727
binding_site,BND-037229,INSERT,,,EVI-033246 | mRNA RNA-014519 3719233-3719235 (+),S1_exp #727
binding_site,BND-037230,INSERT,,,EVI-033247 | sRNA RNA-014316 3570899-3570899 (-),S1_exp #728
binding_site,BND-037231,INSERT,,,EVI-033247 | mRNA RNA-014249 4297205-4297357 (+),S1_exp #728
binding_site,BND-037232,INSERT,,,EVI-033248 | sRNA RNA-014032 3575845-3575845 (-),S1_exp #729
binding_site,BND-037233,INSERT,,,EVI-033248 | mRNA RNA-014520 5801280-5801332 (+),S1_exp #729
binding_site,BND-037234,INSERT,,,EVI-033249 | sRNA RNA-010028 3705311-3705311 (-),S1_exp #730
binding_site,BND-037235,INSERT,,,EVI-033249 | mRNA RNA-014521 6012655-6012864 (+),S1_exp #730
binding_site,BND-037236,INSERT,,,EVI-033250 | sRNA RNA-010028 3705310-3705311 (-),S1_exp #731
binding_site,BND-037237,INSERT,,,EVI-033250 | mRNA RNA-014522 4276545-4276779 (-),S1_exp #731
binding_site,BND-037238,INSERT,,,EVI-033251 | sRNA RNA-014051 6110825-6110937 (+),S1_exp #732
binding_site,BND-037239,INSERT,,,EVI-033251 | mRNA RNA-014101 1057485-1057556 (+),S1_exp #732
binding_site,BND-037240,INSERT,,,EVI-033252 | sRNA RNA-010028 3705309-3705311 (-),S1_exp #733
binding_site,BND-037241,INSERT,,,EVI-033252 | mRNA RNA-014523 3709234-3709389 (+),S1_exp #733
binding_site,BND-037242,INSERT,,,EVI-033253 | sRNA RNA-010028 3705311-3705311 (-),S1_exp #734
binding_site,BND-037243,INSERT,,,EVI-033253 | mRNA RNA-014524 5791336-5791492 (-),S1_exp #734
binding_site,BND-037244,INSERT,,,EVI-033254 | sRNA RNA-010028 3705310-3705313 (-),S1_exp #735
binding_site,BND-037245,INSERT,,,EVI-033254 | mRNA RNA-014525 4406515-4406978 (+),S1_exp #735
binding_site,BND-037246,INSERT,,,EVI-033255 | sRNA RNA-010028 3705311-3705311 (-),S1_exp #736
binding_site,BND-037247,INSERT,,,EVI-033255 | mRNA RNA-002377 4618321-4618676 (-),S1_exp #736
binding_site,BND-037248,INSERT,,,EVI-033256 | sRNA RNA-010028 3705311-3705311 (-),S1_exp #738
binding_site,BND-037249,INSERT,,,EVI-033256 | mRNA RNA-014526 5802126-5802288 (+),S1_exp #738
binding_site,BND-037250,INSERT,,,EVI-033257 | sRNA RNA-010028 3705309-3705311 (-),S1_exp #739
binding_site,BND-037251,INSERT,,,EVI-033257 | mRNA RNA-014425 1056130-1056584 (+),S1_exp #739
binding_site,BND-037252,INSERT,,,EVI-033258 | sRNA RNA-010028 3705310-3705311 (-),S1_exp #740
binding_site,BND-037253,INSERT,,,EVI-033258 | mRNA RNA-014527 1040451-1040895 (+),S1_exp #740
binding_site,BND-037254,INSERT,,,EVI-033259 | sRNA RNA-014031 5372504-5372504 (-),S1_exp #741
binding_site,BND-037255,INSERT,,,EVI-033259 | mRNA RNA-014385 5756266-5756267 (-),S1_exp #741
binding_site,BND-037256,INSERT,,,EVI-033260 | sRNA RNA-010028 3705317-3705317 (-),S1_exp #742
binding_site,BND-037257,INSERT,,,EVI-033260 | mRNA RNA-001866 3183704-3183704 (+),S1_exp #742
binding_site,BND-037258,INSERT,,,EVI-033261 | sRNA RNA-010028 3705310-3705310 (-),S1_exp #743
binding_site,BND-037259,INSERT,,,EVI-033261 | mRNA RNA-014528 4764716-4764772 (-),S1_exp #743
binding_site,BND-037260,INSERT,,,EVI-033262 | sRNA RNA-010028 3705311-3705314 (-),S1_exp #744
binding_site,BND-037261,INSERT,,,EVI-033262 | mRNA RNA-014529 2902552-2902555 (+),S1_exp #744
binding_site,BND-037262,INSERT,,,EVI-033263 | sRNA RNA-010028 3705310-3705311 (-),S1_exp #745
binding_site,BND-037263,INSERT,,,EVI-033263 | mRNA RNA-014530 4057581-4057582 (-),S1_exp #745
binding_site,BND-037264,INSERT,,,EVI-033264 | sRNA RNA-002532 3958148-3958148 (+),S1_exp #746
binding_site,BND-037265,INSERT,,,EVI-033264 | mRNA RNA-014039 3751713-3751742 (-),S1_exp #746
binding_site,BND-037266,INSERT,,,EVI-033265 | sRNA RNA-014531 4326641-4326641 (+),S1_exp #747
binding_site,BND-037267,INSERT,,,EVI-033265 | mRNA RNA-002311 5970558-5970559 (-),S1_exp #747
binding_site,BND-037268,INSERT,,,EVI-033266 | sRNA RNA-014062 3116517-3116519 (+),S1_exp #748
binding_site,BND-037269,INSERT,,,EVI-033266 | mRNA RNA-014257 1007769-1007795 (-),S1_exp #748
binding_site,BND-037270,INSERT,,,EVI-033267 | sRNA RNA-010028 3705310-3705318 (-),S1_exp #750
binding_site,BND-037271,INSERT,,,EVI-033267 | mRNA RNA-014532 5972926-5972981 (-),S1_exp #750
binding_site,BND-037272,INSERT,,,EVI-033268 | sRNA RNA-014343 2814687-2814687 (+),S1_exp #751
binding_site,BND-037273,INSERT,,,EVI-033268 | mRNA RNA-014296 5774761-5774762 (+),S1_exp #751
binding_site,BND-037274,INSERT,,,EVI-033269 | sRNA RNA-010028 3705310-3705311 (-),S1_exp #752
binding_site,BND-037275,INSERT,,,EVI-033269 | mRNA RNA-014533 4195110-4195129 (-),S1_exp #752
binding_site,BND-037276,INSERT,,,EVI-033270 | sRNA RNA-014062 3116446-3116448 (+),S1_exp #754
binding_site,BND-037277,INSERT,,,EVI-033270 | mRNA RNA-002446 5229992-5230008 (-),S1_exp #754
binding_site,BND-037278,INSERT,,,EVI-033271 | sRNA RNA-010028 3705311-3705311 (-),S1_exp #755
binding_site,BND-037279,INSERT,,,EVI-033271 | mRNA RNA-014534 5042342-5042447 (-),S1_exp #755
binding_site,BND-037280,INSERT,,,EVI-033272 | sRNA RNA-010028 3705310-3705315 (-),S1_exp #756
binding_site,BND-037281,INSERT,,,EVI-033272 | mRNA RNA-014053 4576824-4576909 (-),S1_exp #756
binding_site,BND-037282,INSERT,,,EVI-033273 | sRNA RNA-010028 3705311-3705311 (-),S1_exp #757
binding_site,BND-037283,INSERT,,,EVI-033273 | mRNA RNA-014535 2802011-2802247 (-),S1_exp #757
binding_site,BND-037284,INSERT,,,EVI-033274 | sRNA RNA-010028 3705311-3705311 (-),S1_exp #758
binding_site,BND-037285,INSERT,,,EVI-033274 | mRNA RNA-014536 1329847-1329943 (+),S1_exp #758
binding_site,BND-037286,INSERT,,,EVI-033275 | sRNA RNA-010028 3705311-3705312 (-),S1_exp #759
binding_site,BND-037287,INSERT,,,EVI-033275 | mRNA RNA-014073 4780013-4780361 (-),S1_exp #759
binding_site,BND-037288,INSERT,,,EVI-033276 | sRNA RNA-010028 3705308-3705311 (-),S1_exp #760
binding_site,BND-037289,INSERT,,,EVI-033276 | mRNA RNA-014537 830112-830552 (-),S1_exp #760
binding_site,BND-037290,INSERT,,,EVI-033277 | sRNA RNA-010028 3705311-3705312 (-),S1_exp #761
binding_site,BND-037291,INSERT,,,EVI-033277 | mRNA RNA-014538 5924424-5924433 (-),S1_exp #761
binding_site,BND-037292,INSERT,,,EVI-033278 | sRNA RNA-010028 3705311-3705311 (-),S1_exp #762
binding_site,BND-037293,INSERT,,,EVI-033278 | mRNA RNA-014539 5355360-5355360 (+),S1_exp #762
binding_site,BND-037294,INSERT,,,EVI-033279 | sRNA RNA-010028 3705310-3705311 (-),S1_exp #763
binding_site,BND-037295,INSERT,,,EVI-033279 | mRNA RNA-014540 158039-158045 (-),S1_exp #763
binding_site,BND-037296,INSERT,,,EVI-033280 | sRNA RNA-010028 3705311-3705311 (-),S1_exp #764
binding_site,BND-037297,INSERT,,,EVI-033280 | mRNA RNA-014541 5824825-5824852 (+),S1_exp #764
binding_site,BND-037298,INSERT,,,EVI-033281 | sRNA RNA-010028 3705311-3705311 (-),S1_exp #765
binding_site,BND-037299,INSERT,,,EVI-033281 | mRNA RNA-014048 5180834-5180845 (-),S1_exp #765
binding_site,BND-037300,INSERT,,,EVI-033282 | sRNA RNA-014072 3855364-3855372 (-),S1_exp #766
binding_site,BND-037301,INSERT,,,EVI-033282 | mRNA RNA-014542 3206913-3206929 (+),S1_exp #766
binding_site,BND-037302,INSERT,,,EVI-033283 | sRNA RNA-010028 3705312-3705315 (-),S1_exp #767
binding_site,BND-037303,INSERT,,,EVI-033283 | mRNA RNA-014142 4770729-4770794 (-),S1_exp #767
binding_site,BND-037304,INSERT,,,EVI-033284 | sRNA RNA-014323 3514662-3514662 (-),S1_exp #769
binding_site,BND-037305,INSERT,,,EVI-033284 | mRNA RNA-002074 2195504-2195504 (-),S1_exp #769
binding_site,BND-037306,INSERT,,,EVI-033285 | sRNA RNA-010028 3705311-3705315 (-),S1_exp #770
binding_site,BND-037307,INSERT,,,EVI-033285 | mRNA RNA-014543 586867-586932 (+),S1_exp #770
binding_site,BND-037308,INSERT,,,EVI-033286 | sRNA RNA-010028 3705310-3705317 (-),S1_exp #771
binding_site,BND-037309,INSERT,,,EVI-033286 | mRNA RNA-014544 3115700-3115709 (-),S1_exp #771
binding_site,BND-037310,INSERT,,,EVI-033287 | sRNA RNA-014062 3116512-3116519 (+),S1_exp #772
binding_site,BND-037311,INSERT,,,EVI-033287 | mRNA RNA-014515 2759928-2760103 (-),S1_exp #772
binding_site,BND-037312,INSERT,,,EVI-033288 | sRNA RNA-010028 3705311-3705311 (-),S1_exp #773
binding_site,BND-037313,INSERT,,,EVI-033288 | mRNA RNA-014545 5024085-5024142 (+),S1_exp #773
binding_site,BND-037314,INSERT,,,EVI-033289 | sRNA RNA-010028 3705311-3705311 (-),S1_exp #774
binding_site,BND-037315,INSERT,,,EVI-033289 | mRNA RNA-014294 5677120-5677206 (-),S1_exp #774
binding_site,BND-037316,INSERT,,,EVI-033290 | sRNA RNA-010028 3705311-3705315 (-),S1_exp #775
binding_site,BND-037317,INSERT,,,EVI-033290 | mRNA RNA-014546 1983402-1983589 (+),S1_exp #775
binding_site,BND-037318,INSERT,,,EVI-033291 | sRNA RNA-010028 3705310-3705314 (-),S1_exp #776
binding_site,BND-037319,INSERT,,,EVI-033291 | mRNA RNA-014547 2559450-2559536 (-),S1_exp #776
binding_site,BND-037320,INSERT,,,EVI-033292 | sRNA RNA-010028 3705311-3705312 (-),S1_exp #777
binding_site,BND-037321,INSERT,,,EVI-033292 | mRNA RNA-014548 6239288-6239455 (-),S1_exp #777
binding_site,BND-037322,INSERT,,,EVI-033293 | sRNA RNA-010028 3705311-3705311 (-),S1_exp #778
binding_site,BND-037323,INSERT,,,EVI-033293 | mRNA RNA-010033 4446012-4446110 (+),S1_exp #778
binding_site,BND-037324,INSERT,,,EVI-033294 | sRNA RNA-010028 3705311-3705311 (-),S1_exp #779
binding_site,BND-037325,INSERT,,,EVI-033294 | mRNA RNA-014549 3580000-3580011 (+),S1_exp #779
binding_site,BND-037326,INSERT,,,EVI-033295 | sRNA RNA-010028 3705311-3705312 (-),S1_exp #780
binding_site,BND-037327,INSERT,,,EVI-033295 | mRNA RNA-014550 3752086-3752360 (-),S1_exp #780
binding_site,BND-037328,INSERT,,,EVI-033296 | sRNA RNA-014066 5284103-5284103 (+),S1_exp #781
binding_site,BND-037329,INSERT,,,EVI-033296 | mRNA RNA-014551 3627915-3627915 (+),S1_exp #781
binding_site,BND-037330,INSERT,,,EVI-033297 | sRNA RNA-010028 3705310-3705311 (-),S1_exp #783
binding_site,BND-037331,INSERT,,,EVI-033297 | mRNA RNA-014552 1829703-1829738 (-),S1_exp #783
binding_site,BND-037332,INSERT,,,EVI-033298 | sRNA RNA-014323 3514663-3514663 (-),S1_exp #784
binding_site,BND-037333,INSERT,,,EVI-033298 | mRNA RNA-014232 5943851-5943851 (+),S1_exp #784
binding_site,BND-037334,INSERT,,,EVI-033299 | sRNA RNA-010028 3705310-3705311 (-),S1_exp #786
binding_site,BND-037335,INSERT,,,EVI-033299 | mRNA RNA-014553 3534013-3534023 (-),S1_exp #786
binding_site,BND-037336,INSERT,,,EVI-033300 | sRNA RNA-010028 3705311-3705311 (-),S1_exp #787
binding_site,BND-037337,INSERT,,,EVI-033300 | mRNA RNA-014554 5581538-5581586 (-),S1_exp #787
binding_site,BND-037338,INSERT,,,EVI-033301 | sRNA RNA-010028 3705311-3705312 (-),S1_exp #788
binding_site,BND-037339,INSERT,,,EVI-033301 | mRNA RNA-014555 1210007-1210034 (-),S1_exp #788
binding_site,BND-037340,INSERT,,,EVI-033302 | sRNA RNA-014072 3855364-3855368 (-),S1_exp #789
binding_site,BND-037341,INSERT,,,EVI-033302 | mRNA RNA-014556 5360343-5360351 (+),S1_exp #789
binding_site,BND-037342,INSERT,,,EVI-033303 | sRNA RNA-010028 3705310-3705311 (-),S1_exp #790
binding_site,BND-037343,INSERT,,,EVI-033303 | mRNA RNA-014557 302730-302736 (+),S1_exp #790
binding_site,BND-037344,INSERT,,,EVI-033304 | sRNA RNA-010028 3705310-3705318 (-),S1_exp #791
binding_site,BND-037345,INSERT,,,EVI-033304 | mRNA RNA-014558 310872-310906 (+),S1_exp #791
binding_site,BND-037346,INSERT,,,EVI-033305 | sRNA RNA-010028 3705310-3705311 (-),S1_exp #792
binding_site,BND-037347,INSERT,,,EVI-033305 | mRNA RNA-002262 3766798-3767008 (-),S1_exp #792
binding_site,BND-037348,INSERT,,,EVI-033306 | sRNA RNA-010028 3705310-3705314 (-),S1_exp #793
binding_site,BND-037349,INSERT,,,EVI-033306 | mRNA RNA-014559 537181-537226 (-),S1_exp #793
binding_site,BND-037350,INSERT,,,EVI-033307 | sRNA RNA-010028 3705310-3705311 (-),S1_exp #794
binding_site,BND-037351,INSERT,,,EVI-033307 | mRNA RNA-014560 4755174-4755226 (-),S1_exp #794
binding_site,BND-037352,INSERT,,,EVI-033308 | sRNA RNA-010028 3705311-3705313 (-),S1_exp #795
binding_site,BND-037353,INSERT,,,EVI-033308 | mRNA RNA-014561 5620239-5620588 (-),S1_exp #795
binding_site,BND-037354,INSERT,,,EVI-033309 | sRNA RNA-014062 3116513-3116518 (+),S1_exp #796
binding_site,BND-037355,INSERT,,,EVI-033309 | mRNA RNA-014355 958193-958222 (+),S1_exp #796
binding_site,BND-037356,INSERT,,,EVI-033310 | sRNA RNA-010028 3705310-3705318 (-),S1_exp #797
binding_site,BND-037357,INSERT,,,EVI-033310 | mRNA RNA-014185 1146695-1146784 (+),S1_exp #797
binding_site,BND-037358,INSERT,,,EVI-033311 | sRNA RNA-014062 3116518-3116519 (+),S1_exp #798
binding_site,BND-037359,INSERT,,,EVI-033311 | mRNA RNA-002540 3889844-3889844 (-),S1_exp #798
binding_site,BND-037360,INSERT,,,EVI-033312 | sRNA RNA-014051 6110937-6110937 (+),S1_exp #799
binding_site,BND-037361,INSERT,,,EVI-033312 | mRNA RNA-014562 3958931-3958932 (+),S1_exp #799
binding_site,BND-037362,INSERT,,,EVI-033313 | sRNA RNA-010028 3705311-3705311 (-),S1_exp #801
binding_site,BND-037363,INSERT,,,EVI-033313 | mRNA RNA-002315 4767897-4767897 (-),S1_exp #801
binding_site,BND-037364,INSERT,,,EVI-033314 | sRNA RNA-010028 3705311-3705316 (-),S1_exp #802
binding_site,BND-037365,INSERT,,,EVI-033314 | mRNA RNA-014563 5307812-5307868 (+),S1_exp #802
binding_site,BND-037366,INSERT,,,EVI-033315 | sRNA RNA-001834 5308919-5308925 (+),S1_exp #803
binding_site,BND-037367,INSERT,,,EVI-033315 | mRNA RNA-002278 950917-950918 (-),S1_exp #803
binding_site,BND-037368,INSERT,,,EVI-033316 | sRNA RNA-010028 3705310-3705311 (-),S1_exp #804
binding_site,BND-037369,INSERT,,,EVI-033316 | mRNA RNA-014564 334463-334500 (-),S1_exp #804
binding_site,BND-037370,INSERT,,,EVI-033317 | sRNA RNA-014051 6110937-6110937 (+),S1_exp #805
binding_site,BND-037371,INSERT,,,EVI-033317 | mRNA RNA-002208 3460046-3460057 (-),S1_exp #805
binding_site,BND-037372,INSERT,,,EVI-033318 | sRNA RNA-001834 5308673-5308673 (+),S1_exp #806
binding_site,BND-037373,INSERT,,,EVI-033318 | mRNA RNA-014190 3541076-3541083 (-),S1_exp #806
binding_site,BND-037374,INSERT,,,EVI-033319 | sRNA RNA-001834 5308650-5308651 (+),S1_exp #807
binding_site,BND-037375,INSERT,,,EVI-033319 | mRNA RNA-002438 5333249-5333273 (-),S1_exp #807
binding_site,BND-037376,INSERT,,,EVI-033320 | sRNA RNA-010028 3705310-3705312 (-),S1_exp #808
binding_site,BND-037377,INSERT,,,EVI-033320 | mRNA RNA-014565 1831504-1831540 (+),S1_exp #808
binding_site,BND-037378,INSERT,,,EVI-033321 | sRNA RNA-010028 3705312-3705316 (-),S1_exp #809
binding_site,BND-037379,INSERT,,,EVI-033321 | mRNA RNA-014566 5977666-5977677 (-),S1_exp #809
binding_site,BND-037380,INSERT,,,EVI-033322 | sRNA RNA-010028 3705310-3705311 (-),S1_exp #810
binding_site,BND-037381,INSERT,,,EVI-033322 | mRNA RNA-014567 291936-291953 (+),S1_exp #810
binding_site,BND-037382,INSERT,,,EVI-033323 | sRNA RNA-010028 3705310-3705312 (-),S1_exp #811
binding_site,BND-037383,INSERT,,,EVI-033323 | mRNA RNA-014568 2640798-2640949 (+),S1_exp #811
binding_site,BND-037384,INSERT,,,EVI-033324 | sRNA RNA-010028 3705310-3705311 (-),S1_exp #812
binding_site,BND-037385,INSERT,,,EVI-033324 | mRNA RNA-014569 5774157-5774215 (+),S1_exp #812
binding_site,BND-037386,INSERT,,,EVI-033325 | sRNA RNA-010028 3705311-3705311 (-),S1_exp #813
binding_site,BND-037387,INSERT,,,EVI-033325 | mRNA RNA-014570 4492197-4492377 (+),S1_exp #813
binding_site,BND-037388,INSERT,,,EVI-033326 | sRNA RNA-010028 3705310-3705311 (-),S1_exp #814
binding_site,BND-037389,INSERT,,,EVI-033326 | mRNA RNA-001870 5400571-5400668 (-),S1_exp #814
binding_site,BND-037390,INSERT,,,EVI-033327 | sRNA RNA-010028 3705311-3705318 (-),S1_exp #815
binding_site,BND-037391,INSERT,,,EVI-033327 | mRNA RNA-001868 4893691-4893710 (+),S1_exp #815
binding_site,BND-037392,INSERT,,,EVI-033328 | sRNA RNA-010028 3705311-3705319 (-),S1_exp #816
binding_site,BND-037393,INSERT,,,EVI-033328 | mRNA RNA-014571 4320598-4320818 (-),S1_exp #816
binding_site,BND-037394,INSERT,,,EVI-033329 | sRNA RNA-010028 3705311-3705446 (-),S1_exp #817
binding_site,BND-037395,INSERT,,,EVI-033329 | mRNA RNA-014572 5125639-5125699 (-),S1_exp #817
binding_site,BND-037396,INSERT,,,EVI-033330 | sRNA RNA-010028 3705311-3705313 (-),S1_exp #818
binding_site,BND-037397,INSERT,,,EVI-033330 | mRNA RNA-014573 4256960-4257027 (-),S1_exp #818
binding_site,BND-037398,INSERT,,,EVI-033331 | sRNA RNA-010028 3705310-3705311 (-),S1_exp #819
binding_site,BND-037399,INSERT,,,EVI-033331 | mRNA RNA-014081 2163957-2164242 (-),S1_exp #819
binding_site,BND-037400,INSERT,,,EVI-033332 | sRNA RNA-010028 3705311-3705314 (-),S1_exp #820
binding_site,BND-037401,INSERT,,,EVI-033332 | mRNA RNA-014574 4705649-4705817 (-),S1_exp #820
binding_site,BND-037402,INSERT,,,EVI-033333 | sRNA RNA-014072 3855363-3855372 (-),S1_exp #821
binding_site,BND-037403,INSERT,,,EVI-033333 | mRNA RNA-014060 6198055-6198120 (+),S1_exp #821
binding_site,BND-037404,INSERT,,,EVI-033334 | sRNA RNA-010028 3705311-3705311 (-),S1_exp #822
binding_site,BND-037405,INSERT,,,EVI-033334 | mRNA RNA-014575 5498646-5499064 (-),S1_exp #822
binding_site,BND-037406,INSERT,,,EVI-033335 | sRNA RNA-010028 3705311-3705311 (-),S1_exp #823
binding_site,BND-037407,INSERT,,,EVI-033335 | mRNA RNA-014576 4028593-4028612 (+),S1_exp #823
binding_site,BND-037408,INSERT,,,EVI-033336 | sRNA RNA-010028 3705312-3705312 (-),S1_exp #824
binding_site,BND-037409,INSERT,,,EVI-033336 | mRNA RNA-014577 4259999-4260042 (-),S1_exp #824
binding_site,BND-037410,INSERT,,,EVI-033337 | sRNA RNA-010028 3705310-3705314 (-),S1_exp #825
binding_site,BND-037411,INSERT,,,EVI-033337 | mRNA RNA-014578 5073942-5074353 (+),S1_exp #825
binding_site,BND-037412,INSERT,,,EVI-033338 | sRNA RNA-010028 3705311-3705313 (-),S1_exp #826
binding_site,BND-037413,INSERT,,,EVI-033338 | mRNA RNA-014579 4787249-4787305 (-),S1_exp #826
binding_site,BND-037414,INSERT,,,EVI-033339 | sRNA RNA-002443 184457-184457 (+),S1_exp #827
binding_site,BND-037415,INSERT,,,EVI-033339 | mRNA RNA-002450 1857037-1857206 (+),S1_exp #827
binding_site,BND-037416,INSERT,,,EVI-033340 | sRNA RNA-014323 3514666-3514702 (-),S1_exp #828
binding_site,BND-037417,INSERT,,,EVI-033340 | mRNA RNA-014037 3127793-3127793 (+),S1_exp #828
binding_site,BND-037418,INSERT,,,EVI-033341 | sRNA RNA-010028 3705311-3705312 (-),S1_exp #829
binding_site,BND-037419,INSERT,,,EVI-033341 | mRNA RNA-014103 1955101-1955296 (+),S1_exp #829
binding_site,BND-037420,INSERT,,,EVI-033342 | sRNA RNA-010028 3705311-3705311 (-),S1_exp #830
binding_site,BND-037421,INSERT,,,EVI-033342 | mRNA RNA-014580 1658972-1659213 (-),S1_exp #830
binding_site,BND-037422,INSERT,,,EVI-033343 | sRNA RNA-010028 3705311-3705312 (-),S1_exp #831
binding_site,BND-037423,INSERT,,,EVI-033343 | mRNA RNA-014581 5886635-5886638 (-),S1_exp #831
binding_site,BND-037424,INSERT,,,EVI-033344 | sRNA RNA-010028 3705309-3705312 (-),S1_exp #833
binding_site,BND-037425,INSERT,,,EVI-033344 | mRNA RNA-014582 5725226-5725262 (+),S1_exp #833
binding_site,BND-037426,INSERT,,,EVI-033345 | sRNA RNA-010028 3705311-3705314 (-),S1_exp #834
binding_site,BND-037427,INSERT,,,EVI-033345 | mRNA RNA-014583 4071754-4071755 (-),S1_exp #834
binding_site,BND-037428,INSERT,,,EVI-033346 | sRNA RNA-010028 3705309-3705311 (-),S1_exp #835
binding_site,BND-037429,INSERT,,,EVI-033346 | mRNA RNA-014584 5726134-5726137 (+),S1_exp #835
binding_site,BND-037430,INSERT,,,EVI-033347 | sRNA RNA-010028 3705310-3705311 (-),S1_exp #837
binding_site,BND-037431,INSERT,,,EVI-033347 | mRNA RNA-014467 2918898-2918898 (-),S1_exp #837
binding_site,BND-037432,INSERT,,,EVI-033348 | sRNA RNA-014138 5640680-5640683 (+),S1_exp #838
binding_site,BND-037433,INSERT,,,EVI-033348 | mRNA RNA-014030 6171844-6171850 (-),S1_exp #838
binding_site,BND-037434,INSERT,,,EVI-033349 | sRNA RNA-014585 2031855-2031855 (+),S1_exp #839
binding_site,BND-037435,INSERT,,,EVI-033349 | mRNA RNA-014355 958110-958111 (+),S1_exp #839
binding_site,BND-037436,INSERT,,,EVI-033350 | sRNA RNA-010028 3705311-3705317 (-),S1_exp #841
binding_site,BND-037437,INSERT,,,EVI-033350 | mRNA RNA-014586 5239507-5239514 (+),S1_exp #841
binding_site,BND-037438,INSERT,,,EVI-033351 | sRNA RNA-010028 3705310-3705310 (-),S1_exp #842
binding_site,BND-037439,INSERT,,,EVI-033351 | mRNA RNA-014587 4984707-4984709 (-),S1_exp #842
binding_site,BND-037440,INSERT,,,EVI-033352 | sRNA RNA-014316 3570901-3570903 (-),S1_exp #843
binding_site,BND-037441,INSERT,,,EVI-033352 | mRNA RNA-014094 1060390-1060390 (+),S1_exp #843
binding_site,BND-037442,INSERT,,,EVI-033353 | sRNA RNA-010028 3705311-3705313 (-),S1_exp #844
binding_site,BND-037443,INSERT,,,EVI-033353 | mRNA RNA-014588 225330-225572 (+),S1_exp #844
binding_site,BND-037444,INSERT,,,EVI-033354 | sRNA RNA-014138 5640680-5640682 (+),S1_exp #845
binding_site,BND-037445,INSERT,,,EVI-033354 | mRNA RNA-014589 815741-815900 (-),S1_exp #845
binding_site,BND-037446,INSERT,,,EVI-033355 | sRNA RNA-014066 5284103-5284312 (+),S1_exp #846
binding_site,BND-037447,INSERT,,,EVI-033355 | mRNA RNA-001941 204523-204531 (-),S1_exp #846
binding_site,BND-037448,INSERT,,,EVI-033356 | sRNA RNA-010028 3705308-3705311 (-),S1_exp #847
binding_site,BND-037449,INSERT,,,EVI-033356 | mRNA RNA-014590 2803831-2804028 (+),S1_exp #847
binding_site,BND-037450,INSERT,,,EVI-033357 | sRNA RNA-010028 3705311-3705316 (-),S1_exp #848
binding_site,BND-037451,INSERT,,,EVI-033357 | mRNA RNA-014556 5360266-5360345 (+),S1_exp #848
binding_site,BND-037452,INSERT,,,EVI-033358 | sRNA RNA-010028 3705310-3705314 (-),S1_exp #849
binding_site,BND-037453,INSERT,,,EVI-033358 | mRNA RNA-014591 5437154-5437248 (+),S1_exp #849
binding_site,BND-037454,INSERT,,,EVI-033359 | sRNA RNA-010028 3705311-3705311 (-),S1_exp #851
binding_site,BND-037455,INSERT,,,EVI-033359 | mRNA RNA-014592 533977-534068 (-),S1_exp #851
binding_site,BND-037456,INSERT,,,EVI-033360 | sRNA RNA-010028 3705310-3705310 (-),S1_exp #852
binding_site,BND-037457,INSERT,,,EVI-033360 | mRNA RNA-014593 480358-480406 (-),S1_exp #852
binding_site,BND-037458,INSERT,,,EVI-033361 | sRNA RNA-010028 3705311-3705311 (-),S1_exp #853
binding_site,BND-037459,INSERT,,,EVI-033361 | mRNA RNA-002016 1827205-1827521 (-),S1_exp #853
binding_site,BND-037460,INSERT,,,EVI-033362 | sRNA RNA-010028 3705311-3705311 (-),S1_exp #854
binding_site,BND-037461,INSERT,,,EVI-033362 | mRNA RNA-014594 1770317-1770442 (-),S1_exp #854
binding_site,BND-037462,INSERT,,,EVI-033363 | sRNA RNA-010028 3705315-3705318 (-),S1_exp #855
binding_site,BND-037463,INSERT,,,EVI-033363 | mRNA RNA-014595 5575024-5575368 (-),S1_exp #855
binding_site,BND-037464,INSERT,,,EVI-033364 | sRNA RNA-010028 3705311-3705311 (-),S1_exp #856
binding_site,BND-037465,INSERT,,,EVI-033364 | mRNA RNA-014596 4471035-4471306 (+),S1_exp #856
binding_site,BND-037466,INSERT,,,EVI-033365 | sRNA RNA-010028 3705311-3705311 (-),S1_exp #858
binding_site,BND-037467,INSERT,,,EVI-033365 | mRNA RNA-014597 5957455-5957455 (+),S1_exp #858
binding_site,BND-037468,INSERT,,,EVI-033366 | sRNA RNA-001834 5308912-5308919 (+),S1_exp #861
binding_site,BND-037469,INSERT,,,EVI-033366 | mRNA RNA-014598 3524127-3524130 (-),S1_exp #861
binding_site,BND-037470,INSERT,,,EVI-033367 | sRNA RNA-010028 3705311-3705311 (-),S1_exp #862
binding_site,BND-037471,INSERT,,,EVI-033367 | mRNA RNA-002337 1725733-1725736 (+),S1_exp #862
binding_site,BND-037472,INSERT,,,EVI-033368 | sRNA RNA-010028 3705310-3705313 (-),S1_exp #863
binding_site,BND-037473,INSERT,,,EVI-033368 | mRNA RNA-014599 5751801-5751887 (-),S1_exp #863
binding_site,BND-037474,INSERT,,,EVI-033369 | sRNA RNA-001834 5308814-5308814 (+),S1_exp #864
binding_site,BND-037475,INSERT,,,EVI-033369 | mRNA RNA-014217 3119890-3119890 (+),S1_exp #864
binding_site,BND-037476,INSERT,,,EVI-033370 | sRNA RNA-010028 3705309-3705309 (-),S1_exp #865
binding_site,BND-037477,INSERT,,,EVI-033370 | mRNA RNA-014600 5830772-5830772 (-),S1_exp #865
binding_site,BND-037478,INSERT,,,EVI-033371 | sRNA RNA-010028 3705310-3705310 (-),S1_exp #867
binding_site,BND-037479,INSERT,,,EVI-033371 | mRNA RNA-014601 1729499-1729499 (+),S1_exp #867
binding_site,BND-037480,INSERT,,,EVI-033372 | sRNA RNA-001834 5308906-5308906 (+),S1_exp #869
binding_site,BND-037481,INSERT,,,EVI-033372 | mRNA RNA-014602 5338080-5338080 (-),S1_exp #869
binding_site,BND-037482,INSERT,,,EVI-033373 | sRNA RNA-010028 3705311-3705311 (-),S1_exp #870
binding_site,BND-037483,INSERT,,,EVI-033373 | mRNA RNA-014603 85215-85219 (-),S1_exp #870
binding_site,BND-037484,INSERT,,,EVI-033374 | sRNA RNA-010028 3705310-3705312 (-),S1_exp #871
binding_site,BND-037485,INSERT,,,EVI-033374 | mRNA RNA-014604 291329-291362 (-),S1_exp #871
binding_site,BND-037486,INSERT,,,EVI-033375 | sRNA RNA-010028 3705311-3705311 (-),S1_exp #872
binding_site,BND-037487,INSERT,,,EVI-033375 | mRNA RNA-014605 1401226-1401270 (-),S1_exp #872
binding_site,BND-037488,INSERT,,,EVI-033376 | sRNA RNA-010028 3705311-3705313 (-),S1_exp #873
binding_site,BND-037489,INSERT,,,EVI-033376 | mRNA RNA-014606 3470340-3470438 (-),S1_exp #873
binding_site,BND-037490,INSERT,,,EVI-033377 | sRNA RNA-010028 3705310-3705310 (-),S1_exp #874
binding_site,BND-037491,INSERT,,,EVI-033377 | mRNA RNA-014607 5251432-5251660 (-),S1_exp #874
binding_site,BND-037492,INSERT,,,EVI-033378 | sRNA RNA-010028 3705310-3705315 (-),S1_exp #875
binding_site,BND-037493,INSERT,,,EVI-033378 | mRNA RNA-002362 4204353-4204432 (-),S1_exp #875
binding_site,BND-037494,INSERT,,,EVI-033379 | sRNA RNA-010028 3705311-3705318 (-),S1_exp #876
binding_site,BND-037495,INSERT,,,EVI-033379 | mRNA RNA-014608 6018777-6019079 (-),S1_exp #876
binding_site,BND-037496,INSERT,,,EVI-033380 | sRNA RNA-010028 3705310-3705315 (-),S1_exp #877
binding_site,BND-037497,INSERT,,,EVI-033380 | mRNA RNA-014609 5985747-5985809 (-),S1_exp #877
binding_site,BND-037498,INSERT,,,EVI-033381 | sRNA RNA-010028 3705310-3705311 (-),S1_exp #878
binding_site,BND-037499,INSERT,,,EVI-033381 | mRNA RNA-014141 5915808-5915969 (-),S1_exp #878
binding_site,BND-037500,INSERT,,,EVI-033382 | sRNA RNA-010028 3705310-3705311 (-),S1_exp #879
binding_site,BND-037501,INSERT,,,EVI-033382 | mRNA RNA-001927 970397-970796 (+),S1_exp #879
binding_site,BND-037502,INSERT,,,EVI-033383 | sRNA RNA-010028 3705310-3705317 (-),S1_exp #880
binding_site,BND-037503,INSERT,,,EVI-033383 | mRNA RNA-014610 7578-7718 (-),S1_exp #880
binding_site,BND-037504,INSERT,,,EVI-033384 | sRNA RNA-010028 3705310-3705311 (-),S1_exp #881
binding_site,BND-037505,INSERT,,,EVI-033384 | mRNA RNA-014611 4834743-4835140 (-),S1_exp #881
binding_site,BND-037506,INSERT,,,EVI-033385 | sRNA RNA-010028 3705310-3705311 (-),S1_exp #882
binding_site,BND-037507,INSERT,,,EVI-033385 | mRNA RNA-014612 1053390-1053767 (+),S1_exp #882
binding_site,BND-037508,INSERT,,,EVI-033386 | sRNA RNA-010028 3705311-3705311 (-),S1_exp #883
binding_site,BND-037509,INSERT,,,EVI-033386 | mRNA RNA-014613 782098-782102 (-),S1_exp #883
binding_site,BND-037510,INSERT,,,EVI-033387 | sRNA RNA-010028 3705309-3705311 (-),S1_exp #884
binding_site,BND-037511,INSERT,,,EVI-033387 | mRNA RNA-014614 5126099-5126165 (+),S1_exp #884
binding_site,BND-037512,INSERT,,,EVI-033388 | sRNA RNA-010028 3705311-3705312 (-),S1_exp #885
binding_site,BND-037513,INSERT,,,EVI-033388 | mRNA RNA-014615 583152-583153 (+),S1_exp #885
binding_site,BND-037514,INSERT,,,EVI-033389 | sRNA RNA-014051 6110937-6110937 (+),S1_exp #886
binding_site,BND-037515,INSERT,,,EVI-033389 | mRNA RNA-001987 6017248-6017251 (-),S1_exp #886
binding_site,BND-037516,INSERT,,,EVI-033390 | sRNA RNA-001834 5308919-5308919 (+),S1_exp #887
binding_site,BND-037517,INSERT,,,EVI-033390 | mRNA RNA-014616 5553363-5553363 (+),S1_exp #887
binding_site,BND-037518,INSERT,,,EVI-033391 | sRNA RNA-010028 3705311-3705314 (-),S1_exp #888
binding_site,BND-037519,INSERT,,,EVI-033391 | mRNA RNA-014075 457809-457854 (+),S1_exp #888
binding_site,BND-037520,INSERT,,,EVI-033392 | sRNA RNA-010028 3705310-3705311 (-),S1_exp #889
binding_site,BND-037521,INSERT,,,EVI-033392 | mRNA RNA-014617 4893078-4893082 (-),S1_exp #889
binding_site,BND-037522,INSERT,,,EVI-033393 | sRNA RNA-014031 5372504-5372511 (-),S1_exp #891
binding_site,BND-037523,INSERT,,,EVI-033393 | mRNA RNA-014618 4545304-4545310 (+),S1_exp #891
binding_site,BND-037524,INSERT,,,EVI-033394 | sRNA RNA-010028 3705311-3705314 (-),S1_exp #892
binding_site,BND-037525,INSERT,,,EVI-033394 | mRNA RNA-014619 1690534-1690566 (+),S1_exp #892
binding_site,BND-037526,INSERT,,,EVI-033395 | sRNA RNA-014620 884181-884181 (-),S1_exp #894
binding_site,BND-037527,INSERT,,,EVI-033395 | mRNA RNA-014124 785533-785533 (-),S1_exp #894
binding_site,BND-037528,INSERT,,,EVI-033396 | sRNA RNA-014051 6110825-6110825 (+),S1_exp #896
binding_site,BND-037529,INSERT,,,EVI-033396 | mRNA RNA-014621 2394818-2394818 (-),S1_exp #896
binding_site,BND-037530,INSERT,,,EVI-033397 | sRNA RNA-010028 3705308-3705311 (-),S1_exp #897
binding_site,BND-037531,INSERT,,,EVI-033397 | mRNA RNA-014622 1483653-1483698 (+),S1_exp #897
binding_site,BND-037532,INSERT,,,EVI-033398 | sRNA RNA-010028 3705310-3705311 (-),S1_exp #898
binding_site,BND-037533,INSERT,,,EVI-033398 | mRNA RNA-001906 5654510-5654515 (+),S1_exp #898
binding_site,BND-037534,INSERT,,,EVI-033399 | sRNA RNA-010028 3705310-3705322 (-),S1_exp #899
binding_site,BND-037535,INSERT,,,EVI-033399 | mRNA RNA-014623 1894110-1894114 (+),S1_exp #899
binding_site,BND-037536,INSERT,,,EVI-033400 | sRNA RNA-010028 3705311-3705315 (-),S1_exp #900
binding_site,BND-037537,INSERT,,,EVI-033400 | mRNA RNA-014624 1521131-1521134 (+),S1_exp #900
binding_site,BND-037538,INSERT,,,EVI-033401 | sRNA RNA-014062 3116519-3116519 (+),S1_exp #901
binding_site,BND-037539,INSERT,,,EVI-033401 | mRNA RNA-002087 3577243-3577264 (-),S1_exp #901
binding_site,BND-037540,INSERT,,,EVI-033402 | sRNA RNA-010028 3705311-3705318 (-),S1_exp #903
binding_site,BND-037541,INSERT,,,EVI-033402 | mRNA RNA-014625 3004007-3004016 (+),S1_exp #903
binding_site,BND-037542,INSERT,,,EVI-033403 | sRNA RNA-010028 3705311-3705311 (-),S1_exp #904
binding_site,BND-037543,INSERT,,,EVI-033403 | mRNA RNA-014626 5223353-5223353 (-),S1_exp #904
binding_site,BND-037544,INSERT,,,EVI-033404 | sRNA RNA-010028 3705310-3705312 (-),S1_exp #905
binding_site,BND-037545,INSERT,,,EVI-033404 | mRNA RNA-014298 382912-383372 (+),S1_exp #905
binding_site,BND-037546,INSERT,,,EVI-033405 | sRNA RNA-010028 3705311-3705311 (-),S1_exp #906
binding_site,BND-037547,INSERT,,,EVI-033405 | mRNA RNA-014627 235995-236076 (-),S1_exp #906
binding_site,BND-037548,INSERT,,,EVI-033406 | sRNA RNA-010028 3705311-3705311 (-),S1_exp #907
binding_site,BND-037549,INSERT,,,EVI-033406 | mRNA RNA-001863 3312895-3312924 (+),S1_exp #907
binding_site,BND-037550,INSERT,,,EVI-033407 | sRNA RNA-010028 3705310-3705312 (-),S1_exp #908
binding_site,BND-037551,INSERT,,,EVI-033407 | mRNA RNA-014126 1486369-1486432 (-),S1_exp #908
binding_site,BND-037552,INSERT,,,EVI-033408 | sRNA RNA-010028 3705311-3705311 (-),S1_exp #909
binding_site,BND-037553,INSERT,,,EVI-033408 | mRNA RNA-001992 627822-627906 (-),S1_exp #909
binding_site,BND-037554,INSERT,,,EVI-033409 | sRNA RNA-010028 3705311-3705312 (-),S1_exp #910
binding_site,BND-037555,INSERT,,,EVI-033409 | mRNA RNA-014628 3885651-3885871 (+),S1_exp #910
binding_site,BND-037556,INSERT,,,EVI-033410 | sRNA RNA-014066 5284109-5284318 (+),S1_exp #911
binding_site,BND-037557,INSERT,,,EVI-033410 | mRNA RNA-014140 5885413-5885413 (-),S1_exp #911
binding_site,BND-037558,INSERT,,,EVI-033411 | sRNA RNA-010028 3705308-3705311 (-),S1_exp #912
binding_site,BND-037559,INSERT,,,EVI-033411 | mRNA RNA-002310 657357-657405 (+),S1_exp #912
binding_site,BND-037560,INSERT,,,EVI-033412 | sRNA RNA-010028 3705311-3705312 (-),S1_exp #913
binding_site,BND-037561,INSERT,,,EVI-033412 | mRNA RNA-014629 3947837-3948164 (+),S1_exp #913
binding_site,BND-037562,INSERT,,,EVI-033413 | sRNA RNA-010028 3705311-3705311 (-),S1_exp #914
binding_site,BND-037563,INSERT,,,EVI-033413 | mRNA RNA-014630 1545016-1545227 (-),S1_exp #914
binding_site,BND-037564,INSERT,,,EVI-033414 | sRNA RNA-010028 3705311-3705312 (-),S1_exp #915
binding_site,BND-037565,INSERT,,,EVI-033414 | mRNA RNA-014118 6049507-6049731 (-),S1_exp #915
binding_site,BND-037566,INSERT,,,EVI-033415 | sRNA RNA-010028 3705310-3705311 (-),S1_exp #916
binding_site,BND-037567,INSERT,,,EVI-033415 | mRNA RNA-002160 5375999-5376026 (-),S1_exp #916
binding_site,BND-037568,INSERT,,,EVI-033416 | sRNA RNA-010028 3705310-3705313 (-),S1_exp #917
binding_site,BND-037569,INSERT,,,EVI-033416 | mRNA RNA-001975 503283-503600 (-),S1_exp #917
binding_site,BND-037570,INSERT,,,EVI-033417 | sRNA RNA-010028 3705310-3705311 (-),S1_exp #918
binding_site,BND-037571,INSERT,,,EVI-033417 | mRNA RNA-002281 1456664-1456729 (-),S1_exp #918
binding_site,BND-037572,INSERT,,,EVI-033418 | sRNA RNA-014138 5640609-5640682 (+),S1_exp #919
binding_site,BND-037573,INSERT,,,EVI-033418 | mRNA RNA-014268 1027200-1027481 (+),S1_exp #919
binding_site,BND-037574,INSERT,,,EVI-033419 | sRNA RNA-010028 3705310-3705318 (-),S1_exp #920
binding_site,BND-037575,INSERT,,,EVI-033419 | mRNA RNA-014631 824137-824220 (-),S1_exp #920
binding_site,BND-037576,INSERT,,,EVI-033420 | sRNA RNA-010028 3705310-3705313 (-),S1_exp #921
binding_site,BND-037577,INSERT,,,EVI-033420 | mRNA RNA-014632 2987409-2987582 (+),S1_exp #921
binding_site,BND-037578,INSERT,,,EVI-033421 | sRNA RNA-010028 3705311-3705312 (-),S1_exp #922
binding_site,BND-037579,INSERT,,,EVI-033421 | mRNA RNA-014633 433788-433947 (-),S1_exp #922
binding_site,BND-037580,INSERT,,,EVI-033422 | sRNA RNA-010028 3705311-3705315 (-),S1_exp #923
binding_site,BND-037581,INSERT,,,EVI-033422 | mRNA RNA-014634 3249663-3249863 (-),S1_exp #923
binding_site,BND-037582,INSERT,,,EVI-033423 | sRNA RNA-010028 3705310-3705311 (-),S1_exp #924
binding_site,BND-037583,INSERT,,,EVI-033423 | mRNA RNA-014635 1665339-1665471 (+),S1_exp #924
binding_site,BND-037584,INSERT,,,EVI-033424 | sRNA RNA-014062 3116516-3116519 (+),S1_exp #925
binding_site,BND-037585,INSERT,,,EVI-033424 | mRNA RNA-014636 4787553-4787732 (-),S1_exp #925
binding_site,BND-037586,INSERT,,,EVI-033425 | sRNA RNA-014066 5284103-5284312 (+),S1_exp #926
binding_site,BND-037587,INSERT,,,EVI-033425 | mRNA RNA-014048 5182272-5182373 (-),S1_exp #926
binding_site,BND-037588,INSERT,,,EVI-033426 | sRNA RNA-010028 3705309-3705309 (-),S1_exp #927
binding_site,BND-037589,INSERT,,,EVI-033426 | mRNA RNA-014637 2870258-2870258 (-),S1_exp #927
binding_site,BND-037590,INSERT,,,EVI-033427 | sRNA RNA-014530 4057579-4057581 (-),S1_exp #928
binding_site,BND-037591,INSERT,,,EVI-033427 | mRNA RNA-014317 1571829-1571831 (+),S1_exp #928
binding_site,BND-037592,INSERT,,,EVI-033428 | sRNA RNA-002532 3958148-3958148 (+),S1_exp #929
binding_site,BND-037593,INSERT,,,EVI-033428 | mRNA RNA-014055 1034594-1034594 (+),S1_exp #929
binding_site,BND-037594,INSERT,,,EVI-033429 | sRNA RNA-010028 3705311-3705311 (-),S1_exp #930
binding_site,BND-037595,INSERT,,,EVI-033429 | mRNA RNA-014638 5821897-5821897 (+),S1_exp #930
binding_site,BND-037596,INSERT,,,EVI-033430 | sRNA RNA-010028 3705311-3705311 (-),S1_exp #932
binding_site,BND-037597,INSERT,,,EVI-033430 | mRNA RNA-014639 6114793-6114793 (+),S1_exp #932
binding_site,BND-037598,INSERT,,,EVI-033431 | sRNA RNA-010028 3705311-3705311 (-),S1_exp #933
binding_site,BND-037599,INSERT,,,EVI-033431 | mRNA RNA-014640 3569224-3569224 (-),S1_exp #933
binding_site,BND-037600,INSERT,,,EVI-033432 | sRNA RNA-010028 3705311-3705312 (-),S1_exp #936
binding_site,BND-037601,INSERT,,,EVI-033432 | mRNA RNA-014641 5543807-5543807 (-),S1_exp #936
binding_site,BND-037602,INSERT,,,EVI-033433 | sRNA RNA-010028 3705311-3705311 (-),S1_exp #939
binding_site,BND-037603,INSERT,,,EVI-033433 | mRNA RNA-002028 5168992-5168993 (+),S1_exp #939
binding_site,BND-037604,INSERT,,,EVI-033434 | sRNA RNA-014037 3127842-3127847 (+),S1_exp #941
binding_site,BND-037605,INSERT,,,EVI-033434 | mRNA RNA-001868 4893706-4893723 (+),S1_exp #941
binding_site,BND-037606,INSERT,,,EVI-033435 | sRNA RNA-001834 5308912-5308916 (+),S1_exp #942
binding_site,BND-037607,INSERT,,,EVI-033435 | mRNA RNA-014383 1049435-1049446 (+),S1_exp #942
binding_site,BND-037608,INSERT,,,EVI-033436 | sRNA RNA-010028 3705309-3705311 (-),S1_exp #943
binding_site,BND-037609,INSERT,,,EVI-033436 | mRNA RNA-014642 2865804-2865811 (-),S1_exp #943
binding_site,BND-037610,INSERT,,,EVI-033437 | sRNA RNA-014643 514744-514744 (+),S1_exp #945
binding_site,BND-037611,INSERT,,,EVI-033437 | mRNA RNA-014644 2472958-2472958 (-),S1_exp #945
binding_site,BND-037612,INSERT,,,EVI-033438 | sRNA RNA-010028 3705311-3705318 (-),S1_exp #946
binding_site,BND-037613,INSERT,,,EVI-033438 | mRNA RNA-014100 1183319-1183365 (+),S1_exp #946
binding_site,BND-037614,INSERT,,,EVI-033439 | sRNA RNA-010028 3705311-3705311 (-),S1_exp #947
binding_site,BND-037615,INSERT,,,EVI-033439 | mRNA RNA-014645 3625087-3625092 (-),S1_exp #947
binding_site,BND-037616,INSERT,,,EVI-033440 | sRNA RNA-010028 3705311-3705313 (-),S1_exp #949
binding_site,BND-037617,INSERT,,,EVI-033440 | mRNA RNA-014646 2959789-2960004 (+),S1_exp #949
binding_site,BND-037618,INSERT,,,EVI-033441 | sRNA RNA-010028 3705311-3705311 (-),S1_exp #950
binding_site,BND-037619,INSERT,,,EVI-033441 | mRNA RNA-001884 6134057-6134194 (+),S1_exp #950
binding_site,BND-037620,INSERT,,,EVI-033442 | sRNA RNA-014066 5284104-5284313 (+),S1_exp #951
binding_site,BND-037621,INSERT,,,EVI-033442 | mRNA RNA-014647 40611-40611 (+),S1_exp #951
binding_site,BND-037622,INSERT,,,EVI-033443 | sRNA RNA-010028 3705310-3705316 (-),S1_exp #952
binding_site,BND-037623,INSERT,,,EVI-033443 | mRNA RNA-002419 2985014-2985257 (+),S1_exp #952
binding_site,BND-037624,INSERT,,,EVI-033444 | sRNA RNA-010028 3705310-3705311 (-),S1_exp #953
binding_site,BND-037625,INSERT,,,EVI-033444 | mRNA RNA-001863 3314070-3314317 (+),S1_exp #953
binding_site,BND-037626,INSERT,,,EVI-033445 | sRNA RNA-010028 3705311-3705311 (-),S1_exp #954
binding_site,BND-037627,INSERT,,,EVI-033445 | mRNA RNA-014648 4448695-4448762 (-),S1_exp #954
binding_site,BND-037628,INSERT,,,EVI-033446 | sRNA RNA-010028 3705310-3705311 (-),S1_exp #956
binding_site,BND-037629,INSERT,,,EVI-033446 | mRNA RNA-014649 429101-429106 (-),S1_exp #956
binding_site,BND-037630,INSERT,,,EVI-033447 | sRNA RNA-014051 6110937-6110937 (+),S1_exp #957
binding_site,BND-037631,INSERT,,,EVI-033447 | mRNA RNA-014650 3097940-3097940 (-),S1_exp #957
binding_site,BND-037632,INSERT,,,EVI-033448 | sRNA RNA-010028 3705311-3705311 (-),S1_exp #958
binding_site,BND-037633,INSERT,,,EVI-033448 | mRNA RNA-014651 2016622-2016656 (-),S1_exp #958
binding_site,BND-037634,INSERT,,,EVI-033449 | sRNA RNA-010028 3705309-3705312 (-),S1_exp #959
binding_site,BND-037635,INSERT,,,EVI-033449 | mRNA RNA-014652 4603411-4603421 (+),S1_exp #959
binding_site,BND-037636,INSERT,,,EVI-033450 | sRNA RNA-010028 3705349-3705349 (-),S1_exp #960
binding_site,BND-037637,INSERT,,,EVI-033450 | mRNA RNA-014653 1359525-1359525 (+),S1_exp #960
binding_site,BND-037638,INSERT,,,EVI-033451 | sRNA RNA-010028 3705311-3705311 (-),S1_exp #961
binding_site,BND-037639,INSERT,,,EVI-033451 | mRNA RNA-002191 945842-945845 (+),S1_exp #961
binding_site,BND-037640,INSERT,,,EVI-033452 | sRNA RNA-010028 3705311-3705317 (-),S1_exp #962
binding_site,BND-037641,INSERT,,,EVI-033452 | mRNA RNA-014654 6051062-6051065 (-),S1_exp #962
binding_site,BND-037642,INSERT,,,EVI-033453 | sRNA RNA-010028 3705311-3705311 (-),S1_exp #963
binding_site,BND-037643,INSERT,,,EVI-033453 | mRNA RNA-002299 3698176-3698176 (-),S1_exp #963
binding_site,BND-037644,INSERT,,,EVI-033454 | sRNA RNA-002532 3958143-3958143 (+),S1_exp #965
binding_site,BND-037645,INSERT,,,EVI-033454 | mRNA RNA-014655 784583-784583 (+),S1_exp #965
binding_site,BND-037646,INSERT,,,EVI-033455 | sRNA RNA-010028 3705311-3705311 (-),S1_exp #966
binding_site,BND-037647,INSERT,,,EVI-033455 | mRNA RNA-014656 5606842-5606842 (+),S1_exp #966
binding_site,BND-037648,INSERT,,,EVI-033456 | sRNA RNA-010028 3705311-3705311 (-),S1_exp #969
binding_site,BND-037649,INSERT,,,EVI-033456 | mRNA RNA-014657 6227070-6227099 (+),S1_exp #969
binding_site,BND-037650,INSERT,,,EVI-033457 | sRNA RNA-014066 5284103-5284108 (+),S1_exp #972
binding_site,BND-037651,INSERT,,,EVI-033457 | mRNA RNA-014658 2969960-2969962 (+),S1_exp #972
binding_site,BND-037652,INSERT,,,EVI-033458 | sRNA RNA-010028 3705309-3705311 (-),S1_exp #974
binding_site,BND-037653,INSERT,,,EVI-033458 | mRNA RNA-014659 1722138-1722178 (+),S1_exp #974
binding_site,BND-037654,INSERT,,,EVI-033459 | sRNA RNA-010028 3705311-3705311 (-),S1_exp #975
binding_site,BND-037655,INSERT,,,EVI-033459 | mRNA RNA-014660 4758598-4758598 (-),S1_exp #975
binding_site,BND-037656,INSERT,,,EVI-033460 | sRNA RNA-010028 3705310-3705311 (-),S1_exp #976
binding_site,BND-037657,INSERT,,,EVI-033460 | mRNA RNA-014614 5126414-5126476 (+),S1_exp #976
binding_site,BND-037658,INSERT,,,EVI-033461 | sRNA RNA-010028 3705310-3705312 (-),S1_exp #977
binding_site,BND-037659,INSERT,,,EVI-033461 | mRNA RNA-014661 4559847-4559865 (+),S1_exp #977
binding_site,BND-037660,INSERT,,,EVI-033462 | sRNA RNA-014062 3116486-3116519 (+),S1_exp #984
binding_site,BND-037661,INSERT,,,EVI-033462 | mRNA RNA-014215 3394709-3394762 (+),S1_exp #984
binding_site,BND-037662,INSERT,,,EVI-033463 | sRNA RNA-010028 3705311-3705316 (-),S1_exp #985
binding_site,BND-037663,INSERT,,,EVI-033463 | mRNA RNA-014378 1095012-1095148 (+),S1_exp #985
binding_site,BND-037664,INSERT,,,EVI-033464 | sRNA RNA-010028 3705311-3705312 (-),S1_exp #986
binding_site,BND-037665,INSERT,,,EVI-033464 | mRNA RNA-014662 2800199-2800247 (-),S1_exp #986
binding_site,BND-037666,INSERT,,,EVI-033465 | sRNA RNA-010028 3705311-3705312 (-),S1_exp #987
binding_site,BND-037667,INSERT,,,EVI-033465 | mRNA RNA-001963 3107724-3107857 (-),S1_exp #987
binding_site,BND-037668,INSERT,,,EVI-033466 | sRNA RNA-010028 3705311-3705312 (-),S1_exp #988
binding_site,BND-037669,INSERT,,,EVI-033466 | mRNA RNA-014663 242024-242209 (+),S1_exp #988
binding_site,BND-037670,INSERT,,,EVI-033467 | sRNA RNA-014138 5640682-5640682 (+),S1_exp #989
binding_site,BND-037671,INSERT,,,EVI-033467 | mRNA RNA-014563 5307942-5308096 (+),S1_exp #989
binding_site,BND-037672,INSERT,,,EVI-033468 | sRNA RNA-010028 3705311-3705311 (-),S1_exp #990
binding_site,BND-037673,INSERT,,,EVI-033468 | mRNA RNA-014155 5548454-5548506 (-),S1_exp #990
binding_site,BND-037674,INSERT,,,EVI-033469 | sRNA RNA-010028 3705311-3705311 (-),S1_exp #991
binding_site,BND-037675,INSERT,,,EVI-033469 | mRNA RNA-002283 3579257-3579323 (-),S1_exp #991
binding_site,BND-037676,INSERT,,,EVI-033470 | sRNA RNA-010028 3705310-3705310 (-),S1_exp #992
binding_site,BND-037677,INSERT,,,EVI-033470 | mRNA RNA-014664 4218680-4218999 (-),S1_exp #992
binding_site,BND-037678,INSERT,,,EVI-033471 | sRNA RNA-010028 3705312-3705317 (-),S1_exp #993
binding_site,BND-037679,INSERT,,,EVI-033471 | mRNA RNA-014665 831906-832168 (+),S1_exp #993
binding_site,BND-037680,INSERT,,,EVI-033472 | sRNA RNA-010028 3705310-3705310 (-),S1_exp #994
binding_site,BND-037681,INSERT,,,EVI-033472 | mRNA RNA-014666 5091487-5091524 (-),S1_exp #994
binding_site,BND-037682,INSERT,,,EVI-033473 | sRNA RNA-010028 3705311-3705311 (-),S1_exp #995
binding_site,BND-037683,INSERT,,,EVI-033473 | mRNA RNA-014667 2862674-2862778 (-),S1_exp #995
binding_site,BND-037684,INSERT,,,EVI-033474 | sRNA RNA-010028 3705310-3705315 (-),S1_exp #996
binding_site,BND-037685,INSERT,,,EVI-033474 | mRNA RNA-014668 3763337-3763484 (+),S1_exp #996
binding_site,BND-037686,INSERT,,,EVI-033475 | sRNA RNA-014066 5284109-5284318 (+),S1_exp #997
binding_site,BND-037687,INSERT,,,EVI-033475 | mRNA RNA-001980 4963606-4963606 (-),S1_exp #997
binding_site,BND-037688,INSERT,,,EVI-033476 | sRNA RNA-002540 3889773-3889831 (-),S1_stat #1
binding_site,BND-037689,INSERT,,,EVI-033476 | mRNA RNA-001834 5308701-5308936 (+),S1_stat #1
binding_site,BND-037690,INSERT,,,EVI-033477 | sRNA RNA-014037 3127837-3127850 (+),S1_stat #2
binding_site,BND-037691,INSERT,,,EVI-033477 | mRNA RNA-001834 5308804-5308934 (+),S1_stat #2
binding_site,BND-037692,INSERT,,,EVI-033478 | sRNA RNA-010028 3705308-3705329 (-),S1_stat #3
binding_site,BND-037693,INSERT,,,EVI-033478 | mRNA RNA-002311 5970581-5970625 (-),S1_stat #3
binding_site,BND-037694,INSERT,,,EVI-033479 | sRNA RNA-010028 3705309-3705318 (-),S1_stat #4
binding_site,BND-037695,INSERT,,,EVI-033479 | mRNA RNA-002365 2195426-2195879 (-),S1_stat #4
binding_site,BND-037696,INSERT,,,EVI-033480 | sRNA RNA-010028 3705308-3705318 (-),S1_stat #5
binding_site,BND-037697,INSERT,,,EVI-033480 | mRNA RNA-001870 5401316-5401760 (-),S1_stat #5
binding_site,BND-037698,INSERT,,,EVI-033481 | sRNA RNA-010028 3705310-3705319 (-),S1_stat #6
binding_site,BND-037699,INSERT,,,EVI-033481 | mRNA RNA-002191 946889-947223 (+),S1_stat #6
binding_site,BND-037700,INSERT,,,EVI-033482 | sRNA RNA-010028 3705308-3705490 (-),S1_stat #7
binding_site,BND-037701,INSERT,,,EVI-033482 | mRNA RNA-002447 6183605-6183660 (-),S1_stat #7
binding_site,BND-037702,INSERT,,,EVI-033483 | sRNA RNA-010028 3705310-3705318 (-),S1_stat #8
binding_site,BND-037703,INSERT,,,EVI-033483 | mRNA RNA-014033 2198714-2198819 (-),S1_stat #8
binding_site,BND-037704,INSERT,,,EVI-033484 | sRNA RNA-010028 3705309-3705318 (-),S1_stat #9
binding_site,BND-037705,INSERT,,,EVI-033484 | mRNA RNA-014236 3414313-3414619 (+),S1_stat #9
binding_site,BND-037706,INSERT,,,EVI-033485 | sRNA RNA-010028 3705310-3705318 (-),S1_stat #10
binding_site,BND-037707,INSERT,,,EVI-033485 | mRNA RNA-014669 4445552-4445780 (+),S1_stat #10
binding_site,BND-037708,INSERT,,,EVI-033486 | sRNA RNA-010028 3705310-3705318 (-),S1_stat #11
binding_site,BND-037709,INSERT,,,EVI-033486 | mRNA RNA-014030 6171829-6171880 (-),S1_stat #11
binding_site,BND-037710,INSERT,,,EVI-033487 | sRNA RNA-010028 3705308-3705328 (-),S1_stat #12
binding_site,BND-037711,INSERT,,,EVI-033487 | mRNA RNA-014041 5831875-5831907 (+),S1_stat #12
binding_site,BND-037712,INSERT,,,EVI-033488 | sRNA RNA-014034 6053258-6053266 (+),S1_stat #13
binding_site,BND-037713,INSERT,,,EVI-033488 | mRNA RNA-001834 5308825-5308930 (+),S1_stat #13
binding_site,BND-037714,INSERT,,,EVI-033489 | sRNA RNA-010028 3705310-3705319 (-),S1_stat #14
binding_site,BND-037715,INSERT,,,EVI-033489 | mRNA RNA-002182 4197019-4197045 (-),S1_stat #14
binding_site,BND-037716,INSERT,,,EVI-033490 | sRNA RNA-010028 3705310-3705319 (-),S1_stat #15
binding_site,BND-037717,INSERT,,,EVI-033490 | mRNA RNA-002058 5165706-5165850 (-),S1_stat #15
binding_site,BND-037718,INSERT,,,EVI-033491 | sRNA RNA-010028 3705308-3705379 (-),S1_stat #16
binding_site,BND-037719,INSERT,,,EVI-033491 | mRNA RNA-014039 3751759-3752057 (-),S1_stat #16
binding_site,BND-037720,INSERT,,,EVI-033492 | sRNA RNA-010028 3705310-3705315 (-),S1_stat #17
binding_site,BND-037721,INSERT,,,EVI-033492 | mRNA RNA-002238 99934-100004 (+),S1_stat #17
binding_site,BND-037722,INSERT,,,EVI-033493 | sRNA RNA-001834 5308902-5308964 (+),S1_stat #18
binding_site,BND-037723,INSERT,,,EVI-033493 | mRNA RNA-014036 5308647-5308949 (-),S1_stat #18
binding_site,BND-037724,INSERT,,,EVI-033494 | sRNA RNA-010028 3705310-3705318 (-),S1_stat #19
binding_site,BND-037725,INSERT,,,EVI-033494 | mRNA RNA-014247 2328897-2329209 (+),S1_stat #19
binding_site,BND-037726,INSERT,,,EVI-033495 | sRNA RNA-010028 3705310-3705318 (-),S1_stat #20
binding_site,BND-037727,INSERT,,,EVI-033495 | mRNA RNA-002377 4619226-4619322 (-),S1_stat #20
binding_site,BND-037728,INSERT,,,EVI-033496 | sRNA RNA-014051 6110825-6110937 (+),S1_stat #21
binding_site,BND-037729,INSERT,,,EVI-033496 | mRNA RNA-002243 2966781-2966817 (-),S1_stat #21
binding_site,BND-037730,INSERT,,,EVI-033497 | sRNA RNA-010028 3705308-3705356 (-),S1_stat #22
binding_site,BND-037731,INSERT,,,EVI-033497 | mRNA RNA-014215 3394727-3394976 (+),S1_stat #22
binding_site,BND-037732,INSERT,,,EVI-033498 | sRNA RNA-002540 3889774-3889800 (-),S1_stat #23
binding_site,BND-037733,INSERT,,,EVI-033498 | mRNA RNA-002447 6183606-6183660 (-),S1_stat #23
binding_site,BND-037734,INSERT,,,EVI-033499 | sRNA RNA-014212 2478248-2478255 (+),S1_stat #24
binding_site,BND-037735,INSERT,,,EVI-033499 | mRNA RNA-014213 2473016-2473040 (+),S1_stat #24
binding_site,BND-037736,INSERT,,,EVI-033500 | sRNA RNA-010028 3705310-3705348 (-),S1_stat #25
binding_site,BND-037737,INSERT,,,EVI-033500 | mRNA RNA-002540 3889816-3889846 (-),S1_stat #25
binding_site,BND-037738,INSERT,,,EVI-033501 | sRNA RNA-014062 3116514-3116519 (+),S1_stat #26
binding_site,BND-037739,INSERT,,,EVI-033501 | mRNA RNA-014063 3528550-3528657 (-),S1_stat #26
binding_site,BND-037740,INSERT,,,EVI-033502 | sRNA RNA-010028 3705310-3705318 (-),S1_stat #27
binding_site,BND-037741,INSERT,,,EVI-033502 | mRNA RNA-014086 3108597-3108675 (-),S1_stat #27
binding_site,BND-037742,INSERT,,,EVI-033503 | sRNA RNA-010028 3705309-3705318 (-),S1_stat #29
binding_site,BND-037743,INSERT,,,EVI-033503 | mRNA RNA-014542 3207006-3207150 (+),S1_stat #29
binding_site,BND-037744,INSERT,,,EVI-033504 | sRNA RNA-010028 3705311-3705317 (-),S1_stat #30
binding_site,BND-037745,INSERT,,,EVI-033504 | mRNA RNA-002118 1898761-1898969 (+),S1_stat #30
binding_site,BND-037746,INSERT,,,EVI-033505 | sRNA RNA-010028 3705310-3705318 (-),S1_stat #31
binding_site,BND-037747,INSERT,,,EVI-033505 | mRNA RNA-014670 1028070-1028115 (+),S1_stat #31
binding_site,BND-037748,INSERT,,,EVI-033506 | sRNA RNA-002540 3889774-3889779 (-),S1_stat #32
binding_site,BND-037749,INSERT,,,EVI-033506 | mRNA RNA-010028 3705407-3705521 (-),S1_stat #32
binding_site,BND-037750,INSERT,,,EVI-033507 | sRNA RNA-014037 3127829-3127848 (+),S1_stat #33
binding_site,BND-037751,INSERT,,,EVI-033507 | mRNA RNA-014671 1538701-1538831 (+),S1_stat #33
binding_site,BND-037752,INSERT,,,EVI-033508 | sRNA RNA-010028 3705310-3705317 (-),S1_stat #34
binding_site,BND-037753,INSERT,,,EVI-033508 | mRNA RNA-014050 4229045-4229252 (+),S1_stat #34
binding_site,BND-037754,INSERT,,,EVI-033509 | sRNA RNA-010028 3705310-3705318 (-),S1_stat #35
binding_site,BND-037755,INSERT,,,EVI-033509 | mRNA RNA-010031 1427663-1427701 (+),S1_stat #35
binding_site,BND-037756,INSERT,,,EVI-033510 | sRNA RNA-014051 6110767-6110938 (+),S1_stat #36
binding_site,BND-037757,INSERT,,,EVI-033510 | mRNA RNA-014094 1060389-1060390 (+),S1_stat #36
binding_site,BND-037758,INSERT,,,EVI-033511 | sRNA RNA-014212 2478218-2478254 (+),S1_stat #37
binding_site,BND-037759,INSERT,,,EVI-033511 | mRNA RNA-014672 1724063-1724277 (+),S1_stat #37
binding_site,BND-037760,INSERT,,,EVI-033512 | sRNA RNA-010028 3705310-3705313 (-),S1_stat #38
binding_site,BND-037761,INSERT,,,EVI-033512 | mRNA RNA-014347 2125811-2126265 (-),S1_stat #38
binding_site,BND-037762,INSERT,,,EVI-033513 | sRNA RNA-010028 3705310-3705318 (-),S1_stat #39
binding_site,BND-037763,INSERT,,,EVI-033513 | mRNA RNA-014047 3442707-3442745 (+),S1_stat #39
binding_site,BND-037764,INSERT,,,EVI-033514 | sRNA RNA-014032 3575845-3575849 (-),S1_stat #40
binding_site,BND-037765,INSERT,,,EVI-033514 | mRNA RNA-001941 204532-204559 (-),S1_stat #40
binding_site,BND-037766,INSERT,,,EVI-033515 | sRNA RNA-010028 3705310-3705318 (-),S1_stat #41
binding_site,BND-037767,INSERT,,,EVI-033515 | mRNA RNA-014048 5182129-5182374 (-),S1_stat #41
binding_site,BND-037768,INSERT,,,EVI-033516 | sRNA RNA-010028 3705310-3705314 (-),S1_stat #42
binding_site,BND-037769,INSERT,,,EVI-033516 | mRNA RNA-002398 3791609-3791674 (+),S1_stat #42
binding_site,BND-037770,INSERT,,,EVI-033517 | sRNA RNA-010028 3705310-3705312 (-),S1_stat #43
binding_site,BND-037771,INSERT,,,EVI-033517 | mRNA RNA-002076 706734-706799 (-),S1_stat #43
binding_site,BND-037772,INSERT,,,EVI-033518 | sRNA RNA-010028 3705310-3705318 (-),S1_stat #44
binding_site,BND-037773,INSERT,,,EVI-033518 | mRNA RNA-014054 5837807-5837829 (+),S1_stat #44
binding_site,BND-037774,INSERT,,,EVI-033519 | sRNA RNA-010028 3705310-3705318 (-),S1_stat #45
binding_site,BND-037775,INSERT,,,EVI-033519 | mRNA RNA-002044 127253-127395 (+),S1_stat #45
binding_site,BND-037776,INSERT,,,EVI-033520 | sRNA RNA-014212 2478247-2478254 (+),S1_stat #46
binding_site,BND-037777,INSERT,,,EVI-033520 | mRNA RNA-014245 5343368-5343496 (+),S1_stat #46
binding_site,BND-037778,INSERT,,,EVI-033521 | sRNA RNA-010028 3705310-3705313 (-),S1_stat #47
binding_site,BND-037779,INSERT,,,EVI-033521 | mRNA RNA-014144 1348670-1348688 (-),S1_stat #47
binding_site,BND-037780,INSERT,,,EVI-033522 | sRNA RNA-010028 3705310-3705318 (-),S1_stat #48
binding_site,BND-037781,INSERT,,,EVI-033522 | mRNA RNA-014101 1057487-1057569 (+),S1_stat #48
binding_site,BND-037782,INSERT,,,EVI-033523 | sRNA RNA-010028 3705310-3705318 (-),S1_stat #49
binding_site,BND-037783,INSERT,,,EVI-033523 | mRNA RNA-014074 4859337-4859347 (-),S1_stat #49
binding_site,BND-037784,INSERT,,,EVI-033524 | sRNA RNA-010028 3705310-3705317 (-),S1_stat #50
binding_site,BND-037785,INSERT,,,EVI-033524 | mRNA RNA-014120 4455511-4455693 (-),S1_stat #50
binding_site,BND-037786,INSERT,,,EVI-033525 | sRNA RNA-010028 3705310-3705318 (-),S1_stat #51
binding_site,BND-037787,INSERT,,,EVI-033525 | mRNA RNA-002160 5376509-5376606 (-),S1_stat #51
binding_site,BND-037788,INSERT,,,EVI-033526 | sRNA RNA-010028 3705310-3705311 (-),S1_stat #52
binding_site,BND-037789,INSERT,,,EVI-033526 | mRNA RNA-014673 3219570-3219966 (+),S1_stat #52
binding_site,BND-037790,INSERT,,,EVI-033527 | sRNA RNA-014037 3127841-3127848 (+),S1_stat #53
binding_site,BND-037791,INSERT,,,EVI-033527 | mRNA RNA-014355 958216-958334 (+),S1_stat #53
binding_site,BND-037792,INSERT,,,EVI-033528 | sRNA RNA-010028 3705310-3705311 (-),S1_stat #54
binding_site,BND-037793,INSERT,,,EVI-033528 | mRNA RNA-014064 6254704-6254755 (-),S1_stat #54
binding_site,BND-037794,INSERT,,,EVI-033529 | sRNA RNA-010028 3705309-3705316 (-),S1_stat #55
binding_site,BND-037795,INSERT,,,EVI-033529 | mRNA RNA-014174 3538316-3538399 (-),S1_stat #55
binding_site,BND-037796,INSERT,,,EVI-033530 | sRNA RNA-010028 3705310-3705318 (-),S1_stat #56
binding_site,BND-037797,INSERT,,,EVI-033530 | mRNA RNA-010047 1216246-1216529 (-),S1_stat #56
binding_site,BND-037798,INSERT,,,EVI-033531 | sRNA RNA-010028 3705309-3705318 (-),S1_stat #57
binding_site,BND-037799,INSERT,,,EVI-033531 | mRNA RNA-014605 1401116-1401234 (-),S1_stat #57
binding_site,BND-037800,INSERT,,,EVI-033532 | sRNA RNA-010028 3705310-3705319 (-),S1_stat #58
binding_site,BND-037801,INSERT,,,EVI-033532 | mRNA RNA-014102 1141243-1141660 (+),S1_stat #58
binding_site,BND-037802,INSERT,,,EVI-033533 | sRNA RNA-010028 3705310-3705317 (-),S1_stat #59
binding_site,BND-037803,INSERT,,,EVI-033533 | mRNA RNA-014045 3531759-3532111 (-),S1_stat #59
binding_site,BND-037804,INSERT,,,EVI-033534 | sRNA RNA-002540 3889774-3889808 (-),S1_stat #60
binding_site,BND-037805,INSERT,,,EVI-033534 | mRNA RNA-001941 204124-204551 (-),S1_stat #60
binding_site,BND-037806,INSERT,,,EVI-033535 | sRNA RNA-010028 3705309-3705317 (-),S1_stat #61
binding_site,BND-037807,INSERT,,,EVI-033535 | mRNA RNA-014075 457310-457391 (+),S1_stat #61
binding_site,BND-037808,INSERT,,,EVI-033536 | sRNA RNA-010028 3705310-3705318 (-),S1_stat #62
binding_site,BND-037809,INSERT,,,EVI-033536 | mRNA RNA-014058 1310334-1310536 (-),S1_stat #62
binding_site,BND-037810,INSERT,,,EVI-033537 | sRNA RNA-014066 5284060-5284073 (+),S1_stat #63
binding_site,BND-037811,INSERT,,,EVI-033537 | mRNA RNA-001834 5308827-5308844 (+),S1_stat #63
binding_site,BND-037812,INSERT,,,EVI-033538 | sRNA RNA-010028 3705311-3705318 (-),S1_stat #64
binding_site,BND-037813,INSERT,,,EVI-033538 | mRNA RNA-014117 1300890-1301064 (+),S1_stat #64
binding_site,BND-037814,INSERT,,,EVI-033539 | sRNA RNA-001834 5308588-5308597 (+),S1_stat #65
binding_site,BND-037815,INSERT,,,EVI-033539 | mRNA RNA-002003 5985632-5985638 (+),S1_stat #65
binding_site,BND-037816,INSERT,,,EVI-033540 | sRNA RNA-010028 3705310-3705313 (-),S1_stat #66
binding_site,BND-037817,INSERT,,,EVI-033540 | mRNA RNA-014049 1588965-1589297 (+),S1_stat #66
binding_site,BND-037818,INSERT,,,EVI-033541 | sRNA RNA-010028 3705311-3705387 (-),S1_stat #67
binding_site,BND-037819,INSERT,,,EVI-033541 | mRNA RNA-014065 4206607-4206699 (+),S1_stat #67
binding_site,BND-037820,INSERT,,,EVI-033542 | sRNA RNA-014032 3575845-3575847 (-),S1_stat #68
binding_site,BND-037821,INSERT,,,EVI-033542 | mRNA RNA-001834 5308901-5308934 (+),S1_stat #68
binding_site,BND-037822,INSERT,,,EVI-033543 | sRNA RNA-014212 2478247-2478254 (+),S1_stat #69
binding_site,BND-037823,INSERT,,,EVI-033543 | mRNA RNA-014674 4317844-4317966 (-),S1_stat #69
binding_site,BND-037824,INSERT,,,EVI-033544 | sRNA RNA-014212 2478247-2478254 (+),S1_stat #70
binding_site,BND-037825,INSERT,,,EVI-033544 | mRNA RNA-010293 3318749-3318793 (+),S1_stat #70
binding_site,BND-037826,INSERT,,,EVI-033545 | sRNA RNA-010028 3705311-3705387 (-),S1_stat #71
binding_site,BND-037827,INSERT,,,EVI-033545 | mRNA RNA-014094 1060403-1060512 (+),S1_stat #71
binding_site,BND-037828,INSERT,,,EVI-033546 | sRNA RNA-010028 3705311-3705314 (-),S1_stat #72
binding_site,BND-037829,INSERT,,,EVI-033546 | mRNA RNA-001847 1156830-1157030 (+),S1_stat #72
binding_site,BND-037830,INSERT,,,EVI-033547 | sRNA RNA-010028 3705310-3705317 (-),S1_stat #73
binding_site,BND-037831,INSERT,,,EVI-033547 | mRNA RNA-002124 564911-564923 (+),S1_stat #73
binding_site,BND-037832,INSERT,,,EVI-033548 | sRNA RNA-010028 3705308-3705311 (-),S1_stat #74
binding_site,BND-037833,INSERT,,,EVI-033548 | mRNA RNA-014675 4243691-4243730 (-),S1_stat #74
binding_site,BND-037834,INSERT,,,EVI-033549 | sRNA RNA-010028 3705309-3705312 (-),S1_stat #75
binding_site,BND-037835,INSERT,,,EVI-033549 | mRNA RNA-014676 5548798-5549019 (-),S1_stat #75
binding_site,BND-037836,INSERT,,,EVI-033550 | sRNA RNA-014062 3116518-3116519 (+),S1_stat #76
binding_site,BND-037837,INSERT,,,EVI-033550 | mRNA RNA-014090 3545569-3545648 (-),S1_stat #76
binding_site,BND-037838,INSERT,,,EVI-033551 | sRNA RNA-010028 3705310-3705312 (-),S1_stat #77
binding_site,BND-037839,INSERT,,,EVI-033551 | mRNA RNA-014145 3544577-3544647 (-),S1_stat #77
binding_site,BND-037840,INSERT,,,EVI-033552 | sRNA RNA-010028 3705310-3705317 (-),S1_stat #78
binding_site,BND-037841,INSERT,,,EVI-033552 | mRNA RNA-014677 3104271-3104364 (-),S1_stat #78
binding_site,BND-037842,INSERT,,,EVI-033553 | sRNA RNA-010028 3705310-3705312 (-),S1_stat #79
binding_site,BND-037843,INSERT,,,EVI-033553 | mRNA RNA-014055 1034501-1034595 (+),S1_stat #79
binding_site,BND-037844,INSERT,,,EVI-033554 | sRNA RNA-010028 3705310-3705318 (-),S1_stat #80
binding_site,BND-037845,INSERT,,,EVI-033554 | mRNA RNA-014095 3598276-3598332 (-),S1_stat #80
binding_site,BND-037846,INSERT,,,EVI-033555 | sRNA RNA-010028 3705310-3705317 (-),S1_stat #81
binding_site,BND-037847,INSERT,,,EVI-033555 | mRNA RNA-002085 4761251-4761630 (-),S1_stat #81
binding_site,BND-037848,INSERT,,,EVI-033556 | sRNA RNA-010028 3705310-3705311 (-),S1_stat #82
binding_site,BND-037849,INSERT,,,EVI-033556 | mRNA RNA-010044 1083671-1084078 (+),S1_stat #82
binding_site,BND-037850,INSERT,,,EVI-033557 | sRNA RNA-010028 3705309-3705311 (-),S1_stat #83
binding_site,BND-037851,INSERT,,,EVI-033557 | mRNA RNA-014338 979596-979614 (+),S1_stat #83
binding_site,BND-037852,INSERT,,,EVI-033558 | sRNA RNA-010028 3705310-3705317 (-),S1_stat #84
binding_site,BND-037853,INSERT,,,EVI-033558 | mRNA RNA-002339 2475694-2476069 (+),S1_stat #84
binding_site,BND-037854,INSERT,,,EVI-033559 | sRNA RNA-002540 3889775-3889802 (-),S1_stat #85
binding_site,BND-037855,INSERT,,,EVI-033559 | mRNA RNA-002071 5166667-5166689 (-),S1_stat #85
binding_site,BND-037856,INSERT,,,EVI-033560 | sRNA RNA-014062 3116504-3116519 (+),S1_stat #86
binding_site,BND-037857,INSERT,,,EVI-033560 | mRNA RNA-014215 3394693-3394979 (+),S1_stat #86
binding_site,BND-037858,INSERT,,,EVI-033561 | sRNA RNA-010028 3705311-3705318 (-),S1_stat #87
binding_site,BND-037859,INSERT,,,EVI-033561 | mRNA RNA-001941 204532-204560 (-),S1_stat #87
binding_site,BND-037860,INSERT,,,EVI-033562 | sRNA RNA-014037 3127843-3127848 (+),S1_stat #88
binding_site,BND-037861,INSERT,,,EVI-033562 | mRNA RNA-001868 4893720-4893731 (+),S1_stat #88
binding_site,BND-037862,INSERT,,,EVI-033563 | sRNA RNA-010028 3705311-3705311 (-),S1_stat #89
binding_site,BND-037863,INSERT,,,EVI-033563 | mRNA RNA-002348 4168804-4168822 (-),S1_stat #89
binding_site,BND-037864,INSERT,,,EVI-033564 | sRNA RNA-002540 3889775-3889798 (-),S1_stat #90
binding_site,BND-037865,INSERT,,,EVI-033564 | mRNA RNA-002076 706709-706814 (-),S1_stat #90
binding_site,BND-037866,INSERT,,,EVI-033565 | sRNA RNA-010028 3705309-3705316 (-),S1_stat #91
binding_site,BND-037867,INSERT,,,EVI-033565 | mRNA RNA-014164 2453442-2453876 (+),S1_stat #91
binding_site,BND-037868,INSERT,,,EVI-033566 | sRNA RNA-010293 3318849-3318868 (+),S1_stat #92
binding_site,BND-037869,INSERT,,,EVI-033566 | mRNA RNA-014678 648802-648846 (-),S1_stat #92
binding_site,BND-037870,INSERT,,,EVI-033567 | sRNA RNA-010028 3705310-3705311 (-),S1_stat #93
binding_site,BND-037871,INSERT,,,EVI-033567 | mRNA RNA-014679 3364323-3364722 (+),S1_stat #93
binding_site,BND-037872,INSERT,,,EVI-033568 | sRNA RNA-010028 3705311-3705327 (-),S1_stat #94
binding_site,BND-037873,INSERT,,,EVI-033568 | mRNA RNA-014680 1997251-1997535 (+),S1_stat #94
binding_site,BND-037874,INSERT,,,EVI-033569 | sRNA RNA-010028 3705311-3705318 (-),S1_stat #95
binding_site,BND-037875,INSERT,,,EVI-033569 | mRNA RNA-014468 5890742-5890888 (-),S1_stat #95
binding_site,BND-037876,INSERT,,,EVI-033570 | sRNA RNA-014066 5284075-5284313 (+),S1_stat #96
binding_site,BND-037877,INSERT,,,EVI-033570 | mRNA RNA-001868 4893558-4893644 (+),S1_stat #96
binding_site,BND-037878,INSERT,,,EVI-033571 | sRNA RNA-014062 3116511-3116519 (+),S1_stat #97
binding_site,BND-037879,INSERT,,,EVI-033571 | mRNA RNA-014681 1006612-1006828 (+),S1_stat #97
binding_site,BND-037880,INSERT,,,EVI-033572 | sRNA RNA-010028 3705308-3705311 (-),S1_stat #98
binding_site,BND-037881,INSERT,,,EVI-033572 | mRNA RNA-014165 2964297-2964503 (-),S1_stat #98
binding_site,BND-037882,INSERT,,,EVI-033573 | sRNA RNA-014062 3116503-3116519 (+),S1_stat #99
binding_site,BND-037883,INSERT,,,EVI-033573 | mRNA RNA-014477 3670970-3671071 (-),S1_stat #99
binding_site,BND-037884,INSERT,,,EVI-033574 | sRNA RNA-014212 2478247-2478254 (+),S1_stat #100
binding_site,BND-037885,INSERT,,,EVI-033574 | mRNA RNA-010295 3325184-3325205 (-),S1_stat #100
binding_site,BND-037886,INSERT,,,EVI-033575 | sRNA RNA-010028 3705309-3705311 (-),S1_stat #101
binding_site,BND-037887,INSERT,,,EVI-033575 | mRNA RNA-010039 647706-647820 (-),S1_stat #101
binding_site,BND-037888,INSERT,,,EVI-033576 | sRNA RNA-002540 3889776-3889778 (-),S1_stat #102
binding_site,BND-037889,INSERT,,,EVI-033576 | mRNA RNA-014672 1724112-1724296 (+),S1_stat #102
binding_site,BND-037890,INSERT,,,EVI-033577 | sRNA RNA-014037 3127842-3127847 (+),S1_stat #103
binding_site,BND-037891,INSERT,,,EVI-033577 | mRNA RNA-002101 4249796-4249804 (-),S1_stat #103
binding_site,BND-037892,INSERT,,,EVI-033578 | sRNA RNA-010028 3705310-3705314 (-),S1_stat #104
binding_site,BND-037893,INSERT,,,EVI-033578 | mRNA RNA-014152 522632-522661 (+),S1_stat #104
binding_site,BND-037894,INSERT,,,EVI-033579 | sRNA RNA-014212 2478253-2478255 (+),S1_stat #106
binding_site,BND-037895,INSERT,,,EVI-033579 | mRNA RNA-014451 5210392-5210472 (-),S1_stat #106
binding_site,BND-037896,INSERT,,,EVI-033580 | sRNA RNA-014682 3129625-3129633 (+),S1_stat #107
binding_site,BND-037897,INSERT,,,EVI-033580 | mRNA RNA-014683 2965337-2965345 (+),S1_stat #107
binding_site,BND-037898,INSERT,,,EVI-033581 | sRNA RNA-014212 2478218-2478254 (+),S1_stat #108
binding_site,BND-037899,INSERT,,,EVI-033581 | mRNA RNA-010044 1083597-1083672 (+),S1_stat #108
binding_site,BND-037900,INSERT,,,EVI-033582 | sRNA RNA-002540 3889776-3889806 (-),S1_stat #109
binding_site,BND-037901,INSERT,,,EVI-033582 | mRNA RNA-014036 5308671-5308858 (-),S1_stat #109
binding_site,BND-037902,INSERT,,,EVI-033583 | sRNA RNA-010028 3705310-3705316 (-),S1_stat #110
binding_site,BND-037903,INSERT,,,EVI-033583 | mRNA RNA-014684 927790-927796 (+),S1_stat #110
binding_site,BND-037904,INSERT,,,EVI-033584 | sRNA RNA-014685 3123367-3123408 (-),S1_stat #111
binding_site,BND-037905,INSERT,,,EVI-033584 | mRNA RNA-001834 5308907-5308925 (+),S1_stat #111
binding_site,BND-037906,INSERT,,,EVI-033585 | sRNA RNA-010028 3705311-3705312 (-),S1_stat #112
binding_site,BND-037907,INSERT,,,EVI-033585 | mRNA RNA-009967 2829167-2829178 (-),S1_stat #112
binding_site,BND-037908,INSERT,,,EVI-033586 | sRNA RNA-010028 3705311-3705317 (-),S1_stat #113
binding_site,BND-037909,INSERT,,,EVI-033586 | mRNA RNA-014217 3119986-3120025 (+),S1_stat #113
binding_site,BND-037910,INSERT,,,EVI-033587 | sRNA RNA-010028 3705311-3705315 (-),S1_stat #115
binding_site,BND-037911,INSERT,,,EVI-033587 | mRNA RNA-014127 3616920-3617051 (+),S1_stat #115
binding_site,BND-037912,INSERT,,,EVI-033588 | sRNA RNA-010028 3705310-3705311 (-),S1_stat #116
binding_site,BND-037913,INSERT,,,EVI-033588 | mRNA RNA-014173 3668842-3668980 (-),S1_stat #116
binding_site,BND-037914,INSERT,,,EVI-033589 | sRNA RNA-010028 3705311-3705312 (-),S1_stat #117
binding_site,BND-037915,INSERT,,,EVI-033589 | mRNA RNA-002267 6118561-6118600 (-),S1_stat #117
binding_site,BND-037916,INSERT,,,EVI-033590 | sRNA RNA-010028 3705311-3705318 (-),S1_stat #118
binding_site,BND-037917,INSERT,,,EVI-033590 | mRNA RNA-002377 4618078-4618327 (-),S1_stat #118
binding_site,BND-037918,INSERT,,,EVI-033591 | sRNA RNA-010028 3705311-3705317 (-),S1_stat #119
binding_site,BND-037919,INSERT,,,EVI-033591 | mRNA RNA-014085 833711-833713 (+),S1_stat #119
binding_site,BND-037920,INSERT,,,EVI-033592 | sRNA RNA-014037 3127847-3127848 (+),S1_stat #120
binding_site,BND-037921,INSERT,,,EVI-033592 | mRNA RNA-014686 1956237-1956238 (+),S1_stat #120
binding_site,BND-037922,INSERT,,,EVI-033593 | sRNA RNA-010028 3705311-3705341 (-),S1_stat #121
binding_site,BND-037923,INSERT,,,EVI-033593 | mRNA RNA-014477 3670774-3670891 (-),S1_stat #121
binding_site,BND-037924,INSERT,,,EVI-033594 | sRNA RNA-014062 3116491-3116519 (+),S1_stat #122
binding_site,BND-037925,INSERT,,,EVI-033594 | mRNA RNA-002540 3889794-3889836 (-),S1_stat #122
binding_site,BND-037926,INSERT,,,EVI-033595 | sRNA RNA-010028 3705310-3705312 (-),S1_stat #123
binding_site,BND-037927,INSERT,,,EVI-033595 | mRNA RNA-014087 5002064-5002378 (-),S1_stat #123
binding_site,BND-037928,INSERT,,,EVI-033596 | sRNA RNA-010028 3705311-3705403 (-),S1_stat #124
binding_site,BND-037929,INSERT,,,EVI-033596 | mRNA RNA-014377 1275879-1276124 (-),S1_stat #124
binding_site,BND-037930,INSERT,,,EVI-033597 | sRNA RNA-010028 3705311-3705315 (-),S1_stat #125
binding_site,BND-037931,INSERT,,,EVI-033597 | mRNA RNA-014136 1180500-1180588 (+),S1_stat #125
binding_site,BND-037932,INSERT,,,EVI-033598 | sRNA RNA-014036 5308818-5308854 (-),S1_stat #126
binding_site,BND-037933,INSERT,,,EVI-033598 | mRNA RNA-001834 5308726-5308868 (+),S1_stat #126
binding_site,BND-037934,INSERT,,,EVI-033599 | sRNA RNA-010028 3705311-3705318 (-),S1_stat #127
binding_site,BND-037935,INSERT,,,EVI-033599 | mRNA RNA-014687 2623846-2623855 (-),S1_stat #127
binding_site,BND-037936,INSERT,,,EVI-033600 | sRNA RNA-014066 5284061-5284319 (+),S1_stat #128
binding_site,BND-037937,INSERT,,,EVI-033600 | mRNA RNA-014688 1275703-1275878 (-),S1_stat #128
binding_site,BND-037938,INSERT,,,EVI-033601 | sRNA RNA-002532 3958141-3958150 (+),S1_stat #129
binding_site,BND-037939,INSERT,,,EVI-033601 | mRNA RNA-014039 3751847-3751891 (-),S1_stat #129
binding_site,BND-037940,INSERT,,,EVI-033602 | sRNA RNA-014066 5284109-5284318 (+),S1_stat #130
binding_site,BND-037941,INSERT,,,EVI-033602 | mRNA RNA-001846 4752349-4752350 (-),S1_stat #130
binding_site,BND-037942,INSERT,,,EVI-033603 | sRNA RNA-014037 3127844-3127848 (+),S1_stat #131
binding_site,BND-037943,INSERT,,,EVI-033603 | mRNA RNA-014414 5657558-5657560 (+),S1_stat #131
binding_site,BND-037944,INSERT,,,EVI-033604 | sRNA RNA-010028 3705310-3705314 (-),S1_stat #132
binding_site,BND-037945,INSERT,,,EVI-033604 | mRNA RNA-014689 1871049-1871148 (+),S1_stat #132
binding_site,BND-037946,INSERT,,,EVI-033605 | sRNA RNA-010028 3705311-3705313 (-),S1_stat #133
binding_site,BND-037947,INSERT,,,EVI-033605 | mRNA RNA-014100 1183377-1183386 (+),S1_stat #133
binding_site,BND-037948,INSERT,,,EVI-033606 | sRNA RNA-010028 3705310-3705448 (-),S1_stat #134
binding_site,BND-037949,INSERT,,,EVI-033606 | mRNA RNA-014190 3540951-3541166 (-),S1_stat #134
binding_site,BND-037950,INSERT,,,EVI-033607 | sRNA RNA-010028 3705311-3705312 (-),S1_stat #135
binding_site,BND-037951,INSERT,,,EVI-033607 | mRNA RNA-014104 5985993-5985994 (-),S1_stat #135
binding_site,BND-037952,INSERT,,,EVI-033608 | sRNA RNA-014682 3129631-3129633 (+),S1_stat #136
binding_site,BND-037953,INSERT,,,EVI-033608 | mRNA RNA-002057 4713317-4713323 (-),S1_stat #136
binding_site,BND-037954,INSERT,,,EVI-033609 | sRNA RNA-010028 3705311-3705312 (-),S1_stat #137
binding_site,BND-037955,INSERT,,,EVI-033609 | mRNA RNA-014437 5517416-5517676 (-),S1_stat #137
binding_site,BND-037956,INSERT,,,EVI-033610 | sRNA RNA-014066 5284108-5284318 (+),S1_stat #138
binding_site,BND-037957,INSERT,,,EVI-033610 | mRNA RNA-014271 999684-999813 (-),S1_stat #138
binding_site,BND-037958,INSERT,,,EVI-033611 | sRNA RNA-010028 3705311-3705312 (-),S1_stat #139
binding_site,BND-037959,INSERT,,,EVI-033611 | mRNA RNA-002336 4617112-4617355 (-),S1_stat #139
binding_site,BND-037960,INSERT,,,EVI-033612 | sRNA RNA-002447 6183530-6183536 (-),S1_stat #140
binding_site,BND-037961,INSERT,,,EVI-033612 | mRNA RNA-014124 785583-785617 (-),S1_stat #140
binding_site,BND-037962,INSERT,,,EVI-033613 | sRNA RNA-010028 3705310-3705311 (-),S1_stat #141
binding_site,BND-037963,INSERT,,,EVI-033613 | mRNA RNA-014077 3706562-3706792 (-),S1_stat #141
binding_site,BND-037964,INSERT,,,EVI-033614 | sRNA RNA-010028 3705309-3705318 (-),S1_stat #142
binding_site,BND-037965,INSERT,,,EVI-033614 | mRNA RNA-002101 4249822-4250070 (-),S1_stat #142
binding_site,BND-037966,INSERT,,,EVI-033615 | sRNA RNA-014690 3778034-3778035 (-),S1_stat #143
binding_site,BND-037967,INSERT,,,EVI-033615 | mRNA RNA-001834 5308920-5308964 (+),S1_stat #143
binding_site,BND-037968,INSERT,,,EVI-033616 | sRNA RNA-014212 2478248-2478255 (+),S1_stat #144
binding_site,BND-037969,INSERT,,,EVI-033616 | mRNA RNA-014271 999693-999810 (-),S1_stat #144
binding_site,BND-037970,INSERT,,,EVI-033617 | sRNA RNA-010028 3705309-3705311 (-),S1_stat #145
binding_site,BND-037971,INSERT,,,EVI-033617 | mRNA RNA-014089 120744-120968 (+),S1_stat #145
binding_site,BND-037972,INSERT,,,EVI-033618 | sRNA RNA-010028 3705311-3705313 (-),S1_stat #146
binding_site,BND-037973,INSERT,,,EVI-033618 | mRNA RNA-014110 4247580-4247724 (-),S1_stat #146
binding_site,BND-037974,INSERT,,,EVI-033619 | sRNA RNA-010028 3705310-3705311 (-),S1_stat #147
binding_site,BND-037975,INSERT,,,EVI-033619 | mRNA RNA-001901 4407326-4407601 (+),S1_stat #147
binding_site,BND-037976,INSERT,,,EVI-033620 | sRNA RNA-014062 3116513-3116519 (+),S1_stat #148
binding_site,BND-037977,INSERT,,,EVI-033620 | mRNA RNA-014691 5618579-5618662 (-),S1_stat #148
binding_site,BND-037978,INSERT,,,EVI-033621 | sRNA RNA-010028 3705310-3705317 (-),S1_stat #149
binding_site,BND-037979,INSERT,,,EVI-033621 | mRNA RNA-014189 2397653-2397894 (+),S1_stat #149
binding_site,BND-037980,INSERT,,,EVI-033622 | sRNA RNA-002540 3889775-3889809 (-),S1_stat #150
binding_site,BND-037981,INSERT,,,EVI-033622 | mRNA RNA-014692 654675-654715 (-),S1_stat #150
binding_site,BND-037982,INSERT,,,EVI-033623 | sRNA RNA-010028 3705311-3705318 (-),S1_stat #151
binding_site,BND-037983,INSERT,,,EVI-033623 | mRNA RNA-014053 4577337-4577354 (-),S1_stat #151
binding_site,BND-037984,INSERT,,,EVI-033624 | sRNA RNA-010028 3705310-3705317 (-),S1_stat #152
binding_site,BND-037985,INSERT,,,EVI-033624 | mRNA RNA-014693 1224225-1224240 (-),S1_stat #152
binding_site,BND-037986,INSERT,,,EVI-033625 | sRNA RNA-014212 2478254-2478254 (+),S1_stat #153
binding_site,BND-037987,INSERT,,,EVI-033625 | mRNA RNA-001918 4831027-4831061 (+),S1_stat #153
binding_site,BND-037988,INSERT,,,EVI-033626 | sRNA RNA-010028 3705309-3705318 (-),S1_stat #154
binding_site,BND-037989,INSERT,,,EVI-033626 | mRNA RNA-002277 4406370-4406521 (-),S1_stat #154
binding_site,BND-037990,INSERT,,,EVI-033627 | sRNA RNA-010028 3705311-3705311 (-),S1_stat #155
binding_site,BND-037991,INSERT,,,EVI-033627 | mRNA RNA-014366 2803123-2803324 (-),S1_stat #155
binding_site,BND-037992,INSERT,,,EVI-033628 | sRNA RNA-010028 3705311-3705311 (-),S1_stat #156
binding_site,BND-037993,INSERT,,,EVI-033628 | mRNA RNA-014243 5569127-5569382 (+),S1_stat #156
binding_site,BND-037994,INSERT,,,EVI-033629 | sRNA RNA-014062 3116511-3116518 (+),S1_stat #157
binding_site,BND-037995,INSERT,,,EVI-033629 | mRNA RNA-014694 4829619-4829665 (-),S1_stat #157
binding_site,BND-037996,INSERT,,,EVI-033630 | sRNA RNA-014037 3127847-3127847 (+),S1_stat #158
binding_site,BND-037997,INSERT,,,EVI-033630 | mRNA RNA-014695 1489528-1489552 (-),S1_stat #158
binding_site,BND-037998,INSERT,,,EVI-033631 | sRNA RNA-010028 3705311-3705312 (-),S1_stat #159
binding_site,BND-037999,INSERT,,,EVI-033631 | mRNA RNA-014647 40616-40672 (+),S1_stat #159
binding_site,BND-038000,INSERT,,,EVI-033632 | sRNA RNA-010028 3705311-3705311 (-),S1_stat #160
binding_site,BND-038001,INSERT,,,EVI-033632 | mRNA RNA-014676 5549648-5549697 (-),S1_stat #160
binding_site,BND-038002,INSERT,,,EVI-033633 | sRNA RNA-010028 3705311-3705311 (-),S1_stat #162
binding_site,BND-038003,INSERT,,,EVI-033633 | mRNA RNA-014696 1272928-1272973 (-),S1_stat #162
binding_site,BND-038004,INSERT,,,EVI-033634 | sRNA RNA-010028 3705311-3705311 (-),S1_stat #163
binding_site,BND-038005,INSERT,,,EVI-033634 | mRNA RNA-014063 3529440-3529449 (-),S1_stat #163
binding_site,BND-038006,INSERT,,,EVI-033635 | sRNA RNA-010028 3705311-3705311 (-),S1_stat #164
binding_site,BND-038007,INSERT,,,EVI-033635 | mRNA RNA-014219 3536760-3536773 (-),S1_stat #164
binding_site,BND-038008,INSERT,,,EVI-033636 | sRNA RNA-010028 3705311-3705311 (-),S1_stat #165
binding_site,BND-038009,INSERT,,,EVI-033636 | mRNA RNA-002425 2473209-2473219 (+),S1_stat #165
binding_site,BND-038010,INSERT,,,EVI-033637 | sRNA RNA-002540 3889777-3889802 (-),S1_stat #166
binding_site,BND-038011,INSERT,,,EVI-033637 | mRNA RNA-001891 4036324-4036485 (+),S1_stat #166
binding_site,BND-038012,INSERT,,,EVI-033638 | sRNA RNA-014316 3570899-3570900 (-),S1_stat #167
binding_site,BND-038013,INSERT,,,EVI-033638 | mRNA RNA-014094 1060389-1060391 (+),S1_stat #167
binding_site,BND-038014,INSERT,,,EVI-033639 | sRNA RNA-010028 3705310-3705311 (-),S1_stat #169
binding_site,BND-038015,INSERT,,,EVI-033639 | mRNA RNA-014130 3441633-3441635 (-),S1_stat #169
binding_site,BND-038016,INSERT,,,EVI-033640 | sRNA RNA-010028 3705311-3705318 (-),S1_stat #170
binding_site,BND-038017,INSERT,,,EVI-033640 | mRNA RNA-014242 3154555-3154772 (-),S1_stat #170
binding_site,BND-038018,INSERT,,,EVI-033641 | sRNA RNA-010028 3705311-3705317 (-),S1_stat #171
binding_site,BND-038019,INSERT,,,EVI-033641 | mRNA RNA-014697 3766401-3766599 (-),S1_stat #171
binding_site,BND-038020,INSERT,,,EVI-033642 | sRNA RNA-001834 5308634-5308679 (+),S1_stat #172
binding_site,BND-038021,INSERT,,,EVI-033642 | mRNA RNA-014036 5308901-5308948 (-),S1_stat #172
binding_site,BND-038022,INSERT,,,EVI-033643 | sRNA RNA-010028 3705311-3705312 (-),S1_stat #173
binding_site,BND-038023,INSERT,,,EVI-033643 | mRNA RNA-014698 4860886-4860893 (-),S1_stat #173
binding_site,BND-038024,INSERT,,,EVI-033644 | sRNA RNA-010028 3705311-3705311 (-),S1_stat #174
binding_site,BND-038025,INSERT,,,EVI-033644 | mRNA RNA-014206 5065570-5065698 (-),S1_stat #174
binding_site,BND-038026,INSERT,,,EVI-033645 | sRNA RNA-010028 3705310-3705311 (-),S1_stat #175
binding_site,BND-038027,INSERT,,,EVI-033645 | mRNA RNA-014699 1920506-1920616 (+),S1_stat #175
binding_site,BND-038028,INSERT,,,EVI-033646 | sRNA RNA-010028 3705311-3705311 (-),S1_stat #176
binding_site,BND-038029,INSERT,,,EVI-033646 | mRNA RNA-014700 6259176-6259249 (-),S1_stat #176
binding_site,BND-038030,INSERT,,,EVI-033647 | sRNA RNA-010028 3705311-3705311 (-),S1_stat #177
binding_site,BND-038031,INSERT,,,EVI-033647 | mRNA RNA-002028 5168746-5168942 (+),S1_stat #177
binding_site,BND-038032,INSERT,,,EVI-033648 | sRNA RNA-010028 3705311-3705311 (-),S1_stat #178
binding_site,BND-038033,INSERT,,,EVI-033648 | mRNA RNA-014701 1889304-1889339 (+),S1_stat #178
binding_site,BND-038034,INSERT,,,EVI-033649 | sRNA RNA-010028 3705311-3705311 (-),S1_stat #179
binding_site,BND-038035,INSERT,,,EVI-033649 | mRNA RNA-002139 6135940-6135950 (+),S1_stat #179
binding_site,BND-038036,INSERT,,,EVI-033650 | sRNA RNA-010028 3705311-3705314 (-),S1_stat #180
binding_site,BND-038037,INSERT,,,EVI-033650 | mRNA RNA-014134 3456369-3456375 (-),S1_stat #180
binding_site,BND-038038,INSERT,,,EVI-033651 | sRNA RNA-014296 5774820-5774822 (+),S1_stat #181
binding_site,BND-038039,INSERT,,,EVI-033651 | mRNA RNA-014343 2814618-2814620 (+),S1_stat #181
binding_site,BND-038040,INSERT,,,EVI-033652 | sRNA RNA-014138 5640650-5640682 (+),S1_stat #183
binding_site,BND-038041,INSERT,,,EVI-033652 | mRNA RNA-010028 3705473-3705488 (-),S1_stat #183
binding_site,BND-038042,INSERT,,,EVI-033653 | sRNA RNA-010028 3705311-3705313 (-),S1_stat #184
binding_site,BND-038043,INSERT,,,EVI-033653 | mRNA RNA-014281 5235040-5235130 (+),S1_stat #184
binding_site,BND-038044,INSERT,,,EVI-033654 | sRNA RNA-014702 3611198-3611267 (-),S1_stat #185
binding_site,BND-038045,INSERT,,,EVI-033654 | mRNA RNA-010045 1083929-1083959 (+),S1_stat #185
binding_site,BND-038046,INSERT,,,EVI-033655 | sRNA RNA-014212 2478254-2478254 (+),S1_stat #186
binding_site,BND-038047,INSERT,,,EVI-033655 | mRNA RNA-014703 3137387-3137435 (-),S1_stat #186
binding_site,BND-038048,INSERT,,,EVI-033656 | sRNA RNA-010028 3705311-3705312 (-),S1_stat #187
binding_site,BND-038049,INSERT,,,EVI-033656 | mRNA RNA-014704 1078156-1078160 (+),S1_stat #187
binding_site,BND-038050,INSERT,,,EVI-033657 | sRNA RNA-010028 3705310-3705312 (-),S1_stat #188
binding_site,BND-038051,INSERT,,,EVI-033657 | mRNA RNA-002337 1724224-1724287 (+),S1_stat #188
binding_site,BND-038052,INSERT,,,EVI-033658 | sRNA RNA-014705 4410892-4410892 (-),S1_stat #189
binding_site,BND-038053,INSERT,,,EVI-033658 | mRNA RNA-001834 5308916-5308925 (+),S1_stat #189
binding_site,BND-038054,INSERT,,,EVI-033659 | sRNA RNA-010028 3705311-3705311 (-),S1_stat #190
binding_site,BND-038055,INSERT,,,EVI-033659 | mRNA RNA-014605 1400772-1401065 (-),S1_stat #190
binding_site,BND-038056,INSERT,,,EVI-033660 | sRNA RNA-010028 3705311-3705311 (-),S1_stat #193
binding_site,BND-038057,INSERT,,,EVI-033660 | mRNA RNA-014069 5917950-5917974 (-),S1_stat #193
binding_site,BND-038058,INSERT,,,EVI-033661 | sRNA RNA-010028 3705310-3705311 (-),S1_stat #194
binding_site,BND-038059,INSERT,,,EVI-033661 | mRNA RNA-001929 3659490-3659541 (-),S1_stat #194
binding_site,BND-038060,INSERT,,,EVI-033662 | sRNA RNA-014037 3127847-3127848 (+),S1_stat #195
binding_site,BND-038061,INSERT,,,EVI-033662 | mRNA RNA-002311 5970222-5970562 (-),S1_stat #195
binding_site,BND-038062,INSERT,,,EVI-033663 | sRNA RNA-010028 3705311-3705314 (-),S1_stat #196
binding_site,BND-038063,INSERT,,,EVI-033663 | mRNA RNA-014706 1479166-1479223 (+),S1_stat #196
binding_site,BND-038064,INSERT,,,EVI-033664 | sRNA RNA-010028 3705310-3705311 (-),S1_stat #197
binding_site,BND-038065,INSERT,,,EVI-033664 | mRNA RNA-014707 2556694-2556768 (-),S1_stat #197
binding_site,BND-038066,INSERT,,,EVI-033665 | sRNA RNA-010028 3705311-3705316 (-),S1_stat #198
binding_site,BND-038067,INSERT,,,EVI-033665 | mRNA RNA-014290 3540207-3540417 (-),S1_stat #198
binding_site,BND-038068,INSERT,,,EVI-033666 | sRNA RNA-010293 3318868-3318868 (+),S1_stat #199
binding_site,BND-038069,INSERT,,,EVI-033666 | mRNA RNA-010044 1083731-1083738 (+),S1_stat #199
binding_site,BND-038070,INSERT,,,EVI-033667 | sRNA RNA-010028 3705310-3705311 (-),S1_stat #200
binding_site,BND-038071,INSERT,,,EVI-033667 | mRNA RNA-001868 4893714-4893731 (+),S1_stat #200
binding_site,BND-038072,INSERT,,,EVI-033668 | sRNA RNA-010028 3705309-3705487 (-),S1_stat #201
binding_site,BND-038073,INSERT,,,EVI-033668 | mRNA RNA-014387 4979832-4979849 (+),S1_stat #201
binding_site,BND-038074,INSERT,,,EVI-033669 | sRNA RNA-010028 3705311-3705318 (-),S1_stat #202
binding_site,BND-038075,INSERT,,,EVI-033669 | mRNA RNA-014414 5658098-5658102 (+),S1_stat #202
binding_site,BND-038076,INSERT,,,EVI-033670 | sRNA RNA-002447 6183529-6183535 (-),S1_stat #203
binding_site,BND-038077,INSERT,,,EVI-033670 | mRNA RNA-014355 958151-958380 (+),S1_stat #203
binding_site,BND-038078,INSERT,,,EVI-033671 | sRNA RNA-002447 6183530-6183566 (-),S1_stat #204
binding_site,BND-038079,INSERT,,,EVI-033671 | mRNA RNA-014477 3671011-3671082 (-),S1_stat #204
binding_site,BND-038080,INSERT,,,EVI-033672 | sRNA RNA-010028 3705310-3705310 (-),S1_stat #206
binding_site,BND-038081,INSERT,,,EVI-033672 | mRNA RNA-014078 1087306-1087333 (-),S1_stat #206
binding_site,BND-038082,INSERT,,,EVI-033673 | sRNA RNA-014212 2478250-2478254 (+),S1_stat #207
binding_site,BND-038083,INSERT,,,EVI-033673 | mRNA RNA-014708 2457323-2457326 (+),S1_stat #207
binding_site,BND-038084,INSERT,,,EVI-033674 | sRNA RNA-010028 3705310-3705310 (-),S1_stat #208
binding_site,BND-038085,INSERT,,,EVI-033674 | mRNA RNA-014709 5954911-5954911 (+),S1_stat #208
binding_site,BND-038086,INSERT,,,EVI-033675 | sRNA RNA-002540 3889774-3889778 (-),S1_stat #209
binding_site,BND-038087,INSERT,,,EVI-033675 | mRNA RNA-014671 1538811-1538811 (+),S1_stat #209
binding_site,BND-038088,INSERT,,,EVI-033676 | sRNA RNA-010028 3705311-3705311 (-),S1_stat #211
binding_site,BND-038089,INSERT,,,EVI-033676 | mRNA RNA-014710 4955467-4955486 (-),S1_stat #211
binding_site,BND-038090,INSERT,,,EVI-033677 | sRNA RNA-010028 3705310-3705311 (-),S1_stat #212
binding_site,BND-038091,INSERT,,,EVI-033677 | mRNA RNA-002183 1127443-1127708 (+),S1_stat #212
binding_site,BND-038092,INSERT,,,EVI-033678 | sRNA RNA-014032 3575845-3575846 (-),S1_stat #213
binding_site,BND-038093,INSERT,,,EVI-033678 | mRNA RNA-014236 3414635-3414636 (+),S1_stat #213
binding_site,BND-038094,INSERT,,,EVI-033679 | sRNA RNA-014343 2814663-2814663 (+),S1_stat #214
binding_site,BND-038095,INSERT,,,EVI-033679 | mRNA RNA-002061 3999182-3999182 (-),S1_stat #214
binding_site,BND-038096,INSERT,,,EVI-033680 | sRNA RNA-010028 3705311-3705311 (-),S1_stat #215
binding_site,BND-038097,INSERT,,,EVI-033680 | mRNA RNA-014396 4388231-4388243 (-),S1_stat #215
binding_site,BND-038098,INSERT,,,EVI-033681 | sRNA RNA-010028 3705311-3705315 (-),S1_stat #216
binding_site,BND-038099,INSERT,,,EVI-033681 | mRNA RNA-014090 3545635-3545763 (-),S1_stat #216
binding_site,BND-038100,INSERT,,,EVI-033682 | sRNA RNA-014138 5640675-5640682 (+),S1_stat #217
binding_site,BND-038101,INSERT,,,EVI-033682 | mRNA RNA-014139 5701668-5701737 (-),S1_stat #217
binding_site,BND-038102,INSERT,,,EVI-033683 | sRNA RNA-002540 3889774-3889802 (-),S1_stat #218
binding_site,BND-038103,INSERT,,,EVI-033683 | mRNA RNA-014711 1063728-1063745 (-),S1_stat #218
binding_site,BND-038104,INSERT,,,EVI-033684 | sRNA RNA-010028 3705310-3705311 (-),S1_stat #219
binding_site,BND-038105,INSERT,,,EVI-033684 | mRNA RNA-014253 5184293-5184296 (-),S1_stat #219
binding_site,BND-038106,INSERT,,,EVI-033685 | sRNA RNA-001834 5308598-5308598 (+),S1_stat #220
binding_site,BND-038107,INSERT,,,EVI-033685 | mRNA RNA-002449 1161808-1161808 (-),S1_stat #220
binding_site,BND-038108,INSERT,,,EVI-033686 | sRNA RNA-010028 3705316-3705317 (-),S1_stat #221
binding_site,BND-038109,INSERT,,,EVI-033686 | mRNA RNA-014045 3532301-3532318 (-),S1_stat #221
binding_site,BND-038110,INSERT,,,EVI-033687 | sRNA RNA-010028 3705311-3705311 (-),S1_stat #222
binding_site,BND-038111,INSERT,,,EVI-033687 | mRNA RNA-014248 5186146-5186146 (+),S1_stat #222
binding_site,BND-038112,INSERT,,,EVI-033688 | sRNA RNA-010028 3705311-3705312 (-),S1_stat #223
binding_site,BND-038113,INSERT,,,EVI-033688 | mRNA RNA-014123 243432-243753 (+),S1_stat #223
binding_site,BND-038114,INSERT,,,EVI-033689 | sRNA RNA-010028 3705311-3705313 (-),S1_stat #224
binding_site,BND-038115,INSERT,,,EVI-033689 | mRNA RNA-014712 4604483-4604663 (+),S1_stat #224
binding_site,BND-038116,INSERT,,,EVI-033690 | sRNA RNA-010028 3705309-3705318 (-),S1_stat #225
binding_site,BND-038117,INSERT,,,EVI-033690 | mRNA RNA-014154 4496567-4496663 (+),S1_stat #225
binding_site,BND-038118,INSERT,,,EVI-033691 | sRNA RNA-010028 3705311-3705313 (-),S1_stat #226
binding_site,BND-038119,INSERT,,,EVI-033691 | mRNA RNA-014071 5341858-5341902 (-),S1_stat #226
binding_site,BND-038120,INSERT,,,EVI-033692 | sRNA RNA-014032 3575846-3575847 (-),S1_stat #227
binding_site,BND-038121,INSERT,,,EVI-033692 | mRNA RNA-014713 1893499-1893579 (+),S1_stat #227
binding_site,BND-038122,INSERT,,,EVI-033693 | sRNA RNA-002540 3889775-3889777 (-),S1_stat #228
binding_site,BND-038123,INSERT,,,EVI-033693 | mRNA RNA-002444 1044503-1044585 (-),S1_stat #228
binding_site,BND-038124,INSERT,,,EVI-033694 | sRNA RNA-010028 3705311-3705311 (-),S1_stat #230
binding_site,BND-038125,INSERT,,,EVI-033694 | mRNA RNA-014714 2238831-2238831 (-),S1_stat #230
binding_site,BND-038126,INSERT,,,EVI-033695 | sRNA RNA-010028 3705311-3705311 (-),S1_stat #232
binding_site,BND-038127,INSERT,,,EVI-033695 | mRNA RNA-014715 783664-783669 (+),S1_stat #232
binding_site,BND-038128,INSERT,,,EVI-033696 | sRNA RNA-010028 3705311-3705387 (-),S1_stat #233
binding_site,BND-038129,INSERT,,,EVI-033696 | mRNA RNA-014103 1955094-1955282 (+),S1_stat #233
binding_site,BND-038130,INSERT,,,EVI-033697 | sRNA RNA-010028 3705311-3705312 (-),S1_stat #234
binding_site,BND-038131,INSERT,,,EVI-033697 | mRNA RNA-014716 1271836-1272110 (-),S1_stat #234
binding_site,BND-038132,INSERT,,,EVI-033698 | sRNA RNA-010028 3705311-3705311 (-),S1_stat #235
binding_site,BND-038133,INSERT,,,EVI-033698 | mRNA RNA-014717 4897216-4897266 (-),S1_stat #235
binding_site,BND-038134,INSERT,,,EVI-033699 | sRNA RNA-010028 3705311-3705318 (-),S1_stat #236
binding_site,BND-038135,INSERT,,,EVI-033699 | mRNA RNA-014046 5906164-5906173 (+),S1_stat #236
binding_site,BND-038136,INSERT,,,EVI-033700 | sRNA RNA-010028 3705311-3705311 (-),S1_stat #238
binding_site,BND-038137,INSERT,,,EVI-033700 | mRNA RNA-014168 6217118-6217177 (-),S1_stat #238
binding_site,BND-038138,INSERT,,,EVI-033701 | sRNA RNA-014037 3127847-3127848 (+),S1_stat #239
binding_site,BND-038139,INSERT,,,EVI-033701 | mRNA RNA-014044 2801445-2801446 (-),S1_stat #239
binding_site,BND-038140,INSERT,,,EVI-033702 | sRNA RNA-002447 6183530-6183530 (-),S1_stat #240
binding_site,BND-038141,INSERT,,,EVI-033702 | mRNA RNA-014718 3822309-3822309 (-),S1_stat #240
binding_site,BND-038142,INSERT,,,EVI-033703 | sRNA RNA-010028 3705310-3705313 (-),S1_stat #242
binding_site,BND-038143,INSERT,,,EVI-033703 | mRNA RNA-014719 5042565-5042565 (+),S1_stat #242
binding_site,BND-038144,INSERT,,,EVI-033704 | sRNA RNA-014062 3116458-3116475 (+),S1_stat #243
binding_site,BND-038145,INSERT,,,EVI-033704 | mRNA RNA-014720 4087564-4087739 (-),S1_stat #243
binding_site,BND-038146,INSERT,,,EVI-033705 | sRNA RNA-014585 2031737-2031825 (+),S1_stat #244
binding_site,BND-038147,INSERT,,,EVI-033705 | mRNA RNA-014721 3146043-3146110 (-),S1_stat #244
binding_site,BND-038148,INSERT,,,EVI-033706 | sRNA RNA-014062 3116499-3116518 (+),S1_stat #245
binding_site,BND-038149,INSERT,,,EVI-033706 | mRNA RNA-014063 3529188-3529404 (-),S1_stat #245
binding_site,BND-038150,INSERT,,,EVI-033707 | sRNA RNA-014212 2478216-2478254 (+),S1_stat #247
binding_site,BND-038151,INSERT,,,EVI-033707 | mRNA RNA-002143 337234-337234 (+),S1_stat #247
binding_site,BND-038152,INSERT,,,EVI-033708 | sRNA RNA-014062 3116504-3116519 (+),S1_stat #250
binding_site,BND-038153,INSERT,,,EVI-033708 | mRNA RNA-014432 2762319-2762326 (-),S1_stat #250
binding_site,BND-038154,INSERT,,,EVI-033709 | sRNA RNA-014062 3116515-3116517 (+),S1_stat #251
binding_site,BND-038155,INSERT,,,EVI-033709 | mRNA RNA-014722 3117256-3117378 (-),S1_stat #251
binding_site,BND-038156,INSERT,,,EVI-033710 | sRNA RNA-010028 3705310-3705311 (-),S1_stat #252
binding_site,BND-038157,INSERT,,,EVI-033710 | mRNA RNA-014723 4296915-4297070 (-),S1_stat #252
binding_site,BND-038158,INSERT,,,EVI-033711 | sRNA RNA-010028 3705314-3705314 (-),S1_stat #253
binding_site,BND-038159,INSERT,,,EVI-033711 | mRNA RNA-002131 1702399-1702399 (-),S1_stat #253
binding_site,BND-038160,INSERT,,,EVI-033712 | sRNA RNA-014037 3127843-3127843 (+),S1_stat #254
binding_site,BND-038161,INSERT,,,EVI-033712 | mRNA RNA-002053 1298613-1298613 (+),S1_stat #254
binding_site,BND-038162,INSERT,,,EVI-033713 | sRNA RNA-010028 3705311-3705318 (-),S1_stat #256
binding_site,BND-038163,INSERT,,,EVI-033713 | mRNA RNA-014477 3671008-3671082 (-),S1_stat #256
binding_site,BND-038164,INSERT,,,EVI-033714 | sRNA RNA-010028 3705311-3705311 (-),S1_stat #258
binding_site,BND-038165,INSERT,,,EVI-033714 | mRNA RNA-014274 4771680-4771680 (-),S1_stat #258
binding_site,BND-038166,INSERT,,,EVI-033715 | sRNA RNA-010028 3705310-3705311 (-),S1_stat #259
binding_site,BND-038167,INSERT,,,EVI-033715 | mRNA RNA-014724 1664295-1664295 (+),S1_stat #259
binding_site,BND-038168,INSERT,,,EVI-033716 | sRNA RNA-014704 1078164-1078164 (+),S1_stat #260
binding_site,BND-038169,INSERT,,,EVI-033716 | mRNA RNA-002084 4403641-4403641 (-),S1_stat #260
binding_site,BND-038170,INSERT,,,EVI-033717 | sRNA RNA-014725 1039068-1039068 (+),S1_stat #261
binding_site,BND-038171,INSERT,,,EVI-033717 | mRNA RNA-002097 3950567-3950567 (+),S1_stat #261
binding_site,BND-038172,INSERT,,,EVI-033718 | sRNA RNA-014037 3127847-3127847 (+),S1_stat #262
binding_site,BND-038173,INSERT,,,EVI-033718 | mRNA RNA-014726 1680185-1680191 (-),S1_stat #262
binding_site,BND-038174,INSERT,,,EVI-033719 | sRNA RNA-010028 3705312-3705317 (-),S1_stat #263
binding_site,BND-038175,INSERT,,,EVI-033719 | mRNA RNA-014727 4228811-4228818 (-),S1_stat #263
binding_site,BND-038176,INSERT,,,EVI-033720 | sRNA RNA-014031 5372505-5372506 (-),S1_stat #264
binding_site,BND-038177,INSERT,,,EVI-033720 | mRNA RNA-014618 4545283-4545304 (+),S1_stat #264
binding_site,BND-038178,INSERT,,,EVI-033721 | sRNA RNA-014037 3127845-3127846 (+),S1_stat #265
binding_site,BND-038179,INSERT,,,EVI-033721 | mRNA RNA-014728 1349187-1349215 (+),S1_stat #265
binding_site,BND-038180,INSERT,,,EVI-033722 | sRNA RNA-010028 3705309-3705309 (-),S1_stat #268
binding_site,BND-038181,INSERT,,,EVI-033722 | mRNA RNA-014075 457924-457924 (+),S1_stat #268
binding_site,BND-038182,INSERT,,,EVI-033723 | sRNA RNA-010028 3705311-3705311 (-),S1_stat #269
binding_site,BND-038183,INSERT,,,EVI-033723 | mRNA RNA-014729 3167556-3167558 (-),S1_stat #269
binding_site,BND-038184,INSERT,,,EVI-033724 | sRNA RNA-010028 3705311-3705311 (-),S1_stat #272
binding_site,BND-038185,INSERT,,,EVI-033724 | mRNA RNA-014730 2905705-2905705 (-),S1_stat #272
binding_site,BND-038186,INSERT,,,EVI-033725 | sRNA RNA-010028 3705310-3705310 (-),S1_stat #273
binding_site,BND-038187,INSERT,,,EVI-033725 | mRNA RNA-014731 2622976-2622976 (+),S1_stat #273
binding_site,BND-038188,INSERT,,,EVI-033726 | sRNA RNA-010028 3705311-3705311 (-),S1_stat #275
binding_site,BND-038189,INSERT,,,EVI-033726 | mRNA RNA-014181 5625155-5625233 (-),S1_stat #275
binding_site,BND-038190,INSERT,,,EVI-033727 | sRNA RNA-010028 3705311-3705311 (-),S1_stat #276
binding_site,BND-038191,INSERT,,,EVI-033727 | mRNA RNA-014042 1734990-1735087 (-),S1_stat #276
binding_site,BND-038192,INSERT,,,EVI-033728 | sRNA RNA-010028 3705311-3705312 (-),S1_stat #277
binding_site,BND-038193,INSERT,,,EVI-033728 | mRNA RNA-014067 6051396-6051435 (+),S1_stat #277
binding_site,BND-038194,INSERT,,,EVI-033729 | sRNA RNA-014037 3127847-3127848 (+),S1_stat #278
binding_site,BND-038195,INSERT,,,EVI-033729 | mRNA RNA-010039 646758-646791 (-),S1_stat #278
binding_site,BND-038196,INSERT,,,EVI-033730 | sRNA RNA-010028 3705311-3705311 (-),S1_stat #279
binding_site,BND-038197,INSERT,,,EVI-033730 | mRNA RNA-014732 305205-305205 (-),S1_stat #279
binding_site,BND-038198,INSERT,,,EVI-033731 | sRNA RNA-001834 5308696-5308696 (+),S1_stat #282
binding_site,BND-038199,INSERT,,,EVI-033731 | mRNA RNA-014733 1832109-1832109 (+),S1_stat #282
binding_site,BND-038200,INSERT,,,EVI-033732 | sRNA RNA-014343 2814645-2814670 (+),S1_stat #283
binding_site,BND-038201,INSERT,,,EVI-033732 | mRNA RNA-014678 648756-648763 (-),S1_stat #283
binding_site,BND-038202,INSERT,,,EVI-033733 | sRNA RNA-001834 5308878-5308878 (+),S1_stat #284
binding_site,BND-038203,INSERT,,,EVI-033733 | mRNA RNA-010050 1450947-1450947 (-),S1_stat #284
binding_site,BND-038204,INSERT,,,EVI-033734 | sRNA RNA-010028 3705310-3705311 (-),S1_stat #285
binding_site,BND-038205,INSERT,,,EVI-033734 | mRNA RNA-014400 812299-812300 (-),S1_stat #285
binding_site,BND-038206,INSERT,,,EVI-033735 | sRNA RNA-010028 3705311-3705311 (-),S1_stat #286
binding_site,BND-038207,INSERT,,,EVI-033735 | mRNA RNA-014734 2614866-2614868 (+),S1_stat #286
binding_site,BND-038208,INSERT,,,EVI-033736 | sRNA RNA-001834 5308698-5308698 (+),S1_stat #287
binding_site,BND-038209,INSERT,,,EVI-033736 | mRNA RNA-014735 3956448-3956448 (+),S1_stat #287
binding_site,BND-038210,INSERT,,,EVI-033737 | sRNA RNA-010028 3705311-3705311 (-),S1_stat #288
binding_site,BND-038211,INSERT,,,EVI-033737 | mRNA RNA-002438 5333321-5333508 (-),S1_stat #288
binding_site,BND-038212,INSERT,,,EVI-033738 | sRNA RNA-010028 3705311-3705311 (-),S1_stat #289
binding_site,BND-038213,INSERT,,,EVI-033738 | mRNA RNA-001941 204274-204331 (-),S1_stat #289
binding_site,BND-038214,INSERT,,,EVI-033739 | sRNA RNA-010028 3705310-3705311 (-),S1_stat #290
binding_site,BND-038215,INSERT,,,EVI-033739 | mRNA RNA-014736 3757568-3757847 (-),S1_stat #290
binding_site,BND-038216,INSERT,,,EVI-033740 | sRNA RNA-010028 3705310-3705311 (-),S1_stat #291
binding_site,BND-038217,INSERT,,,EVI-033740 | mRNA RNA-014659 1722130-1722260 (+),S1_stat #291
binding_site,BND-038218,INSERT,,,EVI-033741 | sRNA RNA-010028 3705311-3705312 (-),S1_stat #292
binding_site,BND-038219,INSERT,,,EVI-033741 | mRNA RNA-014125 4946436-4946507 (-),S1_stat #292
binding_site,BND-038220,INSERT,,,EVI-033742 | sRNA RNA-014051 6110826-6110826 (+),S1_stat #293
binding_site,BND-038221,INSERT,,,EVI-033742 | mRNA RNA-014355 958389-958389 (+),S1_stat #293
binding_site,BND-038222,INSERT,,,EVI-033743 | sRNA RNA-001834 5308678-5308678 (+),S1_stat #294
binding_site,BND-038223,INSERT,,,EVI-033743 | mRNA RNA-014737 1282763-1282763 (+),S1_stat #294
binding_site,BND-038224,INSERT,,,EVI-033744 | sRNA RNA-014031 5372505-5372505 (-),S1_stat #295
binding_site,BND-038225,INSERT,,,EVI-033744 | mRNA RNA-014036 5308896-5308896 (-),S1_stat #295
binding_site,BND-038226,INSERT,,,EVI-033745 | sRNA RNA-010028 3705311-3705311 (-),S1_stat #296
binding_site,BND-038227,INSERT,,,EVI-033745 | mRNA RNA-014230 229393-229393 (-),S1_stat #296
binding_site,BND-038228,INSERT,,,EVI-033746 | sRNA RNA-002540 3889776-3889778 (-),S1_stat #298
binding_site,BND-038229,INSERT,,,EVI-033746 | mRNA RNA-014416 3530854-3530891 (+),S1_stat #298
binding_site,BND-038230,INSERT,,,EVI-033747 | sRNA RNA-010028 3705311-3705311 (-),S1_stat #300
binding_site,BND-038231,INSERT,,,EVI-033747 | mRNA RNA-014738 1835456-1835456 (+),S1_stat #300
binding_site,BND-038232,INSERT,,,EVI-033748 | sRNA RNA-010028 3705311-3705312 (-),S1_stat #302
binding_site,BND-038233,INSERT,,,EVI-033748 | mRNA RNA-014063 3528654-3528658 (-),S1_stat #302
binding_site,BND-038234,INSERT,,,EVI-033749 | sRNA RNA-002540 3889779-3889788 (-),S1_stat #303
binding_site,BND-038235,INSERT,,,EVI-033749 | mRNA RNA-014605 1401155-1401194 (-),S1_stat #303
binding_site,BND-038236,INSERT,,,EVI-033750 | sRNA RNA-001834 5308683-5308683 (+),S1_stat #304
binding_site,BND-038237,INSERT,,,EVI-033750 | mRNA RNA-014067 6051464-6051464 (+),S1_stat #304
binding_site,BND-038238,INSERT,,,EVI-033751 | sRNA RNA-010028 3705311-3705311 (-),S1_stat #306
binding_site,BND-038239,INSERT,,,EVI-033751 | mRNA RNA-014618 4545046-4545046 (+),S1_stat #306
binding_site,BND-038240,INSERT,,,EVI-033752 | sRNA RNA-014212 2478254-2478254 (+),S1_stat #311
binding_site,BND-038241,INSERT,,,EVI-033752 | mRNA RNA-014739 3313117-3313117 (-),S1_stat #311
binding_site,BND-038242,INSERT,,,EVI-033753 | sRNA RNA-010028 3705311-3705312 (-),S1_stat #312
binding_site,BND-038243,INSERT,,,EVI-033753 | mRNA RNA-014451 5210417-5210458 (-),S1_stat #312
binding_site,BND-038244,INSERT,,,EVI-033754 | sRNA RNA-010028 3705311-3705311 (-),S1_stat #313
binding_site,BND-038245,INSERT,,,EVI-033754 | mRNA RNA-014740 5089869-5089957 (-),S1_stat #313
binding_site,BND-038246,INSERT,,,EVI-033755 | sRNA RNA-010028 3705317-3705317 (-),S1_stat #314
binding_site,BND-038247,INSERT,,,EVI-033755 | mRNA RNA-014741 3710244-3710490 (+),S1_stat #314
binding_site,BND-038248,INSERT,,,EVI-033756 | sRNA RNA-010028 3705311-3705311 (-),S1_stat #315
binding_site,BND-038249,INSERT,,,EVI-033756 | mRNA RNA-014742 3119215-3119672 (-),S1_stat #315
binding_site,BND-038250,INSERT,,,EVI-033757 | sRNA RNA-002540 3889777-3889777 (-),S1_stat #316
binding_site,BND-038251,INSERT,,,EVI-033757 | mRNA RNA-014743 4169468-4169468 (-),S1_stat #316
binding_site,BND-038252,INSERT,,,EVI-033758 | sRNA RNA-010293 3318868-3318868 (+),S1_stat #317
binding_site,BND-038253,INSERT,,,EVI-033758 | mRNA RNA-014094 1060402-1060402 (+),S1_stat #317
binding_site,BND-038254,INSERT,,,EVI-033759 | sRNA RNA-014212 2478254-2478254 (+),S1_stat #321
binding_site,BND-038255,INSERT,,,EVI-033759 | mRNA RNA-014744 3988062-3988062 (-),S1_stat #321
binding_site,BND-038256,INSERT,,,EVI-033760 | sRNA RNA-001834 5308623-5308623 (+),S1_stat #322
binding_site,BND-038257,INSERT,,,EVI-033760 | mRNA RNA-014745 317834-317834 (+),S1_stat #322
binding_site,BND-038258,INSERT,,,EVI-033761 | sRNA RNA-002447 6183579-6183579 (-),S1_stat #323
binding_site,BND-038259,INSERT,,,EVI-033761 | mRNA RNA-014746 1988646-1988646 (+),S1_stat #323
binding_site,BND-038260,INSERT,,,EVI-033762 | sRNA RNA-001834 5308845-5308890 (+),S1_stat #324
binding_site,BND-038261,INSERT,,,EVI-033762 | mRNA RNA-014747 2556418-2556483 (-),S1_stat #324
binding_site,BND-038262,INSERT,,,EVI-033763 | sRNA RNA-002540 3889829-3889838 (-),S1_stat #325
binding_site,BND-038263,INSERT,,,EVI-033763 | mRNA RNA-002278 950917-950924 (-),S1_stat #325
binding_site,BND-038264,INSERT,,,EVI-033764 | sRNA RNA-010028 3705311-3705311 (-),S1_stat #326
binding_site,BND-038265,INSERT,,,EVI-033764 | mRNA RNA-014105 3286715-3286755 (-),S1_stat #326
binding_site,BND-038266,INSERT,,,EVI-033765 | sRNA RNA-014748 1636260-1636260 (-),S1_stat #327
binding_site,BND-038267,INSERT,,,EVI-033765 | mRNA RNA-014749 3575707-3575707 (-),S1_stat #327
binding_site,BND-038268,INSERT,,,EVI-033766 | sRNA RNA-001834 5308712-5308712 (+),S1_stat #328
binding_site,BND-038269,INSERT,,,EVI-033766 | mRNA RNA-014750 1797231-1797231 (+),S1_stat #328
binding_site,BND-038270,INSERT,,,EVI-033767 | sRNA RNA-010028 3705311-3705313 (-),S1_stat #329
binding_site,BND-038271,INSERT,,,EVI-033767 | mRNA RNA-014141 5916073-5916078 (-),S1_stat #329
binding_site,BND-038272,INSERT,,,EVI-033768 | sRNA RNA-014751 3129437-3129468 (-),S1_stat #330
binding_site,BND-038273,INSERT,,,EVI-033768 | mRNA RNA-010028 3705311-3705311 (-),S1_stat #330
binding_site,BND-038274,INSERT,,,EVI-033769 | sRNA RNA-002540 3889776-3889777 (-),S1_stat #331
binding_site,BND-038275,INSERT,,,EVI-033769 | mRNA RNA-014215 3394708-3394851 (+),S1_stat #331
binding_site,BND-038276,INSERT,,,EVI-033770 | sRNA RNA-010028 3705311-3705313 (-),S1_stat #332
binding_site,BND-038277,INSERT,,,EVI-033770 | mRNA RNA-014186 1300200-1300204 (+),S1_stat #332
binding_site,BND-038278,INSERT,,,EVI-033771 | sRNA RNA-002540 3889775-3889777 (-),S1_stat #333
binding_site,BND-038279,INSERT,,,EVI-033771 | mRNA RNA-010039 647804-648077 (-),S1_stat #333
binding_site,BND-038280,INSERT,,,EVI-033772 | sRNA RNA-002540 3889777-3889777 (-),S1_stat #336
binding_site,BND-038281,INSERT,,,EVI-033772 | mRNA RNA-014609 5985805-5985805 (-),S1_stat #336
binding_site,BND-038282,INSERT,,,EVI-033773 | sRNA RNA-014051 6110937-6110937 (+),S1_stat #337
binding_site,BND-038283,INSERT,,,EVI-033773 | mRNA RNA-014468 5890977-5890977 (-),S1_stat #337
binding_site,BND-038284,INSERT,,,EVI-033774 | sRNA RNA-002447 6183632-6183632 (-),S1_stat #338
binding_site,BND-038285,INSERT,,,EVI-033774 | mRNA RNA-014355 958093-958093 (+),S1_stat #338
binding_site,BND-038286,INSERT,,,EVI-033775 | sRNA RNA-001834 5308964-5308964 (+),S1_stat #340
binding_site,BND-038287,INSERT,,,EVI-033775 | mRNA RNA-014165 2963513-2963513 (-),S1_stat #340
binding_site,BND-038288,INSERT,,,EVI-033776 | sRNA RNA-014212 2478254-2478254 (+),S1_stat #341
binding_site,BND-038289,INSERT,,,EVI-033776 | mRNA RNA-010041 1080688-1080688 (+),S1_stat #341
binding_site,BND-038290,INSERT,,,EVI-033777 | sRNA RNA-002447 6183530-6183530 (-),S1_stat #343
binding_site,BND-038291,INSERT,,,EVI-033777 | mRNA RNA-014752 449463-449463 (+),S1_stat #343
binding_site,BND-038292,INSERT,,,EVI-033778 | sRNA RNA-010293 3318808-3318808 (+),S1_stat #346
binding_site,BND-038293,INSERT,,,EVI-033778 | mRNA RNA-014753 2623260-2623260 (+),S1_stat #346
binding_site,BND-038294,INSERT,,,EVI-033779 | sRNA RNA-010028 3705310-3705310 (-),S1_stat #347
binding_site,BND-038295,INSERT,,,EVI-033779 | mRNA RNA-014754 1962824-1962824 (-),S1_stat #347
binding_site,BND-038296,INSERT,,,EVI-033780 | sRNA RNA-014682 3129579-3129579 (+),S1_stat #351
binding_site,BND-038297,INSERT,,,EVI-033780 | mRNA RNA-002212 5984135-5984135 (+),S1_stat #351
binding_site,BND-038298,INSERT,,,EVI-033781 | sRNA RNA-002540 3889777-3889788 (-),S1_stat #352
binding_site,BND-038299,INSERT,,,EVI-033781 | mRNA RNA-014133 2126088-2126204 (-),S1_stat #352
binding_site,BND-038300,INSERT,,,EVI-033782 | sRNA RNA-014062 3116514-3116518 (+),S1_stat #353
binding_site,BND-038301,INSERT,,,EVI-033782 | mRNA RNA-002130 3442484-3442504 (-),S1_stat #353
binding_site,BND-038302,INSERT,,,EVI-033783 | sRNA RNA-010028 3705311-3705318 (-),S1_stat #354
binding_site,BND-038303,INSERT,,,EVI-033783 | mRNA RNA-014224 5852064-5852157 (-),S1_stat #354
binding_site,BND-038304,INSERT,,,EVI-033784 | sRNA RNA-010028 3705311-3705311 (-),S1_stat #355
binding_site,BND-038305,INSERT,,,EVI-033784 | mRNA RNA-014755 2123002-2123139 (+),S1_stat #355
binding_site,BND-038306,INSERT,,,EVI-033785 | sRNA RNA-002447 6183533-6183533 (-),S1_stat #356
binding_site,BND-038307,INSERT,,,EVI-033785 | mRNA RNA-014136 1179971-1179971 (+),S1_stat #356
binding_site,BND-038308,INSERT,,,EVI-033786 | sRNA RNA-002540 3889792-3889792 (-),S1_stat #359
binding_site,BND-038309,INSERT,,,EVI-033786 | mRNA RNA-001868 4893693-4893693 (+),S1_stat #359
binding_site,BND-038310,INSERT,,,EVI-033787 | sRNA RNA-002540 3889809-3889809 (-),S1_stat #360
binding_site,BND-038311,INSERT,,,EVI-033787 | mRNA RNA-014542 3207075-3207075 (+),S1_stat #360
binding_site,BND-038312,INSERT,,,EVI-033788 | sRNA RNA-014037 3127847-3127847 (+),S1_stat #362
binding_site,BND-038313,INSERT,,,EVI-033788 | mRNA RNA-014756 5165928-5165928 (-),S1_stat #362
binding_site,BND-038314,INSERT,,,EVI-033789 | sRNA RNA-010028 3705409-3705409 (-),S1_stat #363
binding_site,BND-038315,INSERT,,,EVI-033789 | mRNA RNA-002013 1451670-1451670 (-),S1_stat #363
binding_site,BND-038316,INSERT,,,EVI-033790 | sRNA RNA-010028 3705311-3705311 (-),S1_stat #364
binding_site,BND-038317,INSERT,,,EVI-033790 | mRNA RNA-002361 3890712-3890712 (-),S1_stat #364
binding_site,BND-038318,INSERT,,,EVI-033791 | sRNA RNA-014037 3127846-3127847 (+),S1_stat #367
binding_site,BND-038319,INSERT,,,EVI-033791 | mRNA RNA-014757 2568410-2568410 (-),S1_stat #367
binding_site,BND-038320,INSERT,,,EVI-033792 | sRNA RNA-010028 3705310-3705311 (-),S1_stat #371
binding_site,BND-038321,INSERT,,,EVI-033792 | mRNA RNA-001934 2146603-2146604 (+),S1_stat #371
binding_site,BND-038322,INSERT,,,EVI-033793 | sRNA RNA-010028 3705311-3705311 (-),S1_stat #372
binding_site,BND-038323,INSERT,,,EVI-033793 | mRNA RNA-002437 6187455-6187455 (+),S1_stat #372
binding_site,BND-038324,INSERT,,,EVI-033794 | sRNA RNA-001834 5308787-5308787 (+),S1_stat #374
binding_site,BND-038325,INSERT,,,EVI-033794 | mRNA RNA-014204 1953950-1953950 (+),S1_stat #374
binding_site,BND-038326,INSERT,,,EVI-033795 | sRNA RNA-001834 5308830-5308830 (+),S1_stat #376
binding_site,BND-038327,INSERT,,,EVI-033795 | mRNA RNA-014758 5344428-5344428 (-),S1_stat #376
binding_site,BND-038328,INSERT,,,EVI-033796 | sRNA RNA-001834 5308959-5308959 (+),S1_stat #377
binding_site,BND-038329,INSERT,,,EVI-033796 | mRNA RNA-014759 2135179-2135179 (+),S1_stat #377
binding_site,BND-038330,INSERT,,,EVI-033797 | sRNA RNA-014062 3116518-3116519 (+),S1_stat #378
binding_site,BND-038331,INSERT,,,EVI-033797 | mRNA RNA-014760 1040332-1040332 (+),S1_stat #378
binding_site,BND-038332,INSERT,,,EVI-033798 | sRNA RNA-014062 3116396-3116396 (+),S1_stat #379
binding_site,BND-038333,INSERT,,,EVI-033798 | mRNA RNA-014761 3120737-3120737 (-),S1_stat #379
binding_site,BND-038334,INSERT,,,EVI-033799 | sRNA RNA-014037 3127847-3127847 (+),S1_stat #380
binding_site,BND-038335,INSERT,,,EVI-033799 | mRNA RNA-014543 586867-586867 (+),S1_stat #380
binding_site,BND-038336,INSERT,,,EVI-033800 | sRNA RNA-010028 3705311-3705311 (-),S1_stat #382
binding_site,BND-038337,INSERT,,,EVI-033800 | mRNA RNA-014446 1800675-1800675 (+),S1_stat #382
binding_site,BND-038338,INSERT,,,EVI-033801 | sRNA RNA-002540 3889777-3889793 (-),S1_stat #383
binding_site,BND-038339,INSERT,,,EVI-033801 | mRNA RNA-014532 5972202-5972209 (-),S1_stat #383
binding_site,BND-038340,INSERT,,,EVI-033802 | sRNA RNA-010028 3705310-3705311 (-),S1_stat #384
binding_site,BND-038341,INSERT,,,EVI-033802 | mRNA RNA-014158 4885258-4885259 (-),S1_stat #384
binding_site,BND-038342,INSERT,,,EVI-033803 | sRNA RNA-014032 3575846-3575846 (-),S1_stat #388
binding_site,BND-038343,INSERT,,,EVI-033803 | mRNA RNA-014762 5215687-5215687 (+),S1_stat #388
binding_site,BND-038344,INSERT,,,EVI-033804 | sRNA RNA-010028 3705311-3705311 (-),S1_stat #389
binding_site,BND-038345,INSERT,,,EVI-033804 | mRNA RNA-014165 2963201-2963201 (-),S1_stat #389
binding_site,BND-038346,INSERT,,,EVI-033805 | sRNA RNA-010028 3705311-3705311 (-),S1_stat #390
binding_site,BND-038347,INSERT,,,EVI-033805 | mRNA RNA-014694 4829729-4829729 (-),S1_stat #390
binding_site,BND-038348,INSERT,,,EVI-033806 | sRNA RNA-014138 5640682-5640682 (+),S1_stat #391
binding_site,BND-038349,INSERT,,,EVI-033806 | mRNA RNA-014763 5645573-5645573 (-),S1_stat #391
binding_site,BND-038350,INSERT,,,EVI-033807 | sRNA RNA-001834 5308816-5308862 (+),S1_stat #392
binding_site,BND-038351,INSERT,,,EVI-033807 | mRNA RNA-014305 3979526-3979526 (+),S1_stat #392
binding_site,BND-038352,INSERT,,,EVI-033808 | sRNA RNA-010028 3705311-3705311 (-),S1_stat #393
binding_site,BND-038353,INSERT,,,EVI-033808 | mRNA RNA-014764 2059489-2059513 (-),S1_stat #393
binding_site,BND-038354,INSERT,,,EVI-033809 | sRNA RNA-014343 2814681-2814681 (+),S1_stat #394
binding_site,BND-038355,INSERT,,,EVI-033809 | mRNA RNA-014765 5867106-5867106 (-),S1_stat #394
binding_site,BND-038356,INSERT,,,EVI-033810 | sRNA RNA-014037 3127848-3127848 (+),S1_stat #395
binding_site,BND-038357,INSERT,,,EVI-033810 | mRNA RNA-002074 2195501-2195501 (-),S1_stat #395
binding_site,BND-038358,INSERT,,,EVI-033811 | sRNA RNA-010028 3705311-3705311 (-),S1_stat #396
binding_site,BND-038359,INSERT,,,EVI-033811 | mRNA RNA-001870 5401023-5401023 (-),S1_stat #396
binding_site,BND-038360,INSERT,,,EVI-033812 | sRNA RNA-014316 3570905-3570905 (-),S1_stat #398
binding_site,BND-038361,INSERT,,,EVI-033812 | mRNA RNA-014157 4952847-4952847 (-),S1_stat #398
binding_site,BND-038362,INSERT,,,EVI-033813 | sRNA RNA-010028 3705311-3705311 (-),S1_stat #400
binding_site,BND-038363,INSERT,,,EVI-033813 | mRNA RNA-014766 3523370-3523370 (-),S1_stat #400
binding_site,BND-038364,INSERT,,,EVI-033814 | sRNA RNA-014032 3575846-3575846 (-),S1_stat #401
binding_site,BND-038365,INSERT,,,EVI-033814 | mRNA RNA-014767 5644337-5644337 (-),S1_stat #401
binding_site,BND-038366,INSERT,,,EVI-033815 | sRNA RNA-010028 3705311-3705311 (-),S1_stat #402
binding_site,BND-038367,INSERT,,,EVI-033815 | mRNA RNA-014768 1398860-1398860 (+),S1_stat #402
binding_site,BND-038368,INSERT,,,EVI-033816 | sRNA RNA-010028 3705310-3705310 (-),S1_stat #405
binding_site,BND-038369,INSERT,,,EVI-033816 | mRNA RNA-014374 4088759-4088759 (+),S1_stat #405
binding_site,BND-038370,INSERT,,,EVI-033817 | sRNA RNA-014062 3116519-3116519 (+),S1_stat #409
binding_site,BND-038371,INSERT,,,EVI-033817 | mRNA RNA-014769 4622660-4622660 (-),S1_stat #409
binding_site,BND-038372,INSERT,,,EVI-033818 | sRNA RNA-010028 3705310-3705311 (-),S1_stat #410
binding_site,BND-038373,INSERT,,,EVI-033818 | mRNA RNA-014770 4745128-4745142 (+),S1_stat #410
binding_site,BND-038374,INSERT,,,EVI-033819 | sRNA RNA-010028 3705311-3705311 (-),S1_stat #411
binding_site,BND-038375,INSERT,,,EVI-033819 | mRNA RNA-014771 5336668-5336668 (-),S1_stat #411
binding_site,BND-038376,INSERT,,,EVI-033820 | sRNA RNA-010028 3705311-3705311 (-),S1_stat #412
binding_site,BND-038377,INSERT,,,EVI-033820 | mRNA RNA-014229 2811741-2811741 (+),S1_stat #412
binding_site,BND-038378,INSERT,,,EVI-033821 | sRNA RNA-010028 3705311-3705311 (-),S1_stat #413
binding_site,BND-038379,INSERT,,,EVI-033821 | mRNA RNA-014772 3949334-3949334 (-),S1_stat #413
binding_site,BND-038380,INSERT,,,EVI-033822 | sRNA RNA-010028 3705311-3705311 (-),S1_stat #414
binding_site,BND-038381,INSERT,,,EVI-033822 | mRNA RNA-014541 5825202-5825202 (+),S1_stat #414
binding_site,BND-038382,INSERT,,,EVI-033823 | sRNA RNA-010028 3705311-3705311 (-),S1_stat #415
binding_site,BND-038383,INSERT,,,EVI-033823 | mRNA RNA-001856 1921164-1921164 (+),S1_stat #415
binding_site,BND-038384,INSERT,,,EVI-033824 | sRNA RNA-002540 3889779-3889779 (-),S1_stat #416
binding_site,BND-038385,INSERT,,,EVI-033824 | mRNA RNA-014602 5338076-5338076 (-),S1_stat #416
binding_site,BND-038386,INSERT,,,EVI-033825 | sRNA RNA-010028 3705310-3705310 (-),S1_stat #418
binding_site,BND-038387,INSERT,,,EVI-033825 | mRNA RNA-014773 3877968-3877968 (+),S1_stat #418
binding_site,BND-038388,INSERT,,,EVI-033826 | sRNA RNA-014685 3123225-3123225 (-),S1_stat #419
binding_site,BND-038389,INSERT,,,EVI-033826 | mRNA RNA-014190 3542672-3542672 (-),S1_stat #419
binding_site,BND-038390,INSERT,,,EVI-033827 | sRNA RNA-010028 3705311-3705311 (-),S1_stat #420
binding_site,BND-038391,INSERT,,,EVI-033827 | mRNA RNA-014774 935967-935967 (+),S1_stat #420
binding_site,BND-038392,INSERT,,,EVI-033828 | sRNA RNA-001834 5308614-5308614 (+),S1_stat #423
binding_site,BND-038393,INSERT,,,EVI-033828 | mRNA RNA-001840 4271127-4271127 (-),S1_stat #423
binding_site,BND-038394,INSERT,,,EVI-033829 | sRNA RNA-001834 5308712-5308712 (+),S1_stat #424
binding_site,BND-038395,INSERT,,,EVI-033829 | mRNA RNA-014775 4956389-4956389 (-),S1_stat #424
binding_site,BND-038396,INSERT,,,EVI-033830 | sRNA RNA-014343 2814686-2814687 (+),S1_stat #428
binding_site,BND-038397,INSERT,,,EVI-033830 | mRNA RNA-001918 4830914-4830915 (+),S1_stat #428
binding_site,BND-038398,INSERT,,,EVI-033831 | sRNA RNA-014682 3129631-3129631 (+),S1_stat #429
binding_site,BND-038399,INSERT,,,EVI-033831 | mRNA RNA-014776 1993891-1993891 (-),S1_stat #429
binding_site,BND-038400,INSERT,,,EVI-033832 | sRNA RNA-014062 3116519-3116519 (+),S1_stat #432
binding_site,BND-038401,INSERT,,,EVI-033832 | mRNA RNA-014777 1791143-1791143 (+),S1_stat #432
binding_site,BND-038402,INSERT,,,EVI-033833 | sRNA RNA-001834 5308923-5308925 (+),S1_stat #435
binding_site,BND-038403,INSERT,,,EVI-033833 | mRNA RNA-014228 727601-727603 (+),S1_stat #435
binding_site,BND-038404,INSERT,,,EVI-033834 | sRNA RNA-001834 5308647-5308647 (+),S1_stat #436
binding_site,BND-038405,INSERT,,,EVI-033834 | mRNA RNA-014778 5102593-5102593 (+),S1_stat #436
binding_site,BND-038406,INSERT,,,EVI-033835 | sRNA RNA-002540 3889782-3889799 (-),S1_stat #437
binding_site,BND-038407,INSERT,,,EVI-033835 | mRNA RNA-014239 4994434-4994754 (+),S1_stat #437
binding_site,BND-038408,INSERT,,,EVI-033836 | sRNA RNA-014682 3129626-3129632 (+),S1_stat #438
binding_site,BND-038409,INSERT,,,EVI-033836 | mRNA RNA-014543 586867-586906 (+),S1_stat #438
binding_site,BND-038410,INSERT,,,EVI-033837 | sRNA RNA-010028 3705309-3705311 (-),S1_stat #439
binding_site,BND-038411,INSERT,,,EVI-033837 | mRNA RNA-014779 4827723-4828104 (-),S1_stat #439
binding_site,BND-038412,INSERT,,,EVI-033838 | sRNA RNA-010028 3705311-3705311 (-),S1_stat #440
binding_site,BND-038413,INSERT,,,EVI-033838 | mRNA RNA-014279 2661043-2661282 (-),S1_stat #440
binding_site,BND-038414,INSERT,,,EVI-033839 | sRNA RNA-010028 3705310-3705312 (-),S1_stat #441
binding_site,BND-038415,INSERT,,,EVI-033839 | mRNA RNA-014044 2801341-2801447 (-),S1_stat #441
binding_site,BND-038416,INSERT,,,EVI-033840 | sRNA RNA-001834 5308599-5308599 (+),S1_stat #448
binding_site,BND-038417,INSERT,,,EVI-033840 | mRNA RNA-014780 6123677-6123677 (+),S1_stat #448
binding_site,BND-038418,INSERT,,,EVI-033841 | sRNA RNA-010028 3705317-3705317 (-),S1_stat #450
binding_site,BND-038419,INSERT,,,EVI-033841 | mRNA RNA-014781 4490479-4490479 (-),S1_stat #450
binding_site,BND-038420,INSERT,,,EVI-033842 | sRNA RNA-010028 3705311-3705318 (-),S1_stat #451
binding_site,BND-038421,INSERT,,,EVI-033842 | mRNA RNA-014782 5701309-5701349 (+),S1_stat #451
binding_site,BND-038422,INSERT,,,EVI-033843 | sRNA RNA-001834 5308626-5308626 (+),S1_stat #454
binding_site,BND-038423,INSERT,,,EVI-033843 | mRNA RNA-014783 2132725-2132726 (+),S1_stat #454
binding_site,BND-038424,INSERT,,,EVI-033844 | sRNA RNA-014037 3127848-3127848 (+),S1_stat #455
binding_site,BND-038425,INSERT,,,EVI-033844 | mRNA RNA-002378 3410274-3410274 (+),S1_stat #455
binding_site,BND-038426,INSERT,,,EVI-033845 | sRNA RNA-010028 3705311-3705311 (-),S1_stat #456
binding_site,BND-038427,INSERT,,,EVI-033845 | mRNA RNA-014414 5657552-5657552 (+),S1_stat #456
binding_site,BND-038428,INSERT,,,EVI-033846 | sRNA RNA-001834 5308840-5308840 (+),S1_stat #459
binding_site,BND-038429,INSERT,,,EVI-033846 | mRNA RNA-014602 5338259-5338259 (-),S1_stat #459
binding_site,BND-038430,INSERT,,,EVI-033847 | sRNA RNA-014620 884206-884206 (-),S1_stat #461
binding_site,BND-038431,INSERT,,,EVI-033847 | mRNA RNA-014784 5105260-5105260 (-),S1_stat #461
binding_site,BND-038432,INSERT,,,EVI-033848 | sRNA RNA-010028 3705316-3705316 (-),S1_stat #462
binding_site,BND-038433,INSERT,,,EVI-033848 | mRNA RNA-014441 1837336-1837336 (+),S1_stat #462
binding_site,BND-038434,INSERT,,,EVI-033849 | sRNA RNA-010028 3705311-3705311 (-),S1_stat #466
binding_site,BND-038435,INSERT,,,EVI-033849 | mRNA RNA-014785 3455117-3455117 (-),S1_stat #466
binding_site,BND-038436,INSERT,,,EVI-033850 | sRNA RNA-014343 2814685-2814685 (+),S1_stat #467
binding_site,BND-038437,INSERT,,,EVI-033850 | mRNA RNA-014543 586934-586934 (+),S1_stat #467
binding_site,BND-038438,INSERT,,,EVI-033851 | sRNA RNA-010028 3705312-3705312 (-),S1_stat #468
binding_site,BND-038439,INSERT,,,EVI-033851 | mRNA RNA-014786 1460818-1460818 (+),S1_stat #468
binding_site,BND-038440,INSERT,,,EVI-033852 | sRNA RNA-014212 2478254-2478254 (+),S1_stat #472
binding_site,BND-038441,INSERT,,,EVI-033852 | mRNA RNA-014787 5220127-5220127 (-),S1_stat #472
binding_site,BND-038442,INSERT,,,EVI-033853 | sRNA RNA-010028 3705312-3705312 (-),S1_stat #474
binding_site,BND-038443,INSERT,,,EVI-033853 | mRNA RNA-014100 1184305-1184305 (+),S1_stat #474
binding_site,BND-038444,INSERT,,,EVI-033854 | sRNA RNA-014289 3119380-3119380 (+),S1_stat #475
binding_site,BND-038445,INSERT,,,EVI-033854 | mRNA RNA-002365 2194640-2194640 (-),S1_stat #475
binding_site,BND-038446,INSERT,,,EVI-033855 | sRNA RNA-014037 3127848-3127848 (+),S1_stat #476
binding_site,BND-038447,INSERT,,,EVI-033855 | mRNA RNA-014193 5701635-5701635 (-),S1_stat #476
binding_site,BND-038448,INSERT,,,EVI-033856 | sRNA RNA-002540 3889786-3889786 (-),S1_stat #478
binding_site,BND-038449,INSERT,,,EVI-033856 | mRNA RNA-014788 5324743-5324743 (-),S1_stat #478
binding_site,BND-038450,INSERT,,,EVI-033857 | sRNA RNA-010028 3705473-3705473 (-),S1_stat #480
binding_site,BND-038451,INSERT,,,EVI-033857 | mRNA RNA-014061 3531585-3531585 (-),S1_stat #480
binding_site,BND-038452,INSERT,,,EVI-033858 | sRNA RNA-014037 3127847-3127847 (+),S1_stat #481
binding_site,BND-038453,INSERT,,,EVI-033858 | mRNA RNA-014097 5680688-5680688 (-),S1_stat #481
binding_site,BND-038454,INSERT,,,EVI-033859 | sRNA RNA-014620 884184-884184 (-),S1_stat #482
binding_site,BND-038455,INSERT,,,EVI-033859 | mRNA RNA-001983 3108532-3108532 (+),S1_stat #482
binding_site,BND-038456,INSERT,,,EVI-033860 | sRNA RNA-001834 5308725-5308725 (+),S1_stat #484
binding_site,BND-038457,INSERT,,,EVI-033860 | mRNA RNA-014492 547307-547307 (-),S1_stat #484
binding_site,BND-038458,INSERT,,,EVI-033861 | sRNA RNA-010028 3705311-3705311 (-),S1_stat #485
binding_site,BND-038459,INSERT,,,EVI-033861 | mRNA RNA-014789 2782762-2782762 (-),S1_stat #485
binding_site,BND-038460,INSERT,,,EVI-033862 | sRNA RNA-010028 3705317-3705317 (-),S1_stat #486
binding_site,BND-038461,INSERT,,,EVI-033862 | mRNA RNA-014790 5121688-5121688 (-),S1_stat #486
binding_site,BND-038462,INSERT,,,EVI-033863 | sRNA RNA-014212 2478254-2478254 (+),S1_stat #488
binding_site,BND-038463,INSERT,,,EVI-033863 | mRNA RNA-002408 2633465-2633465 (+),S1_stat #488
binding_site,BND-038464,INSERT,,,EVI-033864 | sRNA RNA-010028 3705311-3705311 (-),S1_stat #493
binding_site,BND-038465,INSERT,,,EVI-033864 | mRNA RNA-014691 5618971-5619040 (-),S1_stat #493
binding_site,BND-038466,INSERT,,,EVI-033865 | sRNA RNA-014228 727556-727556 (+),S1_stat #495
binding_site,BND-038467,INSERT,,,EVI-033865 | mRNA RNA-014423 5545137-5545137 (-),S1_stat #495
binding_site,BND-038468,INSERT,,,EVI-033866 | sRNA RNA-014138 5640681-5640681 (+),S1_stat #501
binding_site,BND-038469,INSERT,,,EVI-033866 | mRNA RNA-014791 3760694-3760694 (-),S1_stat #501
binding_site,BND-038470,INSERT,,,EVI-033867 | sRNA RNA-010028 3705311-3705311 (-),S1_stat #502
binding_site,BND-038471,INSERT,,,EVI-033867 | mRNA RNA-014537 830221-830221 (-),S1_stat #502
binding_site,BND-038472,INSERT,,,EVI-033868 | sRNA RNA-010028 3705408-3705408 (-),S1_stat #504
binding_site,BND-038473,INSERT,,,EVI-033868 | mRNA RNA-014479 4756102-4756102 (-),S1_stat #504
binding_site,BND-038474,INSERT,,,EVI-033869 | sRNA RNA-010028 3705311-3705311 (-),S1_stat #506
binding_site,BND-038475,INSERT,,,EVI-033869 | mRNA RNA-014792 2460813-2460813 (+),S1_stat #506
binding_site,BND-038476,INSERT,,,EVI-033870 | sRNA RNA-001834 5308697-5308697 (+),S1_stat #508
binding_site,BND-038477,INSERT,,,EVI-033870 | mRNA RNA-014793 2464649-2464649 (+),S1_stat #508
binding_site,BND-038478,INSERT,,,EVI-033871 | sRNA RNA-010028 3705311-3705311 (-),S1_stat #509
binding_site,BND-038479,INSERT,,,EVI-033871 | mRNA RNA-014360 3211712-3211712 (+),S1_stat #509
binding_site,BND-038480,INSERT,,,EVI-033872 | sRNA RNA-010028 3705313-3705313 (-),S1_stat #512
binding_site,BND-038481,INSERT,,,EVI-033872 | mRNA RNA-014794 1736524-1736524 (+),S1_stat #512
binding_site,BND-038482,INSERT,,,EVI-033873 | sRNA RNA-014343 2814686-2814686 (+),S1_stat #514
binding_site,BND-038483,INSERT,,,EVI-033873 | mRNA RNA-014083 1006854-1006854 (+),S1_stat #514
binding_site,BND-038484,INSERT,,,EVI-033874 | sRNA RNA-010028 3705311-3705311 (-),S1_stat #518
binding_site,BND-038485,INSERT,,,EVI-033874 | mRNA RNA-014795 863480-863489 (+),S1_stat #518
binding_site,BND-038486,INSERT,,,EVI-033875 | sRNA RNA-010028 3705311-3705389 (-),S1_stat #520
binding_site,BND-038487,INSERT,,,EVI-033875 | mRNA RNA-014680 1997029-1997029 (+),S1_stat #520
binding_site,BND-038488,INSERT,,,EVI-033876 | sRNA RNA-010028 3705311-3705311 (-),S1_stat #521
binding_site,BND-038489,INSERT,,,EVI-033876 | mRNA RNA-014796 1358015-1358015 (+),S1_stat #521
binding_site,BND-038490,INSERT,,,EVI-033877 | sRNA RNA-002540 3889777-3889777 (-),S1_stat #522
binding_site,BND-038491,INSERT,,,EVI-033877 | mRNA RNA-014797 1479403-1479403 (-),S1_stat #522
binding_site,BND-038492,INSERT,,,EVI-033878 | sRNA RNA-014037 3127841-3127841 (+),S1_stat #523
binding_site,BND-038493,INSERT,,,EVI-033878 | mRNA RNA-014127 3616987-3616987 (+),S1_stat #523
binding_site,BND-038494,INSERT,,,EVI-033879 | sRNA RNA-010028 3705311-3705311 (-),S1_stat #524
binding_site,BND-038495,INSERT,,,EVI-033879 | mRNA RNA-014798 3772921-3772921 (+),S1_stat #524
binding_site,BND-038496,INSERT,,,EVI-033880 | sRNA RNA-014585 2031714-2031714 (+),S1_stat #525
binding_site,BND-038497,INSERT,,,EVI-033880 | mRNA RNA-014799 2087921-2087921 (+),S1_stat #525
binding_site,BND-038498,INSERT,,,EVI-033881 | sRNA RNA-014032 3575847-3575847 (-),S1_stat #526
binding_site,BND-038499,INSERT,,,EVI-033881 | mRNA RNA-014099 898038-898038 (-),S1_stat #526
binding_site,BND-038500,INSERT,,,EVI-033882 | sRNA RNA-014212 2478254-2478254 (+),S1_stat #528
binding_site,BND-038501,INSERT,,,EVI-033882 | mRNA RNA-014800 1783943-1783943 (-),S1_stat #528
binding_site,BND-038502,INSERT,,,EVI-033883 | sRNA RNA-014212 2478254-2478254 (+),S1_stat #529
binding_site,BND-038503,INSERT,,,EVI-033883 | mRNA RNA-014402 1175245-1175245 (+),S1_stat #529
binding_site,BND-038504,INSERT,,,EVI-033884 | sRNA RNA-001834 5308839-5308839 (+),S1_stat #530
binding_site,BND-038505,INSERT,,,EVI-033884 | mRNA RNA-014749 3575711-3575711 (-),S1_stat #530
binding_site,BND-038506,INSERT,,,EVI-033885 | sRNA RNA-010028 3705311-3705311 (-),S1_stat #531
binding_site,BND-038507,INSERT,,,EVI-033885 | mRNA RNA-014801 22411-22411 (+),S1_stat #531
binding_site,BND-038508,INSERT,,,EVI-033886 | sRNA RNA-010028 3705311-3705311 (-),S1_stat #534
binding_site,BND-038509,INSERT,,,EVI-033886 | mRNA RNA-014802 5076907-5076907 (+),S1_stat #534
binding_site,BND-038510,INSERT,,,EVI-033887 | sRNA RNA-014682 3129631-3129631 (+),S1_stat #535
binding_site,BND-038511,INSERT,,,EVI-033887 | mRNA RNA-002182 4196746-4196746 (-),S1_stat #535
binding_site,BND-038512,INSERT,,,EVI-033888 | sRNA RNA-014803 3866147-3866147 (-),S1_stat #539
binding_site,BND-038513,INSERT,,,EVI-033888 | mRNA RNA-014101 1057852-1057852 (+),S1_stat #539
binding_site,BND-038514,INSERT,,,EVI-033889 | sRNA RNA-014212 2478251-2478251 (+),S1_stat #540
binding_site,BND-038515,INSERT,,,EVI-033889 | mRNA RNA-014804 4270814-4270814 (-),S1_stat #540
binding_site,BND-038516,INSERT,,,EVI-033890 | sRNA RNA-002540 3889816-3889816 (-),S1_stat #543
binding_site,BND-038517,INSERT,,,EVI-033890 | mRNA RNA-014805 1003050-1003050 (-),S1_stat #543
binding_site,BND-038518,INSERT,,,EVI-033891 | sRNA RNA-014037 3127847-3127847 (+),S1_stat #544
binding_site,BND-038519,INSERT,,,EVI-033891 | mRNA RNA-014325 3129341-3129341 (-),S1_stat #544
binding_site,BND-038520,INSERT,,,EVI-033892 | sRNA RNA-014690 3778035-3778035 (-),S1_stat #545
binding_site,BND-038521,INSERT,,,EVI-033892 | mRNA RNA-014806 1444655-1444655 (-),S1_stat #545
binding_site,BND-038522,INSERT,,,EVI-033893 | sRNA RNA-014138 5640676-5640676 (+),S1_stat #547
binding_site,BND-038523,INSERT,,,EVI-033893 | mRNA RNA-014807 4940501-4940501 (-),S1_stat #547
binding_site,BND-038524,INSERT,,,EVI-033894 | sRNA RNA-014620 884205-884205 (-),S1_stat #548
binding_site,BND-038525,INSERT,,,EVI-033894 | mRNA RNA-014808 3873963-3873963 (-),S1_stat #548
binding_site,BND-038526,INSERT,,,EVI-033895 | sRNA RNA-010028 3705311-3705311 (-),S1_stat #551
binding_site,BND-038527,INSERT,,,EVI-033895 | mRNA RNA-014809 3285808-3285808 (+),S1_stat #551
binding_site,BND-038528,INSERT,,,EVI-033896 | sRNA RNA-002447 6183659-6183659 (-),S1_stat #553
binding_site,BND-038529,INSERT,,,EVI-033896 | mRNA RNA-002446 5229599-5229599 (-),S1_stat #553
binding_site,BND-038530,INSERT,,,EVI-033897 | sRNA RNA-010028 3705311-3705311 (-),S1_stat #555
binding_site,BND-038531,INSERT,,,EVI-033897 | mRNA RNA-014810 3157793-3157793 (+),S1_stat #555
binding_site,BND-038532,INSERT,,,EVI-033898 | sRNA RNA-014415 1165516-1165516 (-),S1_stat #556
binding_site,BND-038533,INSERT,,,EVI-033898 | mRNA RNA-014094 1060390-1060390 (+),S1_stat #556
binding_site,BND-038534,INSERT,,,EVI-033899 | sRNA RNA-014585 2031740-2031740 (+),S1_stat #559
binding_site,BND-038535,INSERT,,,EVI-033899 | mRNA RNA-014811 4316265-4316265 (+),S1_stat #559
binding_site,BND-038536,INSERT,,,EVI-033900 | sRNA RNA-001834 5308837-5308837 (+),S1_stat #560
binding_site,BND-038537,INSERT,,,EVI-033900 | mRNA RNA-014812 639045-639045 (+),S1_stat #560
binding_site,BND-038538,INSERT,,,EVI-033901 | sRNA RNA-002540 3889775-3889775 (-),S1_stat #561
binding_site,BND-038539,INSERT,,,EVI-033901 | mRNA RNA-014813 5123219-5123219 (-),S1_stat #561
binding_site,BND-038540,INSERT,,,EVI-033902 | sRNA RNA-010293 3318794-3318794 (+),S1_stat #562
binding_site,BND-038541,INSERT,,,EVI-033902 | mRNA RNA-014814 2220603-2220603 (-),S1_stat #562
binding_site,BND-038542,INSERT,,,EVI-033903 | sRNA RNA-002447 6183659-6183659 (-),S1_stat #564
binding_site,BND-038543,INSERT,,,EVI-033903 | mRNA RNA-014815 4721349-4721349 (-),S1_stat #564
binding_site,BND-038544,INSERT,,,EVI-033904 | sRNA RNA-014062 3116518-3116519 (+),S1_stat #567
binding_site,BND-038545,INSERT,,,EVI-033904 | mRNA RNA-014322 2923412-2923600 (-),S1_stat #567
binding_site,BND-038546,INSERT,,,EVI-033905 | sRNA RNA-010028 3705311-3705312 (-),S1_stat #568
binding_site,BND-038547,INSERT,,,EVI-033905 | mRNA RNA-014106 636359-636718 (-),S1_stat #568
binding_site,BND-038548,INSERT,,,EVI-033906 | sRNA RNA-010028 3705311-3705311 (-),S1_stat #569
binding_site,BND-038549,INSERT,,,EVI-033906 | mRNA RNA-014728 1349312-1349441 (+),S1_stat #569
binding_site,BND-038550,INSERT,,,EVI-033907 | sRNA RNA-014212 2478218-2478254 (+),S1_stat #570
binding_site,BND-038551,INSERT,,,EVI-033907 | mRNA RNA-014775 4956541-4956631 (-),S1_stat #570
binding_site,BND-038552,INSERT,,,EVI-033908 | sRNA RNA-014036 5308734-5308734 (-),S1_stat #571
binding_site,BND-038553,INSERT,,,EVI-033908 | mRNA RNA-014816 6008348-6008348 (-),S1_stat #571
binding_site,BND-038554,INSERT,,,EVI-033909 | sRNA RNA-010028 3705310-3705310 (-),S1_stat #574
binding_site,BND-038555,INSERT,,,EVI-033909 | mRNA RNA-002346 1555284-1555284 (+),S1_stat #574
binding_site,BND-038556,INSERT,,,EVI-033910 | sRNA RNA-014066 5284109-5284109 (+),S1_stat #575
binding_site,BND-038557,INSERT,,,EVI-033910 | mRNA RNA-001941 204535-204535 (-),S1_stat #575
binding_site,BND-038558,INSERT,,,EVI-033911 | sRNA RNA-010028 3705311-3705314 (-),S1_stat #577
binding_site,BND-038559,INSERT,,,EVI-033911 | mRNA RNA-014173 3669035-3669057 (-),S1_stat #577
binding_site,BND-038560,INSERT,,,EVI-033912 | sRNA RNA-002540 3889783-3889783 (-),S1_stat #580
binding_site,BND-038561,INSERT,,,EVI-033912 | mRNA RNA-014817 1569781-1569781 (-),S1_stat #580
binding_site,BND-038562,INSERT,,,EVI-033913 | sRNA RNA-014212 2478254-2478254 (+),S1_stat #581
binding_site,BND-038563,INSERT,,,EVI-033913 | mRNA RNA-014818 55663-55663 (+),S1_stat #581
binding_site,BND-038564,INSERT,,,EVI-033914 | sRNA RNA-014051 6110901-6110901 (+),S1_stat #582
binding_site,BND-038565,INSERT,,,EVI-033914 | mRNA RNA-014075 459891-459891 (+),S1_stat #582
binding_site,BND-038566,INSERT,,,EVI-033915 | sRNA RNA-010028 3705315-3705315 (-),S1_stat #584
binding_site,BND-038567,INSERT,,,EVI-033915 | mRNA RNA-014424 483098-483098 (+),S1_stat #584
binding_site,BND-038568,INSERT,,,EVI-033916 | sRNA RNA-010028 3705311-3705311 (-),S1_stat #585
binding_site,BND-038569,INSERT,,,EVI-033916 | mRNA RNA-014819 2046034-2046034 (+),S1_stat #585
binding_site,BND-038570,INSERT,,,EVI-033917 | sRNA RNA-014820 2614807-2614807 (+),S1_stat #586
binding_site,BND-038571,INSERT,,,EVI-033917 | mRNA RNA-014821 921693-921693 (+),S1_stat #586
binding_site,BND-038572,INSERT,,,EVI-033918 | sRNA RNA-010028 3705311-3705311 (-),S1_stat #588
binding_site,BND-038573,INSERT,,,EVI-033918 | mRNA RNA-014822 2949201-2949201 (+),S1_stat #588
binding_site,BND-038574,INSERT,,,EVI-033919 | sRNA RNA-001834 5308694-5308694 (+),S1_stat #591
binding_site,BND-038575,INSERT,,,EVI-033919 | mRNA RNA-002267 6118563-6118563 (-),S1_stat #591
binding_site,BND-038576,INSERT,,,EVI-033920 | sRNA RNA-014030 6171834-6171834 (-),S1_stat #595
binding_site,BND-038577,INSERT,,,EVI-033920 | mRNA RNA-014260 476-476 (+),S1_stat #595
binding_site,BND-038578,INSERT,,,EVI-033921 | sRNA RNA-010293 3318776-3318776 (+),S1_stat #596
binding_site,BND-038579,INSERT,,,EVI-033921 | mRNA RNA-014823 5647392-5647392 (+),S1_stat #596
binding_site,BND-038580,INSERT,,,EVI-033922 | sRNA RNA-002532 3958145-3958145 (+),S1_stat #598
binding_site,BND-038581,INSERT,,,EVI-033922 | mRNA RNA-014824 6156644-6156644 (-),S1_stat #598
binding_site,BND-038582,INSERT,,,EVI-033923 | sRNA RNA-002540 3889778-3889778 (-),S1_stat #601
binding_site,BND-038583,INSERT,,,EVI-033923 | mRNA RNA-014650 3098088-3098088 (-),S1_stat #601
binding_site,BND-038584,INSERT,,,EVI-033924 | sRNA RNA-002540 3889779-3889779 (-),S1_stat #602
binding_site,BND-038585,INSERT,,,EVI-033924 | mRNA RNA-014825 3104353-3104353 (+),S1_stat #602
binding_site,BND-038586,INSERT,,,EVI-033925 | sRNA RNA-010028 3705312-3705312 (-),S1_stat #603
binding_site,BND-038587,INSERT,,,EVI-033925 | mRNA RNA-014266 4965868-4965868 (-),S1_stat #603
binding_site,BND-038588,INSERT,,,EVI-033926 | sRNA RNA-014032 3575846-3575846 (-),S1_stat #604
binding_site,BND-038589,INSERT,,,EVI-033926 | mRNA RNA-014826 4786383-4786383 (-),S1_stat #604
binding_site,BND-038590,INSERT,,,EVI-033927 | sRNA RNA-001834 5308700-5308700 (+),S1_stat #606
binding_site,BND-038591,INSERT,,,EVI-033927 | mRNA RNA-014532 5973126-5973126 (-),S1_stat #606
binding_site,BND-038592,INSERT,,,EVI-033928 | sRNA RNA-010028 3705311-3705311 (-),S1_stat #607
binding_site,BND-038593,INSERT,,,EVI-033928 | mRNA RNA-014827 882758-882758 (+),S1_stat #607
binding_site,BND-038594,INSERT,,,EVI-033929 | sRNA RNA-001834 5308597-5308597 (+),S1_stat #608
binding_site,BND-038595,INSERT,,,EVI-033929 | mRNA RNA-014059 5442645-5442645 (+),S1_stat #608
binding_site,BND-038596,INSERT,,,EVI-033930 | sRNA RNA-002540 3889775-3889775 (-),S1_stat #609
binding_site,BND-038597,INSERT,,,EVI-033930 | mRNA RNA-014828 5215494-5215494 (+),S1_stat #609
binding_site,BND-038598,INSERT,,,EVI-033931 | sRNA RNA-010028 3705311-3705311 (-),S1_stat #611
binding_site,BND-038599,INSERT,,,EVI-033931 | mRNA RNA-014829 1969362-1969362 (-),S1_stat #611
binding_site,BND-038600,INSERT,,,EVI-033932 | sRNA RNA-001834 5308829-5308829 (+),S1_stat #614
binding_site,BND-038601,INSERT,,,EVI-033932 | mRNA RNA-014830 1470113-1470113 (+),S1_stat #614
binding_site,BND-038602,INSERT,,,EVI-033933 | sRNA RNA-010028 3705309-3705309 (-),S1_stat #618
binding_site,BND-038603,INSERT,,,EVI-033933 | mRNA RNA-002054 6055593-6055593 (-),S1_stat #618
binding_site,BND-038604,INSERT,,,EVI-033934 | sRNA RNA-014212 2478254-2478254 (+),S1_stat #619
binding_site,BND-038605,INSERT,,,EVI-033934 | mRNA RNA-014831 5332251-5332251 (-),S1_stat #619
binding_site,BND-038606,INSERT,,,EVI-033935 | sRNA RNA-001834 5308647-5308647 (+),S1_stat #620
binding_site,BND-038607,INSERT,,,EVI-033935 | mRNA RNA-014832 2648563-2648563 (-),S1_stat #620
binding_site,BND-038608,INSERT,,,EVI-033936 | sRNA RNA-014682 3129631-3129631 (+),S1_stat #621
binding_site,BND-038609,INSERT,,,EVI-033936 | mRNA RNA-014833 3486212-3486212 (+),S1_stat #621
binding_site,BND-038610,INSERT,,,EVI-033937 | sRNA RNA-010028 3705311-3705311 (-),S1_stat #622
binding_site,BND-038611,INSERT,,,EVI-033937 | mRNA RNA-014834 3498723-3498723 (-),S1_stat #622
binding_site,BND-038612,INSERT,,,EVI-033938 | sRNA RNA-014820 2614842-2614842 (+),S1_stat #625
binding_site,BND-038613,INSERT,,,EVI-033938 | mRNA RNA-014759 2134637-2134637 (+),S1_stat #625
binding_site,BND-038614,INSERT,,,EVI-033939 | sRNA RNA-002540 3889810-3889810 (-),S1_stat #629
binding_site,BND-038615,INSERT,,,EVI-033939 | mRNA RNA-014723 4295953-4295953 (-),S1_stat #629
binding_site,BND-038616,INSERT,,,EVI-033940 | sRNA RNA-002447 6183592-6183592 (-),S1_stat #630
binding_site,BND-038617,INSERT,,,EVI-033940 | mRNA RNA-014835 3892403-3892403 (-),S1_stat #630
binding_site,BND-038618,INSERT,,,EVI-033941 | sRNA RNA-014212 2478254-2478254 (+),S1_stat #631
binding_site,BND-038619,INSERT,,,EVI-033941 | mRNA RNA-014836 3775511-3775511 (-),S1_stat #631
binding_site,BND-038620,INSERT,,,EVI-033942 | sRNA RNA-010028 3705309-3705309 (-),S1_stat #633
binding_site,BND-038621,INSERT,,,EVI-033942 | mRNA RNA-014837 1071250-1071250 (+),S1_stat #633
binding_site,BND-038622,INSERT,,,EVI-033943 | sRNA RNA-014037 3127801-3127801 (+),S1_stat #638
binding_site,BND-038623,INSERT,,,EVI-033943 | mRNA RNA-001866 3183908-3183908 (+),S1_stat #638
binding_site,BND-038624,INSERT,,,EVI-033944 | sRNA RNA-014037 3127827-3127827 (+),S1_stat #640
binding_site,BND-038625,INSERT,,,EVI-033944 | mRNA RNA-002267 6118585-6118585 (-),S1_stat #640
binding_site,BND-038626,INSERT,,,EVI-033945 | sRNA RNA-014051 6110825-6110825 (+),S1_stat #642
binding_site,BND-038627,INSERT,,,EVI-033945 | mRNA RNA-014052 5672224-5672224 (-),S1_stat #642
binding_site,BND-038628,INSERT,,,EVI-033946 | sRNA RNA-014087 5002260-5002260 (-),S1_stat #645
binding_site,BND-038629,INSERT,,,EVI-033946 | mRNA RNA-002016 1827432-1827432 (-),S1_stat #645
binding_site,BND-038630,INSERT,,,EVI-033947 | sRNA RNA-001834 5308903-5308903 (+),S1_stat #646
binding_site,BND-038631,INSERT,,,EVI-033947 | mRNA RNA-014838 3099769-3099769 (-),S1_stat #646
binding_site,BND-038632,INSERT,,,EVI-033948 | sRNA RNA-002447 6183596-6183607 (-),S1_stat #649
binding_site,BND-038633,INSERT,,,EVI-033948 | mRNA RNA-014477 3671002-3671038 (-),S1_stat #649
binding_site,BND-038634,INSERT,,,EVI-033949 | sRNA RNA-010028 3705311-3705312 (-),S1_stat #650
binding_site,BND-038635,INSERT,,,EVI-033949 | mRNA RNA-014572 5125644-5125794 (-),S1_stat #650
binding_site,BND-038636,INSERT,,,EVI-033950 | sRNA RNA-002443 184457-184457 (+),S1_stat #651
binding_site,BND-038637,INSERT,,,EVI-033950 | mRNA RNA-014145 3545132-3545132 (-),S1_stat #651
binding_site,BND-038638,INSERT,,,EVI-033951 | sRNA RNA-010028 3705311-3705311 (-),S1_stat #653
binding_site,BND-038639,INSERT,,,EVI-033951 | mRNA RNA-014178 293253-293253 (-),S1_stat #653
binding_site,BND-038640,INSERT,,,EVI-033952 | sRNA RNA-010028 3705448-3705448 (-),S1_stat #654
binding_site,BND-038641,INSERT,,,EVI-033952 | mRNA RNA-014839 3819958-3819958 (+),S1_stat #654
binding_site,BND-038642,INSERT,,,EVI-033953 | sRNA RNA-010028 3705311-3705311 (-),S1_stat #656
binding_site,BND-038643,INSERT,,,EVI-033953 | mRNA RNA-014453 2837151-2837151 (-),S1_stat #656
binding_site,BND-038644,INSERT,,,EVI-033954 | sRNA RNA-014062 3116519-3116519 (+),S1_stat #658
binding_site,BND-038645,INSERT,,,EVI-033954 | mRNA RNA-014840 5553095-5553095 (-),S1_stat #658
binding_site,BND-038646,INSERT,,,EVI-033955 | sRNA RNA-010028 3705311-3705311 (-),S1_stat #659
binding_site,BND-038647,INSERT,,,EVI-033955 | mRNA RNA-014841 5214748-5214748 (-),S1_stat #659
binding_site,BND-038648,INSERT,,,EVI-033956 | sRNA RNA-001834 5308899-5308899 (+),S1_stat #661
binding_site,BND-038649,INSERT,,,EVI-033956 | mRNA RNA-014326 5275671-5275671 (-),S1_stat #661
binding_site,BND-038650,INSERT,,,EVI-033957 | sRNA RNA-014212 2478253-2478253 (+),S1_stat #662
binding_site,BND-038651,INSERT,,,EVI-033957 | mRNA RNA-014731 2622213-2622213 (+),S1_stat #662
binding_site,BND-038652,INSERT,,,EVI-033958 | sRNA RNA-014543 586952-586952 (+),S1_stat #663
binding_site,BND-038653,INSERT,,,EVI-033958 | mRNA RNA-014103 1955989-1955989 (+),S1_stat #663
binding_site,BND-038654,INSERT,,,EVI-033959 | sRNA RNA-010028 3705310-3705310 (-),S1_stat #666
binding_site,BND-038655,INSERT,,,EVI-033959 | mRNA RNA-014842 4403862-4403862 (-),S1_stat #666
binding_site,BND-038656,INSERT,,,EVI-033960 | sRNA RNA-010028 3705311-3705311 (-),S1_stat #667
binding_site,BND-038657,INSERT,,,EVI-033960 | mRNA RNA-002278 951237-951237 (-),S1_stat #667
binding_site,BND-038658,INSERT,,,EVI-033961 | sRNA RNA-014032 3575845-3575845 (-),S1_stat #668
binding_site,BND-038659,INSERT,,,EVI-033961 | mRNA RNA-014527 1040851-1040851 (+),S1_stat #668
binding_site,BND-038660,INSERT,,,EVI-033962 | sRNA RNA-014066 5284104-5284104 (+),S1_stat #669
binding_site,BND-038661,INSERT,,,EVI-033962 | mRNA RNA-001961 1689360-1689360 (-),S1_stat #669
binding_site,BND-038662,INSERT,,,EVI-033963 | sRNA RNA-010028 3705311-3705311 (-),S1_stat #676
binding_site,BND-038663,INSERT,,,EVI-033963 | mRNA RNA-014843 1225474-1225474 (-),S1_stat #676
binding_site,BND-038664,INSERT,,,EVI-033964 | sRNA RNA-002540 3889776-3889776 (-),S1_stat #677
binding_site,BND-038665,INSERT,,,EVI-033964 | mRNA RNA-014414 5657582-5657582 (+),S1_stat #677
binding_site,BND-038666,INSERT,,,EVI-033965 | sRNA RNA-002540 3889790-3889790 (-),S1_stat #680
binding_site,BND-038667,INSERT,,,EVI-033965 | mRNA RNA-014844 995096-995096 (-),S1_stat #680
binding_site,BND-038668,INSERT,,,EVI-033966 | sRNA RNA-010028 3705357-3705357 (-),S1_stat #681
binding_site,BND-038669,INSERT,,,EVI-033966 | mRNA RNA-002080 4353684-4353684 (-),S1_stat #681
binding_site,BND-038670,INSERT,,,EVI-033967 | sRNA RNA-001834 5308916-5308916 (+),S1_stat #682
binding_site,BND-038671,INSERT,,,EVI-033967 | mRNA RNA-014845 2851919-2851919 (-),S1_stat #682
binding_site,BND-038672,INSERT,,,EVI-033968 | sRNA RNA-014299 2114170-2114170 (-),S1_stat #683
binding_site,BND-038673,INSERT,,,EVI-033968 | mRNA RNA-014846 6015141-6015141 (+),S1_stat #683
binding_site,BND-038674,INSERT,,,EVI-033969 | sRNA RNA-010028 3705311-3705311 (-),S1_stat #684
binding_site,BND-038675,INSERT,,,EVI-033969 | mRNA RNA-002085 4761179-4761179 (-),S1_stat #684
binding_site,BND-038676,INSERT,,,EVI-033970 | sRNA RNA-010028 3705502-3705502 (-),S1_stat #685
binding_site,BND-038677,INSERT,,,EVI-033970 | mRNA RNA-014174 3538284-3538284 (-),S1_stat #685
binding_site,BND-038678,INSERT,,,EVI-033971 | sRNA RNA-001834 5308906-5308906 (+),S1_stat #686
binding_site,BND-038679,INSERT,,,EVI-033971 | mRNA RNA-014847 1245544-1245544 (-),S1_stat #686
binding_site,BND-038680,INSERT,,,EVI-033972 | sRNA RNA-010293 3318867-3318867 (+),S1_stat #688
binding_site,BND-038681,INSERT,,,EVI-033972 | mRNA RNA-014187 5137088-5137088 (+),S1_stat #688
binding_site,BND-038682,INSERT,,,EVI-033973 | sRNA RNA-010028 3705311-3705312 (-),S1_stat #690
binding_site,BND-038683,INSERT,,,EVI-033973 | mRNA RNA-014741 3710727-3710727 (+),S1_stat #690
binding_site,BND-038684,INSERT,,,EVI-033974 | sRNA RNA-001834 5308780-5308780 (+),S1_stat #691
binding_site,BND-038685,INSERT,,,EVI-033974 | mRNA RNA-014848 1276341-1276341 (-),S1_stat #691
binding_site,BND-038686,INSERT,,,EVI-033975 | sRNA RNA-002540 3889775-3889776 (-),S1_stat #692
binding_site,BND-038687,INSERT,,,EVI-033975 | mRNA RNA-014849 3384600-3384600 (-),S1_stat #692
binding_site,BND-038688,INSERT,,,EVI-033976 | sRNA RNA-014212 2478252-2478252 (+),S1_stat #693
binding_site,BND-038689,INSERT,,,EVI-033976 | mRNA RNA-001969 150664-150664 (-),S1_stat #693
binding_site,BND-038690,INSERT,,,EVI-033977 | sRNA RNA-010028 3705311-3705311 (-),S1_stat #694
binding_site,BND-038691,INSERT,,,EVI-033977 | mRNA RNA-014850 3155178-3155178 (-),S1_stat #694
binding_site,BND-038692,INSERT,,,EVI-033978 | sRNA RNA-010028 3705311-3705311 (-),S1_stat #695
binding_site,BND-038693,INSERT,,,EVI-033978 | mRNA RNA-014851 6147319-6147319 (+),S1_stat #695
binding_site,BND-038694,INSERT,,,EVI-033979 | sRNA RNA-002540 3889786-3889786 (-),S1_stat #697
binding_site,BND-038695,INSERT,,,EVI-033979 | mRNA RNA-014852 35550-35550 (+),S1_stat #697
binding_site,BND-038696,INSERT,,,EVI-033980 | sRNA RNA-014037 3127847-3127847 (+),S1_stat #698
binding_site,BND-038697,INSERT,,,EVI-033980 | mRNA RNA-014853 4398006-4398006 (-),S1_stat #698
binding_site,BND-038698,INSERT,,,EVI-033981 | sRNA RNA-010028 3705311-3705311 (-),S1_stat #699
binding_site,BND-038699,INSERT,,,EVI-033981 | mRNA RNA-002237 65452-65452 (+),S1_stat #699
binding_site,BND-038700,INSERT,,,EVI-033982 | sRNA RNA-010028 3705311-3705315 (-),S1_stat #700
binding_site,BND-038701,INSERT,,,EVI-033982 | mRNA RNA-014854 818946-819050 (-),S1_stat #700
binding_site,BND-038702,INSERT,,,EVI-033983 | sRNA RNA-014066 5283995-5284205 (+),S1_stat #701
binding_site,BND-038703,INSERT,,,EVI-033983 | mRNA RNA-001846 4752323-4752324 (-),S1_stat #701
binding_site,BND-038704,INSERT,,,EVI-033984 | sRNA RNA-014066 5284109-5284318 (+),S1_stat #702
binding_site,BND-038705,INSERT,,,EVI-033984 | mRNA RNA-014563 5307128-5307128 (+),S1_stat #702
study,STU-039557,INSERT,,,EVI-032539 | RIL-Seq |  | Exponential phase,S1_exp #1
study,STU-039558,INSERT,,,EVI-032540 | RIL-Seq |  | Exponential phase,S1_exp #2
study,STU-039559,INSERT,,,EVI-032541 | RIL-Seq |  | Exponential phase,S1_exp #3
study,STU-039560,INSERT,,,EVI-032542 | RIL-Seq |  | Exponential phase,S1_exp #4
study,STU-039561,INSERT,,,EVI-032543 | RIL-Seq |  | Exponential phase,S1_exp #5
study,STU-039562,INSERT,,,EVI-032544 | RIL-Seq |  | Exponential phase,S1_exp #6
study,STU-039563,INSERT,,,EVI-032545 | RIL-Seq |  | Exponential phase,S1_exp #7
study,STU-039564,INSERT,,,EVI-032546 | RIL-Seq |  | Exponential phase,S1_exp #8
study,STU-039565,INSERT,,,EVI-032547 | RIL-Seq |  | Exponential phase,S1_exp #9
study,STU-039566,INSERT,,,EVI-032548 | RIL-Seq |  | Exponential phase,S1_exp #10
study,STU-039567,INSERT,,,EVI-032549 | RIL-Seq |  | Exponential phase,S1_exp #11
study,STU-039568,INSERT,,,EVI-032550 | RIL-Seq |  | Exponential phase,S1_exp #12
study,STU-039569,INSERT,,,EVI-032551 | RIL-Seq |  | Exponential phase,S1_exp #13
study,STU-039570,INSERT,,,EVI-032552 | RIL-Seq |  | Exponential phase,S1_exp #14
study,STU-039571,INSERT,,,EVI-032553 | RIL-Seq |  | Exponential phase,S1_exp #15
study,STU-039572,INSERT,,,EVI-032554 | RIL-Seq |  | Exponential phase,S1_exp #16
study,STU-039573,INSERT,,,EVI-032555 | RIL-Seq |  | Exponential phase,S1_exp #17
study,STU-039574,INSERT,,,EVI-032556 | RIL-Seq |  | Exponential phase,S1_exp #18
study,STU-039575,INSERT,,,EVI-032557 | RIL-Seq |  | Exponential phase,S1_exp #19
study,STU-039576,INSERT,,,EVI-032558 | RIL-Seq |  | Exponential phase,S1_exp #20
study,STU-039577,INSERT,,,EVI-032559 | RIL-Seq |  | Exponential phase,S1_exp #21
study,STU-039578,INSERT,,,EVI-032560 | RIL-Seq |  | Exponential phase,S1_exp #22
study,STU-039579,INSERT,,,EVI-032561 | RIL-Seq |  | Exponential phase,S1_exp #23
study,STU-039580,INSERT,,,EVI-032562 | RIL-Seq |  | Exponential phase,S1_exp #24
study,STU-039581,INSERT,,,EVI-032563 | RIL-Seq |  | Exponential phase,S1_exp #25
study,STU-039582,INSERT,,,EVI-032564 | RIL-Seq |  | Exponential phase,S1_exp #26
study,STU-039583,INSERT,,,EVI-032565 | RIL-Seq |  | Exponential phase,S1_exp #27
study,STU-039584,INSERT,,,EVI-032566 | RIL-Seq |  | Exponential phase,S1_exp #28
study,STU-039585,INSERT,,,EVI-032567 | RIL-Seq |  | Exponential phase,S1_exp #29
study,STU-039586,INSERT,,,EVI-032568 | RIL-Seq |  | Exponential phase,S1_exp #30
study,STU-039587,INSERT,,,EVI-032569 | RIL-Seq |  | Exponential phase,S1_exp #31
study,STU-039588,INSERT,,,EVI-032570 | RIL-Seq |  | Exponential phase,S1_exp #32
study,STU-039589,INSERT,,,EVI-032571 | RIL-Seq |  | Exponential phase,S1_exp #33
study,STU-039590,INSERT,,,EVI-032572 | RIL-Seq |  | Exponential phase,S1_exp #34
study,STU-039591,INSERT,,,EVI-032573 | RIL-Seq |  | Exponential phase,S1_exp #35
study,STU-039592,INSERT,,,EVI-032574 | RIL-Seq |  | Exponential phase,S1_exp #36
study,STU-039593,INSERT,,,EVI-032575 | RIL-Seq |  | Exponential phase,S1_exp #37
study,STU-039594,INSERT,,,EVI-032576 | RIL-Seq |  | Exponential phase,S1_exp #38
study,STU-039595,INSERT,,,EVI-032577 | RIL-Seq |  | Exponential phase,S1_exp #39
study,STU-039596,INSERT,,,EVI-032578 | RIL-Seq |  | Exponential phase,S1_exp #40
study,STU-039597,INSERT,,,EVI-032579 | RIL-Seq |  | Exponential phase,S1_exp #41
study,STU-039598,INSERT,,,EVI-032580 | RIL-Seq |  | Exponential phase,S1_exp #42
study,STU-039599,INSERT,,,EVI-032581 | RIL-Seq |  | Exponential phase,S1_exp #43
study,STU-039600,INSERT,,,EVI-032582 | RIL-Seq |  | Exponential phase,S1_exp #44
study,STU-039601,INSERT,,,EVI-032583 | RIL-Seq |  | Exponential phase,S1_exp #45
study,STU-039602,INSERT,,,EVI-032584 | RIL-Seq |  | Exponential phase,S1_exp #46
study,STU-039603,INSERT,,,EVI-032585 | RIL-Seq |  | Exponential phase,S1_exp #47
study,STU-039604,INSERT,,,EVI-032586 | RIL-Seq |  | Exponential phase,S1_exp #48
study,STU-039605,INSERT,,,EVI-032587 | RIL-Seq |  | Exponential phase,S1_exp #49
study,STU-039606,INSERT,,,EVI-032588 | RIL-Seq |  | Exponential phase,S1_exp #50
study,STU-039607,INSERT,,,EVI-032589 | RIL-Seq |  | Exponential phase,S1_exp #51
study,STU-039608,INSERT,,,EVI-032590 | RIL-Seq |  | Exponential phase,S1_exp #52
study,STU-039609,INSERT,,,EVI-032591 | RIL-Seq |  | Exponential phase,S1_exp #53
study,STU-039610,INSERT,,,EVI-032592 | RIL-Seq |  | Exponential phase,S1_exp #54
study,STU-039611,INSERT,,,EVI-032593 | RIL-Seq |  | Exponential phase,S1_exp #55
study,STU-039612,INSERT,,,EVI-032594 | RIL-Seq |  | Exponential phase,S1_exp #56
study,STU-039613,INSERT,,,EVI-032595 | RIL-Seq |  | Exponential phase,S1_exp #57
study,STU-039614,INSERT,,,EVI-032596 | RIL-Seq |  | Exponential phase,S1_exp #58
study,STU-039615,INSERT,,,EVI-032597 | RIL-Seq |  | Exponential phase,S1_exp #59
study,STU-039616,INSERT,,,EVI-032598 | RIL-Seq |  | Exponential phase,S1_exp #60
study,STU-039617,INSERT,,,EVI-032599 | RIL-Seq |  | Exponential phase,S1_exp #61
study,STU-039618,INSERT,,,EVI-032600 | RIL-Seq |  | Exponential phase,S1_exp #62
study,STU-039619,INSERT,,,EVI-032601 | RIL-Seq |  | Exponential phase,S1_exp #63
study,STU-039620,INSERT,,,EVI-032602 | RIL-Seq |  | Exponential phase,S1_exp #64
study,STU-039621,INSERT,,,EVI-032603 | RIL-Seq |  | Exponential phase,S1_exp #65
study,STU-039622,INSERT,,,EVI-032604 | RIL-Seq |  | Exponential phase,S1_exp #66
study,STU-039623,INSERT,,,EVI-032605 | RIL-Seq |  | Exponential phase,S1_exp #67
study,STU-039624,INSERT,,,EVI-032606 | RIL-Seq |  | Exponential phase,S1_exp #68
study,STU-039625,INSERT,,,EVI-032607 | RIL-Seq |  | Exponential phase,S1_exp #69
study,STU-039626,INSERT,,,EVI-032608 | RIL-Seq |  | Exponential phase,S1_exp #70
study,STU-039627,INSERT,,,EVI-032609 | RIL-Seq |  | Exponential phase,S1_exp #71
study,STU-039628,INSERT,,,EVI-032610 | RIL-Seq |  | Exponential phase,S1_exp #72
study,STU-039629,INSERT,,,EVI-032611 | RIL-Seq |  | Exponential phase,S1_exp #73
study,STU-039630,INSERT,,,EVI-032612 | RIL-Seq |  | Exponential phase,S1_exp #74
study,STU-039631,INSERT,,,EVI-032613 | RIL-Seq |  | Exponential phase,S1_exp #75
study,STU-039632,INSERT,,,EVI-032614 | RIL-Seq |  | Exponential phase,S1_exp #76
study,STU-039633,INSERT,,,EVI-032615 | RIL-Seq |  | Exponential phase,S1_exp #77
study,STU-039634,INSERT,,,EVI-032616 | RIL-Seq |  | Exponential phase,S1_exp #78
study,STU-039635,INSERT,,,EVI-032617 | RIL-Seq |  | Exponential phase,S1_exp #79
study,STU-039636,INSERT,,,EVI-032618 | RIL-Seq |  | Exponential phase,S1_exp #80
study,STU-039637,INSERT,,,EVI-032619 | RIL-Seq |  | Exponential phase,S1_exp #81
study,STU-039638,INSERT,,,EVI-032620 | RIL-Seq |  | Exponential phase,S1_exp #82
study,STU-039639,INSERT,,,EVI-032621 | RIL-Seq |  | Exponential phase,S1_exp #83
study,STU-039640,INSERT,,,EVI-032622 | RIL-Seq |  | Exponential phase,S1_exp #84
study,STU-039641,INSERT,,,EVI-032623 | RIL-Seq |  | Exponential phase,S1_exp #85
study,STU-039642,INSERT,,,EVI-032624 | RIL-Seq |  | Exponential phase,S1_exp #86
study,STU-039643,INSERT,,,EVI-032625 | RIL-Seq |  | Exponential phase,S1_exp #87
study,STU-039644,INSERT,,,EVI-032626 | RIL-Seq |  | Exponential phase,S1_exp #88
study,STU-039645,INSERT,,,EVI-032627 | RIL-Seq |  | Exponential phase,S1_exp #89
study,STU-039646,INSERT,,,EVI-032628 | RIL-Seq |  | Exponential phase,S1_exp #90
study,STU-039647,INSERT,,,EVI-032629 | RIL-Seq |  | Exponential phase,S1_exp #91
study,STU-039648,INSERT,,,EVI-032630 | RIL-Seq |  | Exponential phase,S1_exp #92
study,STU-039649,INSERT,,,EVI-032631 | RIL-Seq |  | Exponential phase,S1_exp #93
study,STU-039650,INSERT,,,EVI-032632 | RIL-Seq |  | Exponential phase,S1_exp #94
study,STU-039651,INSERT,,,EVI-032633 | RIL-Seq |  | Exponential phase,S1_exp #95
study,STU-039652,INSERT,,,EVI-032634 | RIL-Seq |  | Exponential phase,S1_exp #96
study,STU-039653,INSERT,,,EVI-032635 | RIL-Seq |  | Exponential phase,S1_exp #97
study,STU-039654,INSERT,,,EVI-032636 | RIL-Seq |  | Exponential phase,S1_exp #98
study,STU-039655,INSERT,,,EVI-032637 | RIL-Seq |  | Exponential phase,S1_exp #99
study,STU-039656,INSERT,,,EVI-032638 | RIL-Seq |  | Exponential phase,S1_exp #100
study,STU-039657,INSERT,,,EVI-032639 | RIL-Seq |  | Exponential phase,S1_exp #101
study,STU-039658,INSERT,,,EVI-032640 | RIL-Seq |  | Exponential phase,S1_exp #102
study,STU-039659,INSERT,,,EVI-032641 | RIL-Seq |  | Exponential phase,S1_exp #103
study,STU-039660,INSERT,,,EVI-032642 | RIL-Seq |  | Exponential phase,S1_exp #104
study,STU-039661,INSERT,,,EVI-032643 | RIL-Seq |  | Exponential phase,S1_exp #105
study,STU-039662,INSERT,,,EVI-032644 | RIL-Seq |  | Exponential phase,S1_exp #106
study,STU-039663,INSERT,,,EVI-032645 | RIL-Seq |  | Exponential phase,S1_exp #107
study,STU-039664,INSERT,,,EVI-032646 | RIL-Seq |  | Exponential phase,S1_exp #108
study,STU-039665,INSERT,,,EVI-032647 | RIL-Seq |  | Exponential phase,S1_exp #109
study,STU-039666,INSERT,,,EVI-032648 | RIL-Seq |  | Exponential phase,S1_exp #110
study,STU-039667,INSERT,,,EVI-032649 | RIL-Seq |  | Exponential phase,S1_exp #111
study,STU-039668,INSERT,,,EVI-032650 | RIL-Seq |  | Exponential phase,S1_exp #112
study,STU-039669,INSERT,,,EVI-032651 | RIL-Seq |  | Exponential phase,S1_exp #113
study,STU-039670,INSERT,,,EVI-032652 | RIL-Seq |  | Exponential phase,S1_exp #114
study,STU-039671,INSERT,,,EVI-032653 | RIL-Seq |  | Exponential phase,S1_exp #115
study,STU-039672,INSERT,,,EVI-032654 | RIL-Seq |  | Exponential phase,S1_exp #116
study,STU-039673,INSERT,,,EVI-032655 | RIL-Seq |  | Exponential phase,S1_exp #117
study,STU-039674,INSERT,,,EVI-032656 | RIL-Seq |  | Exponential phase,S1_exp #118
study,STU-039675,INSERT,,,EVI-032657 | RIL-Seq |  | Exponential phase,S1_exp #119
study,STU-039676,INSERT,,,EVI-032658 | RIL-Seq |  | Exponential phase,S1_exp #120
study,STU-039677,INSERT,,,EVI-032659 | RIL-Seq |  | Exponential phase,S1_exp #121
study,STU-039678,INSERT,,,EVI-032660 | RIL-Seq |  | Exponential phase,S1_exp #122
study,STU-039679,INSERT,,,EVI-032661 | RIL-Seq |  | Exponential phase,S1_exp #123
study,STU-039680,INSERT,,,EVI-032662 | RIL-Seq |  | Exponential phase,S1_exp #124
study,STU-039681,INSERT,,,EVI-032663 | RIL-Seq |  | Exponential phase,S1_exp #125
study,STU-039682,INSERT,,,EVI-032664 | RIL-Seq |  | Exponential phase,S1_exp #126
study,STU-039683,INSERT,,,EVI-032665 | RIL-Seq |  | Exponential phase,S1_exp #127
study,STU-039684,INSERT,,,EVI-032666 | RIL-Seq |  | Exponential phase,S1_exp #128
study,STU-039685,INSERT,,,EVI-032667 | RIL-Seq |  | Exponential phase,S1_exp #129
study,STU-039686,INSERT,,,EVI-032668 | RIL-Seq |  | Exponential phase,S1_exp #130
study,STU-039687,INSERT,,,EVI-032669 | RIL-Seq |  | Exponential phase,S1_exp #131
study,STU-039688,INSERT,,,EVI-032670 | RIL-Seq |  | Exponential phase,S1_exp #132
study,STU-039689,INSERT,,,EVI-032671 | RIL-Seq |  | Exponential phase,S1_exp #133
study,STU-039690,INSERT,,,EVI-032672 | RIL-Seq |  | Exponential phase,S1_exp #134
study,STU-039691,INSERT,,,EVI-032673 | RIL-Seq |  | Exponential phase,S1_exp #135
study,STU-039692,INSERT,,,EVI-032674 | RIL-Seq |  | Exponential phase,S1_exp #136
study,STU-039693,INSERT,,,EVI-032675 | RIL-Seq |  | Exponential phase,S1_exp #137
study,STU-039694,INSERT,,,EVI-032676 | RIL-Seq |  | Exponential phase,S1_exp #138
study,STU-039695,INSERT,,,EVI-032677 | RIL-Seq |  | Exponential phase,S1_exp #139
study,STU-039696,INSERT,,,EVI-032678 | RIL-Seq |  | Exponential phase,S1_exp #140
study,STU-039697,INSERT,,,EVI-032679 | RIL-Seq |  | Exponential phase,S1_exp #141
study,STU-039698,INSERT,,,EVI-032680 | RIL-Seq |  | Exponential phase,S1_exp #142
study,STU-039699,INSERT,,,EVI-032681 | RIL-Seq |  | Exponential phase,S1_exp #143
study,STU-039700,INSERT,,,EVI-032682 | RIL-Seq |  | Exponential phase,S1_exp #144
study,STU-039701,INSERT,,,EVI-032683 | RIL-Seq |  | Exponential phase,S1_exp #145
study,STU-039702,INSERT,,,EVI-032684 | RIL-Seq |  | Exponential phase,S1_exp #146
study,STU-039703,INSERT,,,EVI-032685 | RIL-Seq |  | Exponential phase,S1_exp #147
study,STU-039704,INSERT,,,EVI-032686 | RIL-Seq |  | Exponential phase,S1_exp #148
study,STU-039705,INSERT,,,EVI-032687 | RIL-Seq |  | Exponential phase,S1_exp #149
study,STU-039706,INSERT,,,EVI-032688 | RIL-Seq |  | Exponential phase,S1_exp #150
study,STU-039707,INSERT,,,EVI-032689 | RIL-Seq |  | Exponential phase,S1_exp #151
study,STU-039708,INSERT,,,EVI-032690 | RIL-Seq |  | Exponential phase,S1_exp #152
study,STU-039709,INSERT,,,EVI-032691 | RIL-Seq |  | Exponential phase,S1_exp #153
study,STU-039710,INSERT,,,EVI-032692 | RIL-Seq |  | Exponential phase,S1_exp #154
study,STU-039711,INSERT,,,EVI-032693 | RIL-Seq |  | Exponential phase,S1_exp #155
study,STU-039712,INSERT,,,EVI-032694 | RIL-Seq |  | Exponential phase,S1_exp #156
study,STU-039713,INSERT,,,EVI-032695 | RIL-Seq |  | Exponential phase,S1_exp #157
study,STU-039714,INSERT,,,EVI-032696 | RIL-Seq |  | Exponential phase,S1_exp #158
study,STU-039715,INSERT,,,EVI-032697 | RIL-Seq |  | Exponential phase,S1_exp #159
study,STU-039716,INSERT,,,EVI-032698 | RIL-Seq |  | Exponential phase,S1_exp #160
study,STU-039717,INSERT,,,EVI-032699 | RIL-Seq |  | Exponential phase,S1_exp #161
study,STU-039718,INSERT,,,EVI-032700 | RIL-Seq |  | Exponential phase,S1_exp #162
study,STU-039719,INSERT,,,EVI-032701 | RIL-Seq |  | Exponential phase,S1_exp #163
study,STU-039720,INSERT,,,EVI-032702 | RIL-Seq |  | Exponential phase,S1_exp #164
study,STU-039721,INSERT,,,EVI-032703 | RIL-Seq |  | Exponential phase,S1_exp #166
study,STU-039722,INSERT,,,EVI-032704 | RIL-Seq |  | Exponential phase,S1_exp #167
study,STU-039723,INSERT,,,EVI-032705 | RIL-Seq |  | Exponential phase,S1_exp #168
study,STU-039724,INSERT,,,EVI-032706 | RIL-Seq |  | Exponential phase,S1_exp #169
study,STU-039725,INSERT,,,EVI-032707 | RIL-Seq |  | Exponential phase,S1_exp #170
study,STU-039726,INSERT,,,EVI-032708 | RIL-Seq |  | Exponential phase,S1_exp #171
study,STU-039727,INSERT,,,EVI-032709 | RIL-Seq |  | Exponential phase,S1_exp #172
study,STU-039728,INSERT,,,EVI-032710 | RIL-Seq |  | Exponential phase,S1_exp #173
study,STU-039729,INSERT,,,EVI-032711 | RIL-Seq |  | Exponential phase,S1_exp #174
study,STU-039730,INSERT,,,EVI-032712 | RIL-Seq |  | Exponential phase,S1_exp #175
study,STU-039731,INSERT,,,EVI-032713 | RIL-Seq |  | Exponential phase,S1_exp #176
study,STU-039732,INSERT,,,EVI-032714 | RIL-Seq |  | Exponential phase,S1_exp #177
study,STU-039733,INSERT,,,EVI-032715 | RIL-Seq |  | Exponential phase,S1_exp #178
study,STU-039734,INSERT,,,EVI-032716 | RIL-Seq |  | Exponential phase,S1_exp #179
study,STU-039735,INSERT,,,EVI-032717 | RIL-Seq |  | Exponential phase,S1_exp #180
study,STU-039736,INSERT,,,EVI-032718 | RIL-Seq |  | Exponential phase,S1_exp #181
study,STU-039737,INSERT,,,EVI-032719 | RIL-Seq |  | Exponential phase,S1_exp #182
study,STU-039738,INSERT,,,EVI-032720 | RIL-Seq |  | Exponential phase,S1_exp #183
study,STU-039739,INSERT,,,EVI-032721 | RIL-Seq |  | Exponential phase,S1_exp #184
study,STU-039740,INSERT,,,EVI-032722 | RIL-Seq |  | Exponential phase,S1_exp #185
study,STU-039741,INSERT,,,EVI-032723 | RIL-Seq |  | Exponential phase,S1_exp #186
study,STU-039742,INSERT,,,EVI-032724 | RIL-Seq |  | Exponential phase,S1_exp #187
study,STU-039743,INSERT,,,EVI-032725 | RIL-Seq |  | Exponential phase,S1_exp #188
study,STU-039744,INSERT,,,EVI-032726 | RIL-Seq |  | Exponential phase,S1_exp #189
study,STU-039745,INSERT,,,EVI-032727 | RIL-Seq |  | Exponential phase,S1_exp #190
study,STU-039746,INSERT,,,EVI-032728 | RIL-Seq |  | Exponential phase,S1_exp #191
study,STU-039747,INSERT,,,EVI-032729 | RIL-Seq |  | Exponential phase,S1_exp #192
study,STU-039748,INSERT,,,EVI-032730 | RIL-Seq |  | Exponential phase,S1_exp #193
study,STU-039749,INSERT,,,EVI-032731 | RIL-Seq |  | Exponential phase,S1_exp #194
study,STU-039750,INSERT,,,EVI-032732 | RIL-Seq |  | Exponential phase,S1_exp #195
study,STU-039751,INSERT,,,EVI-032733 | RIL-Seq |  | Exponential phase,S1_exp #196
study,STU-039752,INSERT,,,EVI-032734 | RIL-Seq |  | Exponential phase,S1_exp #197
study,STU-039753,INSERT,,,EVI-032735 | RIL-Seq |  | Exponential phase,S1_exp #198
study,STU-039754,INSERT,,,EVI-032736 | RIL-Seq |  | Exponential phase,S1_exp #199
study,STU-039755,INSERT,,,EVI-032737 | RIL-Seq |  | Exponential phase,S1_exp #200
study,STU-039756,INSERT,,,EVI-032738 | RIL-Seq |  | Exponential phase,S1_exp #201
study,STU-039757,INSERT,,,EVI-032739 | RIL-Seq |  | Exponential phase,S1_exp #202
study,STU-039758,INSERT,,,EVI-032740 | RIL-Seq |  | Exponential phase,S1_exp #203
study,STU-039759,INSERT,,,EVI-032741 | RIL-Seq |  | Exponential phase,S1_exp #204
study,STU-039760,INSERT,,,EVI-032742 | RIL-Seq |  | Exponential phase,S1_exp #205
study,STU-039761,INSERT,,,EVI-032743 | RIL-Seq |  | Exponential phase,S1_exp #206
study,STU-039762,INSERT,,,EVI-032744 | RIL-Seq |  | Exponential phase,S1_exp #207
study,STU-039763,INSERT,,,EVI-032745 | RIL-Seq |  | Exponential phase,S1_exp #208
study,STU-039764,INSERT,,,EVI-032746 | RIL-Seq |  | Exponential phase,S1_exp #209
study,STU-039765,INSERT,,,EVI-032747 | RIL-Seq |  | Exponential phase,S1_exp #210
study,STU-039766,INSERT,,,EVI-032748 | RIL-Seq |  | Exponential phase,S1_exp #211
study,STU-039767,INSERT,,,EVI-032749 | RIL-Seq |  | Exponential phase,S1_exp #212
study,STU-039768,INSERT,,,EVI-032750 | RIL-Seq |  | Exponential phase,S1_exp #213
study,STU-039769,INSERT,,,EVI-032751 | RIL-Seq |  | Exponential phase,S1_exp #214
study,STU-039770,INSERT,,,EVI-032752 | RIL-Seq |  | Exponential phase,S1_exp #215
study,STU-039771,INSERT,,,EVI-032753 | RIL-Seq |  | Exponential phase,S1_exp #216
study,STU-039772,INSERT,,,EVI-032754 | RIL-Seq |  | Exponential phase,S1_exp #217
study,STU-039773,INSERT,,,EVI-032755 | RIL-Seq |  | Exponential phase,S1_exp #218
study,STU-039774,INSERT,,,EVI-032756 | RIL-Seq |  | Exponential phase,S1_exp #219
study,STU-039775,INSERT,,,EVI-032757 | RIL-Seq |  | Exponential phase,S1_exp #220
study,STU-039776,INSERT,,,EVI-032758 | RIL-Seq |  | Exponential phase,S1_exp #221
study,STU-039777,INSERT,,,EVI-032759 | RIL-Seq |  | Exponential phase,S1_exp #222
study,STU-039778,INSERT,,,EVI-032760 | RIL-Seq |  | Exponential phase,S1_exp #223
study,STU-039779,INSERT,,,EVI-032761 | RIL-Seq |  | Exponential phase,S1_exp #224
study,STU-039780,INSERT,,,EVI-032762 | RIL-Seq |  | Exponential phase,S1_exp #225
study,STU-039781,INSERT,,,EVI-032763 | RIL-Seq |  | Exponential phase,S1_exp #226
study,STU-039782,INSERT,,,EVI-032764 | RIL-Seq |  | Exponential phase,S1_exp #227
study,STU-039783,INSERT,,,EVI-032765 | RIL-Seq |  | Exponential phase,S1_exp #228
study,STU-039784,INSERT,,,EVI-032766 | RIL-Seq |  | Exponential phase,S1_exp #229
study,STU-039785,INSERT,,,EVI-032767 | RIL-Seq |  | Exponential phase,S1_exp #230
study,STU-039786,INSERT,,,EVI-032768 | RIL-Seq |  | Exponential phase,S1_exp #231
study,STU-039787,INSERT,,,EVI-032769 | RIL-Seq |  | Exponential phase,S1_exp #232
study,STU-039788,INSERT,,,EVI-032770 | RIL-Seq |  | Exponential phase,S1_exp #233
study,STU-039789,INSERT,,,EVI-032771 | RIL-Seq |  | Exponential phase,S1_exp #234
study,STU-039790,INSERT,,,EVI-032772 | RIL-Seq |  | Exponential phase,S1_exp #235
study,STU-039791,INSERT,,,EVI-032773 | RIL-Seq |  | Exponential phase,S1_exp #236
study,STU-039792,INSERT,,,EVI-032774 | RIL-Seq |  | Exponential phase,S1_exp #237
study,STU-039793,INSERT,,,EVI-032775 | RIL-Seq |  | Exponential phase,S1_exp #238
study,STU-039794,INSERT,,,EVI-032776 | RIL-Seq |  | Exponential phase,S1_exp #239
study,STU-039795,INSERT,,,EVI-032777 | RIL-Seq |  | Exponential phase,S1_exp #240
study,STU-039796,INSERT,,,EVI-032778 | RIL-Seq |  | Exponential phase,S1_exp #241
study,STU-039797,INSERT,,,EVI-032779 | RIL-Seq |  | Exponential phase,S1_exp #242
study,STU-039798,INSERT,,,EVI-032780 | RIL-Seq |  | Exponential phase,S1_exp #243
study,STU-039799,INSERT,,,EVI-032781 | RIL-Seq |  | Exponential phase,S1_exp #244
study,STU-039800,INSERT,,,EVI-032782 | RIL-Seq |  | Exponential phase,S1_exp #245
study,STU-039801,INSERT,,,EVI-032783 | RIL-Seq |  | Exponential phase,S1_exp #246
study,STU-039802,INSERT,,,EVI-032784 | RIL-Seq |  | Exponential phase,S1_exp #247
study,STU-039803,INSERT,,,EVI-032785 | RIL-Seq |  | Exponential phase,S1_exp #248
study,STU-039804,INSERT,,,EVI-032786 | RIL-Seq |  | Exponential phase,S1_exp #249
study,STU-039805,INSERT,,,EVI-032787 | RIL-Seq |  | Exponential phase,S1_exp #250
study,STU-039806,INSERT,,,EVI-032788 | RIL-Seq |  | Exponential phase,S1_exp #251
study,STU-039807,INSERT,,,EVI-032789 | RIL-Seq |  | Exponential phase,S1_exp #252
study,STU-039808,INSERT,,,EVI-032790 | RIL-Seq |  | Exponential phase,S1_exp #253
study,STU-039809,INSERT,,,EVI-032791 | RIL-Seq |  | Exponential phase,S1_exp #254
study,STU-039810,INSERT,,,EVI-032792 | RIL-Seq |  | Exponential phase,S1_exp #255
study,STU-039811,INSERT,,,EVI-032793 | RIL-Seq |  | Exponential phase,S1_exp #256
study,STU-039812,INSERT,,,EVI-032794 | RIL-Seq |  | Exponential phase,S1_exp #257
study,STU-039813,INSERT,,,EVI-032795 | RIL-Seq |  | Exponential phase,S1_exp #258
study,STU-039814,INSERT,,,EVI-032796 | RIL-Seq |  | Exponential phase,S1_exp #259
study,STU-039815,INSERT,,,EVI-032797 | RIL-Seq |  | Exponential phase,S1_exp #260
study,STU-039816,INSERT,,,EVI-032798 | RIL-Seq |  | Exponential phase,S1_exp #261
study,STU-039817,INSERT,,,EVI-032799 | RIL-Seq |  | Exponential phase,S1_exp #262
study,STU-039818,INSERT,,,EVI-032800 | RIL-Seq |  | Exponential phase,S1_exp #263
study,STU-039819,INSERT,,,EVI-032801 | RIL-Seq |  | Exponential phase,S1_exp #264
study,STU-039820,INSERT,,,EVI-032802 | RIL-Seq |  | Exponential phase,S1_exp #266
study,STU-039821,INSERT,,,EVI-032803 | RIL-Seq |  | Exponential phase,S1_exp #267
study,STU-039822,INSERT,,,EVI-032804 | RIL-Seq |  | Exponential phase,S1_exp #268
study,STU-039823,INSERT,,,EVI-032805 | RIL-Seq |  | Exponential phase,S1_exp #269
study,STU-039824,INSERT,,,EVI-032806 | RIL-Seq |  | Exponential phase,S1_exp #270
study,STU-039825,INSERT,,,EVI-032807 | RIL-Seq |  | Exponential phase,S1_exp #271
study,STU-039826,INSERT,,,EVI-032808 | RIL-Seq |  | Exponential phase,S1_exp #272
study,STU-039827,INSERT,,,EVI-032809 | RIL-Seq |  | Exponential phase,S1_exp #273
study,STU-039828,INSERT,,,EVI-032810 | RIL-Seq |  | Exponential phase,S1_exp #274
study,STU-039829,INSERT,,,EVI-032811 | RIL-Seq |  | Exponential phase,S1_exp #275
study,STU-039830,INSERT,,,EVI-032812 | RIL-Seq |  | Exponential phase,S1_exp #276
study,STU-039831,INSERT,,,EVI-032813 | RIL-Seq |  | Exponential phase,S1_exp #277
study,STU-039832,INSERT,,,EVI-032814 | RIL-Seq |  | Exponential phase,S1_exp #278
study,STU-039833,INSERT,,,EVI-032815 | RIL-Seq |  | Exponential phase,S1_exp #279
study,STU-039834,INSERT,,,EVI-032816 | RIL-Seq |  | Exponential phase,S1_exp #280
study,STU-039835,INSERT,,,EVI-032817 | RIL-Seq |  | Exponential phase,S1_exp #281
study,STU-039836,INSERT,,,EVI-032818 | RIL-Seq |  | Exponential phase,S1_exp #282
study,STU-039837,INSERT,,,EVI-032819 | RIL-Seq |  | Exponential phase,S1_exp #283
study,STU-039838,INSERT,,,EVI-032820 | RIL-Seq |  | Exponential phase,S1_exp #284
study,STU-039839,INSERT,,,EVI-032821 | RIL-Seq |  | Exponential phase,S1_exp #285
study,STU-039840,INSERT,,,EVI-032822 | RIL-Seq |  | Exponential phase,S1_exp #286
study,STU-039841,INSERT,,,EVI-032823 | RIL-Seq |  | Exponential phase,S1_exp #287
study,STU-039842,INSERT,,,EVI-032824 | RIL-Seq |  | Exponential phase,S1_exp #288
study,STU-039843,INSERT,,,EVI-032825 | RIL-Seq |  | Exponential phase,S1_exp #289
study,STU-039844,INSERT,,,EVI-032826 | RIL-Seq |  | Exponential phase,S1_exp #290
study,STU-039845,INSERT,,,EVI-032827 | RIL-Seq |  | Exponential phase,S1_exp #291
study,STU-039846,INSERT,,,EVI-032828 | RIL-Seq |  | Exponential phase,S1_exp #292
study,STU-039847,INSERT,,,EVI-032829 | RIL-Seq |  | Exponential phase,S1_exp #293
study,STU-039848,INSERT,,,EVI-032830 | RIL-Seq |  | Exponential phase,S1_exp #294
study,STU-039849,INSERT,,,EVI-032831 | RIL-Seq |  | Exponential phase,S1_exp #295
study,STU-039850,INSERT,,,EVI-032832 | RIL-Seq |  | Exponential phase,S1_exp #296
study,STU-039851,INSERT,,,EVI-032833 | RIL-Seq |  | Exponential phase,S1_exp #298
study,STU-039852,INSERT,,,EVI-032834 | RIL-Seq |  | Exponential phase,S1_exp #299
study,STU-039853,INSERT,,,EVI-032835 | RIL-Seq |  | Exponential phase,S1_exp #300
study,STU-039854,INSERT,,,EVI-032836 | RIL-Seq |  | Exponential phase,S1_exp #301
study,STU-039855,INSERT,,,EVI-032837 | RIL-Seq |  | Exponential phase,S1_exp #302
study,STU-039856,INSERT,,,EVI-032838 | RIL-Seq |  | Exponential phase,S1_exp #303
study,STU-039857,INSERT,,,EVI-032839 | RIL-Seq |  | Exponential phase,S1_exp #304
study,STU-039858,INSERT,,,EVI-032840 | RIL-Seq |  | Exponential phase,S1_exp #305
study,STU-039859,INSERT,,,EVI-032841 | RIL-Seq |  | Exponential phase,S1_exp #306
study,STU-039860,INSERT,,,EVI-032842 | RIL-Seq |  | Exponential phase,S1_exp #307
study,STU-039861,INSERT,,,EVI-032843 | RIL-Seq |  | Exponential phase,S1_exp #308
study,STU-039862,INSERT,,,EVI-032844 | RIL-Seq |  | Exponential phase,S1_exp #309
study,STU-039863,INSERT,,,EVI-032845 | RIL-Seq |  | Exponential phase,S1_exp #310
study,STU-039864,INSERT,,,EVI-032846 | RIL-Seq |  | Exponential phase,S1_exp #311
study,STU-039865,INSERT,,,EVI-032847 | RIL-Seq |  | Exponential phase,S1_exp #312
study,STU-039866,INSERT,,,EVI-032848 | RIL-Seq |  | Exponential phase,S1_exp #313
study,STU-039867,INSERT,,,EVI-032849 | RIL-Seq |  | Exponential phase,S1_exp #314
study,STU-039868,INSERT,,,EVI-032850 | RIL-Seq |  | Exponential phase,S1_exp #315
study,STU-039869,INSERT,,,EVI-032851 | RIL-Seq |  | Exponential phase,S1_exp #316
study,STU-039870,INSERT,,,EVI-032852 | RIL-Seq |  | Exponential phase,S1_exp #317
study,STU-039871,INSERT,,,EVI-032853 | RIL-Seq |  | Exponential phase,S1_exp #318
study,STU-039872,INSERT,,,EVI-032854 | RIL-Seq |  | Exponential phase,S1_exp #319
study,STU-039873,INSERT,,,EVI-032855 | RIL-Seq |  | Exponential phase,S1_exp #320
study,STU-039874,INSERT,,,EVI-032856 | RIL-Seq |  | Exponential phase,S1_exp #322
study,STU-039875,INSERT,,,EVI-032857 | RIL-Seq |  | Exponential phase,S1_exp #323
study,STU-039876,INSERT,,,EVI-032858 | RIL-Seq |  | Exponential phase,S1_exp #324
study,STU-039877,INSERT,,,EVI-032859 | RIL-Seq |  | Exponential phase,S1_exp #325
study,STU-039878,INSERT,,,EVI-032860 | RIL-Seq |  | Exponential phase,S1_exp #326
study,STU-039879,INSERT,,,EVI-032861 | RIL-Seq |  | Exponential phase,S1_exp #327
study,STU-039880,INSERT,,,EVI-032862 | RIL-Seq |  | Exponential phase,S1_exp #328
study,STU-039881,INSERT,,,EVI-032863 | RIL-Seq |  | Exponential phase,S1_exp #329
study,STU-039882,INSERT,,,EVI-032864 | RIL-Seq |  | Exponential phase,S1_exp #330
study,STU-039883,INSERT,,,EVI-032865 | RIL-Seq |  | Exponential phase,S1_exp #331
study,STU-039884,INSERT,,,EVI-032866 | RIL-Seq |  | Exponential phase,S1_exp #332
study,STU-039885,INSERT,,,EVI-032867 | RIL-Seq |  | Exponential phase,S1_exp #333
study,STU-039886,INSERT,,,EVI-032868 | RIL-Seq |  | Exponential phase,S1_exp #334
study,STU-039887,INSERT,,,EVI-032869 | RIL-Seq |  | Exponential phase,S1_exp #335
study,STU-039888,INSERT,,,EVI-032870 | RIL-Seq |  | Exponential phase,S1_exp #336
study,STU-039889,INSERT,,,EVI-032871 | RIL-Seq |  | Exponential phase,S1_exp #337
study,STU-039890,INSERT,,,EVI-032872 | RIL-Seq |  | Exponential phase,S1_exp #338
study,STU-039891,INSERT,,,EVI-032873 | RIL-Seq |  | Exponential phase,S1_exp #339
study,STU-039892,INSERT,,,EVI-032874 | RIL-Seq |  | Exponential phase,S1_exp #340
study,STU-039893,INSERT,,,EVI-032875 | RIL-Seq |  | Exponential phase,S1_exp #341
study,STU-039894,INSERT,,,EVI-032876 | RIL-Seq |  | Exponential phase,S1_exp #342
study,STU-039895,INSERT,,,EVI-032877 | RIL-Seq |  | Exponential phase,S1_exp #343
study,STU-039896,INSERT,,,EVI-032878 | RIL-Seq |  | Exponential phase,S1_exp #344
study,STU-039897,INSERT,,,EVI-032879 | RIL-Seq |  | Exponential phase,S1_exp #345
study,STU-039898,INSERT,,,EVI-032880 | RIL-Seq |  | Exponential phase,S1_exp #346
study,STU-039899,INSERT,,,EVI-032881 | RIL-Seq |  | Exponential phase,S1_exp #347
study,STU-039900,INSERT,,,EVI-032882 | RIL-Seq |  | Exponential phase,S1_exp #348
study,STU-039901,INSERT,,,EVI-032883 | RIL-Seq |  | Exponential phase,S1_exp #349
study,STU-039902,INSERT,,,EVI-032884 | RIL-Seq |  | Exponential phase,S1_exp #350
study,STU-039903,INSERT,,,EVI-032885 | RIL-Seq |  | Exponential phase,S1_exp #351
study,STU-039904,INSERT,,,EVI-032886 | RIL-Seq |  | Exponential phase,S1_exp #352
study,STU-039905,INSERT,,,EVI-032887 | RIL-Seq |  | Exponential phase,S1_exp #353
study,STU-039906,INSERT,,,EVI-032888 | RIL-Seq |  | Exponential phase,S1_exp #354
study,STU-039907,INSERT,,,EVI-032889 | RIL-Seq |  | Exponential phase,S1_exp #355
study,STU-039908,INSERT,,,EVI-032890 | RIL-Seq |  | Exponential phase,S1_exp #356
study,STU-039909,INSERT,,,EVI-032891 | RIL-Seq |  | Exponential phase,S1_exp #357
study,STU-039910,INSERT,,,EVI-032892 | RIL-Seq |  | Exponential phase,S1_exp #358
study,STU-039911,INSERT,,,EVI-032893 | RIL-Seq |  | Exponential phase,S1_exp #359
study,STU-039912,INSERT,,,EVI-032894 | RIL-Seq |  | Exponential phase,S1_exp #360
study,STU-039913,INSERT,,,EVI-032895 | RIL-Seq |  | Exponential phase,S1_exp #361
study,STU-039914,INSERT,,,EVI-032896 | RIL-Seq |  | Exponential phase,S1_exp #362
study,STU-039915,INSERT,,,EVI-032897 | RIL-Seq |  | Exponential phase,S1_exp #363
study,STU-039916,INSERT,,,EVI-032898 | RIL-Seq |  | Exponential phase,S1_exp #364
study,STU-039917,INSERT,,,EVI-032899 | RIL-Seq |  | Exponential phase,S1_exp #365
study,STU-039918,INSERT,,,EVI-032900 | RIL-Seq |  | Exponential phase,S1_exp #366
study,STU-039919,INSERT,,,EVI-032901 | RIL-Seq |  | Exponential phase,S1_exp #367
study,STU-039920,INSERT,,,EVI-032902 | RIL-Seq |  | Exponential phase,S1_exp #368
study,STU-039921,INSERT,,,EVI-032903 | RIL-Seq |  | Exponential phase,S1_exp #369
study,STU-039922,INSERT,,,EVI-032904 | RIL-Seq |  | Exponential phase,S1_exp #370
study,STU-039923,INSERT,,,EVI-032905 | RIL-Seq |  | Exponential phase,S1_exp #371
study,STU-039924,INSERT,,,EVI-032906 | RIL-Seq |  | Exponential phase,S1_exp #372
study,STU-039925,INSERT,,,EVI-032907 | RIL-Seq |  | Exponential phase,S1_exp #373
study,STU-039926,INSERT,,,EVI-032908 | RIL-Seq |  | Exponential phase,S1_exp #374
study,STU-039927,INSERT,,,EVI-032909 | RIL-Seq |  | Exponential phase,S1_exp #375
study,STU-039928,INSERT,,,EVI-032910 | RIL-Seq |  | Exponential phase,S1_exp #376
study,STU-039929,INSERT,,,EVI-032911 | RIL-Seq |  | Exponential phase,S1_exp #377
study,STU-039930,INSERT,,,EVI-032912 | RIL-Seq |  | Exponential phase,S1_exp #378
study,STU-039931,INSERT,,,EVI-032913 | RIL-Seq |  | Exponential phase,S1_exp #379
study,STU-039932,INSERT,,,EVI-032914 | RIL-Seq |  | Exponential phase,S1_exp #380
study,STU-039933,INSERT,,,EVI-032915 | RIL-Seq |  | Exponential phase,S1_exp #381
study,STU-039934,INSERT,,,EVI-032916 | RIL-Seq |  | Exponential phase,S1_exp #382
study,STU-039935,INSERT,,,EVI-032917 | RIL-Seq |  | Exponential phase,S1_exp #383
study,STU-039936,INSERT,,,EVI-032918 | RIL-Seq |  | Exponential phase,S1_exp #384
study,STU-039937,INSERT,,,EVI-032919 | RIL-Seq |  | Exponential phase,S1_exp #385
study,STU-039938,INSERT,,,EVI-032920 | RIL-Seq |  | Exponential phase,S1_exp #386
study,STU-039939,INSERT,,,EVI-032921 | RIL-Seq |  | Exponential phase,S1_exp #387
study,STU-039940,INSERT,,,EVI-032922 | RIL-Seq |  | Exponential phase,S1_exp #388
study,STU-039941,INSERT,,,EVI-032923 | RIL-Seq |  | Exponential phase,S1_exp #389
study,STU-039942,INSERT,,,EVI-032924 | RIL-Seq |  | Exponential phase,S1_exp #390
study,STU-039943,INSERT,,,EVI-032925 | RIL-Seq |  | Exponential phase,S1_exp #391
study,STU-039944,INSERT,,,EVI-032926 | RIL-Seq |  | Exponential phase,S1_exp #392
study,STU-039945,INSERT,,,EVI-032927 | RIL-Seq |  | Exponential phase,S1_exp #393
study,STU-039946,INSERT,,,EVI-032928 | RIL-Seq |  | Exponential phase,S1_exp #394
study,STU-039947,INSERT,,,EVI-032929 | RIL-Seq |  | Exponential phase,S1_exp #395
study,STU-039948,INSERT,,,EVI-032930 | RIL-Seq |  | Exponential phase,S1_exp #396
study,STU-039949,INSERT,,,EVI-032931 | RIL-Seq |  | Exponential phase,S1_exp #397
study,STU-039950,INSERT,,,EVI-032932 | RIL-Seq |  | Exponential phase,S1_exp #398
study,STU-039951,INSERT,,,EVI-032933 | RIL-Seq |  | Exponential phase,S1_exp #399
study,STU-039952,INSERT,,,EVI-032934 | RIL-Seq |  | Exponential phase,S1_exp #400
study,STU-039953,INSERT,,,EVI-032935 | RIL-Seq |  | Exponential phase,S1_exp #401
study,STU-039954,INSERT,,,EVI-032936 | RIL-Seq |  | Exponential phase,S1_exp #402
study,STU-039955,INSERT,,,EVI-032937 | RIL-Seq |  | Exponential phase,S1_exp #403
study,STU-039956,INSERT,,,EVI-032938 | RIL-Seq |  | Exponential phase,S1_exp #404
study,STU-039957,INSERT,,,EVI-032939 | RIL-Seq |  | Exponential phase,S1_exp #405
study,STU-039958,INSERT,,,EVI-032940 | RIL-Seq |  | Exponential phase,S1_exp #406
study,STU-039959,INSERT,,,EVI-032941 | RIL-Seq |  | Exponential phase,S1_exp #407
study,STU-039960,INSERT,,,EVI-032942 | RIL-Seq |  | Exponential phase,S1_exp #408
study,STU-039961,INSERT,,,EVI-032943 | RIL-Seq |  | Exponential phase,S1_exp #409
study,STU-039962,INSERT,,,EVI-032944 | RIL-Seq |  | Exponential phase,S1_exp #410
study,STU-039963,INSERT,,,EVI-032945 | RIL-Seq |  | Exponential phase,S1_exp #411
study,STU-039964,INSERT,,,EVI-032946 | RIL-Seq |  | Exponential phase,S1_exp #412
study,STU-039965,INSERT,,,EVI-032947 | RIL-Seq |  | Exponential phase,S1_exp #413
study,STU-039966,INSERT,,,EVI-032948 | RIL-Seq |  | Exponential phase,S1_exp #414
study,STU-039967,INSERT,,,EVI-032949 | RIL-Seq |  | Exponential phase,S1_exp #415
study,STU-039968,INSERT,,,EVI-032950 | RIL-Seq |  | Exponential phase,S1_exp #416
study,STU-039969,INSERT,,,EVI-032951 | RIL-Seq |  | Exponential phase,S1_exp #417
study,STU-039970,INSERT,,,EVI-032952 | RIL-Seq |  | Exponential phase,S1_exp #418
study,STU-039971,INSERT,,,EVI-032953 | RIL-Seq |  | Exponential phase,S1_exp #419
study,STU-039972,INSERT,,,EVI-032954 | RIL-Seq |  | Exponential phase,S1_exp #420
study,STU-039973,INSERT,,,EVI-032955 | RIL-Seq |  | Exponential phase,S1_exp #421
study,STU-039974,INSERT,,,EVI-032956 | RIL-Seq |  | Exponential phase,S1_exp #422
study,STU-039975,INSERT,,,EVI-032957 | RIL-Seq |  | Exponential phase,S1_exp #423
study,STU-039976,INSERT,,,EVI-032958 | RIL-Seq |  | Exponential phase,S1_exp #424
study,STU-039977,INSERT,,,EVI-032959 | RIL-Seq |  | Exponential phase,S1_exp #425
study,STU-039978,INSERT,,,EVI-032960 | RIL-Seq |  | Exponential phase,S1_exp #426
study,STU-039979,INSERT,,,EVI-032961 | RIL-Seq |  | Exponential phase,S1_exp #427
study,STU-039980,INSERT,,,EVI-032962 | RIL-Seq |  | Exponential phase,S1_exp #428
study,STU-039981,INSERT,,,EVI-032963 | RIL-Seq |  | Exponential phase,S1_exp #429
study,STU-039982,INSERT,,,EVI-032964 | RIL-Seq |  | Exponential phase,S1_exp #430
study,STU-039983,INSERT,,,EVI-032965 | RIL-Seq |  | Exponential phase,S1_exp #431
study,STU-039984,INSERT,,,EVI-032966 | RIL-Seq |  | Exponential phase,S1_exp #432
study,STU-039985,INSERT,,,EVI-032967 | RIL-Seq |  | Exponential phase,S1_exp #433
study,STU-039986,INSERT,,,EVI-032968 | RIL-Seq |  | Exponential phase,S1_exp #434
study,STU-039987,INSERT,,,EVI-032969 | RIL-Seq |  | Exponential phase,S1_exp #435
study,STU-039988,INSERT,,,EVI-032970 | RIL-Seq |  | Exponential phase,S1_exp #436
study,STU-039989,INSERT,,,EVI-032971 | RIL-Seq |  | Exponential phase,S1_exp #437
study,STU-039990,INSERT,,,EVI-032972 | RIL-Seq |  | Exponential phase,S1_exp #438
study,STU-039991,INSERT,,,EVI-032973 | RIL-Seq |  | Exponential phase,S1_exp #439
study,STU-039992,INSERT,,,EVI-032974 | RIL-Seq |  | Exponential phase,S1_exp #440
study,STU-039993,INSERT,,,EVI-032975 | RIL-Seq |  | Exponential phase,S1_exp #441
study,STU-039994,INSERT,,,EVI-032976 | RIL-Seq |  | Exponential phase,S1_exp #442
study,STU-039995,INSERT,,,EVI-032977 | RIL-Seq |  | Exponential phase,S1_exp #443
study,STU-039996,INSERT,,,EVI-032978 | RIL-Seq |  | Exponential phase,S1_exp #444
study,STU-039997,INSERT,,,EVI-032979 | RIL-Seq |  | Exponential phase,S1_exp #445
study,STU-039998,INSERT,,,EVI-032980 | RIL-Seq |  | Exponential phase,S1_exp #446
study,STU-039999,INSERT,,,EVI-032981 | RIL-Seq |  | Exponential phase,S1_exp #447
study,STU-040000,INSERT,,,EVI-032982 | RIL-Seq |  | Exponential phase,S1_exp #448
study,STU-040001,INSERT,,,EVI-032983 | RIL-Seq |  | Exponential phase,S1_exp #449
study,STU-040002,INSERT,,,EVI-032984 | RIL-Seq |  | Exponential phase,S1_exp #450
study,STU-040003,INSERT,,,EVI-032985 | RIL-Seq |  | Exponential phase,S1_exp #451
study,STU-040004,INSERT,,,EVI-032986 | RIL-Seq |  | Exponential phase,S1_exp #452
study,STU-040005,INSERT,,,EVI-032987 | RIL-Seq |  | Exponential phase,S1_exp #453
study,STU-040006,INSERT,,,EVI-032988 | RIL-Seq |  | Exponential phase,S1_exp #454
study,STU-040007,INSERT,,,EVI-032989 | RIL-Seq |  | Exponential phase,S1_exp #455
study,STU-040008,INSERT,,,EVI-032990 | RIL-Seq |  | Exponential phase,S1_exp #456
study,STU-040009,INSERT,,,EVI-032991 | RIL-Seq |  | Exponential phase,S1_exp #458
study,STU-040010,INSERT,,,EVI-032992 | RIL-Seq |  | Exponential phase,S1_exp #459
study,STU-040011,INSERT,,,EVI-032993 | RIL-Seq |  | Exponential phase,S1_exp #460
study,STU-040012,INSERT,,,EVI-032994 | RIL-Seq |  | Exponential phase,S1_exp #461
study,STU-040013,INSERT,,,EVI-032995 | RIL-Seq |  | Exponential phase,S1_exp #462
study,STU-040014,INSERT,,,EVI-032996 | RIL-Seq |  | Exponential phase,S1_exp #464
study,STU-040015,INSERT,,,EVI-032997 | RIL-Seq |  | Exponential phase,S1_exp #466
study,STU-040016,INSERT,,,EVI-032998 | RIL-Seq |  | Exponential phase,S1_exp #467
study,STU-040017,INSERT,,,EVI-032999 | RIL-Seq |  | Exponential phase,S1_exp #468
study,STU-040018,INSERT,,,EVI-033000 | RIL-Seq |  | Exponential phase,S1_exp #469
study,STU-040019,INSERT,,,EVI-033001 | RIL-Seq |  | Exponential phase,S1_exp #470
study,STU-040020,INSERT,,,EVI-033002 | RIL-Seq |  | Exponential phase,S1_exp #471
study,STU-040021,INSERT,,,EVI-033003 | RIL-Seq |  | Exponential phase,S1_exp #472
study,STU-040022,INSERT,,,EVI-033004 | RIL-Seq |  | Exponential phase,S1_exp #473
study,STU-040023,INSERT,,,EVI-033005 | RIL-Seq |  | Exponential phase,S1_exp #474
study,STU-040024,INSERT,,,EVI-033006 | RIL-Seq |  | Exponential phase,S1_exp #475
study,STU-040025,INSERT,,,EVI-033007 | RIL-Seq |  | Exponential phase,S1_exp #476
study,STU-040026,INSERT,,,EVI-033008 | RIL-Seq |  | Exponential phase,S1_exp #477
study,STU-040027,INSERT,,,EVI-033009 | RIL-Seq |  | Exponential phase,S1_exp #478
study,STU-040028,INSERT,,,EVI-033010 | RIL-Seq |  | Exponential phase,S1_exp #479
study,STU-040029,INSERT,,,EVI-033011 | RIL-Seq |  | Exponential phase,S1_exp #480
study,STU-040030,INSERT,,,EVI-033012 | RIL-Seq |  | Exponential phase,S1_exp #481
study,STU-040031,INSERT,,,EVI-033013 | RIL-Seq |  | Exponential phase,S1_exp #482
study,STU-040032,INSERT,,,EVI-033014 | RIL-Seq |  | Exponential phase,S1_exp #483
study,STU-040033,INSERT,,,EVI-033015 | RIL-Seq |  | Exponential phase,S1_exp #484
study,STU-040034,INSERT,,,EVI-033016 | RIL-Seq |  | Exponential phase,S1_exp #485
study,STU-040035,INSERT,,,EVI-033017 | RIL-Seq |  | Exponential phase,S1_exp #486
study,STU-040036,INSERT,,,EVI-033018 | RIL-Seq |  | Exponential phase,S1_exp #487
study,STU-040037,INSERT,,,EVI-033019 | RIL-Seq |  | Exponential phase,S1_exp #488
study,STU-040038,INSERT,,,EVI-033020 | RIL-Seq |  | Exponential phase,S1_exp #489
study,STU-040039,INSERT,,,EVI-033021 | RIL-Seq |  | Exponential phase,S1_exp #490
study,STU-040040,INSERT,,,EVI-033022 | RIL-Seq |  | Exponential phase,S1_exp #491
study,STU-040041,INSERT,,,EVI-033023 | RIL-Seq |  | Exponential phase,S1_exp #492
study,STU-040042,INSERT,,,EVI-033024 | RIL-Seq |  | Exponential phase,S1_exp #493
study,STU-040043,INSERT,,,EVI-033025 | RIL-Seq |  | Exponential phase,S1_exp #494
study,STU-040044,INSERT,,,EVI-033026 | RIL-Seq |  | Exponential phase,S1_exp #495
study,STU-040045,INSERT,,,EVI-033027 | RIL-Seq |  | Exponential phase,S1_exp #496
study,STU-040046,INSERT,,,EVI-033028 | RIL-Seq |  | Exponential phase,S1_exp #497
study,STU-040047,INSERT,,,EVI-033029 | RIL-Seq |  | Exponential phase,S1_exp #498
study,STU-040048,INSERT,,,EVI-033030 | RIL-Seq |  | Exponential phase,S1_exp #499
study,STU-040049,INSERT,,,EVI-033031 | RIL-Seq |  | Exponential phase,S1_exp #500
study,STU-040050,INSERT,,,EVI-033032 | RIL-Seq |  | Exponential phase,S1_exp #501
study,STU-040051,INSERT,,,EVI-033033 | RIL-Seq |  | Exponential phase,S1_exp #502
study,STU-040052,INSERT,,,EVI-033034 | RIL-Seq |  | Exponential phase,S1_exp #503
study,STU-040053,INSERT,,,EVI-033035 | RIL-Seq |  | Exponential phase,S1_exp #504
study,STU-040054,INSERT,,,EVI-033036 | RIL-Seq |  | Exponential phase,S1_exp #505
study,STU-040055,INSERT,,,EVI-033037 | RIL-Seq |  | Exponential phase,S1_exp #506
study,STU-040056,INSERT,,,EVI-033038 | RIL-Seq |  | Exponential phase,S1_exp #507
study,STU-040057,INSERT,,,EVI-033039 | RIL-Seq |  | Exponential phase,S1_exp #508
study,STU-040058,INSERT,,,EVI-033040 | RIL-Seq |  | Exponential phase,S1_exp #509
study,STU-040059,INSERT,,,EVI-033041 | RIL-Seq |  | Exponential phase,S1_exp #510
study,STU-040060,INSERT,,,EVI-033042 | RIL-Seq |  | Exponential phase,S1_exp #511
study,STU-040061,INSERT,,,EVI-033043 | RIL-Seq |  | Exponential phase,S1_exp #512
study,STU-040062,INSERT,,,EVI-033044 | RIL-Seq |  | Exponential phase,S1_exp #513
study,STU-040063,INSERT,,,EVI-033045 | RIL-Seq |  | Exponential phase,S1_exp #514
study,STU-040064,INSERT,,,EVI-033046 | RIL-Seq |  | Exponential phase,S1_exp #515
study,STU-040065,INSERT,,,EVI-033047 | RIL-Seq |  | Exponential phase,S1_exp #516
study,STU-040066,INSERT,,,EVI-033048 | RIL-Seq |  | Exponential phase,S1_exp #517
study,STU-040067,INSERT,,,EVI-033049 | RIL-Seq |  | Exponential phase,S1_exp #518
study,STU-040068,INSERT,,,EVI-033050 | RIL-Seq |  | Exponential phase,S1_exp #519
study,STU-040069,INSERT,,,EVI-033051 | RIL-Seq |  | Exponential phase,S1_exp #520
study,STU-040070,INSERT,,,EVI-033052 | RIL-Seq |  | Exponential phase,S1_exp #521
study,STU-040071,INSERT,,,EVI-033053 | RIL-Seq |  | Exponential phase,S1_exp #522
study,STU-040072,INSERT,,,EVI-033054 | RIL-Seq |  | Exponential phase,S1_exp #523
study,STU-040073,INSERT,,,EVI-033055 | RIL-Seq |  | Exponential phase,S1_exp #524
study,STU-040074,INSERT,,,EVI-033056 | RIL-Seq |  | Exponential phase,S1_exp #525
study,STU-040075,INSERT,,,EVI-033057 | RIL-Seq |  | Exponential phase,S1_exp #526
study,STU-040076,INSERT,,,EVI-033058 | RIL-Seq |  | Exponential phase,S1_exp #527
study,STU-040077,INSERT,,,EVI-033059 | RIL-Seq |  | Exponential phase,S1_exp #528
study,STU-040078,INSERT,,,EVI-033060 | RIL-Seq |  | Exponential phase,S1_exp #529
study,STU-040079,INSERT,,,EVI-033061 | RIL-Seq |  | Exponential phase,S1_exp #530
study,STU-040080,INSERT,,,EVI-033062 | RIL-Seq |  | Exponential phase,S1_exp #531
study,STU-040081,INSERT,,,EVI-033063 | RIL-Seq |  | Exponential phase,S1_exp #532
study,STU-040082,INSERT,,,EVI-033064 | RIL-Seq |  | Exponential phase,S1_exp #533
study,STU-040083,INSERT,,,EVI-033065 | RIL-Seq |  | Exponential phase,S1_exp #535
study,STU-040084,INSERT,,,EVI-033066 | RIL-Seq |  | Exponential phase,S1_exp #536
study,STU-040085,INSERT,,,EVI-033067 | RIL-Seq |  | Exponential phase,S1_exp #537
study,STU-040086,INSERT,,,EVI-033068 | RIL-Seq |  | Exponential phase,S1_exp #538
study,STU-040087,INSERT,,,EVI-033069 | RIL-Seq |  | Exponential phase,S1_exp #539
study,STU-040088,INSERT,,,EVI-033070 | RIL-Seq |  | Exponential phase,S1_exp #540
study,STU-040089,INSERT,,,EVI-033071 | RIL-Seq |  | Exponential phase,S1_exp #541
study,STU-040090,INSERT,,,EVI-033072 | RIL-Seq |  | Exponential phase,S1_exp #542
study,STU-040091,INSERT,,,EVI-033073 | RIL-Seq |  | Exponential phase,S1_exp #543
study,STU-040092,INSERT,,,EVI-033074 | RIL-Seq |  | Exponential phase,S1_exp #544
study,STU-040093,INSERT,,,EVI-033075 | RIL-Seq |  | Exponential phase,S1_exp #545
study,STU-040094,INSERT,,,EVI-033076 | RIL-Seq |  | Exponential phase,S1_exp #546
study,STU-040095,INSERT,,,EVI-033077 | RIL-Seq |  | Exponential phase,S1_exp #547
study,STU-040096,INSERT,,,EVI-033078 | RIL-Seq |  | Exponential phase,S1_exp #548
study,STU-040097,INSERT,,,EVI-033079 | RIL-Seq |  | Exponential phase,S1_exp #549
study,STU-040098,INSERT,,,EVI-033080 | RIL-Seq |  | Exponential phase,S1_exp #550
study,STU-040099,INSERT,,,EVI-033081 | RIL-Seq |  | Exponential phase,S1_exp #551
study,STU-040100,INSERT,,,EVI-033082 | RIL-Seq |  | Exponential phase,S1_exp #552
study,STU-040101,INSERT,,,EVI-033083 | RIL-Seq |  | Exponential phase,S1_exp #553
study,STU-040102,INSERT,,,EVI-033084 | RIL-Seq |  | Exponential phase,S1_exp #554
study,STU-040103,INSERT,,,EVI-033085 | RIL-Seq |  | Exponential phase,S1_exp #555
study,STU-040104,INSERT,,,EVI-033086 | RIL-Seq |  | Exponential phase,S1_exp #556
study,STU-040105,INSERT,,,EVI-033087 | RIL-Seq |  | Exponential phase,S1_exp #557
study,STU-040106,INSERT,,,EVI-033088 | RIL-Seq |  | Exponential phase,S1_exp #558
study,STU-040107,INSERT,,,EVI-033089 | RIL-Seq |  | Exponential phase,S1_exp #559
study,STU-040108,INSERT,,,EVI-033090 | RIL-Seq |  | Exponential phase,S1_exp #560
study,STU-040109,INSERT,,,EVI-033091 | RIL-Seq |  | Exponential phase,S1_exp #561
study,STU-040110,INSERT,,,EVI-033092 | RIL-Seq |  | Exponential phase,S1_exp #562
study,STU-040111,INSERT,,,EVI-033093 | RIL-Seq |  | Exponential phase,S1_exp #563
study,STU-040112,INSERT,,,EVI-033094 | RIL-Seq |  | Exponential phase,S1_exp #564
study,STU-040113,INSERT,,,EVI-033095 | RIL-Seq |  | Exponential phase,S1_exp #565
study,STU-040114,INSERT,,,EVI-033096 | RIL-Seq |  | Exponential phase,S1_exp #566
study,STU-040115,INSERT,,,EVI-033097 | RIL-Seq |  | Exponential phase,S1_exp #567
study,STU-040116,INSERT,,,EVI-033098 | RIL-Seq |  | Exponential phase,S1_exp #568
study,STU-040117,INSERT,,,EVI-033099 | RIL-Seq |  | Exponential phase,S1_exp #569
study,STU-040118,INSERT,,,EVI-033100 | RIL-Seq |  | Exponential phase,S1_exp #570
study,STU-040119,INSERT,,,EVI-033101 | RIL-Seq |  | Exponential phase,S1_exp #571
study,STU-040120,INSERT,,,EVI-033102 | RIL-Seq |  | Exponential phase,S1_exp #572
study,STU-040121,INSERT,,,EVI-033103 | RIL-Seq |  | Exponential phase,S1_exp #573
study,STU-040122,INSERT,,,EVI-033104 | RIL-Seq |  | Exponential phase,S1_exp #574
study,STU-040123,INSERT,,,EVI-033105 | RIL-Seq |  | Exponential phase,S1_exp #575
study,STU-040124,INSERT,,,EVI-033106 | RIL-Seq |  | Exponential phase,S1_exp #576
study,STU-040125,INSERT,,,EVI-033107 | RIL-Seq |  | Exponential phase,S1_exp #577
study,STU-040126,INSERT,,,EVI-033108 | RIL-Seq |  | Exponential phase,S1_exp #578
study,STU-040127,INSERT,,,EVI-033109 | RIL-Seq |  | Exponential phase,S1_exp #579
study,STU-040128,INSERT,,,EVI-033110 | RIL-Seq |  | Exponential phase,S1_exp #580
study,STU-040129,INSERT,,,EVI-033111 | RIL-Seq |  | Exponential phase,S1_exp #581
study,STU-040130,INSERT,,,EVI-033112 | RIL-Seq |  | Exponential phase,S1_exp #583
study,STU-040131,INSERT,,,EVI-033113 | RIL-Seq |  | Exponential phase,S1_exp #584
study,STU-040132,INSERT,,,EVI-033114 | RIL-Seq |  | Exponential phase,S1_exp #585
study,STU-040133,INSERT,,,EVI-033115 | RIL-Seq |  | Exponential phase,S1_exp #586
study,STU-040134,INSERT,,,EVI-033116 | RIL-Seq |  | Exponential phase,S1_exp #587
study,STU-040135,INSERT,,,EVI-033117 | RIL-Seq |  | Exponential phase,S1_exp #588
study,STU-040136,INSERT,,,EVI-033118 | RIL-Seq |  | Exponential phase,S1_exp #589
study,STU-040137,INSERT,,,EVI-033119 | RIL-Seq |  | Exponential phase,S1_exp #590
study,STU-040138,INSERT,,,EVI-033120 | RIL-Seq |  | Exponential phase,S1_exp #591
study,STU-040139,INSERT,,,EVI-033121 | RIL-Seq |  | Exponential phase,S1_exp #592
study,STU-040140,INSERT,,,EVI-033122 | RIL-Seq |  | Exponential phase,S1_exp #593
study,STU-040141,INSERT,,,EVI-033123 | RIL-Seq |  | Exponential phase,S1_exp #594
study,STU-040142,INSERT,,,EVI-033124 | RIL-Seq |  | Exponential phase,S1_exp #595
study,STU-040143,INSERT,,,EVI-033125 | RIL-Seq |  | Exponential phase,S1_exp #596
study,STU-040144,INSERT,,,EVI-033126 | RIL-Seq |  | Exponential phase,S1_exp #597
study,STU-040145,INSERT,,,EVI-033127 | RIL-Seq |  | Exponential phase,S1_exp #598
study,STU-040146,INSERT,,,EVI-033128 | RIL-Seq |  | Exponential phase,S1_exp #599
study,STU-040147,INSERT,,,EVI-033129 | RIL-Seq |  | Exponential phase,S1_exp #600
study,STU-040148,INSERT,,,EVI-033130 | RIL-Seq |  | Exponential phase,S1_exp #601
study,STU-040149,INSERT,,,EVI-033131 | RIL-Seq |  | Exponential phase,S1_exp #602
study,STU-040150,INSERT,,,EVI-033132 | RIL-Seq |  | Exponential phase,S1_exp #603
study,STU-040151,INSERT,,,EVI-033133 | RIL-Seq |  | Exponential phase,S1_exp #605
study,STU-040152,INSERT,,,EVI-033134 | RIL-Seq |  | Exponential phase,S1_exp #606
study,STU-040153,INSERT,,,EVI-033135 | RIL-Seq |  | Exponential phase,S1_exp #607
study,STU-040154,INSERT,,,EVI-033136 | RIL-Seq |  | Exponential phase,S1_exp #608
study,STU-040155,INSERT,,,EVI-033137 | RIL-Seq |  | Exponential phase,S1_exp #610
study,STU-040156,INSERT,,,EVI-033138 | RIL-Seq |  | Exponential phase,S1_exp #611
study,STU-040157,INSERT,,,EVI-033139 | RIL-Seq |  | Exponential phase,S1_exp #612
study,STU-040158,INSERT,,,EVI-033140 | RIL-Seq |  | Exponential phase,S1_exp #613
study,STU-040159,INSERT,,,EVI-033141 | RIL-Seq |  | Exponential phase,S1_exp #614
study,STU-040160,INSERT,,,EVI-033142 | RIL-Seq |  | Exponential phase,S1_exp #615
study,STU-040161,INSERT,,,EVI-033143 | RIL-Seq |  | Exponential phase,S1_exp #616
study,STU-040162,INSERT,,,EVI-033144 | RIL-Seq |  | Exponential phase,S1_exp #617
study,STU-040163,INSERT,,,EVI-033145 | RIL-Seq |  | Exponential phase,S1_exp #618
study,STU-040164,INSERT,,,EVI-033146 | RIL-Seq |  | Exponential phase,S1_exp #619
study,STU-040165,INSERT,,,EVI-033147 | RIL-Seq |  | Exponential phase,S1_exp #620
study,STU-040166,INSERT,,,EVI-033148 | RIL-Seq |  | Exponential phase,S1_exp #621
study,STU-040167,INSERT,,,EVI-033149 | RIL-Seq |  | Exponential phase,S1_exp #622
study,STU-040168,INSERT,,,EVI-033150 | RIL-Seq |  | Exponential phase,S1_exp #623
study,STU-040169,INSERT,,,EVI-033151 | RIL-Seq |  | Exponential phase,S1_exp #624
study,STU-040170,INSERT,,,EVI-033152 | RIL-Seq |  | Exponential phase,S1_exp #625
study,STU-040171,INSERT,,,EVI-033153 | RIL-Seq |  | Exponential phase,S1_exp #626
study,STU-040172,INSERT,,,EVI-033154 | RIL-Seq |  | Exponential phase,S1_exp #627
study,STU-040173,INSERT,,,EVI-033155 | RIL-Seq |  | Exponential phase,S1_exp #628
study,STU-040174,INSERT,,,EVI-033156 | RIL-Seq |  | Exponential phase,S1_exp #629
study,STU-040175,INSERT,,,EVI-033157 | RIL-Seq |  | Exponential phase,S1_exp #630
study,STU-040176,INSERT,,,EVI-033158 | RIL-Seq |  | Exponential phase,S1_exp #631
study,STU-040177,INSERT,,,EVI-033159 | RIL-Seq |  | Exponential phase,S1_exp #632
study,STU-040178,INSERT,,,EVI-033160 | RIL-Seq |  | Exponential phase,S1_exp #633
study,STU-040179,INSERT,,,EVI-033161 | RIL-Seq |  | Exponential phase,S1_exp #634
study,STU-040180,INSERT,,,EVI-033162 | RIL-Seq |  | Exponential phase,S1_exp #635
study,STU-040181,INSERT,,,EVI-033163 | RIL-Seq |  | Exponential phase,S1_exp #636
study,STU-040182,INSERT,,,EVI-033164 | RIL-Seq |  | Exponential phase,S1_exp #637
study,STU-040183,INSERT,,,EVI-033165 | RIL-Seq |  | Exponential phase,S1_exp #638
study,STU-040184,INSERT,,,EVI-033166 | RIL-Seq |  | Exponential phase,S1_exp #639
study,STU-040185,INSERT,,,EVI-033167 | RIL-Seq |  | Exponential phase,S1_exp #640
study,STU-040186,INSERT,,,EVI-033168 | RIL-Seq |  | Exponential phase,S1_exp #641
study,STU-040187,INSERT,,,EVI-033169 | RIL-Seq |  | Exponential phase,S1_exp #642
study,STU-040188,INSERT,,,EVI-033170 | RIL-Seq |  | Exponential phase,S1_exp #643
study,STU-040189,INSERT,,,EVI-033171 | RIL-Seq |  | Exponential phase,S1_exp #644
study,STU-040190,INSERT,,,EVI-033172 | RIL-Seq |  | Exponential phase,S1_exp #645
study,STU-040191,INSERT,,,EVI-033173 | RIL-Seq |  | Exponential phase,S1_exp #646
study,STU-040192,INSERT,,,EVI-033174 | RIL-Seq |  | Exponential phase,S1_exp #647
study,STU-040193,INSERT,,,EVI-033175 | RIL-Seq |  | Exponential phase,S1_exp #648
study,STU-040194,INSERT,,,EVI-033176 | RIL-Seq |  | Exponential phase,S1_exp #649
study,STU-040195,INSERT,,,EVI-033177 | RIL-Seq |  | Exponential phase,S1_exp #650
study,STU-040196,INSERT,,,EVI-033178 | RIL-Seq |  | Exponential phase,S1_exp #651
study,STU-040197,INSERT,,,EVI-033179 | RIL-Seq |  | Exponential phase,S1_exp #652
study,STU-040198,INSERT,,,EVI-033180 | RIL-Seq |  | Exponential phase,S1_exp #653
study,STU-040199,INSERT,,,EVI-033181 | RIL-Seq |  | Exponential phase,S1_exp #654
study,STU-040200,INSERT,,,EVI-033182 | RIL-Seq |  | Exponential phase,S1_exp #655
study,STU-040201,INSERT,,,EVI-033183 | RIL-Seq |  | Exponential phase,S1_exp #656
study,STU-040202,INSERT,,,EVI-033184 | RIL-Seq |  | Exponential phase,S1_exp #657
study,STU-040203,INSERT,,,EVI-033185 | RIL-Seq |  | Exponential phase,S1_exp #658
study,STU-040204,INSERT,,,EVI-033186 | RIL-Seq |  | Exponential phase,S1_exp #659
study,STU-040205,INSERT,,,EVI-033187 | RIL-Seq |  | Exponential phase,S1_exp #660
study,STU-040206,INSERT,,,EVI-033188 | RIL-Seq |  | Exponential phase,S1_exp #661
study,STU-040207,INSERT,,,EVI-033189 | RIL-Seq |  | Exponential phase,S1_exp #662
study,STU-040208,INSERT,,,EVI-033190 | RIL-Seq |  | Exponential phase,S1_exp #665
study,STU-040209,INSERT,,,EVI-033191 | RIL-Seq |  | Exponential phase,S1_exp #666
study,STU-040210,INSERT,,,EVI-033192 | RIL-Seq |  | Exponential phase,S1_exp #667
study,STU-040211,INSERT,,,EVI-033193 | RIL-Seq |  | Exponential phase,S1_exp #668
study,STU-040212,INSERT,,,EVI-033194 | RIL-Seq |  | Exponential phase,S1_exp #669
study,STU-040213,INSERT,,,EVI-033195 | RIL-Seq |  | Exponential phase,S1_exp #670
study,STU-040214,INSERT,,,EVI-033196 | RIL-Seq |  | Exponential phase,S1_exp #671
study,STU-040215,INSERT,,,EVI-033197 | RIL-Seq |  | Exponential phase,S1_exp #672
study,STU-040216,INSERT,,,EVI-033198 | RIL-Seq |  | Exponential phase,S1_exp #673
study,STU-040217,INSERT,,,EVI-033199 | RIL-Seq |  | Exponential phase,S1_exp #674
study,STU-040218,INSERT,,,EVI-033200 | RIL-Seq |  | Exponential phase,S1_exp #675
study,STU-040219,INSERT,,,EVI-033201 | RIL-Seq |  | Exponential phase,S1_exp #676
study,STU-040220,INSERT,,,EVI-033202 | RIL-Seq |  | Exponential phase,S1_exp #677
study,STU-040221,INSERT,,,EVI-033203 | RIL-Seq |  | Exponential phase,S1_exp #678
study,STU-040222,INSERT,,,EVI-033204 | RIL-Seq |  | Exponential phase,S1_exp #679
study,STU-040223,INSERT,,,EVI-033205 | RIL-Seq |  | Exponential phase,S1_exp #680
study,STU-040224,INSERT,,,EVI-033206 | RIL-Seq |  | Exponential phase,S1_exp #681
study,STU-040225,INSERT,,,EVI-033207 | RIL-Seq |  | Exponential phase,S1_exp #682
study,STU-040226,INSERT,,,EVI-033208 | RIL-Seq |  | Exponential phase,S1_exp #683
study,STU-040227,INSERT,,,EVI-033209 | RIL-Seq |  | Exponential phase,S1_exp #685
study,STU-040228,INSERT,,,EVI-033210 | RIL-Seq |  | Exponential phase,S1_exp #686
study,STU-040229,INSERT,,,EVI-033211 | RIL-Seq |  | Exponential phase,S1_exp #687
study,STU-040230,INSERT,,,EVI-033212 | RIL-Seq |  | Exponential phase,S1_exp #689
study,STU-040231,INSERT,,,EVI-033213 | RIL-Seq |  | Exponential phase,S1_exp #690
study,STU-040232,INSERT,,,EVI-033214 | RIL-Seq |  | Exponential phase,S1_exp #691
study,STU-040233,INSERT,,,EVI-033215 | RIL-Seq |  | Exponential phase,S1_exp #692
study,STU-040234,INSERT,,,EVI-033216 | RIL-Seq |  | Exponential phase,S1_exp #693
study,STU-040235,INSERT,,,EVI-033217 | RIL-Seq |  | Exponential phase,S1_exp #694
study,STU-040236,INSERT,,,EVI-033218 | RIL-Seq |  | Exponential phase,S1_exp #695
study,STU-040237,INSERT,,,EVI-033219 | RIL-Seq |  | Exponential phase,S1_exp #697
study,STU-040238,INSERT,,,EVI-033220 | RIL-Seq |  | Exponential phase,S1_exp #698
study,STU-040239,INSERT,,,EVI-033221 | RIL-Seq |  | Exponential phase,S1_exp #699
study,STU-040240,INSERT,,,EVI-033222 | RIL-Seq |  | Exponential phase,S1_exp #700
study,STU-040241,INSERT,,,EVI-033223 | RIL-Seq |  | Exponential phase,S1_exp #701
study,STU-040242,INSERT,,,EVI-033224 | RIL-Seq |  | Exponential phase,S1_exp #702
study,STU-040243,INSERT,,,EVI-033225 | RIL-Seq |  | Exponential phase,S1_exp #703
study,STU-040244,INSERT,,,EVI-033226 | RIL-Seq |  | Exponential phase,S1_exp #704
study,STU-040245,INSERT,,,EVI-033227 | RIL-Seq |  | Exponential phase,S1_exp #706
study,STU-040246,INSERT,,,EVI-033228 | RIL-Seq |  | Exponential phase,S1_exp #707
study,STU-040247,INSERT,,,EVI-033229 | RIL-Seq |  | Exponential phase,S1_exp #708
study,STU-040248,INSERT,,,EVI-033230 | RIL-Seq |  | Exponential phase,S1_exp #709
study,STU-040249,INSERT,,,EVI-033231 | RIL-Seq |  | Exponential phase,S1_exp #710
study,STU-040250,INSERT,,,EVI-033232 | RIL-Seq |  | Exponential phase,S1_exp #711
study,STU-040251,INSERT,,,EVI-033233 | RIL-Seq |  | Exponential phase,S1_exp #712
study,STU-040252,INSERT,,,EVI-033234 | RIL-Seq |  | Exponential phase,S1_exp #713
study,STU-040253,INSERT,,,EVI-033235 | RIL-Seq |  | Exponential phase,S1_exp #714
study,STU-040254,INSERT,,,EVI-033236 | RIL-Seq |  | Exponential phase,S1_exp #715
study,STU-040255,INSERT,,,EVI-033237 | RIL-Seq |  | Exponential phase,S1_exp #716
study,STU-040256,INSERT,,,EVI-033238 | RIL-Seq |  | Exponential phase,S1_exp #717
study,STU-040257,INSERT,,,EVI-033239 | RIL-Seq |  | Exponential phase,S1_exp #718
study,STU-040258,INSERT,,,EVI-033240 | RIL-Seq |  | Exponential phase,S1_exp #719
study,STU-040259,INSERT,,,EVI-033241 | RIL-Seq |  | Exponential phase,S1_exp #720
study,STU-040260,INSERT,,,EVI-033242 | RIL-Seq |  | Exponential phase,S1_exp #722
study,STU-040261,INSERT,,,EVI-033243 | RIL-Seq |  | Exponential phase,S1_exp #723
study,STU-040262,INSERT,,,EVI-033244 | RIL-Seq |  | Exponential phase,S1_exp #725
study,STU-040263,INSERT,,,EVI-033245 | RIL-Seq |  | Exponential phase,S1_exp #726
study,STU-040264,INSERT,,,EVI-033246 | RIL-Seq |  | Exponential phase,S1_exp #727
study,STU-040265,INSERT,,,EVI-033247 | RIL-Seq |  | Exponential phase,S1_exp #728
study,STU-040266,INSERT,,,EVI-033248 | RIL-Seq |  | Exponential phase,S1_exp #729
study,STU-040267,INSERT,,,EVI-033249 | RIL-Seq |  | Exponential phase,S1_exp #730
study,STU-040268,INSERT,,,EVI-033250 | RIL-Seq |  | Exponential phase,S1_exp #731
study,STU-040269,INSERT,,,EVI-033251 | RIL-Seq |  | Exponential phase,S1_exp #732
study,STU-040270,INSERT,,,EVI-033252 | RIL-Seq |  | Exponential phase,S1_exp #733
study,STU-040271,INSERT,,,EVI-033253 | RIL-Seq |  | Exponential phase,S1_exp #734
study,STU-040272,INSERT,,,EVI-033254 | RIL-Seq |  | Exponential phase,S1_exp #735
study,STU-040273,INSERT,,,EVI-033255 | RIL-Seq |  | Exponential phase,S1_exp #736
study,STU-040274,INSERT,,,EVI-033256 | RIL-Seq |  | Exponential phase,S1_exp #738
study,STU-040275,INSERT,,,EVI-033257 | RIL-Seq |  | Exponential phase,S1_exp #739
study,STU-040276,INSERT,,,EVI-033258 | RIL-Seq |  | Exponential phase,S1_exp #740
study,STU-040277,INSERT,,,EVI-033259 | RIL-Seq |  | Exponential phase,S1_exp #741
study,STU-040278,INSERT,,,EVI-033260 | RIL-Seq |  | Exponential phase,S1_exp #742
study,STU-040279,INSERT,,,EVI-033261 | RIL-Seq |  | Exponential phase,S1_exp #743
study,STU-040280,INSERT,,,EVI-033262 | RIL-Seq |  | Exponential phase,S1_exp #744
study,STU-040281,INSERT,,,EVI-033263 | RIL-Seq |  | Exponential phase,S1_exp #745
study,STU-040282,INSERT,,,EVI-033264 | RIL-Seq |  | Exponential phase,S1_exp #746
study,STU-040283,INSERT,,,EVI-033265 | RIL-Seq |  | Exponential phase,S1_exp #747
study,STU-040284,INSERT,,,EVI-033266 | RIL-Seq |  | Exponential phase,S1_exp #748
study,STU-040285,INSERT,,,EVI-033267 | RIL-Seq |  | Exponential phase,S1_exp #750
study,STU-040286,INSERT,,,EVI-033268 | RIL-Seq |  | Exponential phase,S1_exp #751
study,STU-040287,INSERT,,,EVI-033269 | RIL-Seq |  | Exponential phase,S1_exp #752
study,STU-040288,INSERT,,,EVI-033270 | RIL-Seq |  | Exponential phase,S1_exp #754
study,STU-040289,INSERT,,,EVI-033271 | RIL-Seq |  | Exponential phase,S1_exp #755
study,STU-040290,INSERT,,,EVI-033272 | RIL-Seq |  | Exponential phase,S1_exp #756
study,STU-040291,INSERT,,,EVI-033273 | RIL-Seq |  | Exponential phase,S1_exp #757
study,STU-040292,INSERT,,,EVI-033274 | RIL-Seq |  | Exponential phase,S1_exp #758
study,STU-040293,INSERT,,,EVI-033275 | RIL-Seq |  | Exponential phase,S1_exp #759
study,STU-040294,INSERT,,,EVI-033276 | RIL-Seq |  | Exponential phase,S1_exp #760
study,STU-040295,INSERT,,,EVI-033277 | RIL-Seq |  | Exponential phase,S1_exp #761
study,STU-040296,INSERT,,,EVI-033278 | RIL-Seq |  | Exponential phase,S1_exp #762
study,STU-040297,INSERT,,,EVI-033279 | RIL-Seq |  | Exponential phase,S1_exp #763
study,STU-040298,INSERT,,,EVI-033280 | RIL-Seq |  | Exponential phase,S1_exp #764
study,STU-040299,INSERT,,,EVI-033281 | RIL-Seq |  | Exponential phase,S1_exp #765
study,STU-040300,INSERT,,,EVI-033282 | RIL-Seq |  | Exponential phase,S1_exp #766
study,STU-040301,INSERT,,,EVI-033283 | RIL-Seq |  | Exponential phase,S1_exp #767
study,STU-040302,INSERT,,,EVI-033284 | RIL-Seq |  | Exponential phase,S1_exp #769
study,STU-040303,INSERT,,,EVI-033285 | RIL-Seq |  | Exponential phase,S1_exp #770
study,STU-040304,INSERT,,,EVI-033286 | RIL-Seq |  | Exponential phase,S1_exp #771
study,STU-040305,INSERT,,,EVI-033287 | RIL-Seq |  | Exponential phase,S1_exp #772
study,STU-040306,INSERT,,,EVI-033288 | RIL-Seq |  | Exponential phase,S1_exp #773
study,STU-040307,INSERT,,,EVI-033289 | RIL-Seq |  | Exponential phase,S1_exp #774
study,STU-040308,INSERT,,,EVI-033290 | RIL-Seq |  | Exponential phase,S1_exp #775
study,STU-040309,INSERT,,,EVI-033291 | RIL-Seq |  | Exponential phase,S1_exp #776
study,STU-040310,INSERT,,,EVI-033292 | RIL-Seq |  | Exponential phase,S1_exp #777
study,STU-040311,INSERT,,,EVI-033293 | RIL-Seq |  | Exponential phase,S1_exp #778
study,STU-040312,INSERT,,,EVI-033294 | RIL-Seq |  | Exponential phase,S1_exp #779
study,STU-040313,INSERT,,,EVI-033295 | RIL-Seq |  | Exponential phase,S1_exp #780
study,STU-040314,INSERT,,,EVI-033296 | RIL-Seq |  | Exponential phase,S1_exp #781
study,STU-040315,INSERT,,,EVI-033297 | RIL-Seq |  | Exponential phase,S1_exp #783
study,STU-040316,INSERT,,,EVI-033298 | RIL-Seq |  | Exponential phase,S1_exp #784
study,STU-040317,INSERT,,,EVI-033299 | RIL-Seq |  | Exponential phase,S1_exp #786
study,STU-040318,INSERT,,,EVI-033300 | RIL-Seq |  | Exponential phase,S1_exp #787
study,STU-040319,INSERT,,,EVI-033301 | RIL-Seq |  | Exponential phase,S1_exp #788
study,STU-040320,INSERT,,,EVI-033302 | RIL-Seq |  | Exponential phase,S1_exp #789
study,STU-040321,INSERT,,,EVI-033303 | RIL-Seq |  | Exponential phase,S1_exp #790
study,STU-040322,INSERT,,,EVI-033304 | RIL-Seq |  | Exponential phase,S1_exp #791
study,STU-040323,INSERT,,,EVI-033305 | RIL-Seq |  | Exponential phase,S1_exp #792
study,STU-040324,INSERT,,,EVI-033306 | RIL-Seq |  | Exponential phase,S1_exp #793
study,STU-040325,INSERT,,,EVI-033307 | RIL-Seq |  | Exponential phase,S1_exp #794
study,STU-040326,INSERT,,,EVI-033308 | RIL-Seq |  | Exponential phase,S1_exp #795
study,STU-040327,INSERT,,,EVI-033309 | RIL-Seq |  | Exponential phase,S1_exp #796
study,STU-040328,INSERT,,,EVI-033310 | RIL-Seq |  | Exponential phase,S1_exp #797
study,STU-040329,INSERT,,,EVI-033311 | RIL-Seq |  | Exponential phase,S1_exp #798
study,STU-040330,INSERT,,,EVI-033312 | RIL-Seq |  | Exponential phase,S1_exp #799
study,STU-040331,INSERT,,,EVI-033313 | RIL-Seq |  | Exponential phase,S1_exp #801
study,STU-040332,INSERT,,,EVI-033314 | RIL-Seq |  | Exponential phase,S1_exp #802
study,STU-040333,INSERT,,,EVI-033315 | RIL-Seq |  | Exponential phase,S1_exp #803
study,STU-040334,INSERT,,,EVI-033316 | RIL-Seq |  | Exponential phase,S1_exp #804
study,STU-040335,INSERT,,,EVI-033317 | RIL-Seq |  | Exponential phase,S1_exp #805
study,STU-040336,INSERT,,,EVI-033318 | RIL-Seq |  | Exponential phase,S1_exp #806
study,STU-040337,INSERT,,,EVI-033319 | RIL-Seq |  | Exponential phase,S1_exp #807
study,STU-040338,INSERT,,,EVI-033320 | RIL-Seq |  | Exponential phase,S1_exp #808
study,STU-040339,INSERT,,,EVI-033321 | RIL-Seq |  | Exponential phase,S1_exp #809
study,STU-040340,INSERT,,,EVI-033322 | RIL-Seq |  | Exponential phase,S1_exp #810
study,STU-040341,INSERT,,,EVI-033323 | RIL-Seq |  | Exponential phase,S1_exp #811
study,STU-040342,INSERT,,,EVI-033324 | RIL-Seq |  | Exponential phase,S1_exp #812
study,STU-040343,INSERT,,,EVI-033325 | RIL-Seq |  | Exponential phase,S1_exp #813
study,STU-040344,INSERT,,,EVI-033326 | RIL-Seq |  | Exponential phase,S1_exp #814
study,STU-040345,INSERT,,,EVI-033327 | RIL-Seq |  | Exponential phase,S1_exp #815
study,STU-040346,INSERT,,,EVI-033328 | RIL-Seq |  | Exponential phase,S1_exp #816
study,STU-040347,INSERT,,,EVI-033329 | RIL-Seq |  | Exponential phase,S1_exp #817
study,STU-040348,INSERT,,,EVI-033330 | RIL-Seq |  | Exponential phase,S1_exp #818
study,STU-040349,INSERT,,,EVI-033331 | RIL-Seq |  | Exponential phase,S1_exp #819
study,STU-040350,INSERT,,,EVI-033332 | RIL-Seq |  | Exponential phase,S1_exp #820
study,STU-040351,INSERT,,,EVI-033333 | RIL-Seq |  | Exponential phase,S1_exp #821
study,STU-040352,INSERT,,,EVI-033334 | RIL-Seq |  | Exponential phase,S1_exp #822
study,STU-040353,INSERT,,,EVI-033335 | RIL-Seq |  | Exponential phase,S1_exp #823
study,STU-040354,INSERT,,,EVI-033336 | RIL-Seq |  | Exponential phase,S1_exp #824
study,STU-040355,INSERT,,,EVI-033337 | RIL-Seq |  | Exponential phase,S1_exp #825
study,STU-040356,INSERT,,,EVI-033338 | RIL-Seq |  | Exponential phase,S1_exp #826
study,STU-040357,INSERT,,,EVI-033339 | RIL-Seq |  | Exponential phase,S1_exp #827
study,STU-040358,INSERT,,,EVI-033340 | RIL-Seq |  | Exponential phase,S1_exp #828
study,STU-040359,INSERT,,,EVI-033341 | RIL-Seq |  | Exponential phase,S1_exp #829
study,STU-040360,INSERT,,,EVI-033342 | RIL-Seq |  | Exponential phase,S1_exp #830
study,STU-040361,INSERT,,,EVI-033343 | RIL-Seq |  | Exponential phase,S1_exp #831
study,STU-040362,INSERT,,,EVI-033344 | RIL-Seq |  | Exponential phase,S1_exp #833
study,STU-040363,INSERT,,,EVI-033345 | RIL-Seq |  | Exponential phase,S1_exp #834
study,STU-040364,INSERT,,,EVI-033346 | RIL-Seq |  | Exponential phase,S1_exp #835
study,STU-040365,INSERT,,,EVI-033347 | RIL-Seq |  | Exponential phase,S1_exp #837
study,STU-040366,INSERT,,,EVI-033348 | RIL-Seq |  | Exponential phase,S1_exp #838
study,STU-040367,INSERT,,,EVI-033349 | RIL-Seq |  | Exponential phase,S1_exp #839
study,STU-040368,INSERT,,,EVI-033350 | RIL-Seq |  | Exponential phase,S1_exp #841
study,STU-040369,INSERT,,,EVI-033351 | RIL-Seq |  | Exponential phase,S1_exp #842
study,STU-040370,INSERT,,,EVI-033352 | RIL-Seq |  | Exponential phase,S1_exp #843
study,STU-040371,INSERT,,,EVI-033353 | RIL-Seq |  | Exponential phase,S1_exp #844
study,STU-040372,INSERT,,,EVI-033354 | RIL-Seq |  | Exponential phase,S1_exp #845
study,STU-040373,INSERT,,,EVI-033355 | RIL-Seq |  | Exponential phase,S1_exp #846
study,STU-040374,INSERT,,,EVI-033356 | RIL-Seq |  | Exponential phase,S1_exp #847
study,STU-040375,INSERT,,,EVI-033357 | RIL-Seq |  | Exponential phase,S1_exp #848
study,STU-040376,INSERT,,,EVI-033358 | RIL-Seq |  | Exponential phase,S1_exp #849
study,STU-040377,INSERT,,,EVI-033359 | RIL-Seq |  | Exponential phase,S1_exp #851
study,STU-040378,INSERT,,,EVI-033360 | RIL-Seq |  | Exponential phase,S1_exp #852
study,STU-040379,INSERT,,,EVI-033361 | RIL-Seq |  | Exponential phase,S1_exp #853
study,STU-040380,INSERT,,,EVI-033362 | RIL-Seq |  | Exponential phase,S1_exp #854
study,STU-040381,INSERT,,,EVI-033363 | RIL-Seq |  | Exponential phase,S1_exp #855
study,STU-040382,INSERT,,,EVI-033364 | RIL-Seq |  | Exponential phase,S1_exp #856
study,STU-040383,INSERT,,,EVI-033365 | RIL-Seq |  | Exponential phase,S1_exp #858
study,STU-040384,INSERT,,,EVI-033366 | RIL-Seq |  | Exponential phase,S1_exp #861
study,STU-040385,INSERT,,,EVI-033367 | RIL-Seq |  | Exponential phase,S1_exp #862
study,STU-040386,INSERT,,,EVI-033368 | RIL-Seq |  | Exponential phase,S1_exp #863
study,STU-040387,INSERT,,,EVI-033369 | RIL-Seq |  | Exponential phase,S1_exp #864
study,STU-040388,INSERT,,,EVI-033370 | RIL-Seq |  | Exponential phase,S1_exp #865
study,STU-040389,INSERT,,,EVI-033371 | RIL-Seq |  | Exponential phase,S1_exp #867
study,STU-040390,INSERT,,,EVI-033372 | RIL-Seq |  | Exponential phase,S1_exp #869
study,STU-040391,INSERT,,,EVI-033373 | RIL-Seq |  | Exponential phase,S1_exp #870
study,STU-040392,INSERT,,,EVI-033374 | RIL-Seq |  | Exponential phase,S1_exp #871
study,STU-040393,INSERT,,,EVI-033375 | RIL-Seq |  | Exponential phase,S1_exp #872
study,STU-040394,INSERT,,,EVI-033376 | RIL-Seq |  | Exponential phase,S1_exp #873
study,STU-040395,INSERT,,,EVI-033377 | RIL-Seq |  | Exponential phase,S1_exp #874
study,STU-040396,INSERT,,,EVI-033378 | RIL-Seq |  | Exponential phase,S1_exp #875
study,STU-040397,INSERT,,,EVI-033379 | RIL-Seq |  | Exponential phase,S1_exp #876
study,STU-040398,INSERT,,,EVI-033380 | RIL-Seq |  | Exponential phase,S1_exp #877
study,STU-040399,INSERT,,,EVI-033381 | RIL-Seq |  | Exponential phase,S1_exp #878
study,STU-040400,INSERT,,,EVI-033382 | RIL-Seq |  | Exponential phase,S1_exp #879
study,STU-040401,INSERT,,,EVI-033383 | RIL-Seq |  | Exponential phase,S1_exp #880
study,STU-040402,INSERT,,,EVI-033384 | RIL-Seq |  | Exponential phase,S1_exp #881
study,STU-040403,INSERT,,,EVI-033385 | RIL-Seq |  | Exponential phase,S1_exp #882
study,STU-040404,INSERT,,,EVI-033386 | RIL-Seq |  | Exponential phase,S1_exp #883
study,STU-040405,INSERT,,,EVI-033387 | RIL-Seq |  | Exponential phase,S1_exp #884
study,STU-040406,INSERT,,,EVI-033388 | RIL-Seq |  | Exponential phase,S1_exp #885
study,STU-040407,INSERT,,,EVI-033389 | RIL-Seq |  | Exponential phase,S1_exp #886
study,STU-040408,INSERT,,,EVI-033390 | RIL-Seq |  | Exponential phase,S1_exp #887
study,STU-040409,INSERT,,,EVI-033391 | RIL-Seq |  | Exponential phase,S1_exp #888
study,STU-040410,INSERT,,,EVI-033392 | RIL-Seq |  | Exponential phase,S1_exp #889
study,STU-040411,INSERT,,,EVI-033393 | RIL-Seq |  | Exponential phase,S1_exp #891
study,STU-040412,INSERT,,,EVI-033394 | RIL-Seq |  | Exponential phase,S1_exp #892
study,STU-040413,INSERT,,,EVI-033395 | RIL-Seq |  | Exponential phase,S1_exp #894
study,STU-040414,INSERT,,,EVI-033396 | RIL-Seq |  | Exponential phase,S1_exp #896
study,STU-040415,INSERT,,,EVI-033397 | RIL-Seq |  | Exponential phase,S1_exp #897
study,STU-040416,INSERT,,,EVI-033398 | RIL-Seq |  | Exponential phase,S1_exp #898
study,STU-040417,INSERT,,,EVI-033399 | RIL-Seq |  | Exponential phase,S1_exp #899
study,STU-040418,INSERT,,,EVI-033400 | RIL-Seq |  | Exponential phase,S1_exp #900
study,STU-040419,INSERT,,,EVI-033401 | RIL-Seq |  | Exponential phase,S1_exp #901
study,STU-040420,INSERT,,,EVI-033402 | RIL-Seq |  | Exponential phase,S1_exp #903
study,STU-040421,INSERT,,,EVI-033403 | RIL-Seq |  | Exponential phase,S1_exp #904
study,STU-040422,INSERT,,,EVI-033404 | RIL-Seq |  | Exponential phase,S1_exp #905
study,STU-040423,INSERT,,,EVI-033405 | RIL-Seq |  | Exponential phase,S1_exp #906
study,STU-040424,INSERT,,,EVI-033406 | RIL-Seq |  | Exponential phase,S1_exp #907
study,STU-040425,INSERT,,,EVI-033407 | RIL-Seq |  | Exponential phase,S1_exp #908
study,STU-040426,INSERT,,,EVI-033408 | RIL-Seq |  | Exponential phase,S1_exp #909
study,STU-040427,INSERT,,,EVI-033409 | RIL-Seq |  | Exponential phase,S1_exp #910
study,STU-040428,INSERT,,,EVI-033410 | RIL-Seq |  | Exponential phase,S1_exp #911
study,STU-040429,INSERT,,,EVI-033411 | RIL-Seq |  | Exponential phase,S1_exp #912
study,STU-040430,INSERT,,,EVI-033412 | RIL-Seq |  | Exponential phase,S1_exp #913
study,STU-040431,INSERT,,,EVI-033413 | RIL-Seq |  | Exponential phase,S1_exp #914
study,STU-040432,INSERT,,,EVI-033414 | RIL-Seq |  | Exponential phase,S1_exp #915
study,STU-040433,INSERT,,,EVI-033415 | RIL-Seq |  | Exponential phase,S1_exp #916
study,STU-040434,INSERT,,,EVI-033416 | RIL-Seq |  | Exponential phase,S1_exp #917
study,STU-040435,INSERT,,,EVI-033417 | RIL-Seq |  | Exponential phase,S1_exp #918
study,STU-040436,INSERT,,,EVI-033418 | RIL-Seq |  | Exponential phase,S1_exp #919
study,STU-040437,INSERT,,,EVI-033419 | RIL-Seq |  | Exponential phase,S1_exp #920
study,STU-040438,INSERT,,,EVI-033420 | RIL-Seq |  | Exponential phase,S1_exp #921
study,STU-040439,INSERT,,,EVI-033421 | RIL-Seq |  | Exponential phase,S1_exp #922
study,STU-040440,INSERT,,,EVI-033422 | RIL-Seq |  | Exponential phase,S1_exp #923
study,STU-040441,INSERT,,,EVI-033423 | RIL-Seq |  | Exponential phase,S1_exp #924
study,STU-040442,INSERT,,,EVI-033424 | RIL-Seq |  | Exponential phase,S1_exp #925
study,STU-040443,INSERT,,,EVI-033425 | RIL-Seq |  | Exponential phase,S1_exp #926
study,STU-040444,INSERT,,,EVI-033426 | RIL-Seq |  | Exponential phase,S1_exp #927
study,STU-040445,INSERT,,,EVI-033427 | RIL-Seq |  | Exponential phase,S1_exp #928
study,STU-040446,INSERT,,,EVI-033428 | RIL-Seq |  | Exponential phase,S1_exp #929
study,STU-040447,INSERT,,,EVI-033429 | RIL-Seq |  | Exponential phase,S1_exp #930
study,STU-040448,INSERT,,,EVI-033430 | RIL-Seq |  | Exponential phase,S1_exp #932
study,STU-040449,INSERT,,,EVI-033431 | RIL-Seq |  | Exponential phase,S1_exp #933
study,STU-040450,INSERT,,,EVI-033432 | RIL-Seq |  | Exponential phase,S1_exp #936
study,STU-040451,INSERT,,,EVI-033433 | RIL-Seq |  | Exponential phase,S1_exp #939
study,STU-040452,INSERT,,,EVI-033434 | RIL-Seq |  | Exponential phase,S1_exp #941
study,STU-040453,INSERT,,,EVI-033435 | RIL-Seq |  | Exponential phase,S1_exp #942
study,STU-040454,INSERT,,,EVI-033436 | RIL-Seq |  | Exponential phase,S1_exp #943
study,STU-040455,INSERT,,,EVI-033437 | RIL-Seq |  | Exponential phase,S1_exp #945
study,STU-040456,INSERT,,,EVI-033438 | RIL-Seq |  | Exponential phase,S1_exp #946
study,STU-040457,INSERT,,,EVI-033439 | RIL-Seq |  | Exponential phase,S1_exp #947
study,STU-040458,INSERT,,,EVI-033440 | RIL-Seq |  | Exponential phase,S1_exp #949
study,STU-040459,INSERT,,,EVI-033441 | RIL-Seq |  | Exponential phase,S1_exp #950
study,STU-040460,INSERT,,,EVI-033442 | RIL-Seq |  | Exponential phase,S1_exp #951
study,STU-040461,INSERT,,,EVI-033443 | RIL-Seq |  | Exponential phase,S1_exp #952
study,STU-040462,INSERT,,,EVI-033444 | RIL-Seq |  | Exponential phase,S1_exp #953
study,STU-040463,INSERT,,,EVI-033445 | RIL-Seq |  | Exponential phase,S1_exp #954
study,STU-040464,INSERT,,,EVI-033446 | RIL-Seq |  | Exponential phase,S1_exp #956
study,STU-040465,INSERT,,,EVI-033447 | RIL-Seq |  | Exponential phase,S1_exp #957
study,STU-040466,INSERT,,,EVI-033448 | RIL-Seq |  | Exponential phase,S1_exp #958
study,STU-040467,INSERT,,,EVI-033449 | RIL-Seq |  | Exponential phase,S1_exp #959
study,STU-040468,INSERT,,,EVI-033450 | RIL-Seq |  | Exponential phase,S1_exp #960
study,STU-040469,INSERT,,,EVI-033451 | RIL-Seq |  | Exponential phase,S1_exp #961
study,STU-040470,INSERT,,,EVI-033452 | RIL-Seq |  | Exponential phase,S1_exp #962
study,STU-040471,INSERT,,,EVI-033453 | RIL-Seq |  | Exponential phase,S1_exp #963
study,STU-040472,INSERT,,,EVI-033454 | RIL-Seq |  | Exponential phase,S1_exp #965
study,STU-040473,INSERT,,,EVI-033455 | RIL-Seq |  | Exponential phase,S1_exp #966
study,STU-040474,INSERT,,,EVI-033456 | RIL-Seq |  | Exponential phase,S1_exp #969
study,STU-040475,INSERT,,,EVI-033457 | RIL-Seq |  | Exponential phase,S1_exp #972
study,STU-040476,INSERT,,,EVI-033458 | RIL-Seq |  | Exponential phase,S1_exp #974
study,STU-040477,INSERT,,,EVI-033459 | RIL-Seq |  | Exponential phase,S1_exp #975
study,STU-040478,INSERT,,,EVI-033460 | RIL-Seq |  | Exponential phase,S1_exp #976
study,STU-040479,INSERT,,,EVI-033461 | RIL-Seq |  | Exponential phase,S1_exp #977
study,STU-040480,INSERT,,,EVI-033462 | RIL-Seq |  | Exponential phase,S1_exp #984
study,STU-040481,INSERT,,,EVI-033463 | RIL-Seq |  | Exponential phase,S1_exp #985
study,STU-040482,INSERT,,,EVI-033464 | RIL-Seq |  | Exponential phase,S1_exp #986
study,STU-040483,INSERT,,,EVI-033465 | RIL-Seq |  | Exponential phase,S1_exp #987
study,STU-040484,INSERT,,,EVI-033466 | RIL-Seq |  | Exponential phase,S1_exp #988
study,STU-040485,INSERT,,,EVI-033467 | RIL-Seq |  | Exponential phase,S1_exp #989
study,STU-040486,INSERT,,,EVI-033468 | RIL-Seq |  | Exponential phase,S1_exp #990
study,STU-040487,INSERT,,,EVI-033469 | RIL-Seq |  | Exponential phase,S1_exp #991
study,STU-040488,INSERT,,,EVI-033470 | RIL-Seq |  | Exponential phase,S1_exp #992
study,STU-040489,INSERT,,,EVI-033471 | RIL-Seq |  | Exponential phase,S1_exp #993
study,STU-040490,INSERT,,,EVI-033472 | RIL-Seq |  | Exponential phase,S1_exp #994
study,STU-040491,INSERT,,,EVI-033473 | RIL-Seq |  | Exponential phase,S1_exp #995
study,STU-040492,INSERT,,,EVI-033474 | RIL-Seq |  | Exponential phase,S1_exp #996
study,STU-040493,INSERT,,,EVI-033475 | RIL-Seq |  | Exponential phase,S1_exp #997
study,STU-040494,INSERT,,,EVI-033476 | RIL-Seq |  | Stationary phase,S1_stat #1
study,STU-040495,INSERT,,,EVI-033477 | RIL-Seq |  | Stationary phase,S1_stat #2
study,STU-040496,INSERT,,,EVI-033478 | RIL-Seq |  | Stationary phase,S1_stat #3
study,STU-040497,INSERT,,,EVI-033479 | RIL-Seq |  | Stationary phase,S1_stat #4
study,STU-040498,INSERT,,,EVI-033480 | RIL-Seq |  | Stationary phase,S1_stat #5
study,STU-040499,INSERT,,,EVI-033481 | RIL-Seq |  | Stationary phase,S1_stat #6
study,STU-040500,INSERT,,,EVI-033482 | RIL-Seq |  | Stationary phase,S1_stat #7
study,STU-040501,INSERT,,,EVI-033483 | RIL-Seq |  | Stationary phase,S1_stat #8
study,STU-040502,INSERT,,,EVI-033484 | RIL-Seq |  | Stationary phase,S1_stat #9
study,STU-040503,INSERT,,,EVI-033485 | RIL-Seq |  | Stationary phase,S1_stat #10
study,STU-040504,INSERT,,,EVI-033486 | RIL-Seq |  | Stationary phase,S1_stat #11
study,STU-040505,INSERT,,,EVI-033487 | RIL-Seq |  | Stationary phase,S1_stat #12
study,STU-040506,INSERT,,,EVI-033488 | RIL-Seq |  | Stationary phase,S1_stat #13
study,STU-040507,INSERT,,,EVI-033489 | RIL-Seq |  | Stationary phase,S1_stat #14
study,STU-040508,INSERT,,,EVI-033490 | RIL-Seq |  | Stationary phase,S1_stat #15
study,STU-040509,INSERT,,,EVI-033491 | RIL-Seq |  | Stationary phase,S1_stat #16
study,STU-040510,INSERT,,,EVI-033492 | RIL-Seq |  | Stationary phase,S1_stat #17
study,STU-040511,INSERT,,,EVI-033493 | RIL-Seq |  | Stationary phase,S1_stat #18
study,STU-040512,INSERT,,,EVI-033494 | RIL-Seq |  | Stationary phase,S1_stat #19
study,STU-040513,INSERT,,,EVI-033495 | RIL-Seq |  | Stationary phase,S1_stat #20
study,STU-040514,INSERT,,,EVI-033496 | RIL-Seq |  | Stationary phase,S1_stat #21
study,STU-040515,INSERT,,,EVI-033497 | RIL-Seq |  | Stationary phase,S1_stat #22
study,STU-040516,INSERT,,,EVI-033498 | RIL-Seq |  | Stationary phase,S1_stat #23
study,STU-040517,INSERT,,,EVI-033499 | RIL-Seq |  | Stationary phase,S1_stat #24
study,STU-040518,INSERT,,,EVI-033500 | RIL-Seq |  | Stationary phase,S1_stat #25
study,STU-040519,INSERT,,,EVI-033501 | RIL-Seq |  | Stationary phase,S1_stat #26
study,STU-040520,INSERT,,,EVI-033502 | RIL-Seq |  | Stationary phase,S1_stat #27
study,STU-040521,INSERT,,,EVI-033503 | RIL-Seq |  | Stationary phase,S1_stat #29
study,STU-040522,INSERT,,,EVI-033504 | RIL-Seq |  | Stationary phase,S1_stat #30
study,STU-040523,INSERT,,,EVI-033505 | RIL-Seq |  | Stationary phase,S1_stat #31
study,STU-040524,INSERT,,,EVI-033506 | RIL-Seq |  | Stationary phase,S1_stat #32
study,STU-040525,INSERT,,,EVI-033507 | RIL-Seq |  | Stationary phase,S1_stat #33
study,STU-040526,INSERT,,,EVI-033508 | RIL-Seq |  | Stationary phase,S1_stat #34
study,STU-040527,INSERT,,,EVI-033509 | RIL-Seq |  | Stationary phase,S1_stat #35
study,STU-040528,INSERT,,,EVI-033510 | RIL-Seq |  | Stationary phase,S1_stat #36
study,STU-040529,INSERT,,,EVI-033511 | RIL-Seq |  | Stationary phase,S1_stat #37
study,STU-040530,INSERT,,,EVI-033512 | RIL-Seq |  | Stationary phase,S1_stat #38
study,STU-040531,INSERT,,,EVI-033513 | RIL-Seq |  | Stationary phase,S1_stat #39
study,STU-040532,INSERT,,,EVI-033514 | RIL-Seq |  | Stationary phase,S1_stat #40
study,STU-040533,INSERT,,,EVI-033515 | RIL-Seq |  | Stationary phase,S1_stat #41
study,STU-040534,INSERT,,,EVI-033516 | RIL-Seq |  | Stationary phase,S1_stat #42
study,STU-040535,INSERT,,,EVI-033517 | RIL-Seq |  | Stationary phase,S1_stat #43
study,STU-040536,INSERT,,,EVI-033518 | RIL-Seq |  | Stationary phase,S1_stat #44
study,STU-040537,INSERT,,,EVI-033519 | RIL-Seq |  | Stationary phase,S1_stat #45
study,STU-040538,INSERT,,,EVI-033520 | RIL-Seq |  | Stationary phase,S1_stat #46
study,STU-040539,INSERT,,,EVI-033521 | RIL-Seq |  | Stationary phase,S1_stat #47
study,STU-040540,INSERT,,,EVI-033522 | RIL-Seq |  | Stationary phase,S1_stat #48
study,STU-040541,INSERT,,,EVI-033523 | RIL-Seq |  | Stationary phase,S1_stat #49
study,STU-040542,INSERT,,,EVI-033524 | RIL-Seq |  | Stationary phase,S1_stat #50
study,STU-040543,INSERT,,,EVI-033525 | RIL-Seq |  | Stationary phase,S1_stat #51
study,STU-040544,INSERT,,,EVI-033526 | RIL-Seq |  | Stationary phase,S1_stat #52
study,STU-040545,INSERT,,,EVI-033527 | RIL-Seq |  | Stationary phase,S1_stat #53
study,STU-040546,INSERT,,,EVI-033528 | RIL-Seq |  | Stationary phase,S1_stat #54
study,STU-040547,INSERT,,,EVI-033529 | RIL-Seq |  | Stationary phase,S1_stat #55
study,STU-040548,INSERT,,,EVI-033530 | RIL-Seq |  | Stationary phase,S1_stat #56
study,STU-040549,INSERT,,,EVI-033531 | RIL-Seq |  | Stationary phase,S1_stat #57
study,STU-040550,INSERT,,,EVI-033532 | RIL-Seq |  | Stationary phase,S1_stat #58
study,STU-040551,INSERT,,,EVI-033533 | RIL-Seq |  | Stationary phase,S1_stat #59
study,STU-040552,INSERT,,,EVI-033534 | RIL-Seq |  | Stationary phase,S1_stat #60
study,STU-040553,INSERT,,,EVI-033535 | RIL-Seq |  | Stationary phase,S1_stat #61
study,STU-040554,INSERT,,,EVI-033536 | RIL-Seq |  | Stationary phase,S1_stat #62
study,STU-040555,INSERT,,,EVI-033537 | RIL-Seq |  | Stationary phase,S1_stat #63
study,STU-040556,INSERT,,,EVI-033538 | RIL-Seq |  | Stationary phase,S1_stat #64
study,STU-040557,INSERT,,,EVI-033539 | RIL-Seq |  | Stationary phase,S1_stat #65
study,STU-040558,INSERT,,,EVI-033540 | RIL-Seq |  | Stationary phase,S1_stat #66
study,STU-040559,INSERT,,,EVI-033541 | RIL-Seq |  | Stationary phase,S1_stat #67
study,STU-040560,INSERT,,,EVI-033542 | RIL-Seq |  | Stationary phase,S1_stat #68
study,STU-040561,INSERT,,,EVI-033543 | RIL-Seq |  | Stationary phase,S1_stat #69
study,STU-040562,INSERT,,,EVI-033544 | RIL-Seq |  | Stationary phase,S1_stat #70
study,STU-040563,INSERT,,,EVI-033545 | RIL-Seq |  | Stationary phase,S1_stat #71
study,STU-040564,INSERT,,,EVI-033546 | RIL-Seq |  | Stationary phase,S1_stat #72
study,STU-040565,INSERT,,,EVI-033547 | RIL-Seq |  | Stationary phase,S1_stat #73
study,STU-040566,INSERT,,,EVI-033548 | RIL-Seq |  | Stationary phase,S1_stat #74
study,STU-040567,INSERT,,,EVI-033549 | RIL-Seq |  | Stationary phase,S1_stat #75
study,STU-040568,INSERT,,,EVI-033550 | RIL-Seq |  | Stationary phase,S1_stat #76
study,STU-040569,INSERT,,,EVI-033551 | RIL-Seq |  | Stationary phase,S1_stat #77
study,STU-040570,INSERT,,,EVI-033552 | RIL-Seq |  | Stationary phase,S1_stat #78
study,STU-040571,INSERT,,,EVI-033553 | RIL-Seq |  | Stationary phase,S1_stat #79
study,STU-040572,INSERT,,,EVI-033554 | RIL-Seq |  | Stationary phase,S1_stat #80
study,STU-040573,INSERT,,,EVI-033555 | RIL-Seq |  | Stationary phase,S1_stat #81
study,STU-040574,INSERT,,,EVI-033556 | RIL-Seq |  | Stationary phase,S1_stat #82
study,STU-040575,INSERT,,,EVI-033557 | RIL-Seq |  | Stationary phase,S1_stat #83
study,STU-040576,INSERT,,,EVI-033558 | RIL-Seq |  | Stationary phase,S1_stat #84
study,STU-040577,INSERT,,,EVI-033559 | RIL-Seq |  | Stationary phase,S1_stat #85
study,STU-040578,INSERT,,,EVI-033560 | RIL-Seq |  | Stationary phase,S1_stat #86
study,STU-040579,INSERT,,,EVI-033561 | RIL-Seq |  | Stationary phase,S1_stat #87
study,STU-040580,INSERT,,,EVI-033562 | RIL-Seq |  | Stationary phase,S1_stat #88
study,STU-040581,INSERT,,,EVI-033563 | RIL-Seq |  | Stationary phase,S1_stat #89
study,STU-040582,INSERT,,,EVI-033564 | RIL-Seq |  | Stationary phase,S1_stat #90
study,STU-040583,INSERT,,,EVI-033565 | RIL-Seq |  | Stationary phase,S1_stat #91
study,STU-040584,INSERT,,,EVI-033566 | RIL-Seq |  | Stationary phase,S1_stat #92
study,STU-040585,INSERT,,,EVI-033567 | RIL-Seq |  | Stationary phase,S1_stat #93
study,STU-040586,INSERT,,,EVI-033568 | RIL-Seq |  | Stationary phase,S1_stat #94
study,STU-040587,INSERT,,,EVI-033569 | RIL-Seq |  | Stationary phase,S1_stat #95
study,STU-040588,INSERT,,,EVI-033570 | RIL-Seq |  | Stationary phase,S1_stat #96
study,STU-040589,INSERT,,,EVI-033571 | RIL-Seq |  | Stationary phase,S1_stat #97
study,STU-040590,INSERT,,,EVI-033572 | RIL-Seq |  | Stationary phase,S1_stat #98
study,STU-040591,INSERT,,,EVI-033573 | RIL-Seq |  | Stationary phase,S1_stat #99
study,STU-040592,INSERT,,,EVI-033574 | RIL-Seq |  | Stationary phase,S1_stat #100
study,STU-040593,INSERT,,,EVI-033575 | RIL-Seq |  | Stationary phase,S1_stat #101
study,STU-040594,INSERT,,,EVI-033576 | RIL-Seq |  | Stationary phase,S1_stat #102
study,STU-040595,INSERT,,,EVI-033577 | RIL-Seq |  | Stationary phase,S1_stat #103
study,STU-040596,INSERT,,,EVI-033578 | RIL-Seq |  | Stationary phase,S1_stat #104
study,STU-040597,INSERT,,,EVI-033579 | RIL-Seq |  | Stationary phase,S1_stat #106
study,STU-040598,INSERT,,,EVI-033580 | RIL-Seq |  | Stationary phase,S1_stat #107
study,STU-040599,INSERT,,,EVI-033581 | RIL-Seq |  | Stationary phase,S1_stat #108
study,STU-040600,INSERT,,,EVI-033582 | RIL-Seq |  | Stationary phase,S1_stat #109
study,STU-040601,INSERT,,,EVI-033583 | RIL-Seq |  | Stationary phase,S1_stat #110
study,STU-040602,INSERT,,,EVI-033584 | RIL-Seq |  | Stationary phase,S1_stat #111
study,STU-040603,INSERT,,,EVI-033585 | RIL-Seq |  | Stationary phase,S1_stat #112
study,STU-040604,INSERT,,,EVI-033586 | RIL-Seq |  | Stationary phase,S1_stat #113
study,STU-040605,INSERT,,,EVI-033587 | RIL-Seq |  | Stationary phase,S1_stat #115
study,STU-040606,INSERT,,,EVI-033588 | RIL-Seq |  | Stationary phase,S1_stat #116
study,STU-040607,INSERT,,,EVI-033589 | RIL-Seq |  | Stationary phase,S1_stat #117
study,STU-040608,INSERT,,,EVI-033590 | RIL-Seq |  | Stationary phase,S1_stat #118
study,STU-040609,INSERT,,,EVI-033591 | RIL-Seq |  | Stationary phase,S1_stat #119
study,STU-040610,INSERT,,,EVI-033592 | RIL-Seq |  | Stationary phase,S1_stat #120
study,STU-040611,INSERT,,,EVI-033593 | RIL-Seq |  | Stationary phase,S1_stat #121
study,STU-040612,INSERT,,,EVI-033594 | RIL-Seq |  | Stationary phase,S1_stat #122
study,STU-040613,INSERT,,,EVI-033595 | RIL-Seq |  | Stationary phase,S1_stat #123
study,STU-040614,INSERT,,,EVI-033596 | RIL-Seq |  | Stationary phase,S1_stat #124
study,STU-040615,INSERT,,,EVI-033597 | RIL-Seq |  | Stationary phase,S1_stat #125
study,STU-040616,INSERT,,,EVI-033598 | RIL-Seq |  | Stationary phase,S1_stat #126
study,STU-040617,INSERT,,,EVI-033599 | RIL-Seq |  | Stationary phase,S1_stat #127
study,STU-040618,INSERT,,,EVI-033600 | RIL-Seq |  | Stationary phase,S1_stat #128
study,STU-040619,INSERT,,,EVI-033601 | RIL-Seq |  | Stationary phase,S1_stat #129
study,STU-040620,INSERT,,,EVI-033602 | RIL-Seq |  | Stationary phase,S1_stat #130
study,STU-040621,INSERT,,,EVI-033603 | RIL-Seq |  | Stationary phase,S1_stat #131
study,STU-040622,INSERT,,,EVI-033604 | RIL-Seq |  | Stationary phase,S1_stat #132
study,STU-040623,INSERT,,,EVI-033605 | RIL-Seq |  | Stationary phase,S1_stat #133
study,STU-040624,INSERT,,,EVI-033606 | RIL-Seq |  | Stationary phase,S1_stat #134
study,STU-040625,INSERT,,,EVI-033607 | RIL-Seq |  | Stationary phase,S1_stat #135
study,STU-040626,INSERT,,,EVI-033608 | RIL-Seq |  | Stationary phase,S1_stat #136
study,STU-040627,INSERT,,,EVI-033609 | RIL-Seq |  | Stationary phase,S1_stat #137
study,STU-040628,INSERT,,,EVI-033610 | RIL-Seq |  | Stationary phase,S1_stat #138
study,STU-040629,INSERT,,,EVI-033611 | RIL-Seq |  | Stationary phase,S1_stat #139
study,STU-040630,INSERT,,,EVI-033612 | RIL-Seq |  | Stationary phase,S1_stat #140
study,STU-040631,INSERT,,,EVI-033613 | RIL-Seq |  | Stationary phase,S1_stat #141
study,STU-040632,INSERT,,,EVI-033614 | RIL-Seq |  | Stationary phase,S1_stat #142
study,STU-040633,INSERT,,,EVI-033615 | RIL-Seq |  | Stationary phase,S1_stat #143
study,STU-040634,INSERT,,,EVI-033616 | RIL-Seq |  | Stationary phase,S1_stat #144
study,STU-040635,INSERT,,,EVI-033617 | RIL-Seq |  | Stationary phase,S1_stat #145
study,STU-040636,INSERT,,,EVI-033618 | RIL-Seq |  | Stationary phase,S1_stat #146
study,STU-040637,INSERT,,,EVI-033619 | RIL-Seq |  | Stationary phase,S1_stat #147
study,STU-040638,INSERT,,,EVI-033620 | RIL-Seq |  | Stationary phase,S1_stat #148
study,STU-040639,INSERT,,,EVI-033621 | RIL-Seq |  | Stationary phase,S1_stat #149
study,STU-040640,INSERT,,,EVI-033622 | RIL-Seq |  | Stationary phase,S1_stat #150
study,STU-040641,INSERT,,,EVI-033623 | RIL-Seq |  | Stationary phase,S1_stat #151
study,STU-040642,INSERT,,,EVI-033624 | RIL-Seq |  | Stationary phase,S1_stat #152
study,STU-040643,INSERT,,,EVI-033625 | RIL-Seq |  | Stationary phase,S1_stat #153
study,STU-040644,INSERT,,,EVI-033626 | RIL-Seq |  | Stationary phase,S1_stat #154
study,STU-040645,INSERT,,,EVI-033627 | RIL-Seq |  | Stationary phase,S1_stat #155
study,STU-040646,INSERT,,,EVI-033628 | RIL-Seq |  | Stationary phase,S1_stat #156
study,STU-040647,INSERT,,,EVI-033629 | RIL-Seq |  | Stationary phase,S1_stat #157
study,STU-040648,INSERT,,,EVI-033630 | RIL-Seq |  | Stationary phase,S1_stat #158
study,STU-040649,INSERT,,,EVI-033631 | RIL-Seq |  | Stationary phase,S1_stat #159
study,STU-040650,INSERT,,,EVI-033632 | RIL-Seq |  | Stationary phase,S1_stat #160
study,STU-040651,INSERT,,,EVI-033633 | RIL-Seq |  | Stationary phase,S1_stat #162
study,STU-040652,INSERT,,,EVI-033634 | RIL-Seq |  | Stationary phase,S1_stat #163
study,STU-040653,INSERT,,,EVI-033635 | RIL-Seq |  | Stationary phase,S1_stat #164
study,STU-040654,INSERT,,,EVI-033636 | RIL-Seq |  | Stationary phase,S1_stat #165
study,STU-040655,INSERT,,,EVI-033637 | RIL-Seq |  | Stationary phase,S1_stat #166
study,STU-040656,INSERT,,,EVI-033638 | RIL-Seq |  | Stationary phase,S1_stat #167
study,STU-040657,INSERT,,,EVI-033639 | RIL-Seq |  | Stationary phase,S1_stat #169
study,STU-040658,INSERT,,,EVI-033640 | RIL-Seq |  | Stationary phase,S1_stat #170
study,STU-040659,INSERT,,,EVI-033641 | RIL-Seq |  | Stationary phase,S1_stat #171
study,STU-040660,INSERT,,,EVI-033642 | RIL-Seq |  | Stationary phase,S1_stat #172
study,STU-040661,INSERT,,,EVI-033643 | RIL-Seq |  | Stationary phase,S1_stat #173
study,STU-040662,INSERT,,,EVI-033644 | RIL-Seq |  | Stationary phase,S1_stat #174
study,STU-040663,INSERT,,,EVI-033645 | RIL-Seq |  | Stationary phase,S1_stat #175
study,STU-040664,INSERT,,,EVI-033646 | RIL-Seq |  | Stationary phase,S1_stat #176
study,STU-040665,INSERT,,,EVI-033647 | RIL-Seq |  | Stationary phase,S1_stat #177
study,STU-040666,INSERT,,,EVI-033648 | RIL-Seq |  | Stationary phase,S1_stat #178
study,STU-040667,INSERT,,,EVI-033649 | RIL-Seq |  | Stationary phase,S1_stat #179
study,STU-040668,INSERT,,,EVI-033650 | RIL-Seq |  | Stationary phase,S1_stat #180
study,STU-040669,INSERT,,,EVI-033651 | RIL-Seq |  | Stationary phase,S1_stat #181
study,STU-040670,INSERT,,,EVI-033652 | RIL-Seq |  | Stationary phase,S1_stat #183
study,STU-040671,INSERT,,,EVI-033653 | RIL-Seq |  | Stationary phase,S1_stat #184
study,STU-040672,INSERT,,,EVI-033654 | RIL-Seq |  | Stationary phase,S1_stat #185
study,STU-040673,INSERT,,,EVI-033655 | RIL-Seq |  | Stationary phase,S1_stat #186
study,STU-040674,INSERT,,,EVI-033656 | RIL-Seq |  | Stationary phase,S1_stat #187
study,STU-040675,INSERT,,,EVI-033657 | RIL-Seq |  | Stationary phase,S1_stat #188
study,STU-040676,INSERT,,,EVI-033658 | RIL-Seq |  | Stationary phase,S1_stat #189
study,STU-040677,INSERT,,,EVI-033659 | RIL-Seq |  | Stationary phase,S1_stat #190
study,STU-040678,INSERT,,,EVI-033660 | RIL-Seq |  | Stationary phase,S1_stat #193
study,STU-040679,INSERT,,,EVI-033661 | RIL-Seq |  | Stationary phase,S1_stat #194
study,STU-040680,INSERT,,,EVI-033662 | RIL-Seq |  | Stationary phase,S1_stat #195
study,STU-040681,INSERT,,,EVI-033663 | RIL-Seq |  | Stationary phase,S1_stat #196
study,STU-040682,INSERT,,,EVI-033664 | RIL-Seq |  | Stationary phase,S1_stat #197
study,STU-040683,INSERT,,,EVI-033665 | RIL-Seq |  | Stationary phase,S1_stat #198
study,STU-040684,INSERT,,,EVI-033666 | RIL-Seq |  | Stationary phase,S1_stat #199
study,STU-040685,INSERT,,,EVI-033667 | RIL-Seq |  | Stationary phase,S1_stat #200
study,STU-040686,INSERT,,,EVI-033668 | RIL-Seq |  | Stationary phase,S1_stat #201
study,STU-040687,INSERT,,,EVI-033669 | RIL-Seq |  | Stationary phase,S1_stat #202
study,STU-040688,INSERT,,,EVI-033670 | RIL-Seq |  | Stationary phase,S1_stat #203
study,STU-040689,INSERT,,,EVI-033671 | RIL-Seq |  | Stationary phase,S1_stat #204
study,STU-040690,INSERT,,,EVI-033672 | RIL-Seq |  | Stationary phase,S1_stat #206
study,STU-040691,INSERT,,,EVI-033673 | RIL-Seq |  | Stationary phase,S1_stat #207
study,STU-040692,INSERT,,,EVI-033674 | RIL-Seq |  | Stationary phase,S1_stat #208
study,STU-040693,INSERT,,,EVI-033675 | RIL-Seq |  | Stationary phase,S1_stat #209
study,STU-040694,INSERT,,,EVI-033676 | RIL-Seq |  | Stationary phase,S1_stat #211
study,STU-040695,INSERT,,,EVI-033677 | RIL-Seq |  | Stationary phase,S1_stat #212
study,STU-040696,INSERT,,,EVI-033678 | RIL-Seq |  | Stationary phase,S1_stat #213
study,STU-040697,INSERT,,,EVI-033679 | RIL-Seq |  | Stationary phase,S1_stat #214
study,STU-040698,INSERT,,,EVI-033680 | RIL-Seq |  | Stationary phase,S1_stat #215
study,STU-040699,INSERT,,,EVI-033681 | RIL-Seq |  | Stationary phase,S1_stat #216
study,STU-040700,INSERT,,,EVI-033682 | RIL-Seq |  | Stationary phase,S1_stat #217
study,STU-040701,INSERT,,,EVI-033683 | RIL-Seq |  | Stationary phase,S1_stat #218
study,STU-040702,INSERT,,,EVI-033684 | RIL-Seq |  | Stationary phase,S1_stat #219
study,STU-040703,INSERT,,,EVI-033685 | RIL-Seq |  | Stationary phase,S1_stat #220
study,STU-040704,INSERT,,,EVI-033686 | RIL-Seq |  | Stationary phase,S1_stat #221
study,STU-040705,INSERT,,,EVI-033687 | RIL-Seq |  | Stationary phase,S1_stat #222
study,STU-040706,INSERT,,,EVI-033688 | RIL-Seq |  | Stationary phase,S1_stat #223
study,STU-040707,INSERT,,,EVI-033689 | RIL-Seq |  | Stationary phase,S1_stat #224
study,STU-040708,INSERT,,,EVI-033690 | RIL-Seq |  | Stationary phase,S1_stat #225
study,STU-040709,INSERT,,,EVI-033691 | RIL-Seq |  | Stationary phase,S1_stat #226
study,STU-040710,INSERT,,,EVI-033692 | RIL-Seq |  | Stationary phase,S1_stat #227
study,STU-040711,INSERT,,,EVI-033693 | RIL-Seq |  | Stationary phase,S1_stat #228
study,STU-040712,INSERT,,,EVI-033694 | RIL-Seq |  | Stationary phase,S1_stat #230
study,STU-040713,INSERT,,,EVI-033695 | RIL-Seq |  | Stationary phase,S1_stat #232
study,STU-040714,INSERT,,,EVI-033696 | RIL-Seq |  | Stationary phase,S1_stat #233
study,STU-040715,INSERT,,,EVI-033697 | RIL-Seq |  | Stationary phase,S1_stat #234
study,STU-040716,INSERT,,,EVI-033698 | RIL-Seq |  | Stationary phase,S1_stat #235
study,STU-040717,INSERT,,,EVI-033699 | RIL-Seq |  | Stationary phase,S1_stat #236
study,STU-040718,INSERT,,,EVI-033700 | RIL-Seq |  | Stationary phase,S1_stat #238
study,STU-040719,INSERT,,,EVI-033701 | RIL-Seq |  | Stationary phase,S1_stat #239
study,STU-040720,INSERT,,,EVI-033702 | RIL-Seq |  | Stationary phase,S1_stat #240
study,STU-040721,INSERT,,,EVI-033703 | RIL-Seq |  | Stationary phase,S1_stat #242
study,STU-040722,INSERT,,,EVI-033704 | RIL-Seq |  | Stationary phase,S1_stat #243
study,STU-040723,INSERT,,,EVI-033705 | RIL-Seq |  | Stationary phase,S1_stat #244
study,STU-040724,INSERT,,,EVI-033706 | RIL-Seq |  | Stationary phase,S1_stat #245
study,STU-040725,INSERT,,,EVI-033707 | RIL-Seq |  | Stationary phase,S1_stat #247
study,STU-040726,INSERT,,,EVI-033708 | RIL-Seq |  | Stationary phase,S1_stat #250
study,STU-040727,INSERT,,,EVI-033709 | RIL-Seq |  | Stationary phase,S1_stat #251
study,STU-040728,INSERT,,,EVI-033710 | RIL-Seq |  | Stationary phase,S1_stat #252
study,STU-040729,INSERT,,,EVI-033711 | RIL-Seq |  | Stationary phase,S1_stat #253
study,STU-040730,INSERT,,,EVI-033712 | RIL-Seq |  | Stationary phase,S1_stat #254
study,STU-040731,INSERT,,,EVI-033713 | RIL-Seq |  | Stationary phase,S1_stat #256
study,STU-040732,INSERT,,,EVI-033714 | RIL-Seq |  | Stationary phase,S1_stat #258
study,STU-040733,INSERT,,,EVI-033715 | RIL-Seq |  | Stationary phase,S1_stat #259
study,STU-040734,INSERT,,,EVI-033716 | RIL-Seq |  | Stationary phase,S1_stat #260
study,STU-040735,INSERT,,,EVI-033717 | RIL-Seq |  | Stationary phase,S1_stat #261
study,STU-040736,INSERT,,,EVI-033718 | RIL-Seq |  | Stationary phase,S1_stat #262
study,STU-040737,INSERT,,,EVI-033719 | RIL-Seq |  | Stationary phase,S1_stat #263
study,STU-040738,INSERT,,,EVI-033720 | RIL-Seq |  | Stationary phase,S1_stat #264
study,STU-040739,INSERT,,,EVI-033721 | RIL-Seq |  | Stationary phase,S1_stat #265
study,STU-040740,INSERT,,,EVI-033722 | RIL-Seq |  | Stationary phase,S1_stat #268
study,STU-040741,INSERT,,,EVI-033723 | RIL-Seq |  | Stationary phase,S1_stat #269
study,STU-040742,INSERT,,,EVI-033724 | RIL-Seq |  | Stationary phase,S1_stat #272
study,STU-040743,INSERT,,,EVI-033725 | RIL-Seq |  | Stationary phase,S1_stat #273
study,STU-040744,INSERT,,,EVI-033726 | RIL-Seq |  | Stationary phase,S1_stat #275
study,STU-040745,INSERT,,,EVI-033727 | RIL-Seq |  | Stationary phase,S1_stat #276
study,STU-040746,INSERT,,,EVI-033728 | RIL-Seq |  | Stationary phase,S1_stat #277
study,STU-040747,INSERT,,,EVI-033729 | RIL-Seq |  | Stationary phase,S1_stat #278
study,STU-040748,INSERT,,,EVI-033730 | RIL-Seq |  | Stationary phase,S1_stat #279
study,STU-040749,INSERT,,,EVI-033731 | RIL-Seq |  | Stationary phase,S1_stat #282
study,STU-040750,INSERT,,,EVI-033732 | RIL-Seq |  | Stationary phase,S1_stat #283
study,STU-040751,INSERT,,,EVI-033733 | RIL-Seq |  | Stationary phase,S1_stat #284
study,STU-040752,INSERT,,,EVI-033734 | RIL-Seq |  | Stationary phase,S1_stat #285
study,STU-040753,INSERT,,,EVI-033735 | RIL-Seq |  | Stationary phase,S1_stat #286
study,STU-040754,INSERT,,,EVI-033736 | RIL-Seq |  | Stationary phase,S1_stat #287
study,STU-040755,INSERT,,,EVI-033737 | RIL-Seq |  | Stationary phase,S1_stat #288
study,STU-040756,INSERT,,,EVI-033738 | RIL-Seq |  | Stationary phase,S1_stat #289
study,STU-040757,INSERT,,,EVI-033739 | RIL-Seq |  | Stationary phase,S1_stat #290
study,STU-040758,INSERT,,,EVI-033740 | RIL-Seq |  | Stationary phase,S1_stat #291
study,STU-040759,INSERT,,,EVI-033741 | RIL-Seq |  | Stationary phase,S1_stat #292
study,STU-040760,INSERT,,,EVI-033742 | RIL-Seq |  | Stationary phase,S1_stat #293
study,STU-040761,INSERT,,,EVI-033743 | RIL-Seq |  | Stationary phase,S1_stat #294
study,STU-040762,INSERT,,,EVI-033744 | RIL-Seq |  | Stationary phase,S1_stat #295
study,STU-040763,INSERT,,,EVI-033745 | RIL-Seq |  | Stationary phase,S1_stat #296
study,STU-040764,INSERT,,,EVI-033746 | RIL-Seq |  | Stationary phase,S1_stat #298
study,STU-040765,INSERT,,,EVI-033747 | RIL-Seq |  | Stationary phase,S1_stat #300
study,STU-040766,INSERT,,,EVI-033748 | RIL-Seq |  | Stationary phase,S1_stat #302
study,STU-040767,INSERT,,,EVI-033749 | RIL-Seq |  | Stationary phase,S1_stat #303
study,STU-040768,INSERT,,,EVI-033750 | RIL-Seq |  | Stationary phase,S1_stat #304
study,STU-040769,INSERT,,,EVI-033751 | RIL-Seq |  | Stationary phase,S1_stat #306
study,STU-040770,INSERT,,,EVI-033752 | RIL-Seq |  | Stationary phase,S1_stat #311
study,STU-040771,INSERT,,,EVI-033753 | RIL-Seq |  | Stationary phase,S1_stat #312
study,STU-040772,INSERT,,,EVI-033754 | RIL-Seq |  | Stationary phase,S1_stat #313
study,STU-040773,INSERT,,,EVI-033755 | RIL-Seq |  | Stationary phase,S1_stat #314
study,STU-040774,INSERT,,,EVI-033756 | RIL-Seq |  | Stationary phase,S1_stat #315
study,STU-040775,INSERT,,,EVI-033757 | RIL-Seq |  | Stationary phase,S1_stat #316
study,STU-040776,INSERT,,,EVI-033758 | RIL-Seq |  | Stationary phase,S1_stat #317
study,STU-040777,INSERT,,,EVI-033759 | RIL-Seq |  | Stationary phase,S1_stat #321
study,STU-040778,INSERT,,,EVI-033760 | RIL-Seq |  | Stationary phase,S1_stat #322
study,STU-040779,INSERT,,,EVI-033761 | RIL-Seq |  | Stationary phase,S1_stat #323
study,STU-040780,INSERT,,,EVI-033762 | RIL-Seq |  | Stationary phase,S1_stat #324
study,STU-040781,INSERT,,,EVI-033763 | RIL-Seq |  | Stationary phase,S1_stat #325
study,STU-040782,INSERT,,,EVI-033764 | RIL-Seq |  | Stationary phase,S1_stat #326
study,STU-040783,INSERT,,,EVI-033765 | RIL-Seq |  | Stationary phase,S1_stat #327
study,STU-040784,INSERT,,,EVI-033766 | RIL-Seq |  | Stationary phase,S1_stat #328
study,STU-040785,INSERT,,,EVI-033767 | RIL-Seq |  | Stationary phase,S1_stat #329
study,STU-040786,INSERT,,,EVI-033768 | RIL-Seq |  | Stationary phase,S1_stat #330
study,STU-040787,INSERT,,,EVI-033769 | RIL-Seq |  | Stationary phase,S1_stat #331
study,STU-040788,INSERT,,,EVI-033770 | RIL-Seq |  | Stationary phase,S1_stat #332
study,STU-040789,INSERT,,,EVI-033771 | RIL-Seq |  | Stationary phase,S1_stat #333
study,STU-040790,INSERT,,,EVI-033772 | RIL-Seq |  | Stationary phase,S1_stat #336
study,STU-040791,INSERT,,,EVI-033773 | RIL-Seq |  | Stationary phase,S1_stat #337
study,STU-040792,INSERT,,,EVI-033774 | RIL-Seq |  | Stationary phase,S1_stat #338
study,STU-040793,INSERT,,,EVI-033775 | RIL-Seq |  | Stationary phase,S1_stat #340
study,STU-040794,INSERT,,,EVI-033776 | RIL-Seq |  | Stationary phase,S1_stat #341
study,STU-040795,INSERT,,,EVI-033777 | RIL-Seq |  | Stationary phase,S1_stat #343
study,STU-040796,INSERT,,,EVI-033778 | RIL-Seq |  | Stationary phase,S1_stat #346
study,STU-040797,INSERT,,,EVI-033779 | RIL-Seq |  | Stationary phase,S1_stat #347
study,STU-040798,INSERT,,,EVI-033780 | RIL-Seq |  | Stationary phase,S1_stat #351
study,STU-040799,INSERT,,,EVI-033781 | RIL-Seq |  | Stationary phase,S1_stat #352
study,STU-040800,INSERT,,,EVI-033782 | RIL-Seq |  | Stationary phase,S1_stat #353
study,STU-040801,INSERT,,,EVI-033783 | RIL-Seq |  | Stationary phase,S1_stat #354
study,STU-040802,INSERT,,,EVI-033784 | RIL-Seq |  | Stationary phase,S1_stat #355
study,STU-040803,INSERT,,,EVI-033785 | RIL-Seq |  | Stationary phase,S1_stat #356
study,STU-040804,INSERT,,,EVI-033786 | RIL-Seq |  | Stationary phase,S1_stat #359
study,STU-040805,INSERT,,,EVI-033787 | RIL-Seq |  | Stationary phase,S1_stat #360
study,STU-040806,INSERT,,,EVI-033788 | RIL-Seq |  | Stationary phase,S1_stat #362
study,STU-040807,INSERT,,,EVI-033789 | RIL-Seq |  | Stationary phase,S1_stat #363
study,STU-040808,INSERT,,,EVI-033790 | RIL-Seq |  | Stationary phase,S1_stat #364
study,STU-040809,INSERT,,,EVI-033791 | RIL-Seq |  | Stationary phase,S1_stat #367
study,STU-040810,INSERT,,,EVI-033792 | RIL-Seq |  | Stationary phase,S1_stat #371
study,STU-040811,INSERT,,,EVI-033793 | RIL-Seq |  | Stationary phase,S1_stat #372
study,STU-040812,INSERT,,,EVI-033794 | RIL-Seq |  | Stationary phase,S1_stat #374
study,STU-040813,INSERT,,,EVI-033795 | RIL-Seq |  | Stationary phase,S1_stat #376
study,STU-040814,INSERT,,,EVI-033796 | RIL-Seq |  | Stationary phase,S1_stat #377
study,STU-040815,INSERT,,,EVI-033797 | RIL-Seq |  | Stationary phase,S1_stat #378
study,STU-040816,INSERT,,,EVI-033798 | RIL-Seq |  | Stationary phase,S1_stat #379
study,STU-040817,INSERT,,,EVI-033799 | RIL-Seq |  | Stationary phase,S1_stat #380
study,STU-040818,INSERT,,,EVI-033800 | RIL-Seq |  | Stationary phase,S1_stat #382
study,STU-040819,INSERT,,,EVI-033801 | RIL-Seq |  | Stationary phase,S1_stat #383
study,STU-040820,INSERT,,,EVI-033802 | RIL-Seq |  | Stationary phase,S1_stat #384
study,STU-040821,INSERT,,,EVI-033803 | RIL-Seq |  | Stationary phase,S1_stat #388
study,STU-040822,INSERT,,,EVI-033804 | RIL-Seq |  | Stationary phase,S1_stat #389
study,STU-040823,INSERT,,,EVI-033805 | RIL-Seq |  | Stationary phase,S1_stat #390
study,STU-040824,INSERT,,,EVI-033806 | RIL-Seq |  | Stationary phase,S1_stat #391
study,STU-040825,INSERT,,,EVI-033807 | RIL-Seq |  | Stationary phase,S1_stat #392
study,STU-040826,INSERT,,,EVI-033808 | RIL-Seq |  | Stationary phase,S1_stat #393
study,STU-040827,INSERT,,,EVI-033809 | RIL-Seq |  | Stationary phase,S1_stat #394
study,STU-040828,INSERT,,,EVI-033810 | RIL-Seq |  | Stationary phase,S1_stat #395
study,STU-040829,INSERT,,,EVI-033811 | RIL-Seq |  | Stationary phase,S1_stat #396
study,STU-040830,INSERT,,,EVI-033812 | RIL-Seq |  | Stationary phase,S1_stat #398
study,STU-040831,INSERT,,,EVI-033813 | RIL-Seq |  | Stationary phase,S1_stat #400
study,STU-040832,INSERT,,,EVI-033814 | RIL-Seq |  | Stationary phase,S1_stat #401
study,STU-040833,INSERT,,,EVI-033815 | RIL-Seq |  | Stationary phase,S1_stat #402
study,STU-040834,INSERT,,,EVI-033816 | RIL-Seq |  | Stationary phase,S1_stat #405
study,STU-040835,INSERT,,,EVI-033817 | RIL-Seq |  | Stationary phase,S1_stat #409
study,STU-040836,INSERT,,,EVI-033818 | RIL-Seq |  | Stationary phase,S1_stat #410
study,STU-040837,INSERT,,,EVI-033819 | RIL-Seq |  | Stationary phase,S1_stat #411
study,STU-040838,INSERT,,,EVI-033820 | RIL-Seq |  | Stationary phase,S1_stat #412
study,STU-040839,INSERT,,,EVI-033821 | RIL-Seq |  | Stationary phase,S1_stat #413
study,STU-040840,INSERT,,,EVI-033822 | RIL-Seq |  | Stationary phase,S1_stat #414
study,STU-040841,INSERT,,,EVI-033823 | RIL-Seq |  | Stationary phase,S1_stat #415
study,STU-040842,INSERT,,,EVI-033824 | RIL-Seq |  | Stationary phase,S1_stat #416
study,STU-040843,INSERT,,,EVI-033825 | RIL-Seq |  | Stationary phase,S1_stat #418
study,STU-040844,INSERT,,,EVI-033826 | RIL-Seq |  | Stationary phase,S1_stat #419
study,STU-040845,INSERT,,,EVI-033827 | RIL-Seq |  | Stationary phase,S1_stat #420
study,STU-040846,INSERT,,,EVI-033828 | RIL-Seq |  | Stationary phase,S1_stat #423
study,STU-040847,INSERT,,,EVI-033829 | RIL-Seq |  | Stationary phase,S1_stat #424
study,STU-040848,INSERT,,,EVI-033830 | RIL-Seq |  | Stationary phase,S1_stat #428
study,STU-040849,INSERT,,,EVI-033831 | RIL-Seq |  | Stationary phase,S1_stat #429
study,STU-040850,INSERT,,,EVI-033832 | RIL-Seq |  | Stationary phase,S1_stat #432
study,STU-040851,INSERT,,,EVI-033833 | RIL-Seq |  | Stationary phase,S1_stat #435
study,STU-040852,INSERT,,,EVI-033834 | RIL-Seq |  | Stationary phase,S1_stat #436
study,STU-040853,INSERT,,,EVI-033835 | RIL-Seq |  | Stationary phase,S1_stat #437
study,STU-040854,INSERT,,,EVI-033836 | RIL-Seq |  | Stationary phase,S1_stat #438
study,STU-040855,INSERT,,,EVI-033837 | RIL-Seq |  | Stationary phase,S1_stat #439
study,STU-040856,INSERT,,,EVI-033838 | RIL-Seq |  | Stationary phase,S1_stat #440
study,STU-040857,INSERT,,,EVI-033839 | RIL-Seq |  | Stationary phase,S1_stat #441
study,STU-040858,INSERT,,,EVI-033840 | RIL-Seq |  | Stationary phase,S1_stat #448
study,STU-040859,INSERT,,,EVI-033841 | RIL-Seq |  | Stationary phase,S1_stat #450
study,STU-040860,INSERT,,,EVI-033842 | RIL-Seq |  | Stationary phase,S1_stat #451
study,STU-040861,INSERT,,,EVI-033843 | RIL-Seq |  | Stationary phase,S1_stat #454
study,STU-040862,INSERT,,,EVI-033844 | RIL-Seq |  | Stationary phase,S1_stat #455
study,STU-040863,INSERT,,,EVI-033845 | RIL-Seq |  | Stationary phase,S1_stat #456
study,STU-040864,INSERT,,,EVI-033846 | RIL-Seq |  | Stationary phase,S1_stat #459
study,STU-040865,INSERT,,,EVI-033847 | RIL-Seq |  | Stationary phase,S1_stat #461
study,STU-040866,INSERT,,,EVI-033848 | RIL-Seq |  | Stationary phase,S1_stat #462
study,STU-040867,INSERT,,,EVI-033849 | RIL-Seq |  | Stationary phase,S1_stat #466
study,STU-040868,INSERT,,,EVI-033850 | RIL-Seq |  | Stationary phase,S1_stat #467
study,STU-040869,INSERT,,,EVI-033851 | RIL-Seq |  | Stationary phase,S1_stat #468
study,STU-040870,INSERT,,,EVI-033852 | RIL-Seq |  | Stationary phase,S1_stat #472
study,STU-040871,INSERT,,,EVI-033853 | RIL-Seq |  | Stationary phase,S1_stat #474
study,STU-040872,INSERT,,,EVI-033854 | RIL-Seq |  | Stationary phase,S1_stat #475
study,STU-040873,INSERT,,,EVI-033855 | RIL-Seq |  | Stationary phase,S1_stat #476
study,STU-040874,INSERT,,,EVI-033856 | RIL-Seq |  | Stationary phase,S1_stat #478
study,STU-040875,INSERT,,,EVI-033857 | RIL-Seq |  | Stationary phase,S1_stat #480
study,STU-040876,INSERT,,,EVI-033858 | RIL-Seq |  | Stationary phase,S1_stat #481
study,STU-040877,INSERT,,,EVI-033859 | RIL-Seq |  | Stationary phase,S1_stat #482
study,STU-040878,INSERT,,,EVI-033860 | RIL-Seq |  | Stationary phase,S1_stat #484
study,STU-040879,INSERT,,,EVI-033861 | RIL-Seq |  | Stationary phase,S1_stat #485
study,STU-040880,INSERT,,,EVI-033862 | RIL-Seq |  | Stationary phase,S1_stat #486
study,STU-040881,INSERT,,,EVI-033863 | RIL-Seq |  | Stationary phase,S1_stat #488
study,STU-040882,INSERT,,,EVI-033864 | RIL-Seq |  | Stationary phase,S1_stat #493
study,STU-040883,INSERT,,,EVI-033865 | RIL-Seq |  | Stationary phase,S1_stat #495
study,STU-040884,INSERT,,,EVI-033866 | RIL-Seq |  | Stationary phase,S1_stat #501
study,STU-040885,INSERT,,,EVI-033867 | RIL-Seq |  | Stationary phase,S1_stat #502
study,STU-040886,INSERT,,,EVI-033868 | RIL-Seq |  | Stationary phase,S1_stat #504
study,STU-040887,INSERT,,,EVI-033869 | RIL-Seq |  | Stationary phase,S1_stat #506
study,STU-040888,INSERT,,,EVI-033870 | RIL-Seq |  | Stationary phase,S1_stat #508
study,STU-040889,INSERT,,,EVI-033871 | RIL-Seq |  | Stationary phase,S1_stat #509
study,STU-040890,INSERT,,,EVI-033872 | RIL-Seq |  | Stationary phase,S1_stat #512
study,STU-040891,INSERT,,,EVI-033873 | RIL-Seq |  | Stationary phase,S1_stat #514
study,STU-040892,INSERT,,,EVI-033874 | RIL-Seq |  | Stationary phase,S1_stat #518
study,STU-040893,INSERT,,,EVI-033875 | RIL-Seq |  | Stationary phase,S1_stat #520
study,STU-040894,INSERT,,,EVI-033876 | RIL-Seq |  | Stationary phase,S1_stat #521
study,STU-040895,INSERT,,,EVI-033877 | RIL-Seq |  | Stationary phase,S1_stat #522
study,STU-040896,INSERT,,,EVI-033878 | RIL-Seq |  | Stationary phase,S1_stat #523
study,STU-040897,INSERT,,,EVI-033879 | RIL-Seq |  | Stationary phase,S1_stat #524
study,STU-040898,INSERT,,,EVI-033880 | RIL-Seq |  | Stationary phase,S1_stat #525
study,STU-040899,INSERT,,,EVI-033881 | RIL-Seq |  | Stationary phase,S1_stat #526
study,STU-040900,INSERT,,,EVI-033882 | RIL-Seq |  | Stationary phase,S1_stat #528
study,STU-040901,INSERT,,,EVI-033883 | RIL-Seq |  | Stationary phase,S1_stat #529
study,STU-040902,INSERT,,,EVI-033884 | RIL-Seq |  | Stationary phase,S1_stat #530
study,STU-040903,INSERT,,,EVI-033885 | RIL-Seq |  | Stationary phase,S1_stat #531
study,STU-040904,INSERT,,,EVI-033886 | RIL-Seq |  | Stationary phase,S1_stat #534
study,STU-040905,INSERT,,,EVI-033887 | RIL-Seq |  | Stationary phase,S1_stat #535
study,STU-040906,INSERT,,,EVI-033888 | RIL-Seq |  | Stationary phase,S1_stat #539
study,STU-040907,INSERT,,,EVI-033889 | RIL-Seq |  | Stationary phase,S1_stat #540
study,STU-040908,INSERT,,,EVI-033890 | RIL-Seq |  | Stationary phase,S1_stat #543
study,STU-040909,INSERT,,,EVI-033891 | RIL-Seq |  | Stationary phase,S1_stat #544
study,STU-040910,INSERT,,,EVI-033892 | RIL-Seq |  | Stationary phase,S1_stat #545
study,STU-040911,INSERT,,,EVI-033893 | RIL-Seq |  | Stationary phase,S1_stat #547
study,STU-040912,INSERT,,,EVI-033894 | RIL-Seq |  | Stationary phase,S1_stat #548
study,STU-040913,INSERT,,,EVI-033895 | RIL-Seq |  | Stationary phase,S1_stat #551
study,STU-040914,INSERT,,,EVI-033896 | RIL-Seq |  | Stationary phase,S1_stat #553
study,STU-040915,INSERT,,,EVI-033897 | RIL-Seq |  | Stationary phase,S1_stat #555
study,STU-040916,INSERT,,,EVI-033898 | RIL-Seq |  | Stationary phase,S1_stat #556
study,STU-040917,INSERT,,,EVI-033899 | RIL-Seq |  | Stationary phase,S1_stat #559
study,STU-040918,INSERT,,,EVI-033900 | RIL-Seq |  | Stationary phase,S1_stat #560
study,STU-040919,INSERT,,,EVI-033901 | RIL-Seq |  | Stationary phase,S1_stat #561
study,STU-040920,INSERT,,,EVI-033902 | RIL-Seq |  | Stationary phase,S1_stat #562
study,STU-040921,INSERT,,,EVI-033903 | RIL-Seq |  | Stationary phase,S1_stat #564
study,STU-040922,INSERT,,,EVI-033904 | RIL-Seq |  | Stationary phase,S1_stat #567
study,STU-040923,INSERT,,,EVI-033905 | RIL-Seq |  | Stationary phase,S1_stat #568
study,STU-040924,INSERT,,,EVI-033906 | RIL-Seq |  | Stationary phase,S1_stat #569
study,STU-040925,INSERT,,,EVI-033907 | RIL-Seq |  | Stationary phase,S1_stat #570
study,STU-040926,INSERT,,,EVI-033908 | RIL-Seq |  | Stationary phase,S1_stat #571
study,STU-040927,INSERT,,,EVI-033909 | RIL-Seq |  | Stationary phase,S1_stat #574
study,STU-040928,INSERT,,,EVI-033910 | RIL-Seq |  | Stationary phase,S1_stat #575
study,STU-040929,INSERT,,,EVI-033911 | RIL-Seq |  | Stationary phase,S1_stat #577
study,STU-040930,INSERT,,,EVI-033912 | RIL-Seq |  | Stationary phase,S1_stat #580
study,STU-040931,INSERT,,,EVI-033913 | RIL-Seq |  | Stationary phase,S1_stat #581
study,STU-040932,INSERT,,,EVI-033914 | RIL-Seq |  | Stationary phase,S1_stat #582
study,STU-040933,INSERT,,,EVI-033915 | RIL-Seq |  | Stationary phase,S1_stat #584
study,STU-040934,INSERT,,,EVI-033916 | RIL-Seq |  | Stationary phase,S1_stat #585
study,STU-040935,INSERT,,,EVI-033917 | RIL-Seq |  | Stationary phase,S1_stat #586
study,STU-040936,INSERT,,,EVI-033918 | RIL-Seq |  | Stationary phase,S1_stat #588
study,STU-040937,INSERT,,,EVI-033919 | RIL-Seq |  | Stationary phase,S1_stat #591
study,STU-040938,INSERT,,,EVI-033920 | RIL-Seq |  | Stationary phase,S1_stat #595
study,STU-040939,INSERT,,,EVI-033921 | RIL-Seq |  | Stationary phase,S1_stat #596
study,STU-040940,INSERT,,,EVI-033922 | RIL-Seq |  | Stationary phase,S1_stat #598
study,STU-040941,INSERT,,,EVI-033923 | RIL-Seq |  | Stationary phase,S1_stat #601
study,STU-040942,INSERT,,,EVI-033924 | RIL-Seq |  | Stationary phase,S1_stat #602
study,STU-040943,INSERT,,,EVI-033925 | RIL-Seq |  | Stationary phase,S1_stat #603
study,STU-040944,INSERT,,,EVI-033926 | RIL-Seq |  | Stationary phase,S1_stat #604
study,STU-040945,INSERT,,,EVI-033927 | RIL-Seq |  | Stationary phase,S1_stat #606
study,STU-040946,INSERT,,,EVI-033928 | RIL-Seq |  | Stationary phase,S1_stat #607
study,STU-040947,INSERT,,,EVI-033929 | RIL-Seq |  | Stationary phase,S1_stat #608
study,STU-040948,INSERT,,,EVI-033930 | RIL-Seq |  | Stationary phase,S1_stat #609
study,STU-040949,INSERT,,,EVI-033931 | RIL-Seq |  | Stationary phase,S1_stat #611
study,STU-040950,INSERT,,,EVI-033932 | RIL-Seq |  | Stationary phase,S1_stat #614
study,STU-040951,INSERT,,,EVI-033933 | RIL-Seq |  | Stationary phase,S1_stat #618
study,STU-040952,INSERT,,,EVI-033934 | RIL-Seq |  | Stationary phase,S1_stat #619
study,STU-040953,INSERT,,,EVI-033935 | RIL-Seq |  | Stationary phase,S1_stat #620
study,STU-040954,INSERT,,,EVI-033936 | RIL-Seq |  | Stationary phase,S1_stat #621
study,STU-040955,INSERT,,,EVI-033937 | RIL-Seq |  | Stationary phase,S1_stat #622
study,STU-040956,INSERT,,,EVI-033938 | RIL-Seq |  | Stationary phase,S1_stat #625
study,STU-040957,INSERT,,,EVI-033939 | RIL-Seq |  | Stationary phase,S1_stat #629
study,STU-040958,INSERT,,,EVI-033940 | RIL-Seq |  | Stationary phase,S1_stat #630
study,STU-040959,INSERT,,,EVI-033941 | RIL-Seq |  | Stationary phase,S1_stat #631
study,STU-040960,INSERT,,,EVI-033942 | RIL-Seq |  | Stationary phase,S1_stat #633
study,STU-040961,INSERT,,,EVI-033943 | RIL-Seq |  | Stationary phase,S1_stat #638
study,STU-040962,INSERT,,,EVI-033944 | RIL-Seq |  | Stationary phase,S1_stat #640
study,STU-040963,INSERT,,,EVI-033945 | RIL-Seq |  | Stationary phase,S1_stat #642
study,STU-040964,INSERT,,,EVI-033946 | RIL-Seq |  | Stationary phase,S1_stat #645
study,STU-040965,INSERT,,,EVI-033947 | RIL-Seq |  | Stationary phase,S1_stat #646
study,STU-040966,INSERT,,,EVI-033948 | RIL-Seq |  | Stationary phase,S1_stat #649
study,STU-040967,INSERT,,,EVI-033949 | RIL-Seq |  | Stationary phase,S1_stat #650
study,STU-040968,INSERT,,,EVI-033950 | RIL-Seq |  | Stationary phase,S1_stat #651
study,STU-040969,INSERT,,,EVI-033951 | RIL-Seq |  | Stationary phase,S1_stat #653
study,STU-040970,INSERT,,,EVI-033952 | RIL-Seq |  | Stationary phase,S1_stat #654
study,STU-040971,INSERT,,,EVI-033953 | RIL-Seq |  | Stationary phase,S1_stat #656
study,STU-040972,INSERT,,,EVI-033954 | RIL-Seq |  | Stationary phase,S1_stat #658
study,STU-040973,INSERT,,,EVI-033955 | RIL-Seq |  | Stationary phase,S1_stat #659
study,STU-040974,INSERT,,,EVI-033956 | RIL-Seq |  | Stationary phase,S1_stat #661
study,STU-040975,INSERT,,,EVI-033957 | RIL-Seq |  | Stationary phase,S1_stat #662
study,STU-040976,INSERT,,,EVI-033958 | RIL-Seq |  | Stationary phase,S1_stat #663
study,STU-040977,INSERT,,,EVI-033959 | RIL-Seq |  | Stationary phase,S1_stat #666
study,STU-040978,INSERT,,,EVI-033960 | RIL-Seq |  | Stationary phase,S1_stat #667
study,STU-040979,INSERT,,,EVI-033961 | RIL-Seq |  | Stationary phase,S1_stat #668
study,STU-040980,INSERT,,,EVI-033962 | RIL-Seq |  | Stationary phase,S1_stat #669
study,STU-040981,INSERT,,,EVI-033963 | RIL-Seq |  | Stationary phase,S1_stat #676
study,STU-040982,INSERT,,,EVI-033964 | RIL-Seq |  | Stationary phase,S1_stat #677
study,STU-040983,INSERT,,,EVI-033965 | RIL-Seq |  | Stationary phase,S1_stat #680
study,STU-040984,INSERT,,,EVI-033966 | RIL-Seq |  | Stationary phase,S1_stat #681
study,STU-040985,INSERT,,,EVI-033967 | RIL-Seq |  | Stationary phase,S1_stat #682
study,STU-040986,INSERT,,,EVI-033968 | RIL-Seq |  | Stationary phase,S1_stat #683
study,STU-040987,INSERT,,,EVI-033969 | RIL-Seq |  | Stationary phase,S1_stat #684
study,STU-040988,INSERT,,,EVI-033970 | RIL-Seq |  | Stationary phase,S1_stat #685
study,STU-040989,INSERT,,,EVI-033971 | RIL-Seq |  | Stationary phase,S1_stat #686
study,STU-040990,INSERT,,,EVI-033972 | RIL-Seq |  | Stationary phase,S1_stat #688
study,STU-040991,INSERT,,,EVI-033973 | RIL-Seq |  | Stationary phase,S1_stat #690
study,STU-040992,INSERT,,,EVI-033974 | RIL-Seq |  | Stationary phase,S1_stat #691
study,STU-040993,INSERT,,,EVI-033975 | RIL-Seq |  | Stationary phase,S1_stat #692
study,STU-040994,INSERT,,,EVI-033976 | RIL-Seq |  | Stationary phase,S1_stat #693
study,STU-040995,INSERT,,,EVI-033977 | RIL-Seq |  | Stationary phase,S1_stat #694
study,STU-040996,INSERT,,,EVI-033978 | RIL-Seq |  | Stationary phase,S1_stat #695
study,STU-040997,INSERT,,,EVI-033979 | RIL-Seq |  | Stationary phase,S1_stat #697
study,STU-040998,INSERT,,,EVI-033980 | RIL-Seq |  | Stationary phase,S1_stat #698
study,STU-040999,INSERT,,,EVI-033981 | RIL-Seq |  | Stationary phase,S1_stat #699
study,STU-041000,INSERT,,,EVI-033982 | RIL-Seq |  | Stationary phase,S1_stat #700
study,STU-041001,INSERT,,,EVI-033983 | RIL-Seq |  | Stationary phase,S1_stat #701
study,STU-041002,INSERT,,,EVI-033984 | RIL-Seq |  | Stationary phase,S1_stat #702
study,STU-041003,INSERT,,,EVI-033985 | RNA-Sequencing | Activation | Stationary phase,S2 PA0462
study,STU-041004,INSERT,,,EVI-033986 | RNA-Sequencing | Activation | Stationary phase,S2 PA0588
study,STU-041005,INSERT,,,EVI-033987 | RNA-Sequencing | Activation | Stationary phase,S2 PA0765
study,STU-041006,INSERT,,,EVI-033988 | RNA-Sequencing | Activation | Stationary phase,S2 PA0857
study,STU-041007,INSERT,,,EVI-033989 | RNA-Sequencing | Activation | Stationary phase,S2 PA0973
study,STU-041008,INSERT,,,EVI-033990 | RNA-Sequencing | Activation | Stationary phase,S2 PA1000
study,STU-041009,INSERT,,,EVI-033991 | RNA-Sequencing | Activation | Stationary phase,S2 PA1123
study,STU-041010,INSERT,,,EVI-033992 | RNA-Sequencing | Repression | Stationary phase,S2 PA1209
study,STU-041011,INSERT,,,EVI-033993 | RNA-Sequencing | Repression | Stationary phase,S2 PA1287
study,STU-041012,INSERT,,,EVI-033994 | RNA-Sequencing | Repression | Stationary phase,S2 PA1317
study,STU-041013,INSERT,,,EVI-033995 | RNA-Sequencing | Activation | Stationary phase,S2 PA1429
study,STU-041014,INSERT,,,EVI-033996 | RNA-Sequencing | Activation | Stationary phase,S2 PA1562
study,STU-041015,INSERT,,,EVI-033997 | RNA-Sequencing | Activation | Stationary phase,S2 PA1592
study,STU-041016,INSERT,,,EVI-033998 | RNA-Sequencing | Repression | Stationary phase,S2 PA2006
study,STU-041017,INSERT,,,EVI-033999 | RNA-Sequencing | Activation | Stationary phase,S2 PA2046
study,STU-041018,INSERT,,,EVI-034000 | RNA-Sequencing | Activation | Stationary phase,S2 PA2177
study,STU-041019,INSERT,,,EVI-034001 | RNA-Sequencing | Repression | Stationary phase,S2 PA2365
study,STU-041020,INSERT,,,EVI-034002 | RNA-Sequencing | Repression | Stationary phase,S2 PA2371
study,STU-041021,INSERT,,,EVI-034003 | RNA-Sequencing | Repression | Stationary phase,S2 PA2519
study,STU-041022,INSERT,,,EVI-034004 | RNA-Sequencing | Activation | Stationary phase,S2 PA2798
study,STU-041023,INSERT,,,EVI-034005 | RNA-Sequencing | Activation | Stationary phase,S2 PA2931
study,STU-041024,INSERT,,,EVI-034006 | RNA-Sequencing | Repression | Stationary phase,S2 PA3080
study,STU-041025,INSERT,,,EVI-034007 | RNA-Sequencing | Activation | Stationary phase,S2 PA3887
study,STU-041026,INSERT,,,EVI-034008 | RNA-Sequencing | Activation | Stationary phase,S2 PA3929
study,STU-041027,INSERT,,,EVI-034009 | RNA-Sequencing | Activation | Stationary phase,S2 PA3930
study,STU-041028,INSERT,,,EVI-034010 | RNA-Sequencing | Repression | Stationary phase,S2 PA3966
study,STU-041029,INSERT,,,EVI-034011 | RNA-Sequencing | Activation | Stationary phase,S2 PA4016
study,STU-041030,INSERT,,,EVI-034012 | RNA-Sequencing | Activation | Stationary phase,S2 PA4751
study,STU-041031,INSERT,,,EVI-034013 | RNA-Sequencing | Repression | Stationary phase,S2 PA4812
study,STU-041032,INSERT,,,EVI-034014 | RNA-Sequencing | Activation | Stationary phase,S2 PA5256
study,STU-041033,INSERT,,,EVI-034015 | RNA-Sequencing | Activation | Stationary phase,S2 PA5290
study,STU-041034,INSERT,,,EVI-034016 | RNA-Sequencing | Repression | Stationary phase,S2 PA5301
study,STU-041035,INSERT,,,EVI-034017 | RNA-Sequencing | Repression | Stationary phase,S2 Spa103
study,STU-041036,INSERT,,,EVI-034018 | RNA-Sequencing | Activation | Stationary phase,S2 Spa121
study,STU-041037,INSERT,,,EVI-034019 | RNA-Sequencing | Activation | Stationary phase,S2 Spa170
study,STU-041038,INSERT,,,EVI-034020 | Translational fusion reporter | Repression | Stationary phase,texto PA2009
study,STU-041039,INSERT,,,EVI-034020 | Site-directed mutagenesis | Repression | Stationary phase,texto PA2009
study,STU-041040,INSERT,,,EVI-034020 | Paired compensatory mutations | Repression | Stationary phase,texto PA2009
study,STU-041041,INSERT,,,EVI-034021 | Translational fusion reporter | Repression | Stationary phase,texto PA3340
study,STU-041042,INSERT,,,EVI-034022 | Real-Time qRT-PCR | Repression | Stationary phase,texto PA2511
study,STU-041043,INSERT,,,EVI-034022 | Translational fusion reporter | Repression | Stationary phase,texto PA2511
study,STU-041044,INSERT,,,EVI-034022 | Site-directed mutagenesis | Repression | Stationary phase,texto PA2511
study,STU-041045,INSERT,,,EVI-034022 | Paired compensatory mutations | Repression | Stationary phase,texto PA2511
study,STU-041046,INSERT,,,EVI-034022 | Western blot | Repression | Stationary phase,texto PA2511
qc_issue,24491,INSERT,,,ncbi_id_completado: RNA-002540 (RhlS/SPA104),Gebhardt2023 S1_exp #2
qc_issue,24492,INSERT,,,ncbi_id_completado: RNA-002447 (ErsA),Gebhardt2023 S1_exp #46
qc_issue,24493,INSERT,,,srna_con_locus_de_cds: Sr0161 -> PA0161,Gebhardt2023 S1_exp #55
qc_issue,24494,INSERT,,,srna_con_locus_de_cds: Sr0161 -> PA0161,Gebhardt2023 S1_exp #72
qc_issue,24495,INSERT,,,ncbi_id_completado: RNA-002532 (ReaL),Gebhardt2023 S1_exp #233
qc_issue,24496,INSERT,,,srna_con_locus_de_cds: Sr0161 -> PA0161,Gebhardt2023 S1_exp #413
qc_issue,24497,INSERT,,,srna_con_locus_de_cds: Sr0161 -> PA0161,Gebhardt2023 S1_exp #827
qc_issue,24498,INSERT,,,clase_srna_en_gen_codificante: ahpB (PA0848),Gebhardt2023 S1_stat #110
qc_issue,24499,INSERT,,,clase_srna_en_gen_codificante: PA5446 (PA5446),Gebhardt2023 S1_stat #179
qc_issue,24500,INSERT,,,clase_srna_en_gen_codificante: hsiB3 (PA2365),Gebhardt2023 S1_stat #286
qc_issue,24501,INSERT,,,srna_con_locus_de_cds: Sr0161 -> PA0161,Gebhardt2023 S1_stat #651
qc_issue,24502,INSERT,,,quimeras_sin_srna_excluidas: 253,Gebhardt2023 S1
qc_issue,24503,INSERT,,,par_srna_srna: 123,Gebhardt2023 S1
qc_issue,24504,INSERT,,,pvalores_repetidos_entre_comparaciones: 6194 de 6196 genes con padj identico en pPhrS y pPhrS-deltaseed,Gebhardt2023 S2
qc_issue,24505,INSERT,,,rol_nuevo_en_molecula_existente: RNA-010028 (PhrS),Gebhardt2023
qc_issue,24506,INSERT,,,rol_nuevo_en_molecula_existente: RNA-002540 (RhlS),Gebhardt2023
qc_issue,24507,INSERT,,,rol_nuevo_en_molecula_existente: RNA-002447 (ErsA),Gebhardt2023
qc_issue,24508,INSERT,,,rol_nuevo_en_molecula_existente: RNA-002443 (Sr0161),Gebhardt2023
qc_issue,24509,INSERT,,,rol_nuevo_en_molecula_existente: RNA-010293 (RgsA),Gebhardt2023
