Number,RNA1 Name,RNA2 Name,RNA1 chromosome,RNA1 from,RNA1 to,RNA1 strand,RNA1 Gene,RNA2 chromosome,RNA2 from,RNA2 to,RNA2 strand,RNA2 Gene,interactions,other interactions of RNA1,other interactions of RNA2,total other interactions,odds ratio,Fisher's exact test p-value,annotation class RNA1,annotaiton class RNA2,novel sRNA
1,CrcZ,RhlS/Spa104,PAO1,5308701,5308936,+,PA4726.11,PAO1,3889773,3889831,-,PA3476.1,30513,2028710,19048,4403791,3.47730076620648,0,sRNA,sRNA,
2,CrcZ,AS2779,PAO1,5308804,5308934,+,PA4726.11,PAO1,3127837,3127850,+,PA2768.1,8995,601328,62347,5809392,1.39381412813486,9.48432892127342e-168,sRNA,sRNA,
3,pauR,PhrS,PAO1,5970581,5970625,-,PA5301,PAO1,3705308,3705329,-,PA3305.1,3392,352,67190,6411128,919.481481281034,0,mRNA,sRNA,
4,PA2006,PhrS,PAO1,2195426,2195879,-,PA2006,PAO1,3705309,3705318,-,PA3305.1,1387,3085,69195,6408395,41.6385743997625,0,mRNA,sRNA,
5,fdnG,PhrS,PAO1,5401316,5401760,-,PA4812,PAO1,3705308,3705318,-,PA3305.1,1362,852,69220,6410628,148.049346236331,0,mRNA,sRNA,
6,hpd,PhrS,PAO1,946889,947223,+,PA0865,PAO1,3705310,3705319,-,PA3305.1,1196,560,69386,6410920,197.329337742072,0,mRNA,sRNA,
7,ErsA,PhrS,PAO1,6183605,6183660,-,PA5492.1,PAO1,3705308,3705490,-,PA3305.1,1194,8504,73709,6398655,12.1884716285407,0,sRNA,sRNA,
8,hmgA,PhrS,PAO1,2198714,2198819,-,PA2009,PAO1,3705310,3705318,-,PA3305.1,1193,741,69389,6410739,148.74408444139,0,mRNA,sRNA,
9,5_utr_rmf,PhrS,PAO1,3414313,3414619,+,PA3049_5',PAO1,3705309,3705318,-,PA3305.1,1006,6431,69576,6405049,14.4006624473517,0,5-utr,sRNA,
10,5_utr_PA3966,PhrS,PAO1,4445552,4445780,+,PA3966_5',PAO1,3705310,3705318,-,PA3305.1,964,313,69618,6411167,283.627438902777,0,5-utr,sRNA,
11,Spa121,PhrS,PAO1,6171829,6171880,-,Spa121,PAO1,3705310,3705318,-,PA3305.1,912,149,69670,6411331,563.262655490938,0,sRNA,sRNA,
12,PA5180,PhrS,PAO1,5831875,5831907,+,PA5180,PAO1,3705308,3705328,-,PA3305.1,857,59,69725,6411421,1335.65588711098,0,mRNA,sRNA,
13,CrcZ,BetZ,PAO1,5308825,5308930,+,PA4726.11,PAO1,6053258,6053266,+,PA5375.1,832,609491,81,5871658,98.9536372294947,0,sRNA,sRNA,RNA2
14,5_utr_rpsP,PhrS,PAO1,4197019,4197045,-,PA3745,PAO1,3705310,3705319,-,PA3305.1,727,39,69855,6411441,1710.91312113553,0,mRNA,sRNA,
15,PA4606,PhrS,PAO1,5165706,5165850,-,PA4606,PAO1,3705310,3705319,-,PA3305.1,682,900,69900,6410580,69.4963528850739,0,mRNA,sRNA,
16,PA3340,PhrS,PAO1,3751759,3752057,-,PA3340,PAO1,3705308,3705379,-,PA3305.1,659,752,69923,6410728,80.344263035844,0,mRNA,sRNA,
17,5_utr_tssA1,PhrS,PAO1,99934,100004,+,PA0082_5',PAO1,3705310,3705315,-,PA3305.1,639,315,69943,6411165,185.944356731297,0,5-utr,sRNA,
18,P30,CrcZ,PAO1,5308647,5308949,-,PA4726.2,PAO1,5308902,5308964,+,PA4726.11,639,2362,695257,5783804,2.25055257041707,2.87306336882153e-57,sRNA,sRNA,
19,AS_PA2117,PhrS,PAO1,2328897,2329209,+,AS_PA2117,PAO1,3705310,3705318,-,PA3305.1,527,450,70055,6411030,107.173341898032,0,antisense,sRNA,
20,PA4130,PhrS,PAO1,4619226,4619322,-,PA4130,PAO1,3705310,3705318,-,PA3305.1,501,259,70081,6411221,176.961348531117,0,mRNA,sRNA,
21,icd,AspA-3',PAO1,2966781,2966817,-,PA2623,PAO1,6110825,6110937,+,PA5429.1,473,6,14050,6467533,36288.7676037959,0,mRNA,sRNA,RNA2
22,mobA,PhrS,PAO1,3394727,3394976,+,PA3030,PAO1,3705308,3705356,-,PA3305.1,461,1556,70121,6409924,27.0829589865392,0,mRNA,sRNA,
23,ErsA,RhlS/Spa104,PAO1,6183606,6183660,-,PA5492.1,PAO1,3889774,3889800,-,PA3476.1,454,9244,37773,6434591,8.3663375856707,4.11250760494341e-237,sRNA,sRNA,
24,Spa077,BkdZ,PAO1,2473016,2473040,+,Spa077,PAO1,2478248,2478255,+,PA2250.1,435,165,27096,6454366,627.991431140456,0,sRNA,sRNA,RNA2
25,RhlS/Spa104,PhrS,PAO1,3889816,3889846,-,PA3476.1,PAO1,3705310,3705348,-,PA3305.1,404,10449,70178,6401031,3.526594933893,7.9263068259828e-90,sRNA,sRNA,
26,wbpL,Sr063/Spa38,PAO1,3528550,3528657,-,PA3145,PAO1,3116514,3116519,+,Sr063/Spa38,364,291,18815,6462592,429.646136326485,0,mRNA,sRNA,
27,Sr065/Spa181,PhrS,PAO1,3108597,3108675,-,Sr065/Spa181,PAO1,3705310,3705318,-,PA3305.1,359,269,70223,6411211,121.843638590116,0,sRNA,sRNA,
28,lpdV,AS_BkdZ,PAO1,2478187,2478220,+,PA2250,PAO1,2478223,2478223,-,AS_PA2250.1,344,23175,197,6458346,486.624288600857,0,mRNA,antisense,
29,oprI,PhrS,PAO1,3207006,3207150,+,PA2853,PAO1,3705309,3705318,-,PA3305.1,330,2156,70252,6409324,13.9642854237863,5.56417027632012e-232,mRNA,sRNA,
30,5_utr_PA1759,PhrS,PAO1,1898761,1898969,+,PA1759_5',PAO1,3705311,3705317,-,PA3305.1,317,178,70265,6411302,162.497410205506,0,5-utr,sRNA,
31,Spa029,PhrS,PAO1,1028070,1028115,+,Spa029,PAO1,3705310,3705318,-,PA3305.1,313,403,70269,6411077,70.8608750838279,0,sRNA,sRNA,
32,PhrS,RhlS/Spa104,PAO1,3705407,3705521,-,PA3305.1,PAO1,3889774,3889779,-,PA3476.1,301,8871,37926,6434964,5.75708971447896,2.53892183031821e-115,sRNA,sRNA,
33,PA1414,AS2779,PAO1,1538701,1538831,+,PA1414,PAO1,3127829,3127848,+,PA2768.1,276,7131,71066,6403589,3.48754824377052,3.04188795514262e-59,mRNA,sRNA,
34,PA3771,PhrS,PAO1,4229045,4229252,+,PA3771,PAO1,3705310,3705317,-,PA3305.1,264,75,70318,6411405,320.944076907761,0,mRNA,sRNA,
35,5_utr_cyoA,PhrS,PAO1,1427663,1427701,+,PA1317_5',PAO1,3705310,3705318,-,PA3305.1,262,57,70320,6411423,419.084891623256,0,5-utr,sRNA,
36,tRNA-Lys,AspA-3',PAO1,1060389,1060390,+,PA0976.1,PAO1,6110767,6110938,+,PA5429.1,259,63236,14625,6403942,1.79344015120674,9.08120711925935e-12,tRNA,sRNA,RNA2
37,IG_sdhB_sucA,BkdZ,PAO1,1724063,1724277,+,IG_PA1584_1585,PAO1,2478218,2478254,+,PA2250.1,256,597,27275,6453934,101.467134265891,0,intergenic,sRNA,RNA2
38,PA1941,PhrS,PAO1,2125811,2126265,-,PA1941,PAO1,3705310,3705313,-,PA3305.1,250,284,70332,6411196,80.2431105429139,0,mRNA,sRNA,
39,5_utr_PA3070,PhrS,PAO1,3442707,3442745,+,PA3070_5',PAO1,3705310,3705318,-,PA3305.1,239,47,70343,6411433,463.483486236589,0,5-utr,sRNA,
40,PA0179,OprB-3',PAO1,204532,204559,-,PA0179,PAO1,3575845,3575849,-,PA3185.1,226,1653,3424,6476759,258.618487131864,0,mRNA,sRNA,RNA2
41,PA4621,PhrS,PAO1,5182129,5182374,-,PA4621,PAO1,3705310,3705318,-,PA3305.1,226,475,70356,6411005,43.3550613272051,5.94343154802658e-251,mRNA,sRNA,
42,amrZ,PhrS,PAO1,3791609,3791674,+,PA3385,PAO1,3705310,3705314,-,PA3305.1,211,1304,70371,6410176,14.7394437875404,3.02411619232156e-151,mRNA,sRNA,
43,5_utr_vfr / Pant70,PhrS,PAO1,706734,706799,-,PA0652_5',PAO1,3705310,3705312,-,PA3305.1,200,275,70382,6411205,66.2483951216865,7.37045898154546e-250,5-utr,sRNA,
44,PA5185as,PhrS,PAO1,5837807,5837829,+,PA5185.1,PAO1,3705310,3705318,-,PA3305.1,193,221,70389,6411259,79.5432921600705,5.0708069995794e-252,sRNA,sRNA,RNA1
45,5_utr_coxB,PhrS,PAO1,127253,127395,+,PA0105_5',PAO1,3705310,3705318,-,PA3305.1,190,1458,70392,6410022,11.8667636427072,1.84505071679462e-120,5-utr,sRNA,
46,AS_PA4757,BkdZ,PAO1,5343368,5343496,+,AS_PA4757,PAO1,2478247,2478254,+,PA2250.1,184,57,27347,6454474,761.893261328257,0,antisense,sRNA,RNA2
47,Pant133/Spa101,PhrS,PAO1,1348670,1348688,-,Pant133/Spa101,PAO1,3705310,3705313,-,PA3305.1,182,55,70400,6411425,301.363468491735,6.83371034710558e-298,sRNA,sRNA,
48,oprL,PhrS,PAO1,1057487,1057569,+,PA0973,PAO1,3705310,3705318,-,PA3305.1,163,276,70419,6411204,53.7685425808375,8.31895494701077e-192,mRNA,sRNA,
49,PA4331,PhrS,PAO1,4859337,4859347,-,PA4331,PAO1,3705310,3705318,-,PA3305.1,161,0,70421,6411480,inf,6.159923890185e-311,mRNA,sRNA,
50,ladS,PhrS,PAO1,4455511,4455693,-,PA3974,PAO1,3705310,3705317,-,PA3305.1,159,400,70423,6411080,36.1871022251253,2.29926987650549e-165,mRNA,sRNA,
51,PA4787,PhrS,PAO1,5376509,5376606,-,PA4787,PAO1,3705310,3705318,-,PA3305.1,159,258,70423,6411222,56.1052771144733,3.03512559875855e-189,mRNA,sRNA,
52,PA2867,PhrS,PAO1,3219570,3219966,+,PA2867,PAO1,3705310,3705311,-,PA3305.1,159,671,70423,6410809,21.5711311926801,1.52229580576025e-135,mRNA,sRNA,
53,5_utr_PA0876,AS2779,PAO1,958216,958334,+,PA0876_5',PAO1,3127841,3127848,+,PA2768.1,153,1166,71189,6409554,11.8142946709128,5.87213885714718e-96,5-utr,sRNA,
54,atpI,PhrS,PAO1,6254704,6254755,-,PA5561,PAO1,3705310,3705311,-,PA3305.1,152,606,70430,6410874,22.8312934828908,1.37451396360955e-132,mRNA,sRNA,
55,wzy,PhrS,PAO1,3538316,3538399,-,PA3154,PAO1,3705309,3705316,-,PA3305.1,152,45,70430,6411435,307.488324104311,1.1429050208913e-248,mRNA,sRNA,
56,PA1123,PhrS,PAO1,1216246,1216529,-,PA1123,PAO1,3705310,3705318,-,PA3305.1,152,91,70430,6411389,152.053574822167,3.53585399376158e-225,mRNA,sRNA,
57,PA1289,PhrS,PAO1,1401116,1401234,-,PA1289,PAO1,3705309,3705318,-,PA3305.1,151,139,70431,6411341,98.8888140839715,4.32192211046044e-206,mRNA,sRNA,
58,PA1053,PhrS,PAO1,1141243,1141660,+,PA1053,PAO1,3705310,3705319,-,PA3305.1,151,810,70431,6410670,16.9680328054197,4.5604640599467e-115,mRNA,sRNA,
59,wbpI,PhrS,PAO1,3531759,3532111,-,PA3148,PAO1,3705310,3705317,-,PA3305.1,148,779,70434,6410701,17.2920875716349,9.54868656483235e-114,mRNA,sRNA,
60,PA0179,RhlS/Spa104,PAO1,204124,204551,-,PA0179,PAO1,3889774,3889808,-,PA3476.1,147,4077,49414,6428424,4.69062945312886,7.2657498940664e-44,mRNA,sRNA,
61,chpA,PhrS,PAO1,457310,457391,+,PA0413,PAO1,3705309,3705317,-,PA3305.1,146,232,70436,6411248,57.2812864111416,1.91935383854113e-174,mRNA,sRNA,
62,PA1209,PhrS,PAO1,1310334,1310536,-,PA1209,PAO1,3705310,3705318,-,PA3305.1,144,230,70438,6411250,56.9862858116357,9.38040051631359e-172,mRNA,sRNA,
63,CrcZ,PrrH/F1/F2,PAO1,5308827,5308844,+,PA4726.11,PAO1,5284060,5284073,+,PA4704.3,143,505086,523,5976310,3.23520745447669,1.51673635427659e-22,sRNA,sRNA,
64,PA1200,PhrS,PAO1,1300890,1301064,+,PA1200,PAO1,3705311,3705318,-,PA3305.1,143,349,70439,6411131,37.2934086194028,7.6090216883728e-150,mRNA,sRNA,
65,CrcZ,3_utr_PA5314,PAO1,5308588,5308597,+,PA4726.11,PAO1,5985632,5985638,+,PA5314_3',141,15661,2075,6464185,28.0475737827755,3.2761293316599e-139,sRNA,3-utr,
66,PA1458,PhrS,PAO1,1588965,1589297,+,PA1458,PAO1,3705310,3705313,-,PA3305.1,141,211,70441,6411269,60.8212223048955,4.27337693325223e-171,mRNA,sRNA,
67,PA3755,PhrS,PAO1,4206607,4206699,+,PA3755,PAO1,3705311,3705387,-,PA3305.1,139,215,70443,6411265,58.8412954032767,4.11431280375059e-167,mRNA,sRNA,
68,CrcZ,OprB-3',PAO1,5308901,5308934,+,PA4726.11,PAO1,3575845,3575847,-,PA3185.1,137,104957,3513,6373455,2.36813214231029,1.44670694865125e-12,sRNA,sRNA,RNA2
69,PA3858,BkdZ,PAO1,4317844,4317966,-,PA3858,PAO1,2478247,2478254,+,PA2250.1,132,309,27399,6454222,100.629343357085,4.22996448253976e-193,mRNA,sRNA,RNA2
70,RgsA,BkdZ,PAO1,3318749,3318793,+,PA2958.1,PAO1,2478247,2478254,+,PA2250.1,129,8279,27402,6446252,3.66553056208943,7.32892436316286e-28,sRNA,sRNA,RNA2
71,tRNA-Lys,PhrS,PAO1,1060403,1060512,+,PA0976.1,PAO1,3705311,3705387,-,PA3305.1,129,3073,70453,6408407,3.8183676803569,3.49527430070007e-29,tRNA,sRNA,
72,PA1069,PhrS,PAO1,1156830,1157030,+,PA1069,PAO1,3705311,3705314,-,PA3305.1,128,153,70454,6411327,76.1308733218782,4.59616381251933e-164,mRNA,sRNA,
73,PA0506,PhrS,PAO1,564911,564923,+,PA0506,PAO1,3705310,3705317,-,PA3305.1,127,128,70455,6411352,90.2883161237669,2.62575213759698e-169,mRNA,sRNA,
74,PA3785,PhrS,PAO1,4243691,4243730,-,PA3785,PAO1,3705308,3705311,-,PA3305.1,127,301,70455,6411179,38.3939954132972,6.25314844334476e-134,mRNA,sRNA,
75,miaA,PhrS,PAO1,5548798,5549019,-,PA4945,PAO1,3705309,3705312,-,PA3305.1,127,404,70455,6411076,28.6049677098857,1.35452371784412e-120,mRNA,sRNA,
76,IG_wbpA-wzz,Sr063/Spa38,PAO1,3545569,3545648,-,IG_PA3159-PA3160,PAO1,3116518,3116519,+,Sr063/Spa38,122,585,19057,6462298,70.7190489709459,1.98121758113073e-164,intergenic,sRNA,
77,wbpA,PhrS,PAO1,3544577,3544647,-,PA3159,PAO1,3705310,3705312,-,PA3305.1,120,271,70462,6411209,40.2899681291666,2.38778749694329e-128,mRNA,sRNA,
78,infC,PhrS,PAO1,3104271,3104364,-,PA2743,PAO1,3705310,3705317,-,PA3305.1,117,746,70465,6410734,14.2685990744363,1.05643065752421e-80,mRNA,sRNA,
79,PA0946,PhrS,PAO1,1034501,1034595,+,PA0946,PAO1,3705310,3705312,-,PA3305.1,115,359,70467,6411121,29.1441627015755,1.3429786248301e-109,mRNA,sRNA,
80,PA3208,PhrS,PAO1,3598276,3598332,-,PA3208,PAO1,3705310,3705318,-,PA3305.1,114,174,70468,6411306,59.6087703295993,8.23659952147249e-137,mRNA,sRNA,
81,rpsN,PhrS,PAO1,4761251,4761630,-,PA4250,PAO1,3705310,3705317,-,PA3305.1,114,268,70468,6411212,38.7006491355449,3.97807157515939e-120,mRNA,sRNA,
82,pqsE,PhrS,PAO1,1083671,1084078,+,PA1000,PAO1,3705310,3705311,-,PA3305.1,114,3076,70468,6408404,3.3703612843517,5.94976567705257e-21,mRNA,sRNA,
83,aruF,PhrS,PAO1,979596,979614,+,PA0896,PAO1,3705309,3705311,-,PA3305.1,112,186,70470,6411294,54.7830868317334,3.13251052706149e-131,mRNA,sRNA,
84,bkdB,PhrS,PAO1,2475694,2476069,+,PA2249,PAO1,3705310,3705317,-,PA3305.1,109,300,70473,6411180,33.0537283782441,1.33717733999024e-108,mRNA,sRNA,
85,PA4607,RhlS/Spa104,PAO1,5166667,5166689,-,PA4607,PAO1,3889775,3889802,-,PA3476.1,109,976,49452,6431525,14.524686983271,1.60052291508834e-76,mRNA,sRNA,
86,mobA,Sr063/Spa38,PAO1,3394693,3394979,+,PA3030,PAO1,3116504,3116519,+,Sr063/Spa38,103,2424,19076,6460459,14.3906585962905,6.38158089895364e-73,mRNA,sRNA,
87,PA0179,PhrS,PAO1,204532,204560,-,PA0179,PAO1,3705311,3705318,-,PA3305.1,101,1778,70481,6409702,5.16601185659669,5.90138949839541e-32,mRNA,sRNA,
88,sodB,AS2779,PAO1,4893720,4893731,+,PA4366,PAO1,3127843,3127848,+,PA2768.1,98,78,71244,6410642,113.053679734073,7.29357541226175e-136,mRNA,sRNA,
89,PA3723,PhrS,PAO1,4168804,4168822,-,PA3723,PAO1,3705311,3705311,-,PA3305.1,98,22,70484,6411458,405.200202753945,1.60750327659629e-163,mRNA,sRNA,
90,vfr,RhlS/Spa104,PAO1,706709,706814,-,PA0652,PAO1,3889775,3889798,-,PA3476.1,98,472,38129,6443363,35.0865979718271,2.764217131031e-102,5-utr,sRNA,
91,5_utr_pslA,PhrS,PAO1,2453442,2453876,+,PA2231_5',PAO1,3705309,3705316,-,PA3305.1,98,98,70484,6411382,90.9622325634186,6.39504154921603e-130,5-utr,sRNA,
92,Pant66,RgsA,PAO1,648802,648846,-,Pant66,PAO1,3318849,3318868,+,PA2958.1,96,167,17845,6463954,208.226724136484,5.19265975379639e-167,sRNA,sRNA,
93,PA3003,PhrS,PAO1,3364323,3364722,+,PA3003,PAO1,3705310,3705311,-,PA3305.1,96,82,70486,6411398,106.48961392091,1.48811013653697e-131,mRNA,sRNA,
94,Spa095/sRNA1059,PhrS,PAO1,1997251,1997535,+,Spa095/sRNA1059,PAO1,3705311,3705327,-,PA3305.1,96,194,70486,6411286,45.0102876318789,1.53258795829544e-105,sRNA,sRNA,
95,PA5232,PhrS,PAO1,5890742,5890888,-,PA5232,PAO1,3705311,3705318,-,PA3305.1,94,251,70488,6411229,34.062791281814,4.1979285090025e-94,mRNA,sRNA,
96,5_utr_sodB,PrrH/F1/F2,PAO1,4893558,4893644,+,PA4366_5',PAO1,5284075,5284313,+,PA4704.3,92,214,3087,6478669,902.242366995752,5.97367459911951e-220,5-utr,sRNA,
97,AS_PA0920,Sr063/Spa38,PAO1,1006612,1006828,+,AS_PA0920,PAO1,3116511,3116519,+,Sr063/Spa38,89,256,19090,6462627,117.693696593438,4.6063281705371e-136,antisense,sRNA,
98,clpA,PhrS,PAO1,2964297,2964503,-,PA2620,PAO1,3705308,3705311,-,PA3305.1,89,842,70493,6410638,9.6124296703303,2.29652454450449e-47,mRNA,sRNA,
99,PA3278,Sr063/Spa38,PAO1,3670970,3671071,-,PA3278,PAO1,3116503,3116519,+,Sr063/Spa38,88,2227,19091,6460656,13.3724319019696,3.55127698383217e-59,mRNA,sRNA,
100,acpP,BkdZ,PAO1,3325184,3325205,-,PA2966,PAO1,2478247,2478254,+,PA2250.1,87,131,27444,6454400,156.19115011165,4.85449281363904e-139,mRNA,sRNA,RNA2
101,PA0588,PhrS,PAO1,647706,647820,-,PA0588,PAO1,3705309,3705311,-,PA3305.1,86,130,70496,6411350,60.1644719613115,1.85311994822e-102,mRNA,sRNA,
102,IG_sdhB_sucA,RhlS/Spa104,PAO1,1724112,1724296,+,IG_PA1584_1585,PAO1,3889776,3889778,-,PA3476.1,85,584,38142,6443251,24.5871203264944,1.54937941276477e-76,intergenic,sRNA,
103,oprC,AS2779,PAO1,4249796,4249804,-,PA3790,PAO1,3127842,3127847,+,PA2768.1,83,295,71259,6410425,25.3106428899495,1.1370129925468e-73,mRNA,sRNA,
104,PA0462,PhrS,PAO1,522632,522661,+,PA0462,PAO1,3705310,3705314,-,PA3305.1,82,17,70500,6411463,438.664969545264,3.87677282562779e-137,mRNA,sRNA,
105,PA1284,PA0048,PAO1,1396256,1396256,-,PA1284,PAO1,62666,62666,-,PA0048,82,0,54,6481926,inf,0,mRNA,mRNA,
106,PA4641,BkdZ,PAO1,5210392,5210472,-,PA4641,PAO1,2478253,2478255,+,PA2250.1,82,113,27449,6454418,170.634156280819,3.54110459816063e-133,mRNA,sRNA,RNA2
107,cspD,Spa097,PAO1,2965337,2965345,+,PA2622,PAO1,3129625,3129633,+,Spa097,81,39,18767,6463175,715.27240942571,1.23418137123217e-168,mRNA,sRNA,
108,pqsE,BkdZ,PAO1,1083597,1083672,+,PA1000,PAO1,2478218,2478254,+,PA2250.1,81,803,27450,6453728,23.7158001755711,3.43084479607152e-72,mRNA,sRNA,RNA2
109,P30,RhlS/Spa104,PAO1,5308671,5308858,-,PA4726.2,PAO1,3889776,3889806,-,PA3476.1,81,2679,49480,6429822,3.92899580044557,1.22170144663478e-17,sRNA,sRNA,
110,ahpB,PhrS,PAO1,927790,927796,+,PA0848,PAO1,3705310,3705316,-,PA3305.1,80,1217,70502,6410263,5.97687013523652,1.78194307856154e-28,sRNA,sRNA,
111,CrcZ,Spa079,PAO1,5308907,5308925,+,PA4726.11,PAO1,3123367,3123408,-,Spa079,80,105014,277,6376691,17.537124670123,8.77139398077794e-59,sRNA,sRNA,
112,antR,PhrS,PAO1,2829167,2829178,-,PA2511,PAO1,3705311,3705312,-,PA3305.1,79,38,70503,6411442,189.056500768537,3.69195102396406e-119,mRNA,sRNA,
113,5_utr_PA2760,PhrS,PAO1,3119986,3120025,+,PA2760_5',PAO1,3705311,3705317,-,PA3305.1,78,156,70504,6411324,45.4678032452059,2.99896657474022e-85,5-utr,sRNA,
114,tRNA-Lys,3_utr_PA5314,PAO1,1060390,1060390,+,PA0976.1,PAO1,5985632,5985638,+,PA5314_3',77,63418,2139,6416428,3.64217428915542,1.17957390123106e-14,tRNA,3-utr,
115,Spa103,PhrS,PAO1,3616920,3617051,+,Spa103,PAO1,3705311,3705315,-,PA3305.1,77,869,70505,6410611,8.05657503417928,1.87652130418878e-35,sRNA,sRNA,
116,PA3275,PhrS,PAO1,3668842,3668980,-,PA3275,PAO1,3705310,3705311,-,PA3305.1,77,70,70505,6411410,100.029090135451,2.5863089738877e-103,mRNA,sRNA,
117,PA5436,PhrS,PAO1,6118561,6118600,-,PA5436,PAO1,3705311,3705312,-,PA3305.1,76,135,70506,6411345,51.1920939746656,5.22564371180117e-86,mRNA,sRNA,
118,PA4130,PhrS,PAO1,4618078,4618327,-,PA4130,PAO1,3705311,3705318,-,PA3305.1,76,541,70506,6410939,12.7735583180529,7.33491003432082e-48,mRNA,sRNA,
119,mucC,PhrS,PAO1,833711,833713,+,PA0765,PAO1,3705311,3705317,-,PA3305.1,73,420,70509,6411060,15.8037028707581,1.31951124858743e-51,mRNA,sRNA,
120,lon,AS2779,PAO1,1956237,1956238,+,PA1803,PAO1,3127847,3127848,+,PA2768.1,73,86,71269,6410634,76.3527575021202,9.22287199798053e-92,mRNA,sRNA,
121,PA3278,PhrS,PAO1,3670774,3670891,-,PA3278,PAO1,3705311,3705341,-,PA3305.1,73,1239,70509,6410241,5.35650304391619,7.45502768384351e-23,mRNA,sRNA,
122,RhlS/Spa104,Sr063/Spa38,PAO1,3889794,3889836,-,PA3476.1,PAO1,3116491,3116519,+,Sr063/Spa38,73,10915,20319,6450755,2.12328033464049,0.00628457082362316,sRNA,sRNA,
123,Spa170,PhrS,PAO1,5002064,5002378,-,Spa170,PAO1,3705310,3705312,-,PA3305.1,72,373,70510,6411107,17.5511660544413,1.17317568958707e-53,sRNA,sRNA,
124,napD,PhrS,PAO1,1275879,1276124,-,PA1175,PAO1,3705311,3705403,-,PA3305.1,72,90,74831,6407069,68.4964145875372,1.26870680694731e-87,mRNA,sRNA,
125,fgtA,PhrS,PAO1,1180500,1180588,+,PA1091,PAO1,3705311,3705315,-,PA3305.1,71,30,70511,6411450,215.197132362326,1.01185024073604e-108,mRNA,sRNA,
126,CrcZ,P30,PAO1,5308726,5308868,+,PA4726.11,PAO1,5308818,5308854,-,PA4726.2,71,1954058,55,4527878,2.99125147397225,0.000763213612503816,sRNA,sRNA,
127,IG_PA2372_vgrG3,PhrS,PAO1,2623846,2623855,-,IG_PA2372_PA2373,PAO1,3705311,3705318,-,PA3305.1,70,33,70512,6411447,192.875526022649,2.05215462845382e-105,intergenic,sRNA,
128,napA,PrrH/F1/F2,PAO1,1275703,1275878,-,PA1174,PAO1,5284061,5284319,+,PA4704.3,69,221,3110,6478662,650.401824504226,1.09635563861697e-155,mRNA,sRNA,
129,5_utr_PA3340,ReaL,PAO1,3751847,3751891,-,PA3340_5',PAO1,3958141,3958150,+,PA3535.1,68,290,8302,6473402,182.835600893843,3.15834951958025e-117,5-utr,sRNA,
130,katA,PrrH/F1/F2,PAO1,4752349,4752350,-,PA4236,PAO1,5284109,5284318,+,PA4704.3,68,1521,2445,6478028,118.452343133419,8.67659320356987e-107,mRNA,sRNA,
131,PA5027,AS2779,PAO1,5657558,5657560,+,PA5027,PAO1,3127844,3127848,+,PA2768.1,67,119,71275,6410601,50.6394945603636,5.0555334215658e-75,mRNA,sRNA,
132,5_utr_PA1728,PhrS,PAO1,1871049,1871148,+,PA1728_5',PAO1,3705310,3705314,-,PA3305.1,67,116,70515,6411364,52.5152863049436,6.70141352461481e-76,5-utr,sRNA,
133,fliC,PhrS,PAO1,1183377,1183386,+,PA1092,PAO1,3705311,3705313,-,PA3305.1,66,66,70516,6411414,90.9214079074252,4.07172199828341e-86,mRNA,sRNA,
134,PA3157,PhrS,PAO1,3540951,3541166,-,PA3157,PAO1,3705310,3705448,-,PA3305.1,65,111,74838,6407048,50.1332872999673,3.68100575482114e-72,mRNA,sRNA,
135,rpmB,PhrS,PAO1,5985993,5985994,-,PA5316,PAO1,3705311,3705312,-,PA3305.1,63,163,70519,6411317,35.1393764392087,2.11357762869842e-62,mRNA,sRNA,
136,5_utr_phzM,Spa097,PAO1,4713317,4713323,-,PA4209_5',PAO1,3129631,3129633,+,Spa097,63,13,18785,6463201,1667.37643782887,1.74084151103043e-140,5-utr,sRNA,
137,nadD2,PhrS,PAO1,5517416,5517676,-,PA4917,PAO1,3705311,3705312,-,PA3305.1,63,186,70519,6411294,30.7940742577269,1.95981542968058e-59,mRNA,sRNA,
138,PA0916,PrrH/F1/F2,PAO1,999684,999813,-,PA0916,PAO1,5284108,5284318,+,PA4704.3,63,96,2450,6479453,1735.56776785714,6.43146518858452e-165,mRNA,sRNA,
139,PA4129,PhrS,PAO1,4617112,4617355,-,PA4129,PAO1,3705311,3705312,-,PA3305.1,62,304,70520,6411176,18.5414417709048,6.78350429110204e-47,mRNA,sRNA,
140,AS_PhrD,ErsA,PAO1,785583,785617,-,AS_PA0714.1,PAO1,6183530,6183536,-,PA5492.1,62,1556,9587,6470857,26.8943573975362,3.17055760037419e-58,antisense,sRNA,
141,PA3307,PhrS,PAO1,3706562,3706792,-,PA3307,PAO1,3705310,3705311,-,PA3305.1,62,144,70520,6411336,39.1440206088107,1.06739191886889e-63,mRNA,sRNA,
142,oprC,PhrS,PAO1,4249822,4250070,-,PA3790,PAO1,3705309,3705318,-,PA3305.1,62,558,70520,6410922,10.1010304405369,7.05510279285133e-33,mRNA,sRNA,
143,CrcZ,AmiL,PAO1,5308920,5308964,+,PA4726.11,PAO1,3778034,3778035,-,PA3366.1,61,105033,140,6376828,26.4533532998472,1.25040746632713e-52,sRNA,sRNA,
144,PA0916,BkdZ,PAO1,999693,999810,-,PA0916,PAO1,2478248,2478255,+,PA2250.1,61,98,27470,6454433,146.252465769707,6.48082545838807e-95,mRNA,sRNA,RNA2
145,PA0099,PhrS,PAO1,120744,120968,+,PA0099,PAO1,3705309,3705311,-,PA3305.1,61,69,70521,6411411,80.3740587909984,5.10771465975661e-77,mRNA,sRNA,
146,PA3789,PhrS,PAO1,4247580,4247724,-,PA3789,PAO1,3705311,3705313,-,PA3305.1,61,555,70521,6410925,9.9916931011924,4.91142698525833e-32,mRNA,sRNA,
147,PA3931,PhrS,PAO1,4407326,4407601,+,PA3931,PAO1,3705310,3705311,-,PA3305.1,60,2245,70522,6409235,2.42893828516069,0.00151571026687729,mRNA,sRNA,
148,ssg,Sr063/Spa38,PAO1,5618579,5618662,-,PA5001,PAO1,3116513,3116519,+,Sr063/Spa38,60,357,19119,6462526,56.8093950274288,1.09780627334828e-73,mRNA,sRNA,
149,PA2177,PhrS,PAO1,2397653,2397894,+,PA2177,PAO1,3705310,3705317,-,PA3305.1,60,1,70522,6411479,5454.87564164374,7.99552449015558e-111,mRNA,sRNA,
150,lptD,RhlS/Spa104,PAO1,654675,654715,-,PA0595,PAO1,3889775,3889809,-,PA3476.1,60,17,49501,6432484,458.634870121459,3.46210348481154e-105,mRNA,sRNA,
151,PA4094,PhrS,PAO1,4577337,4577354,-,PA4094,PAO1,3705311,3705318,-,PA3305.1,59,115,70523,6411365,46.6416488237879,5.6000665712322e-64,mRNA,sRNA,
152,PA1131,PhrS,PAO1,1224225,1224240,-,PA1131,PAO1,3705310,3705317,-,PA3305.1,59,112,70523,6411368,47.8910011120992,1.65485471308227e-64,mRNA,sRNA,
153,flp,BkdZ,PAO1,4831027,4831061,+,PA4306,PAO1,2478254,2478254,+,PA2250.1,59,361,27472,6454170,38.3967912128511,1.15629540685476e-62,mRNA,sRNA,RNA2
154,cioA,PhrS,PAO1,4406370,4406521,-,PA3930,PAO1,3705309,3705318,-,PA3305.1,59,265,70523,6411215,20.2402419764567,2.41437189973855e-46,mRNA,sRNA,
155,PA2484,PhrS,PAO1,2803123,2803324,-,PA2484,PAO1,3705311,3705311,-,PA3305.1,59,21,70523,6411459,255.422297892683,9.81371207864143e-92,mRNA,sRNA,
156,PA4961,PhrS,PAO1,5569127,5569382,+,PA4961,PAO1,3705311,3705311,-,PA3305.1,58,3,70524,6411477,1757.63175656514,3.90042790976869e-104,mRNA,sRNA,
157,rcpC,Sr063/Spa38,PAO1,4829619,4829665,-,PA4305,PAO1,3116511,3116518,+,Sr063/Spa38,57,277,19122,6462606,69.5455669976971,2.6591650172757e-74,mRNA,sRNA,
158,Pant150,AS2779,PAO1,1489528,1489552,-,Pant150,PAO1,3127847,3127847,+,PA2768.1,57,15,71285,6410705,341.736396156274,1.85995058491847e-91,sRNA,sRNA,
159,PA0039,PhrS,PAO1,40616,40672,+,PA0039,PAO1,3705311,3705312,-,PA3305.1,57,72,70525,6411408,71.970194966324,9.51057606347581e-70,mRNA,sRNA,
160,miaA,PhrS,PAO1,5549648,5549697,-,PA4945,PAO1,3705311,3705311,-,PA3305.1,57,7,70525,6411473,740.272367448219,5.92746280593974e-98,mRNA,sRNA,
161,AS_PA2483,amiC,PAO1,2801851,2801851,+,AS_PA2483,PAO1,3774785,3774785,-,PA3364,56,0,78,6481928,inf,5.05553966783683e-263,antisense,mRNA,
162,napB,PhrS,PAO1,1272928,1272973,-,PA1173,PAO1,3705311,3705311,-,PA3305.1,55,32,70527,6411448,156.24762502304,3.88765708567455e-79,mRNA,sRNA,
163,wbpL,PhrS,PAO1,3529440,3529449,-,PA3145,PAO1,3705311,3705311,-,PA3305.1,55,146,70527,6411334,34.2454458809227,1.92456638706094e-53,mRNA,sRNA,
164,wzx,PhrS,PAO1,3536760,3536773,-,PA3153,PAO1,3705311,3705311,-,PA3305.1,55,25,70527,6411455,199.997178385582,2.41423433514596e-82,mRNA,sRNA,
165,bkdA1,PhrS,PAO1,2473209,2473219,+,PA2247,PAO1,3705311,3705311,-,PA3305.1,55,141,70527,6411339,35.4598510484441,4.02854521260609e-54,mRNA,sRNA,
166,PA3602,RhlS/Spa104,PAO1,4036324,4036485,+,PA3602,PAO1,3889777,3889802,-,PA3476.1,55,88,49506,6432413,81.2074925261584,2.60567957063681e-71,mRNA,sRNA,
167,tRNA-Lys,PA3181-3',PAO1,1060389,1060391,+,PA0976.1,PAO1,3570899,3570900,-,PA3180.1,54,63441,433,6418134,12.6166665083118,1.10405361356707e-32,tRNA,sRNA,RNA2
168,tRNA-Lys,phhC,PAO1,1060390,1060390,+,PA0976.1,PAO1,950923,950986,-,PA0870,54,63441,690,6417877,7.91709832415328,2.37263297345038e-23,tRNA,mRNA,
169,5_utr_gdhB,PhrS,PAO1,3441633,3441635,-,PA3068_5',PAO1,3705310,3705311,-,PA3305.1,54,30,70528,6411450,163.6316073049,3.13219895036659e-78,5-utr,sRNA,
170,PA2797,PhrS,PAO1,3154555,3154772,-,PA2797,PAO1,3705311,3705318,-,PA3305.1,54,19,70528,6411461,258.366139017575,1.03670194021559e-83,mRNA,sRNA,
171,PA3355,PhrS,PAO1,3766401,3766599,-,PA3355,PAO1,3705311,3705317,-,PA3305.1,54,28,70528,6411452,175.319633944775,3.99336616393177e-79,mRNA,sRNA,
172,P30,CrcZ,PAO1,5308901,5308948,-,PA4726.2,PAO1,5308634,5308679,+,PA4726.11,53,188,265619,6216202,6.59756992358195,7.37459568522321e-18,sRNA,sRNA,
173,sadC,PhrS,PAO1,4860886,4860893,-,PA4332,PAO1,3705311,3705312,-,PA3305.1,53,31,70529,6411449,155.41847439557,4.96143692185142e-76,mRNA,sRNA,
174,PA4523,PhrS,PAO1,5065570,5065698,-,PA4523,PAO1,3705311,3705311,-,PA3305.1,53,964,70529,6410516,4.99716969959504,3.44977966034246e-14,mRNA,sRNA,
175,5_utr_sigX,PhrS,PAO1,1920506,1920616,+,PA1776_5',PAO1,3705310,3705311,-,PA3305.1,52,64,70530,6411416,73.8590032610236,1.12536374883849e-63,5-utr,sRNA,
176,gidA,PhrS,PAO1,6259176,6259249,-,PA5565,PAO1,3705311,3705311,-,PA3305.1,52,0,70530,6411480,inf,6.74600618950137e-97,mRNA,sRNA,
177,PA4610,PhrS,PAO1,5168746,5168942,+,PA4610,PAO1,3705311,3705311,-,PA3305.1,52,108,70530,6411372,43.7679978574916,9.34200393373312e-55,mRNA,sRNA,
178,3_utr_PA1747,PhrS,PAO1,1889304,1889339,+,PA1747_3',PAO1,3705311,3705311,-,PA3305.1,51,5,70531,6411475,927.209950234648,2.24450743533286e-88,3-utr,sRNA,
179,PA5446,PhrS,PAO1,6135940,6135950,+,PA5446,PAO1,3705311,3705311,-,PA3305.1,51,54,70531,6411426,85.8521170360078,1.04907291644296e-64,sRNA,sRNA,
180,PA3080,PhrS,PAO1,3456369,3456375,-,PA3080,PAO1,3705311,3705314,-,PA3305.1,51,26,70531,6411454,178.309021783111,1.0886406447092e-74,mRNA,sRNA,
181,OprN-3',NtrC-3',PAO1,2814618,2814620,+,PA2495.1,PAO1,5774820,5774822,+,PA5125.01,51,3173,1164,6477674,89.4470890015952,4.89922272658161e-73,mRNA,sRNA,"RNA1, RNA2"
182,tRNA-Lys,PA2030,PAO1,1060390,1060390,+,PA0976.1,PAO1,2220602,2220602,-,PA2030,51,63444,1422,6417145,3.62762073706251,3.28087512433428e-08,tRNA,mRNA,
183,PhrS,AceF-3',PAO1,3705473,3705488,-,PA3305.1,PAO1,5640650,5640682,+,PA5016.1,51,6484,992,6474535,51.3362428421822,6.14828828026763e-61,sRNA,sRNA,RNA2
184,lbcA,PhrS,PAO1,5235040,5235130,+,PA4667,PAO1,3705311,3705313,-,PA3305.1,51,8,70531,6411472,579.505947739292,1.26170592743861e-85,mRNA,sRNA,
185,phnA,AzoR3-3',PAO1,1083929,1083959,+,PA1001,PAO1,3611198,3611267,-,PA3222.1,51,511,637,6480863,1015.4129189234,2.6114765808957e-125,mRNA,sRNA,RNA2
186,PA2779,BkdZ,PAO1,3137387,3137435,-,PA2779,PAO1,2478254,2478254,+,PA2250.1,51,149,27480,6454382,80.3936681222707,6.07406247210008e-68,mRNA,sRNA,RNA2
187,Pant109,PhrS,PAO1,1078156,1078160,+,Pant109,PAO1,3705311,3705312,-,PA3305.1,50,180,70532,6411300,25.2497684266243,1.05033761226843e-42,sRNA,sRNA,
188,sucA,PhrS,PAO1,1724224,1724287,+,PA1585,PAO1,3705310,3705312,-,PA3305.1,50,169,70532,6411311,26.8932906193571,7.44099315240384e-44,mRNA,sRNA,
189,CrcZ,Sr032,PAO1,5308916,5308925,+,PA4726.11,PAO1,4410892,4410892,-,Sr032,50,105044,34,6376934,89.2753904806277,5.40830517269208e-61,sRNA,sRNA,
190,PA1289,PhrS,PAO1,1400772,1401065,-,PA1289,PAO1,3705311,3705311,-,PA3305.1,50,353,70532,6411127,12.8748886045977,1.09644990414997e-30,mRNA,sRNA,
191,PA1729,PA3031,PAO1,1871562,1871562,+,PA1729,PAO1,3394829,3394829,+,PA3031,49,2,265,6481746,599255.76226415,7.54867039090901e-205,mRNA,mRNA,
192,arcD,PA4130,PAO1,5821298,5821298,+,PA5170,PAO1,4617793,4617793,-,PA4130,48,239,36,6481739,36160.3291492329,9.46071780938274e-182,mRNA,mRNA,
193,dsbH,PhrS,PAO1,5917950,5917974,-,PA5256,PAO1,3705311,3705311,-,PA3305.1,48,16,70534,6411464,272.696741996767,1.9804012009004e-74,mRNA,sRNA,
194,PA3270,PhrS,PAO1,3659490,3659541,-,PA3270,PAO1,3705310,3705311,-,PA3305.1,48,87,70534,6411393,50.1505695956853,1.94801202851383e-52,mRNA,sRNA,
195,pauR,AS2779,PAO1,5970222,5970562,-,PA5301,PAO1,3127847,3127848,+,PA2768.1,48,921,71294,6409799,4.68568442881241,2.0820122026387e-11,mRNA,sRNA,
196,AS_PA1366,PhrS,PAO1,1479166,1479223,+,AS_PA1366,PAO1,3705311,3705314,-,PA3305.1,48,19,70534,6411461,229.639254230509,9.48088216186353e-73,antisense,sRNA,
197,Spa005,PhrS,PAO1,2556694,2556768,-,Spa005,PAO1,3705310,3705311,-,PA3305.1,48,111,70534,6411369,39.3070560565385,1.97254995530257e-48,sRNA,sRNA,
198,wbpD,PhrS,PAO1,3540207,3540417,-,PA3156,PAO1,3705311,3705316,-,PA3305.1,48,93,70534,6411387,46.9150050719076,2.34828511907922e-51,mRNA,sRNA,
199,pqsE,RgsA,PAO1,1083731,1083738,+,PA1000,PAO1,3318868,3318868,+,PA2958.1,47,473,17894,6463648,35.8927704634125,2.63554334983703e-48,mRNA,sRNA,
200,sodB,PhrS,PAO1,4893714,4893731,+,PA4366,PAO1,3705310,3705311,-,PA3305.1,47,129,70535,6411351,33.1171557580683,1.70888270211222e-44,mRNA,sRNA,
201,algW,PhrS,PAO1,4979832,4979849,+,PA4446,PAO1,3705309,3705487,-,PA3305.1,47,0,74856,6407159,inf,7.22545426683512e-86,mRNA,sRNA,
202,PA5027,PhrS,PAO1,5658098,5658102,+,PA5027,PAO1,3705311,3705318,-,PA3305.1,47,164,70535,6411316,26.0493278721686,2.0059964250728e-40,mRNA,sRNA,
203,5_utr_PA0876,ErsA,PAO1,958151,958380,+,PA0876_5',PAO1,6183529,6183535,-,PA5492.1,47,1524,9602,6470889,20.7833302855212,3.39659755553383e-38,5-utr,sRNA,
204,PA3278,ErsA,PAO1,3671011,3671082,-,PA3278,PAO1,6183530,6183566,-,PA5492.1,46,1144,9603,6471269,27.0965707467581,2.79362476083608e-42,mRNA,sRNA,
205,AS_PA4781,lspA,PAO1,5369990,5369990,+,AS_PA4781,PAO1,5106887,5106887,-,PA4559,46,0,23,6481993,inf,2.48996867265954e-232,antisense,mRNA,
206,5_utr_mvfR,PhrS,PAO1,1087306,1087333,-,PA1003_5',PAO1,3705310,3705310,-,PA3305.1,46,58,70536,6411422,72.0897257648821,1.73906436476486e-55,5-utr,sRNA,
207,pslC,BkdZ,PAO1,2457323,2457326,+,PA2233,PAO1,2478250,2478254,+,PA2250.1,45,270,27486,6454261,39.1366574498532,3.87393420852763e-47,mRNA,sRNA,RNA2
208,PA5290,PhrS,PAO1,5954911,5954911,+,PA5290,PAO1,3705310,3705310,-,PA3305.1,45,0,70537,6411480,inf,3.7344521229992e-83,mRNA,sRNA,
209,PA1414,RhlS/Spa104,PAO1,1538811,1538811,+,PA1414,PAO1,3889774,3889778,-,PA3476.1,45,2441,38182,6441394,3.11003964689183,0.000106215816352706,mRNA,sRNA,
210,AS_PA0820,recC,PAO1,897221,897221,-,AS_PA0820,PAO1,4805929,4805929,-,PA4285,45,4,0,6482013,inf,6.1799520533746e-240,antisense,mRNA,
211,PA4420,PhrS,PAO1,4955467,4955486,-,PA4420,PAO1,3705311,3705311,-,PA3305.1,45,53,70537,6411427,77.1745953749417,3.90432844037871e-55,mRNA,sRNA,
212,PA1041,PhrS,PAO1,1127443,1127708,+,PA1041,PAO1,3705310,3705311,-,PA3305.1,45,65,70537,6411415,62.9268599894654,2.99867729649467e-52,mRNA,sRNA,
213,rmf,OprB-3',PAO1,3414635,3414636,+,PA3049,PAO1,3575845,3575846,-,PA3185.1,44,2395,3606,6476017,32.9935780889424,5.05932744976671e-44,mRNA,sRNA,RNA2
214,PA3568,OprN-3',PAO1,3999182,3999182,-,PA3568,PAO1,2814663,2814663,+,PA2495.1,44,0,3771,6478247,inf,4.74742965792441e-137,mRNA,sRNA,
215,PA3919,PhrS,PAO1,4388231,4388243,-,PA3919,PAO1,3705311,3705311,-,PA3305.1,44,104,70538,6411376,38.4545242389808,1.05367174421491e-43,mRNA,sRNA,
216,IG_wbpA-wzz,PhrS,PAO1,3545635,3545763,-,IG_PA3159-PA3160,PAO1,3705311,3705315,-,PA3305.1,44,553,70538,6410927,7.2314474590716,9.61974945776541e-17,intergenic,sRNA,
217,PA5061,AceF-3',PAO1,5701668,5701737,-,PA5061,PAO1,5640675,5640682,+,PA5016.1,44,202,999,6480817,1413.07618509598,3.88021015715311e-113,mRNA,sRNA,RNA2
218,IG_PA0981-0982,RhlS/Spa104,PAO1,1063728,1063745,-,IG_PA0981-0982,PAO1,3889774,3889802,-,PA3476.1,44,28,49517,6432473,204.135384961586,3.66236899162836e-68,intergenic,sRNA,
219,PA4623,PhrS,PAO1,5184293,5184296,-,PA4623,PAO1,3705310,3705311,-,PA3305.1,43,4,70539,6411476,977.095890216759,5.3892838613873e-74,mRNA,sRNA,
220,CrcZ,braC,PAO1,5308598,5308598,+,PA4726.11,PAO1,1161808,1161808,-,PA1074,43,15759,227,6466033,77.7234123679553,3.37280123086764e-57,sRNA,mRNA,
221,wbpI,PhrS,PAO1,3532301,3532318,-,PA3148,PAO1,3705316,3705317,-,PA3305.1,43,177,70539,6411303,22.0806672399761,3.08006930683428e-34,mRNA,sRNA,
222,AS_PA4624,PhrS,PAO1,5186146,5186146,+,AS_PA4624,PAO1,3705311,3705311,-,PA3305.1,43,22,70539,6411458,177.653299464255,3.02734833959216e-62,antisense,sRNA,
223,PA0215,PhrS,PAO1,243432,243753,+,PA0215,PAO1,3705311,3705312,-,PA3305.1,43,344,70539,6411136,11.3609776152199,2.19191119904429e-23,mRNA,sRNA,
224,bphO,PhrS,PAO1,4604483,4604663,+,PA4116,PAO1,3705311,3705313,-,PA3305.1,43,174,70539,6411306,22.4613789094905,2.75122686562494e-34,mRNA,sRNA,
225,PA4016,PhrS,PAO1,4496567,4496663,+,PA4016,PAO1,3705309,3705318,-,PA3305.1,43,0,70539,6411480,inf,3.15351560617693e-79,mRNA,sRNA,
226,carB,PhrS,PAO1,5341858,5341902,-,PA4756,PAO1,3705311,3705313,-,PA3305.1,42,86,70540,6411394,44.3882323075807,1.30986033293637e-43,mRNA,sRNA,
227,PA1752,OprB-3',PAO1,1893499,1893579,+,PA1752,PAO1,3575846,3575847,-,PA3185.1,42,16,3608,6478396,4713.35629157428,1.7170432376338e-117,mRNA,sRNA,RNA2
228,oprD,RhlS/Spa104,PAO1,1044503,1044585,-,PA0958,PAO1,3889775,3889777,-,PA3476.1,41,27,38186,6443808,256.246838573764,1.85017639895337e-67,mRNA,sRNA,
229,IG_PA1352_PA1353,PA1344,PAO1,1467430,1467430,-,IG_PA1352_PA1353,PAO1,1458475,1458475,+,PA1344,41,0,6,6482015,inf,1.54620780730498e-217,3-utr,mRNA,
230,PA2046,PhrS,PAO1,2238831,2238831,-,PA2046,PAO1,3705311,3705311,-,PA3305.1,41,0,70541,6411480,inf,2.66280101891361e-75,mRNA,sRNA,
231,AS_gtdA,mexT,PAO1,2788419,2788419,-,AS_PA2470,PAO1,2807706,2807706,+,PA2492,41,3,20,6481998,4429365.3,1.18940055620916e-204,antisense,mRNA,
232,AS_PA0712,PhrS,PAO1,783664,783669,+,AS_PA0712,PAO1,3705311,3705311,-,PA3305.1,41,3,70541,6411477,1242.16440084489,3.41540967939439e-71,antisense,sRNA,
233,clpX,PhrS,PAO1,1955094,1955282,+,PA1802,PAO1,3705311,3705387,-,PA3305.1,41,335,70541,6411145,11.1232842887813,8.8775570472463e-22,mRNA,sRNA,
234,3_utr_napC,PhrS,PAO1,1271836,1272110,-,PA1172_3',PAO1,3705311,3705312,-,PA3305.1,41,87,70541,6411393,42.8326940214275,5.75194209474662e-42,3-utr,sRNA,
235,PA4368,PhrS,PAO1,4897216,4897266,-,PA4368,PAO1,3705311,3705311,-,PA3305.1,40,1,70542,6411479,3635.55272036517,9.92543679089928e-72,mRNA,sRNA,
236,PA5244,PhrS,PAO1,5906164,5906173,+,PA5244,PAO1,3705311,3705318,-,PA3305.1,40,0,70542,6411480,inf,2.4468168230541e-73,mRNA,sRNA,
237,PA1874,PA0460,PAO1,2042769,2042769,+,PA1874,PAO1,521105,521105,+,PA0460,40,2,10,6482010,12964020,2.0135248648988e-206,mRNA,mRNA,
238,PA5523,PhrS,PAO1,6217118,6217177,-,PA5523,PAO1,3705311,3705311,-,PA3305.1,40,61,70542,6411419,59.5986671816487,2.90438339286775e-45,mRNA,sRNA,
239,PA2482,AS2779,PAO1,2801445,2801446,-,PA2482,PAO1,3127847,3127848,+,PA2768.1,40,51,71302,6410669,70.5166150497112,2.31446195114891e-47,mRNA,sRNA,
240,PA3415,ErsA,PAO1,3822309,3822309,-,PA3415,PAO1,6183530,6183530,-,PA5492.1,40,21,9609,6472392,1283.0019475789,7.27941542278025e-92,mRNA,sRNA,
241,rplA,oprC,PAO1,4782346,4782346,-,PA4273,PAO1,4248081,4248081,-,PA3790,40,59,57,6481906,77096.7112696996,5.45955524779581e-164,mRNA,mRNA,
242,dppB,PhrS,PAO1,5042565,5042565,+,PA4503,PAO1,3705310,3705313,-,PA3305.1,40,9,70542,6411471,403.949798228951,4.5664440322054e-64,mRNA,sRNA,
243,Sr063/Spa38,mucP,PAO1,3116458,3116475,+,Sr063/Spa38,PAO1,4087564,4087739,-,PA3649,40,18396,1365,6462261,10.2941012021246,1.45912415844054e-20,sRNA,mRNA,
244,PA2788,Sr90,PAO1,3146043,3146110,-,PA2788,PAO1,2031737,2031825,+,Sr90,40,49,4031,6477942,1311.8620487143,1.81649853195979e-97,mRNA,sRNA,
245,wbpL,Sr063/Spa38,PAO1,3529188,3529404,-,PA3145,PAO1,3116499,3116518,+,Sr063/Spa38,40,403,20352,6461267,31.5112433088315,2.67109840214353e-38,mRNA,sRNA,
246,mpaR,5_utr_bkdA1,PAO1,4621681,4621681,+,PA4132,PAO1,2473162,2473162,+,PA2247_5',39,31,82,6481910,99447.0849724626,2.19856159600491e-162,mRNA,5-utr,
247,spuC,BkdZ,PAO1,337234,337234,+,PA0299,PAO1,2478216,2478254,+,PA2250.1,39,23,27492,6454508,398.101284800637,1.35876145551657e-70,mRNA,sRNA,RNA2
248,5_utr_PA4621,PA2174,PAO1,5182363,5182376,-,PA4621_5',PAO1,2396240,2396241,-,PA2174,39,574,1404,6480045,313.591027874564,1.13791181821461e-75,5-utr,mRNA,
249,rmf,pta,PAO1,3414617,3414617,+,PA3049,PAO1,909607,909607,-,PA0835,39,2400,0,6479623,inf,1.68255776259371e-128,mRNA,mRNA,
250,PA2462,Sr063/Spa38,PAO1,2762319,2762326,-,PA2462,PAO1,3116504,3116519,+,Sr063/Spa38,39,51,19140,6462832,258.211371319687,7.5618106619032e-68,mRNA,sRNA,
251,PA2756,Sr063/Spa38,PAO1,3117256,3117378,-,PA2756,PAO1,3116515,3116517,+,Sr063/Spa38,39,16,19140,6462867,823.053203369906,5.29929379884068e-80,mRNA,sRNA,
252,IG_PA3835-PA3836,PhrS,PAO1,4296915,4297070,-,IG_PA3835-PA3836,PAO1,3705310,3705311,-,PA3305.1,39,106,70543,6411374,33.4392038149353,2.49895697893003e-36,intergenic,sRNA,
253,acnA,PhrS,PAO1,1702399,1702399,-,PA1562,PAO1,3705314,3705314,-,PA3305.1,38,29,70544,6411451,119.091795973752,1.19604139539395e-50,mRNA,sRNA,
254,ddaR,AS2779,PAO1,1298613,1298613,+,PA1196,PAO1,3127843,3127843,+,PA2768.1,38,0,71304,6410720,inf,3.10387989568759e-69,mRNA,sRNA,
255,PA3684,PA2030,PAO1,4126099,4126099,-,PA3684,PAO1,2220602,2220602,-,PA2030,38,43,1435,6480546,3990.9366826027,3.2451440962077e-110,mRNA,mRNA,
256,PA3278,PhrS,PAO1,3671008,3671082,-,PA3278,PAO1,3705311,3705318,-,PA3305.1,38,1152,70544,6410328,2.99744544775837,0.00477875551421479,mRNA,sRNA,
257,PA3139,pscB,PAO1,3523328,3523328,+,PA3139,PAO1,1859145,1859145,+,PA1715,38,0,0,6482024,inf,6.13175767899657e-209,mRNA,mRNA,
258,rpsG,PhrS,PAO1,4771680,4771680,-,PA4267,PAO1,3705311,3705311,-,PA3305.1,38,30,70544,6411450,115.122051485597,2.68228531355883e-50,mRNA,sRNA,
259,PA1527,PhrS,PAO1,1664295,1664295,+,PA1527,PAO1,3705310,3705311,-,PA3305.1,38,34,70544,6411446,101.578217349539,5.70194665635276e-49,mRNA,sRNA,
260,Pant109,3_utr_PA3928,PAO1,1078164,1078164,+,Pant109,PAO1,4403641,4403641,-,PA3928_3',38,192,1998,6479834,641.875448365031,1.76899379792261e-84,sRNA,3-utr,
261,bfrB,Pant102,PAO1,3950567,3950567,+,PA3531,PAO1,1039068,1039068,+,Pant102,38,33,31,6481960,240776.617790811,4.56814822857319e-169,mRNA,sRNA,
262,PA1542,AS2779,PAO1,1680185,1680191,-,PA1542,PAO1,3127847,3127847,+,PA2768.1,38,0,71304,6410720,inf,3.10387989568759e-69,mRNA,sRNA,
263,guaB,PhrS,PAO1,4228811,4228818,-,PA3770,PAO1,3705312,3705317,-,PA3305.1,38,0,70544,6411480,inf,2.06589695801144e-69,mRNA,sRNA,
264,oprG,Pant445/Spa93,PAO1,4545283,4545304,+,PA4067,PAO1,5372505,5372506,-,Pant445/Spa93,38,166,1974,6479884,751.442218722916,7.62883488817419e-87,mRNA,sRNA,
265,5_utr_PA1245,AS2779,PAO1,1349187,1349215,+,PA1245_5',PAO1,3127845,3127846,+,PA2768.1,38,209,71304,6410511,16.3461720877574,2.59800619839053e-25,5-utr,sRNA,
266,mexS,htpX,PAO1,2807375,2807375,-,PA2491,PAO1,3183908,3183909,+,PA2830,37,182,590,6481253,2233.24977649469,9.09762215179604e-102,mRNA,mRNA,
267,3_utr_PA2378,PA5232,PAO1,2629821,2629821,-,PA2378_3',PAO1,5890806,5890806,-,PA5232,37,4,53,6481968,1131286.86792452,2.67456849257211e-173,3-utr,mRNA,
268,chpA,PhrS,PAO1,457924,457924,+,PA0413,PAO1,3705309,3705309,-,PA3305.1,37,151,70545,6411329,22.269301873446,8.63347102767844e-29,mRNA,sRNA,
269,PA2814,PhrS,PAO1,3167556,3167558,-,PA2814,PAO1,3705311,3705311,-,PA3305.1,37,0,70545,6411480,inf,1.89824869990322e-67,mRNA,sRNA,
270,PA0668.1,PA1677,PAO1,722095,722095,+,PA0668.1,PAO1,1827215,1827215,-,PA1677,37,88,0,6481937,inf,7.71343466771784e-172,rRNA,mRNA,
271,IG_PA3190-PA3191,gabT2,PAO1,3582130,3582130,+,IG_PA3190-PA3191,PAO1,5983935,5983935,+,PA5313,37,0,82,6481943,inf,8.91171365117866e-173,intergenic,mRNA,
272,IG_lecA-tRNA-Leu,PhrS,PAO1,2905705,2905705,-,IG_PA2570-PA2570.1,PAO1,3705311,3705311,-,PA3305.1,37,0,70545,6411480,inf,1.89824869990322e-67,intergenic,sRNA,
273,clpV3,PhrS,PAO1,2622976,2622976,+,PA2371,PAO1,3705310,3705310,-,PA3305.1,37,0,70545,6411480,inf,1.89824869990322e-67,mRNA,sRNA,
274,PA1414,PA1804.1,PAO1,1538794,1538794,+,PA1414,PAO1,1959129,1959129,+,PA1804.1,37,4884,2962,6474179,16.5586801505943,7.88536236700783e-26,mRNA,tRNA,
275,PA5006,PhrS,PAO1,5625155,5625233,-,PA5006,PAO1,3705311,3705311,-,PA3305.1,37,119,70545,6411361,28.2578266092743,5.20539749593714e-32,mRNA,sRNA,
276,PA1592,PhrS,PAO1,1734990,1735087,-,PA1592,PAO1,3705311,3705311,-,PA3305.1,37,161,70545,6411319,20.88608284479,6.48474475428468e-28,mRNA,sRNA,
277,BetT1-5',PhrS,PAO1,6051396,6051435,+,PA5374.1,PAO1,3705311,3705312,-,PA3305.1,37,297,70545,6411183,11.3218451436184,1.76320252530363e-19,sRNA,sRNA,RNA1
278,PA0588,AS2779,PAO1,646758,646791,-,PA0588,PAO1,3127847,3127848,+,PA2768.1,36,155,71306,6410565,20.880506820672,5.02664027396703e-27,mRNA,sRNA,
279,PA0268,PhrS,PAO1,305205,305205,-,PA0268,PAO1,3705311,3705311,-,PA3305.1,36,0,70546,6411480,inf,1.74418072519425e-65,mRNA,sRNA,
280,fliD,lon,PAO1,1185263,1185263,+,PA1094,PAO1,1958164,1958164,+,PA1803,36,10,0,6482016,inf,7.4695191055365e-189,mRNA,mRNA,
281,PA3051,oprH,PAO1,3415996,3415996,-,PA3051,PAO1,1277448,1277448,+,PA1178,36,21,73,6481932,152217.581213307,3.39200741137699e-154,mRNA,mRNA,
282,CrcZ,PA1682,PAO1,5308696,5308696,+,PA4726.11,PAO1,1832109,1832109,+,PA1682,36,3357912,0,3124114,inf,4.27629146086816e-05,sRNA,mRNA,
283,Pant66,OprN-3',PAO1,648756,648763,-,Pant66,PAO1,2814645,2814670,+,PA2495.1,36,672,3779,6477575,91.8266595471213,1.06256759339016e-50,sRNA,sRNA,
284,CrcZ,ansB,PAO1,5308878,5308878,+,PA4726.11,PAO1,1450947,1450947,-,PA1337,36,505193,0,5976833,inf,1.04117127494977e-34,sRNA,mRNA,
285,PA0744,PhrS,PAO1,812299,812300,-,PA0744,PAO1,3705310,3705311,-,PA3305.1,36,69,70546,6411411,47.4170612082896,1.42170102569987e-37,mRNA,sRNA,
286,hsiB3,PhrS,PAO1,2614866,2614868,+,PA2365,PAO1,3705311,3705311,-,PA3305.1,36,93,70546,6411387,35.1802685596129,7.4944921351233e-34,sRNA,sRNA,
287,CrcZ,PA3535,PAO1,5308698,5308698,+,PA4726.11,PAO1,3956448,3956448,+,PA3535,36,3357912,1,3124113,33.4934530744105,0.000784732171975877,sRNA,mRNA,
288,tpiA,PhrS,PAO1,5333321,5333508,-,PA4748,PAO1,3705311,3705311,-,PA3305.1,36,96,70546,6411384,34.0808692200833,1.90348022037488e-33,mRNA,sRNA,
289,PA0179,PhrS,PAO1,204274,204331,-,PA0179,PAO1,3705311,3705311,-,PA3305.1,36,824,70546,6410656,3.9701358529682,9.40002602430819e-06,mRNA,sRNA,
290,hptB,PhrS,PAO1,3757568,3757847,-,PA3345,PAO1,3705310,3705311,-,PA3305.1,36,229,70546,6411251,14.2868802380731,5.86401329684091e-22,mRNA,sRNA,
291,sdhA,PhrS,PAO1,1722130,1722260,+,PA1583,PAO1,3705310,3705311,-,PA3305.1,36,107,70546,6411373,30.5771759978443,4.71892806610506e-32,mRNA,sRNA,
292,ftsW,PhrS,PAO1,4946436,4946507,-,PA4413,PAO1,3705311,3705312,-,PA3305.1,36,54,70546,6411426,60.5886088509624,1.69849775883777e-40,mRNA,sRNA,
293,PA0876,AspA-3',PAO1,958389,958389,+,PA0876,PAO1,6110826,6110826,+,PA5429.1,35,395,4790,6476842,119.811564176422,6.15334323494511e-53,5-utr,sRNA,RNA2
294,CrcZ,PA1181,PAO1,5308678,5308678,+,PA4726.11,PAO1,1282763,1282763,+,PA1181,35,3357913,0,3124114,inf,8.25484071974e-05,sRNA,mRNA,
295,P30,Pant445/Spa93,PAO1,5308896,5308896,-,PA4726.2,PAO1,5372505,5372505,-,Pant445/Spa93,35,1647,1977,6478403,69.6363078253589,3.34867449554402e-45,sRNA,sRNA,
296,3_utr_PA0200,PhrS,PAO1,229393,229393,-,PA0200_3',PAO1,3705311,3705311,-,PA3305.1,35,13,70547,6411467,244.682862815951,2.69255652313445e-52,3-utr,sRNA,
297,PA5446,AS_PA2599,PAO1,6135793,6135793,+,PA5446,PAO1,2942111,2942111,+,AS_PA2599,35,117,7,6481903,277004.401709401,2.84504292420997e-151,mRNA,antisense,
298,AS_wbpJ,RhlS/Spa104,PAO1,3530854,3530891,+,AS_PA3147,PAO1,3889776,3889778,-,PA3476.1,35,21,38192,6443814,281.202607875995,9.06344955077924e-58,antisense,sRNA,
299,PA0668.1,amn,PAO1,722100,722100,+,PA0668.1,PAO1,4450135,4450135,-,PA3970,35,90,0,6481937,inf,4.04610257637913e-162,rRNA,mRNA,
300,AS_alkA,PhrS,PAO1,1835456,1835456,+,AS_PA1686,PAO1,3705311,3705311,-,PA3305.1,35,19,70547,6411461,167.414433677287,2.40460818086364e-49,antisense,sRNA,
301,5_utr_PA0876,pilW,PAO1,958303,958303,+,PA0876_5',PAO1,5099722,5099722,+,PA4552,35,395,2,6481630,287160.82278481,7.60893854453147e-139,5-utr,mRNA,
302,wbpL,PhrS,PAO1,3528654,3528658,-,PA3145,PAO1,3705311,3705312,-,PA3305.1,35,502,70547,6410978,6.33592552268141,8.58837809880841e-11,mRNA,sRNA,
303,PA1289,RhlS/Spa104,PAO1,1401155,1401194,-,PA1289,PAO1,3889779,3889788,-,PA3476.1,35,78,38192,6443757,75.7077247349424,9.24941881155278e-44,mRNA,sRNA,
304,BetT1-5',CrcZ,PAO1,6051464,6051464,+,PA5374.1,PAO1,5308683,5308683,+,PA4726.11,35,225,265637,6216165,3.64015178608401,0.000738727422292765,sRNA,sRNA,RNA1
305,IG_wbpA-wzz,PA5037,PAO1,3545573,3545573,-,IG_PA3159-PA3160,PAO1,5673637,5673637,-,PA5037,35,239,0,6481788,inf,6.9199479614466e-149,intergenic,mRNA,
306,oprG,PhrS,PAO1,4545046,4545046,+,PA4067,PAO1,3705311,3705311,-,PA3305.1,35,191,70547,6411289,16.6533450611849,3.13507810495436e-23,mRNA,sRNA,
307,phzC2,bkdA2,PAO1,2072756,2072756,+,PA1901,PAO1,2474561,2474561,+,PA2248,35,31,90,6481906,81314.2329749104,2.59104478078187e-143,mRNA,mRNA,
308,IG_aer_acnA,PA3416,PAO1,1700205,1700205,+,IG_PA1561_1562,PAO1,3822702,3822702,-,PA3416,35,6,46,6481975,821989.583333333,1.51246616148588e-163,intergenic,mRNA,
309,PA3071,AS_PA2127,PAO1,3444536,3444536,+,PA3071,PAO1,2341149,2341149,+,AS_PA2127,35,10,0,6482017,inf,1.05255706140117e-183,mRNA,antisense,
310,PA3306,PA1474,PAO1,3706237,3706237,+,PA3306,PAO1,1600464,1600464,-,PA1474,35,0,0,6482027,inf,3.29935821015983e-193,mRNA,mRNA,
311,AS_PA2953,BkdZ,PAO1,3313117,3313117,-,AS_PA2953,PAO1,2478254,2478254,+,PA2250.1,35,0,27496,6454531,inf,7.73706863144123e-78,antisense,sRNA,RNA2
312,PA4641,PhrS,PAO1,5210417,5210458,-,PA4641,PAO1,3705311,3705312,-,PA3305.1,35,121,70547,6411359,26.2877986389004,3.95435063432171e-29,mRNA,sRNA,
313,clpB,PhrS,PAO1,5089869,5089957,-,PA4542,PAO1,3705311,3705311,-,PA3305.1,35,15,70547,6411465,212.058414957404,3.07519728449813e-51,mRNA,sRNA,
314,PA3309,PhrS,PAO1,3710244,3710490,+,PA3309,PAO1,3705317,3705317,-,PA3305.1,35,979,70547,6410501,3.24861895979835,0.00439942828645021,mRNA,sRNA,
315,PA2759,PhrS,PAO1,3119215,3119672,-,PA2759,PAO1,3705311,3705311,-,PA3305.1,35,274,70547,6411206,11.6085683520609,1.60524372949572e-18,mRNA,sRNA,
316,lasB,RhlS/Spa104,PAO1,4169468,4169468,-,PA3724,PAO1,3889777,3889777,-,PA3476.1,34,17,38193,6443818,337.434503704867,1.7264460947582e-57,mRNA,sRNA,
317,tRNA-Lys,RgsA,PAO1,1060402,1060402,+,PA0976.1,PAO1,3318868,3318868,+,PA2958.1,34,3062,17907,6461059,4.00640273753459,3.24305377317345e-05,tRNA,sRNA,
318,PA3647,roeA,PAO1,4084522,4084522,-,PA3647,PAO1,1199640,1199640,-,PA1107,34,12,0,6482016,inf,2.37760910782542e-177,mRNA,mRNA,
319,phhB,pqsD,PAO1,952453,952453,-,PA0871,PAO1,1082427,1082427,+,PA0999,34,97,222,6481709,10233.9605275378,4.71133377473084e-114,mRNA,mRNA,
320,PA1053,lpdV,PAO1,1141576,1141576,+,PA1053,PAO1,2477435,2477435,+,PA2250,34,157,150,6481721,9357.8986836518,4.29485360624219e-113,mRNA,mRNA,
321,AS_arnF,BkdZ,PAO1,3988062,3988062,-,AS_PA3559,PAO1,2478254,2478254,+,PA2250.1,34,0,27497,6454531,inf,1.82390425407699e-75,antisense,sRNA,RNA2
322,IG_sbp_0824,CrcZ,PAO1,317834,317834,+,IG_PA0283_0824,PAO1,5308623,5308623,+,PA4726.11,34,0,265638,6216390,inf,5.53028240191668e-42,intergenic,sRNA,
323,AS_PA1829,ErsA,PAO1,1988646,1988646,+,AS_PA1829,PAO1,6183579,6183579,-,PA5492.1,34,0,9615,6472413,inf,5.79464267276938e-91,antisense,sRNA,
324,CrcZ,AS_PA2318,PAO1,5308845,5308890,+,PA4726.11,PAO1,2556418,2556483,-,AS_PA2318,34,505195,68,5976765,5.91530498124486,1.0795329965923e-07,sRNA,antisense,
325,RhlS/Spa104,phhC,PAO1,3889829,3889838,-,PA3476.1,PAO1,950917,950924,-,PA0870,34,10819,710,6470499,28.6398818458398,6.80452322945904e-31,sRNA,mRNA,
326,cifR,PhrS,PAO1,3286715,3286755,-,PA2931,PAO1,3705311,3705311,-,PA3305.1,34,20,70548,6411460,154.497391846685,3.82617117745805e-47,mRNA,sRNA,
327,PA3185,PA1507-3',PAO1,3575707,3575707,-,PA3185,PAO1,1636260,1636260,-,PA1506.1,34,205,1781,6480042,603.446756412538,1.92111667954254e-74,mRNA,sRNA,RNA2
328,PA1650,CrcZ,PAO1,1797231,1797231,+,PA1650,PAO1,5308712,5308712,+,PA4726.11,34,28,1398968,5083032,4.41200452251741,0.00926199497766634,mRNA,sRNA,
329,algP,PhrS,PAO1,5916073,5916078,-,PA5253,PAO1,3705311,3705313,-,PA3305.1,34,309,70548,6411171,9.9993804397309,5.48126341919543e-16,mRNA,sRNA,
330,5_utr_PA2770,PhrS,PAO1,3129437,3129468,-,PA2770_5',PAO1,3705311,3705311,-,PA3305.1,34,73,70548,6411407,42.327702658095,6.30046022616917e-34,sRNA,5-utr,
331,mobA,RhlS/Spa104,PAO1,3394708,3394851,+,PA3030,PAO1,3889776,3889777,-,PA3476.1,34,1108,38193,6442727,5.17636763347395,4.27409563928775e-08,mRNA,sRNA,
332,PA1198,PhrS,PAO1,1300200,1300204,+,PA1198,PAO1,3705311,3705313,-,PA3305.1,34,119,70548,6411361,25.9655472667039,5.07047273395325e-28,mRNA,sRNA,
333,PA0588,RhlS/Spa104,PAO1,647804,648077,-,PA0588,PAO1,3889775,3889777,-,PA3476.1,34,182,38193,6443653,31.5178004254274,2.32591623048282e-31,mRNA,sRNA,
334,acsB,retS,PAO1,5315872,5315872,+,PA4733,PAO1,5453671,5453671,+,PA4856,33,0,0,6482029,inf,1.16494220681915e-182,mRNA,mRNA,
335,glyA2,5_utr_PA5174,PAO1,2743421,2743421,-,PA2444,PAO1,5826036,5826036,+,PA5174_5',33,14,0,6482015,inf,3.97995252955734e-171,mRNA,5-utr,
336,rpmG,RhlS/Spa104,PAO1,5985805,5985805,-,PA5315,PAO1,3889777,3889777,-,PA3476.1,33,9,38194,6443826,618.614494423207,9.26078505703292e-60,mRNA,sRNA,
337,5_utr_PA5232,AspA-3',PAO1,5890977,5890977,-,PA5232_5',PAO1,6110937,6110937,+,PA5429.1,33,39,9665,6472325,566.640733813522,1.508882580394e-67,5-utr,sRNA,RNA2
338,ErsA,5_utr_PA0876,PAO1,6183632,6183632,-,PA5492.1,PAO1,958093,958093,+,PA0876_5',33,9665,11,6472353,2009.00765649249,3.48577009537282e-78,sRNA,5-utr,
339,AS_PA4637a,AS_dnaE,PAO1,5206761,5206761,+,AS_PA4637a,PAO1,4075308,4075308,+,AS_PA3640,33,0,0,6482029,inf,1.16494220681915e-182,antisense,antisense,
340,clpA,CrcZ,PAO1,2963513,2963513,-,PA2620,PAO1,5308964,5308964,+,PA4726.11,33,76,695863,5786090,3.61045375916024,0.0182813855987359,mRNA,sRNA,
341,pqsB,BkdZ,PAO1,1080688,1080688,+,PA0997,PAO1,2478254,2478254,+,PA2250.1,33,412,27498,6454119,18.7997721105224,6.67691116739266e-24,mRNA,sRNA,RNA2
342,leuC,ambB,PAO1,3504040,3504040,-,PA3121,PAO1,2544587,2544587,-,PA2305,33,0,19,6482010,inf,8.8955429243865e-169,mRNA,mRNA,
343,Spa113,ErsA,PAO1,449463,449463,+,Spa113,PAO1,6183530,6183530,-,PA5492.1,33,129,9616,6472284,172.181838408853,9.23391810961416e-54,sRNA,sRNA,
344,PA4453,PA1613,PAO1,4986393,4986393,-,PA4453,PAO1,1758579,1758579,-,PA1613,33,0,0,6482029,inf,1.16494220681915e-182,mRNA,mRNA,
345,PA0757,phhC,PAO1,826243,826243,+,PA0757,PAO1,950920,950920,-,PA0870,33,0,711,6481318,inf,3.77335900678555e-125,mRNA,mRNA,
346,RgsA,PA2372,PAO1,3318808,3318808,+,PA2958.1,PAO1,2623260,2623260,+,PA2372,33,9290,47,6472692,489.198717449556,3.74363476929511e-66,sRNA,mRNA,
347,nppD,PhrS,PAO1,1962824,1962824,-,PA1807,PAO1,3705310,3705310,-,PA3305.1,33,15,70549,6411465,199.935123105926,1.26129239303435e-47,mRNA,sRNA,
348,AS_PA4952,oprC,PAO1,5557600,5557600,-,AS_PA4952,PAO1,4249651,4249651,-,PA3790,33,0,156,6481873,inf,9.14897691482514e-146,antisense,mRNA,
349,PA1827,PA1826,PAO1,1986407,1986407,+,PA1827,PAO1,1985587,1985587,-,PA1826,33,0,6,6482023,inf,3.80076720103018e-176,mRNA,mRNA,
350,gyrB,mucR,PAO1,5722,5722,+,PA0004,PAO1,1869158,1869158,-,PA1727,33,0,0,6482029,inf,1.16494220681915e-182,mRNA,mRNA,
351,Spa097,gabT2,PAO1,3129579,3129579,+,Spa097,PAO1,5984135,5984135,+,PA5313,33,17944,42,6464043,283.041179701929,6.02141502282506e-58,sRNA,mRNA,
352,PA1942,RhlS/Spa104,PAO1,2126088,2126204,-,PA1942,PAO1,3889777,3889788,-,PA3476.1,33,395,38194,6443440,14.0941694732355,5.08184221787397e-20,mRNA,sRNA,
353,5_utr_PA3069,Sr063/Spa38,PAO1,3442484,3442504,-,PA3069_5',PAO1,3116514,3116518,+,Sr063/Spa38,33,200,19146,6462683,55.695325133187,2.24010297466508e-38,5-utr,sRNA,
354,amgS,PhrS,PAO1,5852064,5852157,-,PA5199,PAO1,3705311,3705318,-,PA3305.1,33,21,70549,6411459,142.810668572805,5.6326434778907e-45,mRNA,sRNA,
355,AS_PA1940,PhrS,PAO1,2123002,2123139,+,AS_PA1940,PAO1,3705311,3705311,-,PA3305.1,33,279,70549,6411201,10.7487575553756,2.83614247221944e-16,antisense,sRNA,
356,fgtA,ErsA,PAO1,1179971,1179971,+,PA1091,PAO1,6183533,6183533,-,PA5492.1,32,34,9617,6472379,633.425270201665,1.75668532339435e-66,mRNA,sRNA,
357,PA3340,3_utr_PA3928,PAO1,3751787,3751787,-,PA3340,PAO1,4403641,4403641,-,PA3928_3',32,999,2004,6479027,103.561078044111,2.38122043851718e-46,mRNA,3-utr,
358,PA1414,PA0636,PAO1,1538703,1538703,+,PA1414,PAO1,690704,690704,+,PA0636,32,4889,93,6477048,455.852255557241,6.35295836527608e-65,mRNA,mRNA,
359,sodB,RhlS/Spa104,PAO1,4893693,4893693,+,PA4366,PAO1,3889792,3889792,-,PA3476.1,32,80,38195,6443755,67.4827071606231,2.46065119093442e-38,mRNA,sRNA,
360,oprI,RhlS/Spa104,PAO1,3207075,3207075,+,PA2853,PAO1,3889809,3889809,-,PA3476.1,32,1631,11302,6469097,11.2301194961668,9.58116942963243e-17,mRNA,sRNA,
361,PA4048,acsA,PAO1,4531132,4531132,-,PA4048,PAO1,970907,970907,+,PA0887,32,0,32,6481998,inf,4.19348293458959e-159,mRNA,mRNA,
362,Spa108,AS2779,PAO1,5165928,5165928,-,Spa108,PAO1,3127847,3127847,+,PA2768.1,32,0,71310,6410720,inf,1.75129316302244e-57,sRNA,sRNA,
363,ggt,PhrS,PAO1,1451670,1451670,-,PA1338,PAO1,3705409,3705409,-,PA3305.1,32,49,4289,6477692,986.320696989451,5.93376855870404e-74,mRNA,sRNA,
364,5_utr_rhlR,PhrS,PAO1,3890712,3890712,-,PA3477,PAO1,3705311,3705311,-,PA3305.1,32,67,70550,6411413,43.4042154923469,5.93928514819531e-32,5-utr,sRNA,
365,PA1613,PA4353,PAO1,1758596,1758596,-,PA1613,PAO1,4881804,4881804,-,PA4353,32,18,0,6482012,inf,4.13107976273396e-164,mRNA,mRNA,
366,PA2032,lptF,PAO1,2222553,2222553,+,PA2032,PAO1,4135243,4135243,+,PA3692,32,10,25,6481995,829695.36,3.34314212041309e-152,mRNA,mRNA,
367,Spa002,AS2779,PAO1,2568410,2568410,-,Spa002,PAO1,3127846,3127847,+,PA2768.1,32,99,71310,6410621,29.0579150075994,2.09047880774633e-27,sRNA,sRNA,
368,AS_PA1217,ddaR,PAO1,1318436,1318436,+,AS_PA1217,PAO1,1297597,1297597,+,PA1196,32,0,0,6482030,inf,2.28823948455127e-177,antisense,mRNA,
369,AS_PA3243,ldh,PAO1,3631330,3631330,-,AS_PA3243,PAO1,3824739,3824739,-,PA3418,32,8,134,6481888,193489.19402985,3.0209161795511e-135,antisense,mRNA,
370,AS_PA5486,PA0462,PAO1,6177305,6177305,+,AS_PA5486,PAO1,522672,522672,+,PA0462,32,0,0,6482030,inf,2.28823948455127e-177,antisense,mRNA,
371,PA1963,PhrS,PAO1,2146603,2146604,+,PA1963,PAO1,3705310,3705311,-,PA3305.1,32,76,70550,6411404,38.26418889179,1.48221176333547e-30,mRNA,sRNA,
372,thrB,PhrS,PAO1,6187455,6187455,+,PA5495,PAO1,3705311,3705311,-,PA3305.1,32,3,70550,6411477,969.370489014883,7.8807946458035e-54,mRNA,sRNA,
373,PA5207,PA0545,PAO1,5862653,5862653,-,PA5207,PAO1,602352,602352,+,PA0545,32,6,25,6481999,1382826.45333333,6.27240562337799e-155,mRNA,mRNA,
374,CrcZ,tig,PAO1,5308787,5308787,+,PA4726.11,PAO1,1953950,1953950,+,PA1800,32,1448868,26,5033136,4.27549571325815,0.0490378798356467,sRNA,mRNA,
375,tadZ,azu,PAO1,4827822,4827822,-,PA4303,PAO1,5521702,5521702,-,PA4922,32,38,266,6481726,20519.9081915314,2.01162238507377e-114,mRNA,mRNA,
376,carA,CrcZ,PAO1,5344428,5344428,-,PA4758,PAO1,5308830,5308830,+,PA4726.11,32,0,3013710,3468320,inf,1.86488694958554e-05,mRNA,sRNA,
377,rbsR,CrcZ,PAO1,2135179,2135179,+,PA1949,PAO1,5308959,5308959,+,PA4726.11,32,64,695864,5786102,4.15749485531655,0.00213970207611139,mRNA,sRNA,
378,PA0953,Sr063/Spa38,PAO1,1040332,1040332,+,PA0953,PAO1,3116518,3116519,+,Sr063/Spa38,32,67,19147,6462816,161.211578291755,7.63742402564752e-50,mRNA,sRNA,
379,AS_PA2760,Sr063/Spa38,PAO1,3120737,3120737,-,AS_PA2760,PAO1,3116396,3116396,+,Sr063/Spa38,32,0,190,6481840,inf,1.00659480301496e-138,antisense,sRNA,
380,RsmY,AS2779,PAO1,586867,586867,+,PA0527.1,PAO1,3127847,3127847,+,PA2768.1,32,187,71310,6410533,15.3833908887684,6.49715319519595e-20,sRNA,sRNA,
381,murB,cdrA,PAO1,3336743,3336743,-,PA2977,PAO1,5190236,5190236,-,PA4625,32,20,0,6482010,inf,2.88305882388695e-163,mRNA,mRNA,
382,PA1654,PhrS,PAO1,1800675,1800675,+,PA1654,PAO1,3705311,3705311,-,PA3305.1,32,17,70550,6411463,171.065006878725,6.74558396396836e-45,mRNA,sRNA,
383,dadA,RhlS/Spa104,PAO1,5972202,5972209,-,PA5304,PAO1,3889777,3889793,-,PA3476.1,32,39,38195,6443796,138.426946740914,4.70326863489555e-46,mRNA,sRNA,
384,feoB,PhrS,PAO1,4885258,4885259,-,PA4358,PAO1,3705310,3705311,-,PA3305.1,32,0,70550,6411480,inf,1.24303710447083e-57,mRNA,sRNA,
385,ilvC,nuoF,PAO1,5272784,5272784,-,PA4694,PAO1,2986515,2986515,+,PA2641,32,35,29,6481966,204357.548768472,6.6953649133343e-141,mRNA,mRNA,
386,rplL,PA1533,PAO1,4781218,4781218,-,PA4271,PAO1,1672108,1672108,+,PA1533,32,0,1,6482029,inf,7.55119033286802e-176,mRNA,mRNA,
387,msbA,3_utr_hilR,PAO1,5614928,5614928,-,PA4997,PAO1,2126014,2126014,-,PA1942_3',32,11,57,6481962,330817.837320574,2.03731360343265e-143,mRNA,3-utr,
388,cupE2,OprB-3',PAO1,5215687,5215687,+,PA4649,PAO1,3575846,3575846,-,PA3185.1,32,25,3618,6478387,2291.96665561083,7.32086732283568e-83,mRNA,sRNA,RNA2
389,clpA,PhrS,PAO1,2963201,2963201,-,PA2620,PAO1,3705311,3705311,-,PA3305.1,32,32,70550,6411448,90.8780722891566,1.62227786056732e-39,mRNA,sRNA,
390,rcpC,PhrS,PAO1,4829729,4829729,-,PA4305,PAO1,3705311,3705311,-,PA3305.1,32,34,70550,6411446,85.532276649852,6.07262824380686e-39,mRNA,sRNA,
391,5_utr_PA5019,AceF-3',PAO1,5645573,5645573,-,PA5019_5',PAO1,5640682,5640682,+,PA5016.1,32,24,1011,6480995,8547.30629739531,8.97846215983043e-101,5-utr,sRNA,RNA2
392,CrcZ,3_utr_algA,PAO1,5308816,5308862,+,PA4726.11,PAO1,3979526,3979526,+,PA3551_3',32,505197,0,5976833,inf,2.82181169858429e-30,sRNA,3-utr,
393,5_utr_PA1888,PhrS,PAO1,2059489,2059513,-,PA1888_5',PAO1,3705311,3705311,-,PA3305.1,32,40,70550,6411440,72.7023671155209,2.31942370193796e-37,5-utr,sRNA,
394,IG_PA5210-PA5211,OprN-3',PAO1,5867106,5867106,-,IG_PA5210-PA5211,PAO1,2814681,2814681,+,PA2495.1,31,0,3784,6478247,inf,5.30023389289631e-95,intergenic,sRNA,
395,maiA,AS2779,PAO1,2195501,2195501,-,PA2007,PAO1,3127848,3127848,+,PA2768.1,31,545,71311,6410175,5.11303247346968,9.44210099258828e-07,mRNA,sRNA,
396,fdnG,PhrS,PAO1,5401023,5401023,-,PA4812,PAO1,3705311,3705311,-,PA3305.1,31,52,70551,6411428,54.1763754098235,3.13255270029447e-33,mRNA,sRNA,
397,phhC,mmsA,PAO1,951227,951227,-,PA0870,PAO1,4003239,4003239,-,PA3570,31,385,13,6481633,40145.9786213786,1.44590002852411e-114,mRNA,mRNA,
398,ftsI,PA3181-3',PAO1,4952847,4952847,-,PA4418,PAO1,3570905,3570905,-,PA3180.1,31,54,183,6481794,20333.496660595,1.48827901620704e-111,mRNA,sRNA,RNA2
399,atpF,AS_atpF,PAO1,6253019,6253019,-,PA5558,PAO1,6253066,6253066,+,AS_PA5558,31,105,0,6481926,inf,1.90731871256358e-141,mRNA,antisense,
400,AS_PA3139,PhrS,PAO1,3523370,3523370,-,AS_PA3139,PAO1,3705311,3705311,-,PA3305.1,31,0,70551,6411480,inf,1.14206817276515e-55,antisense,sRNA,
401,AS_PA5018,OprB-3',PAO1,5644337,5644337,-,AS_PA5018,PAO1,3575846,3575846,-,PA3185.1,31,0,3619,6478412,inf,1.33855725055059e-95,antisense,sRNA,RNA2
402,PA1287,PhrS,PAO1,1398860,1398860,+,PA1287,PAO1,3705311,3705311,-,PA3305.1,31,28,70551,6411452,100.613645245486,4.69540650142013e-39,mRNA,sRNA,
403,tatA,hemC,PAO1,5706720,5706721,+,PA5068,PAO1,5921776,5921776,-,PA5260,31,36,31,6481964,180054.555555555,2.57178748286828e-135,mRNA,mRNA,
404,IG_PA1152_PA1153,3_utr_glnA,PAO1,1247378,1247378,+,IG_PA1152_PA1153,PAO1,5767948,5767948,+,PA5119_3',31,0,114,6481917,inf,1.78354005700567e-140,intergenic,3-utr,
405,AS_PA3649,PhrS,PAO1,4088759,4088759,+,AS_PA3649,PAO1,3705310,3705310,-,PA3305.1,31,1,70551,6411479,2817.19393063174,3.61608396055579e-54,antisense,sRNA,
406,PA1504,fdnI,PAO1,1634145,1634145,-,PA1504,PAO1,5397163,5397163,-,PA4810,31,0,14,6482017,inf,7.73471560356174e-161,mRNA,mRNA,
407,fliG,cioB,PAO1,1194727,1194727,+,PA1102,PAO1,4404648,4404648,-,PA3929,31,0,0,6482031,inf,4.63513729321654e-172,mRNA,mRNA,
408,pyrR,lysC,PAO1,445697,445697,-,PA0403,PAO1,989684,989684,+,PA0904,31,1,6,6482024,33490457.3333333,3.44821869846898e-164,mRNA,mRNA,
409,IG_PA4132-PA4133,Sr063/Spa38,PAO1,4622660,4622660,-,IG_PA4132-PA4133,PAO1,3116519,3116519,+,Sr063/Spa38,31,1,19148,6462882,10463.1993941926,1.02805362368573e-71,intergenic,sRNA,
410,pchA,PhrS,PAO1,4745128,4745142,+,PA4231,PAO1,3705310,3705311,-,PA3305.1,31,0,70551,6411480,inf,1.14206817276515e-55,mRNA,sRNA,
411,ftsH,PhrS,PAO1,5336668,5336668,-,PA4751,PAO1,3705311,3705311,-,PA3305.1,31,10,70551,6411470,281.718997604569,1.15160442655037e-46,mRNA,sRNA,
412,mexF,PhrS,PAO1,2811741,2811741,+,PA2494,PAO1,3705311,3705311,-,PA3305.1,31,0,70551,6411480,inf,1.14206817276515e-55,mRNA,sRNA,
413,PA3529,PhrS,PAO1,3949334,3949334,-,PA3529,PAO1,3705311,3705311,-,PA3305.1,31,26,70551,6411454,108.353190218096,1.05954506299133e-39,mRNA,sRNA,
414,arcC,PhrS,PAO1,5825202,5825202,+,PA5173,PAO1,3705311,3705311,-,PA3305.1,31,7,70551,6411473,402.455899177292,1.33824835157116e-48,mRNA,sRNA,
415,oprF,PhrS,PAO1,1921164,1921164,+,PA1777,PAO1,3705311,3705311,-,PA3305.1,31,128,70551,6411352,22.0088916174115,2.73523946553561e-23,mRNA,sRNA,
416,ftsJ,RhlS/Spa104,PAO1,5338076,5338076,-,PA4752,PAO1,3889779,3889779,-,PA3476.1,31,25,38196,6443810,209.192700806367,3.04286270375996e-48,mRNA,sRNA,
417,pagL,PA2759,PAO1,5229804,5229804,-,PA4661,PAO1,3119665,3119665,-,PA2759,31,231,110,6481690,7907.61078315623,1.1927498488097e-100,mRNA,mRNA,
418,AS_Pant321,PhrS,PAO1,3877968,3877968,+,AS_Pant321,PAO1,3705310,3705310,-,PA3305.1,31,2,70551,6411478,1408.59674561664,5.90362826249275e-53,antisense,sRNA,
419,Spa079,PA3157,PAO1,3123225,3123225,-,Spa079,PAO1,3542672,3542672,-,PA3157,31,48,0,6481983,inf,4.06227931270883e-150,sRNA,mRNA,
420,bolA,PhrS,PAO1,935967,935967,+,PA0857,PAO1,3705311,3705311,-,PA3305.1,31,0,70551,6411480,inf,1.14206817276515e-55,mRNA,sRNA,
421,PA1759,phnA,PAO1,1900082,1900082,+,PA1759,PAO1,1084533,1084533,+,PA1001,31,51,136,6481844,28970.1793540945,8.62422341748842e-116,mRNA,mRNA,
422,3_utr_roxR,PA1441,PAO1,5028339,5028339,-,PA4493_3',PAO1,1571467,1571467,+,PA1441,31,0,90,6481941,inf,3.07103142785891e-143,3-utr,mRNA,
423,CrcZ,iscS,PAO1,5308614,5308614,+,PA4726.11,PAO1,4271127,4271127,-,PA3814,31,3357917,0,3124114,inf,0.0011462349769007,sRNA,mRNA,
424,RnpB,CrcZ,PAO1,4956389,4956389,-,PA4421.1,PAO1,5308712,5308712,+,PA4726.11,31,10,1398971,5083050,11.2636037487553,2.01201827099472e-07,sRNA,sRNA,
425,clpS,bkdA1,PAO1,2964725,2964725,-,PA2621,PAO1,2474178,2474178,+,PA2247,31,61,57,6481913,57790.9988495829,7.68446077412298e-124,mRNA,mRNA,
426,clpS,maiA,PAO1,2964654,2964654,-,PA2621,PAO1,2195631,2195631,-,PA2007,31,161,432,6481438,2888.83968829077,4.87956548638729e-88,mRNA,mRNA,
427,PA3041,AS_PA0920,PAO1,3404401,3404401,+,PA3041,PAO1,1006587,1006587,+,AS_PA0920,31,52,0,6481979,inf,2.757383215669e-149,mRNA,antisense,
428,5_utr_flp,OprN-3',PAO1,4830914,4830915,+,PA4306_5',PAO1,2814686,2814687,+,PA2495.1,31,840,3784,6477407,63.1731403528641,3.22770859139773e-38,5-utr,sRNA,
429,PA1835,Spa097,PAO1,1993891,1993891,-,PA1835,PAO1,3129631,3129631,+,Spa097,31,0,18817,6463214,inf,1.87734467849061e-73,mRNA,sRNA,
430,hemN,xcpV,PAO1,1683382,1683382,-,PA1546,PAO1,3479345,3479345,-,PA3099,31,27,16,6481988,465142.657407407,1.82905928993572e-143,mRNA,mRNA,
431,PA2897,3_utr_selD,PAO1,3252945,3252945,-,PA2897,PAO1,1789599,1789599,+,PA1643_3',31,0,0,6482031,inf,4.63513729321654e-172,mRNA,3-utr,
432,PA1646,Sr063/Spa38,PAO1,1791143,1791143,+,PA1646,PAO1,3116519,3116519,+,Sr063/Spa38,31,44,19148,6462839,237.798404058339,3.2236037148919e-52,mRNA,sRNA,
433,PA3923,rplA,PAO1,4397247,4397247,-,PA3923,PAO1,4782532,4782532,-,PA4273,31,0,23,6482008,inf,5.03343458574627e-157,mRNA,mRNA,
434,topA,PA2779,PAO1,3370131,3370131,-,PA3011,PAO1,3137235,3137235,-,PA2779,31,27,124,6481880,60017.4074074074,4.70308154359802e-123,mRNA,mRNA,
435,CrcZ,Pant72,PAO1,5308923,5308925,+,PA4726.11,PAO1,727601,727603,+,Pant72,31,105063,455,6376513,4.13507840873707,0.000177708533352319,sRNA,mRNA,
436,CrcZ,pilY1,PAO1,5308647,5308647,+,PA4726.11,PAO1,5102593,5102593,+,PA4554,31,3357917,0,3124114,inf,0.0011462349769007,sRNA,mRNA,
437,PA4463,RhlS/Spa104,PAO1,4994434,4994754,+,PA4463,PAO1,3889782,3889799,-,PA3476.1,31,349,38196,6443486,14.9843970220257,2.78230169018494e-19,mRNA,sRNA,
438,RsmY,Spa097,PAO1,586867,586906,+,PA0527.1,PAO1,3129626,3129632,+,Spa097,31,466,18817,6462748,22.8477066555422,9.14265871089501e-25,sRNA,sRNA,
439,tadZ,PhrS,PAO1,4827723,4828104,-,PA4303,PAO1,3705309,3705311,-,PA3305.1,31,175,70551,6411305,16.0978141445803,1.08405642385396e-19,mRNA,sRNA,
440,pvdD,PhrS,PAO1,2661043,2661282,-,PA2399,PAO1,3705311,3705311,-,PA3305.1,31,14,70551,6411466,201.227729889421,1.64296817402221e-44,mRNA,sRNA,
441,PA2482,PhrS,PAO1,2801341,2801447,-,PA2482,PAO1,3705310,3705312,-,PA3305.1,31,74,70551,6411406,38.0697547911478,2.07289061675788e-29,mRNA,sRNA,
442,PA3919,AS_Pant260,PAO1,4388511,4388511,-,PA3919,PAO1,3122821,3122821,+,AS_Pant260,30,66,32,6481934,92072.9261363636,3.00037872398934e-124,mRNA,antisense,
443,PA3362,PA4746.1,PAO1,3773484,3773484,-,PA3362,PAO1,5332054,5332054,-,PA4746.1,30,57,4513,6477462,755.415583052468,3.28921167220861e-66,mRNA,tRNA,
444,dnaK,ackA,PAO1,5348381,5348381,-,PA4761,PAO1,911949,911949,-,PA0836,30,19,20,6481993,511736.289473684,8.61048849567219e-140,mRNA,mRNA,
445,ambE,AS_PA1415,PAO1,2534901,2534901,-,PA2302,PAO1,1539151,1539151,+,AS_PA1415,30,37,48,6481947,109492.347972972,3.32882338200413e-126,mRNA,antisense,
446,PA2328,rbsC,PAO1,2570031,2570031,-,PA2328,PAO1,2133536,2133536,+,PA1948,30,0,1,6482031,inf,3.00451082590219e-165,mRNA,mRNA,
447,PA3018,rpoB,PAO1,3379295,3379295,-,PA3018,PAO1,4780366,4780366,-,PA4270,30,0,9,6482023,inf,2.05387517557237e-158,mRNA,mRNA,
448,CrcZ,PA5440,PAO1,5308599,5308599,+,PA4726.11,PAO1,6123677,6123677,+,PA5440,30,15772,27,6466233,455.535336883929,4.28162757590548e-57,sRNA,mRNA,
449,arcA,PA1383,PAO1,5822377,5822377,+,PA5171,PAO1,1502865,1502865,+,PA1383,30,14,0,6482018,inf,1.11414830853077e-155,mRNA,mRNA,
450,PA4009,PhrS,PAO1,4490479,4490479,-,PA4009,PAO1,3705317,3705317,-,PA3305.1,30,0,70552,6411480,inf,1.04928596155612e-53,mRNA,sRNA,
451,AS_phaF,PhrS,PAO1,5701309,5701349,+,AS_PA5060,PAO1,3705311,3705318,-,PA3305.1,30,2,70552,6411478,1363.13881959405,5.0953978601918e-51,antisense,sRNA,
452,PA5194,PA5005,PAO1,5847688,5847688,+,PA5194,PAO1,5623777,5623777,-,PA5005,30,0,10,6482022,inf,8.21550073358486e-158,mRNA,mRNA,
453,icmP,PA1874,PAO1,4898171,4898171,+,PA4370,PAO1,2036879,2036879,+,PA1874,30,0,1,6482031,inf,3.00451082590219e-165,mRNA,mRNA,
454,CrcZ,rbsA,PAO1,5308626,5308626,+,PA4726.11,PAO1,2132725,2132726,+,PA1947,30,3357918,1,3124113,27.911161022991,0.0342054194983625,sRNA,mRNA,
455,PA3047,AS2779,PAO1,3410274,3410274,+,PA3047,PAO1,3127848,3127848,+,PA2768.1,30,30,71312,6410690,89.8963708772717,1.24131726958259e-36,mRNA,sRNA,
456,PA5027,PhrS,PAO1,5657552,5657552,+,PA5027,PAO1,3705311,3705311,-,PA3305.1,30,156,70552,6411324,17.475718945982,7.79388633843637e-20,mRNA,sRNA,
457,AS_PA4757,AS_BkdZ,PAO1,5343392,5343392,+,AS_PA4757,PAO1,2478223,2478223,-,AS_PA2250.1,30,175,511,6481346,2174.34028515515,1.43502657030969e-81,antisense,antisense,
458,iscS,atpF,PAO1,4271207,4271207,-,PA3814,PAO1,6252661,6252661,-,PA5558,30,0,0,6482032,inf,9.69197053021796e-167,mRNA,mRNA,
459,CrcZ,ftsJ,PAO1,5308840,5308840,+,PA4726.11,PAO1,5338259,5338259,-,PA4752,30,505199,0,5976833,inf,4.64543306145736e-28,sRNA,mRNA,
460,PA1551,IG_himD_wzz,PAO1,1689258,1689258,-,PA1551,PAO1,3547319,3547319,-,IG_PA3160_3161,30,85,128,6481819,17872.6626838235,6.86281666229114e-107,mRNA,intergenic,
461,lytB,PA0806.1,PAO1,5105260,5105260,-,PA4557,PAO1,884206,884206,-,PA0806.1,30,2,241,6481789,403430.850622406,3.33732145004129e-124,mRNA,sRNA,RNA2
462,5_utr_PA1688,PhrS,PAO1,1837336,1837336,+,PA1688_5',PAO1,3705316,3705316,-,PA3305.1,30,185,70552,6411295,14.7362152661789,6.28972984623765e-18,5-utr,sRNA,
463,PA0179,phhC,PAO1,204531,204531,-,PA0179,PAO1,950916,950917,-,PA0870,30,1849,714,6479469,147.239911648813,1.14830822483816e-47,mRNA,mRNA,
464,lpxD,PA4571,PAO1,4084063,4084063,-,PA3646,PAO1,5118903,5118903,+,PA4571,30,0,5,6482027,inf,3.14632373669398e-161,mRNA,mRNA,
465,PA4576,PA1370,PAO1,5123075,5123075,-,PA4576,PAO1,1485305,1485305,+,PA1370,30,0,56,6481976,inf,1.24504376263695e-143,mRNA,mRNA,
466,PA3079,PhrS,PAO1,3455117,3455117,-,PA3079,PAO1,3705311,3705311,-,PA3305.1,30,0,70552,6411480,inf,1.04928596155612e-53,mRNA,sRNA,
467,RsmY,OprN-3',PAO1,586934,586934,+,PA0527.1,PAO1,2814685,2814685,+,PA2495.1,30,248,3785,6477999,207.035379469041,1.22966428162893e-51,sRNA,sRNA,
468,AS_PA1346,PhrS,PAO1,1460818,1460818,+,AS_PA1346,PAO1,3705312,3705312,-,PA3305.1,30,0,70552,6411480,inf,1.04928596155612e-53,antisense,sRNA,
469,aauS,tagF1,PAO1,1450408,1450408,-,PA1336,PAO1,90874,90874,-,PA0076,30,60,0,6481972,inf,6.52398495183583e-143,mRNA,mRNA,
470,AS_PA3230,PA3031,PAO1,3617941,3617941,+,AS_PA3230,PAO1,3394974,3394974,+,PA3031,30,27,425,6481580,16945.3071895424,1.05918069528678e-103,antisense,mRNA,
471,AS_gdhB,PA1458,PAO1,3440741,3440741,+,AS_PA3068,PAO1,1587238,1587238,+,PA1458,30,0,30,6482002,inf,1.14621681524628e-149,antisense,mRNA,
472,AS_PA4653,BkdZ,PAO1,5220127,5220127,-,AS_PA4653,PAO1,2478254,2478254,+,PA2250.1,30,0,27501,6454531,inf,5.63050212996022e-66,antisense,sRNA,RNA2
473,AS_PA0360,ftsK,PAO1,404028,404028,-,AS_PA0360,PAO1,2958496,2958496,-,PA2615,30,0,0,6482032,inf,9.69197053021796e-167,antisense,mRNA,
474,fliC,PhrS,PAO1,1184305,1184305,+,PA1092,PAO1,3705312,3705312,-,PA3305.1,30,287,70552,6411193,9.49880296856683,4.96622665742851e-13,mRNA,sRNA,
475,PA2006,Spa115,PAO1,2194640,2194640,-,PA2006,PAO1,3119380,3119380,+,Spa115,30,0,2245,6479787,inf,1.54451394884529e-98,mRNA,sRNA,
476,phaF,AS2779,PAO1,5701635,5701635,-,PA5060,PAO1,3127848,3127848,+,PA2768.1,30,179,71312,6410541,15.0660806928527,3.63271751640332e-18,mRNA,sRNA,
477,PA4717,lig,PAO1,5296532,5296532,+,PA4717,PAO1,1666007,1666007,+,PA1529,30,0,1,6482031,inf,3.00451082590219e-165,mRNA,mRNA,
478,pnp,RhlS/Spa104,PAO1,5324743,5324743,-,PA4740,PAO1,3889786,3889786,-,PA3476.1,30,0,38197,6443835,inf,1.06884620001932e-61,mRNA,sRNA,
479,PA4717,AS_aceF,PAO1,5297028,5297028,+,PA4717,PAO1,5640501,5640501,-,AS_PA5016,30,0,0,6482032,inf,9.69197053021796e-167,mRNA,antisense,
480,PhrS,wbpJ,PAO1,3705473,3705473,-,PA3305.1,PAO1,3531585,3531585,-,PA3147,30,6505,58,6475469,514.89323862281,2.75527487422543e-61,sRNA,mRNA,
481,pilM,AS2779,PAO1,5680688,5680688,-,PA5044,PAO1,3127847,3127847,+,PA2768.1,30,103,71312,6410617,26.1831108368858,2.72211423672115e-24,mRNA,sRNA,
482,PA2746a,PA0806.1,PAO1,3108532,3108532,+,PA2746a,PAO1,884184,884184,-,PA0806.1,30,58,6278,6475696,533.529456998165,9.5358330966386e-62,mRNA,sRNA,RNA2
483,rhl,ambE,PAO1,4322432,4322432,+,PA3861,PAO1,2533659,2533659,-,PA2302,30,0,0,6482032,inf,9.69197053021796e-167,mRNA,mRNA,
484,5_utr_PA0485,CrcZ,PAO1,547307,547307,-,PA0485_5',PAO1,5308725,5308725,+,PA4726.11,30,0,1398972,5083060,inf,8.65300648105941e-15,intergenic,sRNA,
485,foxA,PhrS,PAO1,2782762,2782762,-,PA2466,PAO1,3705311,3705311,-,PA3305.1,30,0,70552,6411480,inf,1.04928596155612e-53,mRNA,sRNA,
486,PA4573,PhrS,PAO1,5121688,5121688,-,PA4573,PAO1,3705317,3705317,-,PA3305.1,30,49,70552,6411431,55.6379113046738,3.46328470156113e-32,mRNA,sRNA,
487,PA0128,htpX,PAO1,145527,145527,+,PA0128,PAO1,3183908,3183908,+,PA2830,30,22,597,6481413,14804.5066240292,4.03648902804579e-101,mRNA,mRNA,
488,PA2381,BkdZ,PAO1,2633465,2633465,+,PA2381,PAO1,2478254,2478254,+,PA2250.1,30,91,27501,6454440,77.3730905289757,8.74020336361282e-38,mRNA,sRNA,RNA2
489,rbsK,PA3833,PAO1,2136354,2136354,+,PA1950,PAO1,4291226,4291226,+,PA3833,30,19,0,6482013,inf,1.82709974472335e-153,mRNA,mRNA,
490,PA5543,bkdA1,PAO1,6236141,6236141,-,PA5543,PAO1,2473916,2473916,+,PA2247,30,46,52,6481934,81295.1588628762,2.7808058191029e-123,mRNA,mRNA,
491,leuB,AS_PA3882,PAO1,3501746,3501746,-,PA3118,PAO1,4349181,4349181,-,AS_PA3882,30,0,0,6482032,inf,9.69197053021796e-167,mRNA,antisense,
492,PA0586,PA0625,PAO1,645207,645207,-,PA0586,PAO1,684190,684190,+,PA0625,30,14,87,6481931,159653.472906403,7.90982705176325e-128,mRNA,mRNA,
493,ssg,PhrS,PAO1,5618971,5619040,-,PA5001,PAO1,3705311,3705311,-,PA3305.1,30,21,70552,6411459,129.822360001943,9.61550121835243e-40,mRNA,sRNA,
494,holB,PA3025,PAO1,3320671,3320671,-,PA2961,PAO1,3389381,3389381,-,PA3025,29,1,4,6482028,46994703,2.57074312547847e-155,mRNA,mRNA,
495,Pant72,hflC,PAO1,727556,727556,+,Pant72,PAO1,5545137,5545137,-,PA4941,29,864,44,6481125,4944.04000946969,1.06240059223407e-86,sRNA,mRNA,
496,oprC,mexF,PAO1,4249282,4249282,-,PA3790,PAO1,2810221,2810221,+,PA2494,29,16,6,6482011,1958107.48958333,2.19791363203074e-143,mRNA,mRNA,
497,pilF,AS_PA1542,PAO1,4265038,4265038,-,PA3805,PAO1,1680000,1680000,+,AS_PA1542,29,0,2,6482031,inf,9.73766916117712e-159,mRNA,antisense,
498,azu,PA4607,PAO1,5521812,5521812,-,PA4922,PAO1,5166294,5166294,-,PA4607,29,225,406,6481402,2057.58793650793,3.48469940614849e-78,mRNA,mRNA,
499,chpB,PA3327,PAO1,461685,461685,+,PA0414,PAO1,3733027,3733027,+,PA3327,29,2,0,6482031,inf,9.73766910384216e-159,mRNA,mRNA,
500,arcB,rpoC,PAO1,5823983,5823983,+,PA5172,PAO1,4774309,4774309,-,PA4269,29,35,0,6481998,inf,2.90835548377253e-143,mRNA,mRNA,
501,cheR1,AceF-3',PAO1,3760694,3760694,-,PA3348,PAO1,5640681,5640681,+,PA5016.1,29,4,1014,6481015,46338.6180966469,2.21699996643532e-100,mRNA,sRNA,RNA2
502,nadB,PhrS,PAO1,830221,830221,-,PA0761,PAO1,3705311,3705311,-,PA3305.1,29,0,70553,6411480,inf,9.64027936392687e-52,mRNA,sRNA,
503,aotJ,groEL,PAO1,972653,972653,+,PA0888,PAO1,4916691,4916691,-,PA4385,29,4,64,6481965,734285.09765625,8.83513812227874e-133,mRNA,mRNA,
504,rpsK,PhrS,PAO1,4756102,4756102,-,PA4240,PAO1,3705408,3705408,-,PA3305.1,29,12,4292,6477729,3647.36993243243,4.56801059953918e-77,mRNA,sRNA,
505,PA5463,PA1551,PAO1,6152386,6152386,+,PA5463,PAO1,1688805,1688805,-,PA1551,29,0,69,6481964,inf,1.30474219786162e-136,mRNA,mRNA,
506,pslF,PhrS,PAO1,2460813,2460813,+,PA2236,PAO1,3705311,3705311,-,PA3305.1,29,13,70553,6411467,202.71998791961,2.14405124456806e-41,mRNA,sRNA,
507,pchD,pilQ,PAO1,4743826,4743826,+,PA4228,PAO1,5676948,5676948,-,PA5040,29,1,27,6482005,6962153.51851851,4.6394734055154e-144,mRNA,mRNA,
508,CrcZ,pslI,PAO1,5308697,5308697,+,PA4726.11,PAO1,2464649,2464649,+,PA2239,29,3357919,0,3124114,inf,0.00427125756220627,sRNA,mRNA,
509,PA2858,PhrS,PAO1,3211712,3211712,+,PA2858,PAO1,3705311,3705311,-,PA3305.1,29,6,70553,6411474,439.227120037418,1.46855330861117e-45,mRNA,sRNA,
510,5_utr_PA3070,AS_algW,PAO1,3442740,3442740,+,PA3070_5',PAO1,4980809,4980809,-,AS_PA4446,29,257,0,6481776,inf,9.3540183801187e-122,5-utr,antisense,
511,ppc,serA,PAO1,4127892,4127892,-,PA3687,PAO1,356157,356157,-,PA0316,29,73,0,6481960,inf,5.09412618923878e-136,mRNA,mRNA,
512,PA1595,PhrS,PAO1,1736524,1736524,+,PA1595,PAO1,3705313,3705313,-,PA3305.1,29,0,70553,6411480,inf,9.64027936392687e-52,mRNA,sRNA,
513,cioB,infB,PAO1,4404825,4404825,-,PA3929,PAO1,5328451,5328451,-,PA4744,29,36,0,6481997,inf,5.25119740125632e-143,mRNA,mRNA,
514,PA0921,OprN-3',PAO1,1006854,1006854,+,PA0921,PAO1,2814686,2814686,+,PA2495.1,29,251,3786,6477996,197.689836533422,3.15285328130739e-49,mRNA,sRNA,
515,psrA,chpA,PAO1,3367478,3367478,-,PA3006,PAO1,461164,461164,+,PA0413,29,653,48,6481332,5996.63820826952,2.57887890399952e-89,mRNA,mRNA,
516,PA4475,rbsA,PAO1,5004735,5004735,-,PA4475,PAO1,2132544,2132544,+,PA1947,29,19,45,6481969,219856.258479532,7.55825983257591e-128,mRNA,mRNA,
517,dgcH,PA4606,PAO1,6178564,6178564,-,PA5487,PAO1,5165447,5165447,-,PA4606,29,4,79,6481950,594862.5,1.43495778850761e-130,mRNA,mRNA,
518,Pant87/PA0788a,PhrS,PAO1,863480,863489,+,Pant87/PA0788a,PAO1,3705311,3705311,-,PA3305.1,29,116,70553,6411364,22.718254361969,7.58821709136458e-22,sRNA,sRNA,
519,chpA,PA3229,PAO1,457945,457945,+,PA0413,PAO1,3617009,3617009,+,PA3229,29,159,585,6481289,2020.72118475514,8.87972759415864e-78,mRNA,mRNA,
520,Spa095/sRNA1059,PhrS,PAO1,1997029,1997029,+,Spa095/sRNA1059,PAO1,3705311,3705389,-,PA3305.1,29,135,70553,6411345,19.5208125648645,1.91892698633288e-20,sRNA,sRNA,
521,AS_PA1251,PhrS,PAO1,1358015,1358015,+,AS_PA1251,PAO1,3705311,3705311,-,PA3305.1,29,0,70553,6411480,inf,9.64027936392687e-52,antisense,sRNA,
522,PA1366,RhlS/Spa104,PAO1,1479403,1479403,-,PA1366,PAO1,3889777,3889777,-,PA3476.1,29,6,38198,6443829,815.361367087282,2.8448624674905e-53,mRNA,sRNA,
523,Spa103,AS2779,PAO1,3616987,3616987,+,Spa103,PAO1,3127841,3127841,+,PA2768.1,29,681,71313,6410039,3.82774370635064,0.00288441932074406,sRNA,sRNA,
524,Pant314,PhrS,PAO1,3772921,3772921,+,Pant314,PAO1,3705311,3705311,-,PA3305.1,29,128,70553,6411352,20.5883794806741,8.57300825765771e-21,sRNA,sRNA,
525,Sr90,AS_PA1914,PAO1,2031714,2031714,+,Sr90,PAO1,2087921,2087921,+,AS_PA1914,29,3675,0,6478358,inf,6.57953927911337e-89,sRNA,antisense,
526,PA0821,OprB-3',PAO1,898038,898038,-,PA0821,PAO1,3575847,3575847,-,PA3185.1,29,0,3621,6478412,inf,4.29064183762741e-89,mRNA,sRNA,RNA2
527,PA5232,dctA,PAO1,5890890,5890890,-,PA5232,PAO1,1285870,1285870,+,PA1183,29,267,685,6481081,1027.64618496951,9.43405495694143e-70,mRNA,mRNA,
528,AS_kdpE,BkdZ,PAO1,1783943,1783943,-,AS_PA1637,PAO1,2478254,2478254,+,PA2250.1,29,0,27502,6454531,inf,1.32707079574834e-63,antisense,sRNA,RNA2
529,flgL,BkdZ,PAO1,1175245,1175245,+,PA1087,PAO1,2478254,2478254,+,PA2250.1,29,0,27502,6454531,inf,1.32707079574834e-63,mRNA,sRNA,RNA2
530,CrcZ,PA3185,PAO1,5308839,5308839,+,PA4726.11,PAO1,3575711,3575711,-,PA3185,29,505200,75,5976758,4.57445188704143,0.000447069766064491,sRNA,mRNA,
531,tsaP,PhrS,PAO1,22411,22411,+,PA0020,PAO1,3705311,3705311,-,PA3305.1,29,0,70553,6411480,inf,9.64027936392687e-52,mRNA,sRNA,
532,fimV,PA1876,PAO1,3497208,3497208,-,PA3115,PAO1,2045580,2045580,+,PA1876,29,52,0,6481981,inf,1.70226664223817e-139,mRNA,mRNA,
533,pqsE,polB,PAO1,1083307,1083307,+,PA1000,PAO1,2057054,2057054,+,PA1886,29,227,0,6481806,inf,3.14466071148493e-123,mRNA,mRNA,
534,PA4535,PhrS,PAO1,5076907,5076907,+,PA4535,PAO1,3705311,3705311,-,PA3305.1,29,20,70553,6411460,131.767848284268,2.20631673664067e-38,mRNA,sRNA,
535,rpsP,Spa097,PAO1,4196746,4196746,-,PA3745,PAO1,3129631,3129631,+,Spa097,29,49,18819,6463165,203.259390477058,4.08658557512299e-47,mRNA,sRNA,
536,PA2819.3,PA3966,PAO1,3173878,3173878,-,PA2819.3,PAO1,4445848,4445848,+,PA3966,29,5841,81,6476111,396.953884946979,1.24564059780616e-56,tRNA,mRNA,
537,rcpC,PA4739,PAO1,4829629,4829629,-,PA4305,PAO1,5322759,5322759,-,PA4739,29,305,0,6481728,inf,1.04593618889011e-119,mRNA,mRNA,
538,PA3229,AS_PA4401,PAO1,3617299,3617299,+,PA3229,PAO1,4932053,4932053,+,AS_PA4401,29,0,0,6482033,inf,2.09412238792292e-161,mRNA,antisense,
539,oprL,Spa064,PAO1,1057852,1057852,+,PA0973,PAO1,3866147,3866147,-,Spa064,29,110,0,6481923,inf,1.43392866870103e-131,mRNA,sRNA,
540,iscU,BkdZ,PAO1,4270814,4270814,-,PA3813,PAO1,2478251,2478251,+,PA2250.1,29,30,27502,6454501,226.86899013405,6.93707193203379e-47,mRNA,sRNA,RNA2
541,rfaD,pepN,PAO1,3746592,3746592,-,PA3337,PAO1,3462585,3462585,-,PA3083,29,10,0,6482023,inf,1.33132866678247e-152,mRNA,mRNA,
542,tse5,3_utr_PA0613,PAO1,3034306,3034306,-,PA2684,PAO1,675084,675084,+,PA0613_3',29,0,151,6481882,inf,5.51523867753846e-128,mRNA,3-utr,
543,RhlS/Spa104,PA0919,PAO1,3889816,3889816,-,PA3476.1,PAO1,1003050,1003050,-,PA0919,29,10824,0,6471209,inf,2.44989098637097e-75,sRNA,mRNA,
544,5_utr_PA2770,AS2779,PAO1,3129341,3129341,-,PA2770_5',PAO1,3127847,3127847,+,PA2768.1,29,20,71313,6410700,130.348113247234,3.00322599615286e-38,5-utr,sRNA,
545,IG_PA1331_1332,AmiL,PAO1,1444655,1444655,-,IG_PA1331_1332,PAO1,3778035,3778035,-,PA3366.1,29,0,172,6481861,inf,1.75890099878788e-126,intergenic,sRNA,
546,roeA,moaC,PAO1,1199912,1199912,-,PA1107,PAO1,4386924,4386924,-,PA3918,29,19,0,6482014,inf,2.41700420780199e-148,mRNA,mRNA,
547,ftsA,AceF-3',PAO1,4940501,4940501,-,PA4408,PAO1,5640676,5640676,+,PA5016.1,29,33,1014,6480986,5616.77706054629,2.2110434128538e-87,mRNA,sRNA,RNA2
548,IG_PA3463-3464,PA0806.1,PAO1,3873963,3873963,-,IG_PA3463-3464,PAO1,884205,884205,-,PA0806.1,29,14,242,6481777,55481.5622786304,1.41196377266738e-111,intergenic,sRNA,RNA2
549,oprC,PA1603,PAO1,4247759,4247759,-,PA3790,PAO1,1746226,1746226,-,PA1603,29,168,5,6481860,223778.5,2.61064240245606e-121,mRNA,mRNA,
550,rnd,AS_PA1293,PAO1,1406056,1406056,+,PA1294,PAO1,1404768,1404768,+,AS_PA1293,29,0,0,6482033,inf,2.09412238792292e-161,mRNA,antisense,
551,PA2930,PhrS,PAO1,3285808,3285808,+,PA2930,PAO1,3705311,3705311,-,PA3305.1,29,0,70553,6411480,inf,9.64027936392687e-52,mRNA,sRNA,
552,PA4141,oprG,PAO1,4632532,4632532,+,PA4141,PAO1,4544651,4544651,+,PA4067,29,44,17,6481972,251306.401069518,6.96781410169305e-129,mRNA,mRNA,
553,ErsA,pagL,PAO1,6183659,6183659,-,PA5492.1,PAO1,5229599,5229599,-,PA4661,29,9669,293,6472071,66.2509469586663,1.00751615437975e-35,sRNA,mRNA,
554,gpuR,proB,PAO1,325295,325295,+,PA0289,PAO1,5114161,5114161,-,PA4565,29,20,0,6482013,inf,5.92166030911471e-148,mRNA,mRNA,
555,PA2801,PhrS,PAO1,3157793,3157793,+,PA2801,PAO1,3705311,3705311,-,PA3305.1,29,0,70553,6411480,inf,9.64027936392687e-52,mRNA,sRNA,
556,tRNA-Lys,FlgDas,PAO1,1060390,1060390,+,PA0976.1,PAO1,1165516,1165516,-,PA1079.1,29,63466,17,6418550,172.522156374603,6.66637521220448e-41,tRNA,sRNA,RNA2
557,PA2990,phoQ,PAO1,3348411,3348411,+,PA2990,PAO1,1279103,1279103,+,PA1180,29,0,12,6482021,inf,1.65407504718662e-151,mRNA,mRNA,
558,PA3309,fimV,PAO1,3710254,3710254,+,PA3309,PAO1,3495576,3495576,-,PA3115,29,448,78,6481507,5378.99791094322,5.75595025630225e-89,mRNA,mRNA,
559,Sr90,AS_pcs,PAO1,2031740,2031740,+,Sr90,PAO1,4316265,4316265,+,AS_PA3857,29,3675,0,6478358,inf,6.57953927911337e-89,sRNA,antisense,
560,CrcZ,AS_PA0579,PAO1,5308837,5308837,+,PA4726.11,PAO1,639045,639045,+,AS_PA0579,29,505200,0,5976833,inf,5.96038199639902e-27,sRNA,antisense,
561,PA4576,RhlS/Spa104,PAO1,5123219,5123219,-,PA4576,PAO1,3889775,3889775,-,PA3476.1,29,3,38198,6443832,1630.72349337661,8.84350635605251e-56,mRNA,sRNA,
562,RgsA,PA2030,PAO1,3318794,3318794,+,PA2958.1,PAO1,2220603,2220603,-,PA2030,29,8379,1444,6472210,15.5128364705458,1.57409606697206e-18,sRNA,mRNA,
563,3_utr_dinB,PA3791,PAO1,1009049,1009049,+,PA0923_3',PAO1,4249987,4249987,-,PA3791,29,27,97,6481909,71773.7155402825,4.31166252134432e-117,3-utr,mRNA,
564,ErsA,3_utr_PA4218,PAO1,6183659,6183659,-,PA5492.1,PAO1,4721349,4721349,-,PA4218_3',29,9669,0,6472364,inf,9.33355694369504e-77,sRNA,3-utr,
565,PA1164,PA2798,PAO1,1263434,1263434,+,PA1164,PAO1,3155087,3155087,-,PA2798,29,0,15,6482018,inf,4.81463068422342e-150,mRNA,mRNA,
566,IG_wbpA-wzz,pauR,PAO1,3545421,3545421,-,IG_PA3159-PA3160,PAO1,5969979,5969979,-,PA5301,29,102,8,6481923,230362.459558823,8.05614330300872e-125,intergenic,mRNA,
567,pgsA,Sr63/Spa38,PAO1,2923412,2923600,-,PA2584,PAO1,3116518,3116519,+,Sr63/Spa38,29,14,19150,6462869,699.079451697128,2.77989921650924e-57,mRNA,sRNA,
568,dnaG,PhrS,PAO1,636359,636718,-,PA0577,PAO1,3705311,3705312,-,PA3305.1,29,35,70553,6411445,75.2957371459348,9.24674309376056e-34,mRNA,sRNA,
569,5_utr_PA1245,PhrS,PAO1,1349312,1349441,+,PA1245_5',PAO1,3705311,3705311,-,PA3305.1,29,97,70553,6411383,27.1683022239185,9.64328253053473e-24,5-utr,sRNA,
570,rnpB,BkdZ,PAO1,4956541,4956631,-,PA4421.1,PAO1,2478218,2478254,+,PA2250.1,29,306,27502,6454225,22.2411067668043,2.06505033327457e-22,sRNA,sRNA,RNA2
571,IG_spoT_PA5339,P30,PAO1,6008348,6008348,-,IG_PA5338-5339,PAO1,5308734,5308734,-,PA4726.2,28,0,1139,6480895,inf,8.36313562587045e-100,antisense,sRNA,
572,fliC,PA4577,PAO1,1183784,1183784,+,PA1092,PAO1,5125584,5125584,-,PA4577,28,78,69,6481887,33722.1917502787,2.86286742152379e-106,mRNA,mRNA,
573,PA1429,adhA,PAO1,1556736,1556736,+,PA1429,PAO1,6107514,6107514,+,PA5427,28,6,45,6481983,672205.644444444,7.71534302930721e-130,mRNA,mRNA,
574,PA1429,PhrS,PAO1,1555284,1555284,+,PA1429,PAO1,3705310,3705310,-,PA3305.1,28,44,70554,6411436,57.8281136047953,4.2044303140339e-30,mRNA,sRNA,
575,PA0179,PrrH/F1/F2,PAO1,204535,204535,-,PA0179,PAO1,5284109,5284109,+,PA4704.3,28,1851,1431,6478752,68.4862417844283,3.91881074327172e-35,mRNA,sRNA,
576,hutU,wbpL,PAO1,5743448,5743448,-,PA5100,PAO1,3529294,3529294,-,PA3145,28,0,52,6481982,inf,1.36224078651855e-134,mRNA,mRNA,
577,PA3275,PhrS,PAO1,3669035,3669057,-,PA3275,PAO1,3705311,3705314,-,PA3305.1,28,312,70554,6411168,8.15490589859158,8.75979563057052e-11,mRNA,sRNA,
578,PA3143,PA3690,PAO1,3528107,3528107,-,PA3143,PAO1,4133805,4133805,+,PA3690,28,81,93,6481860,24092.9350856232,8.76576643009491e-103,mRNA,mRNA,
579,IG_wbpA-wzz,PA3053,PAO1,3545569,3545569,-,IG_PA3159-PA3160,PAO1,3417105,3417105,+,PA3053,28,246,0,6481788,inf,6.65180662274198e-118,intergenic,mRNA,
580,PA1440,RhlS/Spa104,PAO1,1569781,1569781,-,PA1440,PAO1,3889783,3889783,-,PA3476.1,28,23,38199,6443812,205.362462254304,5.31205084631554e-43,mRNA,sRNA,
581,IG_PA0041a-PA0042,BkdZ,PAO1,55663,55663,+,IG_PA0041a-PA0042,PAO1,2478254,2478254,+,PA2250.1,28,0,27503,6454531,inf,3.12770168888034e-61,intergenic,sRNA,RNA2
582,chpA,AspA-3',PAO1,459891,459891,+,PA0413,PAO1,6110901,6110901,+,PA5429.1,28,14,9670,6472350,1338.64529472595,3.2411354495684e-63,mRNA,sRNA,RNA2
583,hsiH3,PA5258,PAO1,2619986,2619986,+,PA2370,PAO1,5919740,5919740,-,PA5258,28,6,11,6482017,2749946.6060606,1.05509343654873e-140,mRNA,mRNA,
584,SahHas,PhrS,PAO1,483098,483098,+,PA0432.1,PAO1,3705315,3705315,-,PA3305.1,28,21,70554,6411459,121.164101255775,2.77050141538604e-36,sRNA,sRNA,RNA1
585,PA1876,PhrS,PAO1,2046034,2046034,+,PA1876,PAO1,3705311,3705311,-,PA3305.1,28,0,70554,6411480,inf,8.85684981069798e-50,mRNA,sRNA,
586,Pant215,IG_plcH_PA0845,PAO1,2614807,2614807,+,Pant215,PAO1,921693,921693,+,IG_PA0844_0845,28,101,0,6481933,inf,8.10213218993539e-128,sRNA,intergenic,
587,fliP,PA3615,PAO1,1575025,1575025,+,PA1446,PAO1,4050437,4050437,+,PA3615,28,0,0,6482034,inf,4.68074919820667e-156,mRNA,mRNA,
588,PA2606,PhrS,PAO1,2949201,2949201,+,PA2606,PAO1,3705311,3705311,-,PA3305.1,28,12,70554,6411468,212.037474841965,4.3590455856209e-40,mRNA,sRNA,
589,PA3618,lon,PAO1,4052815,4052815,-,PA3618,PAO1,1956478,1956478,+,PA1803,28,0,85,6481949,inf,1.21593045839423e-129,mRNA,mRNA,
590,infB,gltB,PAO1,5329231,5329231,-,PA4744,PAO1,5671471,5671471,-,PA5036,28,0,0,6482034,inf,4.68074919820667e-156,mRNA,mRNA,
591,PA5436,CrcZ,PAO1,6118563,6118563,-,PA5436,PAO1,5308694,5308694,+,PA4726.11,28,183,265644,6216207,3.58040700841826,0.04543591689617,mRNA,sRNA,
592,pqsA,AS_PA3362,PAO1,1079901,1079901,+,PA0996,PAO1,3773665,3773665,+,AS_PA3362,28,2,0,6482032,inf,2.03612590121984e-153,mRNA,antisense,
593,pagL,lpdV,PAO1,5229683,5229683,-,PA4661,PAO1,2478196,2478196,+,PA2250,28,497,178,6481359,2051.38756132299,3.13191029447769e-75,mRNA,mRNA,
594,mexJ,PA3234,PAO1,4120331,4120331,-,PA3677,PAO1,3622432,3622432,-,PA3234,28,31,0,6482003,inf,2.58926427657145e-139,mRNA,mRNA,
595,dnaA,Spa121,PAO1,476,476,+,PA0001,PAO1,6171834,6171834,-,Spa121,28,154,231,6481649,5101.65210547028,8.8182154736114e-86,mRNA,sRNA,
596,RgsA,PA5020,PAO1,3318776,3318776,+,PA2958.1,PAO1,5647392,5647392,+,PA5020,28,8380,0,6473654,inf,1.14294216749105e-75,sRNA,mRNA,
597,PA4571,chpA,PAO1,5119505,5119505,+,PA4571,PAO1,458234,458234,+,PA0413,28,0,50,6481984,inf,5.71623825052948e-135,mRNA,mRNA,
598,IG_PA5467_5468,ReaL,PAO1,6156644,6156644,-,IG_PA5467_5468,PAO1,3958145,3958145,+,PA3535.1,28,0,8342,6473692,inf,1.00658986484738e-75,intergenic,sRNA,
599,AS_PA3137,uvrB,PAO1,3520482,3520482,-,AS_PA3137,PAO1,3521533,3521533,-,PA3138,28,22,3,6482009,2749943.21212121,1.86727487417892e-138,3-utr,mRNA,
600,PA1458,napA,PAO1,1588824,1588824,+,PA1458,PAO1,1274602,1274602,-,PA1174,28,58,44,6481932,71118.3761755485,1.19507436920148e-113,mRNA,mRNA,
601,PA2735,RhlS/Spa104,PAO1,3098088,3098088,-,PA2735,PAO1,3889778,3889778,-,PA3476.1,28,0,38199,6443835,inf,3.0778336584065e-57,mRNA,sRNA,
602,AS_infC,RhlS/Spa104,PAO1,3104353,3104353,+,AS_PA2743,PAO1,3889779,3889779,-,PA3476.1,28,0,38199,6443835,inf,3.0778336584065e-57,antisense,sRNA,
603,rplM,PhrS,PAO1,4965868,4965868,-,PA4433,PAO1,3705312,3705312,-,PA3305.1,28,5,70554,6411475,508.890495223516,1.9938947879577e-44,mRNA,sRNA,
604,PA4278,OprB-3',PAO1,4786383,4786383,-,PA4278,PAO1,3575846,3575846,-,PA3185.1,28,20,3622,6478392,2504.07200441744,1.27127975289628e-72,mRNA,sRNA,RNA2
605,PA5061,hisF1,PAO1,5701666,5701666,-,PA5061,PAO1,5789010,5789010,-,PA5140,28,181,0,6481853,inf,2.127589654179e-121,mRNA,mRNA,
606,CrcZ,dadA,PAO1,5308700,5308700,+,PA4726.11,PAO1,5973126,5973126,-,PA5304,28,3357920,0,3124114,inf,0.00824511512080337,sRNA,mRNA,
607,PA0804,PhrS,PAO1,882758,882758,+,PA0804,PAO1,3705311,3705311,-,PA3305.1,28,8,70554,6411472,318.056410692519,2.46291101267231e-42,mRNA,sRNA,
608,CrcZ,accB,PAO1,5308597,5308597,+,PA4726.11,PAO1,5442645,5442645,+,PA4847,28,15774,27,6466233,425.112407196089,1.97102400796801e-52,sRNA,mRNA,
609,cupE1,RhlS/Spa104,PAO1,5215494,5215494,+,PA4648,PAO1,3889775,3889775,-,PA3476.1,28,18,38199,6443817,262.407794270356,7.82941377226066e-45,mRNA,sRNA,
610,PA3716,ftsZ,PAO1,4162751,4162751,-,PA3716,PAO1,4940156,4940156,-,PA4407,28,0,124,6481910,inf,1.3366652406964e-125,mRNA,mRNA,
611,nppA1,PhrS,PAO1,1969362,1969362,-,PA1811,PAO1,3705311,3705311,-,PA3305.1,28,9,70554,6411471,282.716765409001,1.00189025347331e-41,mRNA,sRNA,
612,PA1429,AS_PA1429,PAO1,1556402,1556402,+,PA1429,PAO1,1556313,1556313,-,AS_PA1429,28,0,0,6482034,inf,4.68074919820667e-156,mRNA,antisense,
613,PA2732,nuoH,PAO1,3090591,3090591,-,PA2732,PAO1,2990987,2990987,+,PA2643,28,40,16,6481978,283586.5375,1.94439690739859e-125,mRNA,mRNA,
614,PA1357,CrcZ,PAO1,1470113,1470113,+,PA1357,PAO1,5308829,5308829,+,PA4726.11,28,0,3013714,3468320,inf,0.000399107649354042,mRNA,sRNA,
615,PA0974,PA2583,PAO1,1058657,1058657,+,PA0974,PAO1,2919915,2919915,-,PA2583,28,0,2,6482032,inf,2.0361259158581e-153,mRNA,mRNA,
616,hsiJ3,metE,PAO1,2612943,2612943,-,PA2363,PAO1,2108277,2108277,+,PA1927,28,0,0,6482034,inf,4.68074919820667e-156,mRNA,mRNA,
617,aspP,etfB,PAO1,5580573,5580573,-,PA4971,PAO1,3312497,3312497,-,PA2952,28,1,23,6482010,7891142.60869565,2.67129395503769e-140,mRNA,mRNA,
618,cbcX,PhrS,PAO1,6055593,6055593,-,PA5378,PAO1,3705309,3705309,-,PA3305.1,28,0,70554,6411480,inf,8.85684981069798e-50,mRNA,sRNA,
619,PA4746.2,BkdZ,PAO1,5332251,5332251,-,PA4746.2,PAO1,2478254,2478254,+,PA2250.1,28,390,27503,6454141,16.8481338632522,2.03118444950652e-18,tRNA,sRNA,RNA2
620,CrcZ,IG_pvdP_PA2393,PAO1,5308647,5308647,+,PA4726.11,PAO1,2648563,2648563,-,IG_PA2392_93,28,3357920,0,3124114,inf,0.00824511512080337,sRNA,intergenic,
621,xcpQ,Spa097,PAO1,3486212,3486212,+,PA3105,PAO1,3129631,3129631,+,Spa097,28,0,18820,6463214,inf,7.67163800242367e-66,mRNA,sRNA,
622,PA3116,PhrS,PAO1,3498723,3498723,-,PA3116,PAO1,3705311,3705311,-,PA3305.1,28,0,70554,6411480,inf,8.85684981069798e-50,mRNA,sRNA,
623,fliO,sdhC,PAO1,1574421,1574421,+,PA1445,PAO1,1720877,1720877,+,PA1581,28,24,21,6481989,360110.5,7.79300228191149e-128,mRNA,mRNA,
624,katA,pepP,PAO1,4753445,4753445,-,PA4236,PAO1,5882761,5882761,-,PA5224,28,41,0,6481993,inf,7.8533078122906e-137,mRNA,mRNA,
625,Pant215,rbsR,PAO1,2614842,2614842,+,Pant215,PAO1,2134637,2134637,+,PA1949,28,101,0,6481933,inf,8.10213218993539e-128,sRNA,mRNA,
626,PA4387,3_utr_PA2844,PAO1,4918042,4918042,-,PA4387,PAO1,3198862,3198862,-,PA2844_3',28,79,0,6481955,inf,2.10480331970425e-130,mRNA,3-utr,
627,estA,AS_ubiA,PAO1,5754790,5754790,-,PA5112,PAO1,6025744,6025744,-,AS_PA5358,28,15,0,6482019,inf,7.09286361331954e-145,mRNA,antisense,
628,PA0960,PA1835,PAO1,1046544,1046544,+,PA0960,PAO1,1993629,1993629,-,PA1835,28,4,0,6482030,inf,1.68319741167511e-151,mRNA,mRNA,
629,IG_PA3835-PA3836,RhlS/Spa104,PAO1,4295953,4295953,-,IG_PA3835-PA3836,PAO1,3889810,3889810,-,PA3476.1,28,0,11306,6470728,inf,4.94775859732975e-72,intergenic,sRNA,
630,rhlA,ErsA,PAO1,3892403,3892403,-,PA3479,PAO1,6183592,6183592,-,PA5492.1,28,5,9621,6472408,3767.33029830578,1.27908366590478e-68,mRNA,sRNA,
631,amiC,BkdZ,PAO1,3775511,3775511,-,PA3364,PAO1,2478254,2478254,+,PA2250.1,28,70,27503,6454461,93.8728284187179,6.05720231874844e-37,mRNA,sRNA,RNA2
632,IG_PA0825_0826,AS_PA0823,PAO1,900386,900386,+,IG_PA0825_0826,PAO1,899254,899254,+,AS_PA0823,28,2,0,6482032,inf,2.03612590121984e-153,intergenic,antisense,
633,AS_PA0990,PhrS,PAO1,1071250,1071250,+,AS_PA0990,PAO1,3705309,3705309,-,PA3305.1,28,188,70554,6411292,13.5339353770976,1.48530994862623e-15,antisense,sRNA,
634,PA1096,PA0794,PAO1,1187034,1187034,+,PA1096,PAO1,871026,871026,-,PA0794,28,321,6,6481707,94230.4236760124,1.07301428634976e-108,mRNA,mRNA,
635,PA2002,PA1930,PAO1,2188547,2188547,+,PA2002,PAO1,2110753,2110753,+,PA1930,28,0,11,6482023,inf,7.84519789142942e-147,mRNA,mRNA,
636,fliC,lon,PAO1,1183439,1183439,+,PA1092,PAO1,1957881,1957883,+,PA1803,28,133,29,6481872,47055.3321234119,1.17728357242589e-108,mRNA,mRNA,
637,gcvT1,AS_opmD,PAO1,5872498,5872498,-,PA5215,PAO1,4711225,4711225,-,AS_PA4208,28,0,11,6482023,inf,7.84519789142942e-147,mRNA,antisense,
638,AS2779,htpX,PAO1,3127801,3127801,+,PA2768.1,PAO1,3183908,3183908,+,PA2830,28,48442,599,6432993,6.20757853099922,1.17775999316821e-07,sRNA,mRNA,
639,PA3365,PA5307,PAO1,3775743,3775743,-,PA3365,PAO1,5976069,5976069,-,PA5307,28,57,0,6481977,inf,1.06717060304016e-133,mRNA,mRNA,
640,PA5436,AS2779,PAO1,6118585,6118585,-,PA5436,PAO1,3127827,3127827,+,PA2768.1,28,183,71314,6410537,13.7539219684329,1.0265336687844e-15,mRNA,sRNA,
641,PA0852.1,PA1096,PAO1,931592,931592,-,PA0852.1,PAO1,1186981,1186981,+,PA1096,28,0,37,6481997,inf,9.19957853544647e-138,mRNA,mRNA,
642,5_utr_gltB,AspA-3',PAO1,5672224,5672224,-,PA5036_5',PAO1,6110825,6110825,+,PA5429.1,28,12,4797,6477225,3150.62017927871,1.0800735300263e-72,5-utr,sRNA,RNA2
643,rmf,IG_PA3048_rmf,PAO1,3414418,3414418,+,PA3049,PAO1,3414359,3414359,-,IG_PA3048_PA3049,28,1950,0,6480084,inf,2.4953339585478e-93,mRNA,intergenic,
644,phzB2,oprI,PAO1,2071338,2071338,+,PA1900,PAO1,3206969,3206969,+,PA2853,28,36,325,6481673,15511.696068376,1.24230609431344e-96,mRNA,mRNA,
645,Spa170,PA1677,PAO1,5002260,5002260,-,Spa170,PAO1,1827432,1827432,-,PA1677,28,95,0,6481939,inf,1.80517492305827e-128,sRNA,mRNA,
646,CrcZ,himA,PAO1,5308903,5308903,+,PA4726.11,PAO1,3099769,3099769,-,PA2738,28,105066,17,6376951,99.9677670394295,5.18749409232778e-33,sRNA,mRNA,
647,5_utr_wbpM,PA2778,PAO1,3526935,3526935,-,PA3141_5',PAO1,3136342,3136342,-,PA2778,28,72,9,6481953,280084.388888888,2.91053899430459e-123,5-utr,mRNA,
648,tRNA-Lys,3_utr_PA1441,PAO1,1060390,1060403,+,PA0976.1,PAO1,1571829,1571830,+,PA1441_3',28,66563,402,6415069,6.71274922056036,2.32822291831941e-08,tRNA,3-utr,
649,ErsA,PA3278,PAO1,6183596,6183607,-,PA5492.1,PAO1,3671002,3671038,-,PA3278,28,11959,436,6469639,34.7421526607345,7.18240103795251e-27,sRNA,mRNA,
650,PA4577,PhrS,PAO1,5125644,5125794,-,PA4577,PAO1,3705311,3705312,-,PA3305.1,28,135,70554,6411345,18.8474139587329,5.20497322638345e-19,mRNA,sRNA,
651,wzz-wbpA intergenic,Sr0161,PAO1,3545132,3545132,-,PA3159,PAO1,184457,184457,+,PA0161,27,19,569,6481447,16187.1306077143,1.9394743256713e-91,mRNA,sRNA,
652,flp,rcpC,PAO1,4831105,4831105,+,PA4306,PAO1,4830114,4830114,-,PA4305,27,389,0,6481646,inf,2.18238495784299e-108,mRNA,mRNA,
653,tli3,PhrS,PAO1,293253,293253,-,PA0261,PAO1,3705311,3705311,-,PA3305.1,27,13,70555,6411467,188.733948965073,8.53646531415264e-38,mRNA,sRNA,
654,PA3413,PhrS,PAO1,3819958,3819958,+,PA3413,PAO1,3705448,3705448,-,PA3305.1,27,0,4294,6477741,inf,1.3283438377491e-80,mRNA,sRNA,
655,5_utr_mvfR,ldh,PAO1,1087326,1087326,-,PA1003_5',PAO1,3825061,3825061,-,PA3418,27,77,81,6481877,28060.0735930735,1.48001327423994e-100,5-utr,mRNA,
656,xylS,PhrS,PAO1,2837151,2837151,-,PA2519,PAO1,3705311,3705311,-,PA3305.1,27,0,70555,6411480,inf,8.13697268003688e-48,mRNA,sRNA,
657,PA1414,IG_PA2460_2641,PAO1,1538822,1538822,+,PA1414,PAO1,2760814,2760814,-,IG_PA2460_2461,27,2459,16,6479560,4446.62769418462,1.08612758126152e-75,mRNA,intergenic,
658,PA4948,Sr063/Spa38,PAO1,5553095,5553095,-,PA4948,PAO1,3116519,3116519,+,Sr063/Spa38,27,56,19152,6462827,162.698719454887,1.83697965364298e-41,mRNA,sRNA,
659,AS_uraA,PhrS,PAO1,5214748,5214748,-,AS_PA4647,PAO1,3705311,3705311,-,PA3305.1,27,0,70555,6411480,inf,8.13697268003688e-48,antisense,sRNA,
660,fdnG,AS_PA4335,PAO1,5401428,5401428,-,PA4812,PAO1,4864916,4864916,+,AS_PA4335,27,42,0,6481993,inf,1.21203371335505e-131,mRNA,antisense,
661,CrcZ,ilvI,PAO1,5308899,5308899,+,PA4726.11,PAO1,5275671,5275671,-,PA4696,27,505202,0,5976833,inf,9.812225303759369e-25,sRNA,mRNA,
662,clpV3,BkdZ,PAO1,2622213,2622213,+,PA2371,PAO1,2478253,2478253,+,PA2250.1,27,0,27504,6454531,inf,7.37124486117575e-59,mRNA,sRNA,RNA2
663,clpX,RsmY,PAO1,1955989,1955989,+,PA1802,PAO1,586952,586952,+,PA0527.1,27,112,351,6481572,4451.62912087912,6.68533160509819e-81,mRNA,sRNA,
664,mucC,algO,PAO1,833666,833666,+,PA0765,PAO1,3644273,3644273,+,PA3257,27,20,0,6482015,inf,1.05786160221042e-137,mRNA,mRNA,
665,PA2939,3_utr_tRNA-Glu,PAO1,3294566,3294566,+,PA2939,PAO1,3514662,3514662,-,PA3133.1_3',27,20,9039,6472976,966.757119150348,6.44395445398313e-59,mRNA,tRNA,
666,cioB,PhrS,PAO1,4403862,4403862,-,PA3929,PAO1,3705310,3705310,-,PA3305.1,27,89,70555,6411391,27.5675534028357,6.00890131565237e-22,mRNA,sRNA,
667,phhC,PhrS,PAO1,951237,951237,-,PA0870,PAO1,3705311,3705311,-,PA3305.1,27,389,70555,6411091,6.30693431567817,2.73573645293756e-07,mRNA,sRNA,
668,3_utr_PA0954,OprB-3',PAO1,1040851,1040851,+,PA0954_3',PAO1,3575845,3575845,-,PA3185.1,27,0,3623,6478412,inf,1.37381470598569e-82,3-utr,sRNA,RNA2
669,PA1551,PrrH/F1/F2,PAO1,1689360,1689360,-,PA1551,PAO1,5284104,5284104,+,PA4704.3,27,338,1432,6480265,361.490436266569,1.01808366535604e-52,mRNA,sRNA,
670,pilM,PA2435,PAO1,5680275,5680275,-,PA5044,PAO1,2732153,2732153,-,PA2435,27,42,0,6481993,inf,1.21203371335505e-131,mRNA,mRNA,
671,AS_creD,mexJ,PAO1,526720,526720,-,AS_PA0465,PAO1,4119551,4119551,-,PA3677,27,0,14,6482021,inf,3.81862047200027e-140,antisense,mRNA,
672,PA4943,pntAA,PAO1,5548328,5548328,-,PA4943,PAO1,224223,224223,+,PA0195,27,80,1,6481954,2187659.475,4.77513624556399e-124,mRNA,mRNA,
673,PA2737,recD,PAO1,3099560,3099560,-,PA2737,PAO1,4800855,4800855,-,PA4283,27,2,21,6482012,4167007.71428571,9.81689429917506e-135,mRNA,mRNA,
674,flp,PA3157,PAO1,4830941,4830941,+,PA4306,PAO1,3540919,3540919,-,PA3157,27,844,35,6481156,5923.8731211916,4.42926656706949e-82,mRNA,mRNA,
675,AS_PA1037,AS_pprB,PAO1,1124924,1124924,+,AS_PA1037,PAO1,4821151,4821151,-,AS_PA4296,27,5,0,6482030,inf,2.18210890069927e-145,antisense,antisense,
676,PA1133,PhrS,PAO1,1225474,1225474,-,PA1133,PAO1,3705311,3705311,-,PA3305.1,27,1,70555,6411479,2453.5459287081,2.25443884369722e-46,mRNA,sRNA,
677,PA5027,RhlS/Spa104,PAO1,5657582,5657582,+,PA5027,PAO1,3889776,3889776,-,PA3476.1,27,159,38200,6443676,28.6442181171589,5.04600957810216e-23,mRNA,sRNA,
678,trxB2,recQ,PAO1,928525,928525,+,PA0849,PAO1,3755391,3755391,-,PA3344,27,0,3,6482032,inf,4.39941315033307e-147,mRNA,mRNA,
679,PA2006,dnaK,PAO1,2195232,2195232,-,PA2006,PAO1,5347823,5347823,-,PA4761,27,46,26,6481963,146331.940635451,7.86828608314421e-116,mRNA,mRNA,
680,3_utr_PA0912,RhlS/Spa104,PAO1,995096,995096,-,PA0912_3',PAO1,3889790,3889790,-,PA3476.1,27,0,38200,6443835,inf,5.22267682547353e-55,3-utr,sRNA,
681,nhaP,PhrS,PAO1,4353684,4353684,-,PA3887,PAO1,3705357,3705357,-,PA3305.1,27,0,70555,6411480,inf,8.13697268003688e-48,mRNA,sRNA,
682,CrcZ,muxB,PAO1,5308916,5308916,+,PA4726.11,PAO1,2851919,2851919,-,PA2527,27,105067,0,6376968,inf,3.79349231785407e-43,sRNA,mRNA,
683,Spa059,sadB,PAO1,2114170,2114170,-,Spa059,PAO1,6015141,6015141,+,PA5346,27,177,0,6481858,inf,3.76723147174989e-117,sRNA,mRNA,
684,rpsN,PhrS,PAO1,4761179,4761179,-,PA4250,PAO1,3705311,3705311,-,PA3305.1,27,49,70555,6411431,50.071991021623,4.60483059240175e-28,mRNA,sRNA,
685,PhrS,wzy,PAO1,3705502,3705502,-,PA3305.1,PAO1,3538284,3538284,-,PA3154,27,2610,62,6479363,1081.09505005561,9.59876145836027e-64,sRNA,mRNA,
686,AS_pys2,CrcZ,PAO1,1245544,1245544,-,AS_PA1150,PAO1,5308906,5308906,+,PA4726.11,27,0,695869,5786166,inf,5.57653007083498e-21,antisense,sRNA,
687,aceF,chpB,PAO1,5640501,5640501,+,PA5016,PAO1,462475,462475,+,PA0414,27,43,0,6481992,inf,1.97307813801993e-131,mRNA,mRNA,
688,ccpR,RgsA,PAO1,5137088,5137088,+,PA4587,PAO1,3318867,3318867,+,PA2958.1,27,70,17914,6464051,139.180351361265,4.26466050484063e-40,mRNA,sRNA,
689,PA0788,rcpC,PAO1,862800,862800,-,PA0788,PAO1,4830231,4830231,-,PA4305,27,17,27,6481991,381293.588235294,1.44790322334e-123,mRNA,mRNA,
690,PA3309,PhrS,PAO1,3710727,3710727,+,PA3309,PAO1,3705311,3705312,-,PA3305.1,27,59,70555,6411421,41.5851480213176,7.00650696054901e-26,mRNA,sRNA,
691,CrcZ,napF,PAO1,5308780,5308780,+,PA4726.11,PAO1,1276341,1276341,-,PA1176,27,1448873,6,5033156,15.6322893724984,5.73140258465942e-07,sRNA,mRNA,
692,PA3022,RhlS/Spa104,PAO1,3384600,3384600,-,PA3022,PAO1,3889775,3889776,-,PA3476.1,27,0,38200,6443835,inf,5.22267682547353e-55,mRNA,sRNA,
693,bauA,BkdZ,PAO1,150664,150664,-,PA0132,PAO1,2478252,2478252,+,PA2250.1,27,0,27504,6454531,inf,7.37124486117575e-59,mRNA,sRNA,RNA2
694,PA2798,PhrS,PAO1,3155178,3155178,-,PA2798,PAO1,3705311,3705311,-,PA3305.1,27,15,70555,6411465,163.569371412373,6.39684050210978e-37,mRNA,sRNA,
695,PA5456,PhrS,PAO1,6147319,6147319,+,PA5456,PAO1,3705311,3705311,-,PA3305.1,27,58,70555,6411422,42.3021399299641,4.8577358267482e-26,mRNA,sRNA,
696,PA1392,pheT,PAO1,1514897,1514897,+,PA1392,PAO1,3100378,3100378,-,PA2739,27,0,14,6482021,inf,3.81862047200027e-140,mRNA,mRNA,
697,PA0032,RhlS/Spa104,PAO1,35550,35550,+,PA0032,PAO1,3889786,3889786,-,PA3476.1,27,0,38200,6443835,inf,5.22267682547353e-55,mRNA,sRNA,
698,PA3923,AS2779,PAO1,4398006,4398006,-,PA3923,PAO1,3127847,3127847,+,PA2768.1,27,28,71315,6410692,86.6821666449654,3.08286928881705e-32,mRNA,sRNA,
699,PA0050,PhrS,PAO1,65452,65452,+,PA0050,PAO1,3705311,3705311,-,PA3305.1,27,14,70555,6411466,175.252925276127,2.47372986876609e-37,mRNA,sRNA,
700,PA0751,PhrS,PAO1,818946,819050,-,PA0751,PAO1,3705311,3705315,-,PA3305.1,27,100,70555,6411380,24.5350804337042,8.40419783960291e-21,mRNA,sRNA,
701,PrrH/F1/F2,katA,PAO1,5283995,5284205,+,PA4704.3,PAO1,4752323,4752324,-,PA4236,27,2162,338,6479535,239.406101352571,6.083880817653e-48,sRNA,mRNA,
702,cbrB,PrrH/F1/F2,PAO1,5307128,5307128,+,PA4726,PAO1,5284109,5284318,+,PA4704.3,27,0,2486,6479549,inf,5.5234349413632e-87,mRNA,sRNA,
