Number,RNA1 Name,RNA2 Name,RNA1 chromosome,RNA1 from,RNA1 to,RNA1 strand,RNA1 Gene,RNA2 chromosome,RNA2 from,RNA2 to,RNA2 strand,RNA2 Gene,interactions,other interactions of RNA1,other interactions of RNA2,total other interactions,odds ratio,Fisher's exact test p-value,annotation class RNA1,annotaiton class RNA2,novel sRNA
1,rpsP,PhrS,PAO1,4196808,4197213,-,PA3745,PAO1,3705308,3705408,-,PA3305.1,53202,10814,330148,37611018,560.464373371057,0,mRNA,sRNA,
2,CrcZ,RhlS/SPA104,PAO1,5308701,5308954,+,PA4726.11,PAO1,3889774,3889830,-,PA3476.1,21310,12835236,6405,25142231,6.51724833044607,0,sRNA,sRNA,RNA2
3,fhp,PhrS,PAO1,3013442,3013807,-,PA2664,PAO1,3705308,3705489,-,PA3305.1,13007,6375,370343,37615457,207.233114187891,0,mRNA,sRNA,
4,PA3965,PhrS,PAO1,4445526,4445963,+,PA3965,PAO1,3705308,3705319,-,PA3305.1,12195,2526,368329,37622132,493.123781422073,0,mRNA,sRNA,
5,Spa121,PhrS,PAO1,6171767,6172064,-,Spa121,PAO1,3705308,3705448,-,PA3305.1,11348,1836,372002,37619996,625.057715750796,0,sRNA,sRNA,
6,PA1123,PhrS,PAO1,1216140,1216531,-,PA1123,PAO1,3705308,3705318,-,PA3305.1,10849,1407,369675,37623251,784.750950056065,0,mRNA,sRNA,
7,CrcZ,Pant445/Spa93,PAO1,5308602,5308699,+,PA4726.11,PAO1,5372502,5372550,-,Pant445/Spa93,9606,21002200,6258,16987118,1.24154349049475,8.47069473429928e-35,sRNA,sRNA,
8,PA4606,PhrS,PAO1,5165510,5165927,-,PA4606,PAO1,3705308,3705318,-,PA3305.1,9368,5395,371156,37619263,175.998606994287,0,mRNA,sRNA,
9,pauR,PhrS,PAO1,5970307,5970608,-,PA5301,PAO1,3705308,3705318,-,PA3305.1,8842,1165,371682,37623493,768.266982728994,0,mRNA,sRNA,
10,CrcZ,OprB-3',PAO1,5308803,5308934,+,PA4726.11,PAO1,3575844,3575867,-,PA3185.1,8228,4236213,13110,33747631,4.99985137262013,0,sRNA,sRNA,RNA2
11,5_utr_cyoA,PhrS,PAO1,1427658,1427895,+,PA1317_5',PAO1,3705308,3705320,-,PA3305.1,6774,1804,373750,37622854,377.989029204517,0,5-utr,sRNA,
12,CrcZ,PhrS,PAO1,5308901,5309268,+,PA4726.11,PAO1,3705308,3705446,-,PA3305.1,6594,205667,376756,37416165,3.18407599311667,0,sRNA,sRNA,
13,hmgA,PhrS,PAO1,2198680,2198819,-,PA2009,PAO1,3705308,3705318,-,PA3305.1,6044,1405,374480,37623253,432.191126869353,0,mRNA,sRNA,
14,CrcZ,BetZ,PAO1,5308705,5308934,+,PA4726.11,PAO1,6053257,6053267,+,PA5375.1,5952,12850594,875,25147761,13.3116224352408,0,sRNA,sRNA,RNA2
15,CrcZ,PA0160.1,PAO1,5308901,5308934,+,PA4726.11,PAO1,184040,184112,+,PA0160.1,4624,207371,152299,37640888,5.51102793161364,0,sRNA,sRNA,RNA2
16,P30,CrcZ,PAO1,5308703,5308929,-,PA4726.2,PAO1,5308622,5308800,+,PA4726.11,4501,6941,8755297,29238443,2.1655605311962,0,sRNA,sRNA,
17,CrcZ,AS2779,PAO1,5308811,5308931,+,PA4726.11,PAO1,3127821,3127849,+,PA2768.1,4467,4239974,6087,33754654,5.84229009668436,0,sRNA,sRNA,
18,rplT,PhrS,PAO1,3103922,3104376,-,PA2741,PAO1,3705308,3705318,-,PA3305.1,4423,18500,376101,37606158,23.9056022449978,0,mRNA,sRNA,
19,PA3340,PhrS,PAO1,3751526,3751927,-,PA3340,PAO1,3705308,3705329,-,PA3305.1,4238,2724,376286,37621934,155.552467979744,0,mRNA,sRNA,
20,fdnG,PhrS,PAO1,5401459,5401812,-,PA4812,PAO1,3705309,3705318,-,PA3305.1,4125,2915,376399,37621743,141.441171645083,0,mRNA,sRNA,
21,P14,PhrS,PAO1,3206794,3207181,+,PA2852.2,PAO1,3705308,3705350,-,PA3305.1,3832,32363,376692,37592295,11.8165084616072,0,sRNA,sRNA,
22,PA5180,PhrS,PAO1,5831875,5831994,+,PA5180,PAO1,3705308,3705329,-,PA3305.1,3477,53,377047,37624605,6546.44133925348,0,mRNA,sRNA,
23,PA1592,PhrS,PAO1,1734924,1735097,-,PA1592,PAO1,3705308,3705448,-,PA3305.1,3146,3923,380204,37617909,79.3447836097745,0,mRNA,sRNA,
24,wzz2-5',PhrS,PAO1,1028060,1028219,+,PA0938_5',PAO1,3705309,3705318,-,PA3305.1,2905,1786,377619,37622872,162.055132167839,0,5-utr,sRNA,
25,PA2482,PhrS,PAO1,2801146,2801492,-,PA2482,PAO1,3705310,3705384,-,PA3305.1,2545,1340,377979,37623318,189.048140497262,0,mRNA,sRNA,
26,5_utr_PA1759,PhrS,PAO1,1898758,1898962,+,PA1759_5',PAO1,3705309,3705318,-,PA3305.1,2530,882,377994,37623776,285.515315801782,0,5-utr,sRNA,
27,CrcZ,3_utr_PA5314,PAO1,5308583,5308698,+,PA4726.11,PAO1,5985621,5985641,+,PA5314_3',2479,21140675,1421,16860607,1.39135132106111,1.40398059172109e-17,sRNA,3-utr,
28,wbpI,PhrS,PAO1,3531902,3532340,-,PA3148,PAO1,3705308,3705318,-,PA3305.1,2427,5407,378097,37619251,44.6601646398553,0,mRNA,sRNA,
29,5_utr_amrZ,PhrS,PAO1,3791229,3791682,+,PA3385_5',PAO1,3705309,3705318,-,PA3305.1,2050,10782,378474,37613876,18.8958560547042,0,5-utr,sRNA,
30,CrcZ,PhrS,PAO1,5308588,5308600,+,PA4726.11,PAO1,3705309,3705318,-,PA3305.1,2010,129338,378514,37495320,1.53944803470977,1.56697992466775e-65,sRNA,sRNA,
31,P30,CrcZ,PAO1,5308618,5308922,-,PA4726.2,PAO1,5308902,5308964,+,PA4726.11,1906,10515,4557902,33434859,1.32968304858979,1.56193785603621e-22,sRNA,sRNA,
32,PA5244,PhrS,PAO1,5906163,5906195,+,PA5244,PAO1,3705309,3705318,-,PA3305.1,1874,42,378650,37624616,4433.5785896009,0,mRNA,sRNA,
33,5_utr_PA3070,PhrS,PAO1,3442684,3442795,+,PA3070_5',PAO1,3705308,3705318,-,PA3305.1,1822,79,378702,37624579,2291.3705749332,0,5-utr,sRNA,
34,hpd,PhrS,PAO1,946827,947216,+,PA0865,PAO1,3705309,3705318,-,PA3305.1,1758,956,378766,37623702,182.663391459917,0,mRNA,sRNA,
35,5' tssA1,PhrS,PAO1,99921,100197,+,PA0082_5',PAO1,3705309,3705318,-,PA3305.1,1718,1344,378806,37623314,126.959174125252,0,5-utr,sRNA,
36,PA4621,PhrS,PAO1,5182045,5182415,-,PA4621,PAO1,3705308,3705448,-,PA3305.1,1691,4129,381659,37617703,40.3659790014241,0,mRNA,sRNA,
37,PA1458,PhrS,PAO1,1589078,1589484,+,PA1458,PAO1,3705309,3705318,-,PA3305.1,1608,1520,378916,37623138,105.039955224071,0,mRNA,sRNA,
38,PA3771,PhrS,PAO1,4229042,4229297,+,PA3771,PAO1,3705308,3705318,-,PA3305.1,1481,379,379043,37624279,387.878363039226,0,mRNA,sRNA,
39,nrdB,PhrS,PAO1,1250821,1251283,-,PA1155,PAO1,3705309,3705318,-,PA3305.1,1425,4122,379099,37620536,34.3067214993515,0,mRNA,sRNA,
40,gltB,AspA-3',PAO1,5671957,5672228,-,PA5036,PAO1,6110792,6110937,+,PA5429.1,1366,1013,64756,37938047,790.01658716505,0,mRNA,sRNA,RNA2
41,PA4094,PhrS,PAO1,4577119,4577446,-,PA4094,PAO1,3705309,3705318,-,PA3305.1,1328,872,379196,37623786,151.105522926295,0,mRNA,sRNA,
42,PA5185as,PhrS,PAO1,5837781,5837918,+,PA5185.1,PAO1,3705310,3705318,-,PA3305.1,1251,889,379273,37623769,139.593732956577,0,sRNA,sRNA,RNA1
43,PA0946,PhrS,PAO1,1034418,1034843,+,PA0946,PAO1,3705308,3705318,-,PA3305.1,1228,1728,379296,37622930,70.4902385799149,0,mRNA,sRNA,
44,PA1613,PhrS,PAO1,1758595,1758643,-,PA1613,PAO1,3705309,3705318,-,PA3305.1,1210,119,379314,37624539,1008.58086422534,0,mRNA,sRNA,
45,PA1746,PhrS,PAO1,1888942,1889367,+,PA1746,PAO1,3705310,3705315,-,PA3305.1,1149,553,379375,37624105,206.059369537433,0,mRNA,sRNA,
46,ErsA,PhrS,PAO1,6183605,6183660,-,PA5492.1,PAO1,3705309,3705484,-,PA3305.1,1130,13554,382220,37608278,8.20315660209488,0,sRNA,sRNA,
47,PA1209,PhrS,PAO1,1310268,1310536,-,PA1209,PAO1,3705309,3705448,-,PA3305.1,998,1226,382352,37620606,80.0944626087311,0,mRNA,sRNA,
48,accB,PhrS,PAO1,5442711,5442927,+,PA4847,PAO1,3705309,3705318,-,PA3305.1,987,789,379537,37623869,124.007936997,0,mRNA,sRNA,
49,PA5506,PhrS,PAO1,6198045,6198446,+,PA5506,PAO1,3705309,3705316,-,PA3305.1,977,996,379547,37623662,97.2368153091992,0,mRNA,sRNA,
50,wbpJ,PhrS,PAO1,3531405,3531899,-,PA3147,PAO1,3705308,3705317,-,PA3305.1,963,3267,379561,37621391,29.2166500993902,0,mRNA,sRNA,
51,wbpL,Sr063/Spa38,PAO1,3528587,3528629,-,PA3145,PAO1,3116511,3116519,+,Sr063/Spa38,950,1152,56195,37946885,556.864563097497,0,mRNA,sRNA,
52,atpI,PhrS,PAO1,6254702,6254799,-,PA5561,PAO1,3705309,3705318,-,PA3305.1,907,991,379617,37623667,90.7087331796817,0,mRNA,sRNA,
53,PA1069,PhrS,PAO1,1156717,1157187,+,PA1069,PAO1,3705309,3705318,-,PA3305.1,904,3424,379620,37621234,26.1648727059573,0,mRNA,sRNA,
54,PA3755,PhrS,PAO1,4206523,4206849,+,PA3755,PAO1,3705310,3705438,-,PA3305.1,800,1833,382550,37619999,42.9198401087599,0,mRNA,sRNA,
55,Sr0161,PrrH/F1/F2,PAO1,184210,184289,+,PA0161,PAO1,5284072,5284319,+,PA4704.3,793,4845,25445,37974099,244.266792127985,0,sRNA,sRNA,
56,5_utr_betTI,PhrS,PAO1,6051402,6051869,+,PA5374.1,PAO1,3705309,3705319,-,PA3305.1,753,10818,379771,37613840,6.89404118863918,0,sRNA,sRNA,
57,PA3270,PhrS,PAO1,3659382,3659765,-,PA3270,PAO1,3705309,3705318,-,PA3305.1,751,1207,379773,37623451,61.6406500699254,0,mRNA,sRNA,
58,pauC,PhrS,PAO1,5983389,5983742,-,PA5312,PAO1,3705309,3705448,-,PA3305.1,747,211,382603,37621621,348.11864107516,0,mRNA,sRNA,
59,PA2006,PhrS,PAO1,2195364,2195770,-,PA2006,PAO1,3705309,3705318,-,PA3305.1,717,650,379807,37624008,109.271748489263,0,mRNA,sRNA,
60,dsbH,PhrS,PAO1,5917928,5918143,-,PA5256,PAO1,3705309,3705318,-,PA3305.1,688,387,379836,37624271,176.095980604494,0,mRNA,sRNA,
61,PA3534,PhrS,PAO1,3954481,3954660,-,PA3534,PAO1,3705309,3705318,-,PA3305.1,664,254,379860,37624404,258.928841334416,0,mRNA,sRNA,
62,carB,PhrS,PAO1,5341557,5341982,-,PA4756,PAO1,3705310,3705320,-,PA3305.1,654,1285,379870,37623373,50.4077545717821,0,mRNA,sRNA,
63,PA4787,PhrS,PAO1,5376368,5376619,-,PA4787,PAO1,3705309,3705448,-,PA3305.1,651,1384,382699,37620448,46.2393301534747,0,mRNA,sRNA,
64,CrcZ,Sr063/Spa38,PAO1,5308902,5308928,+,PA4726.11,PAO1,3116495,3116519,+,Sr063/Spa38,641,211354,57144,37736043,2.0027801529215,2.87089612273274e-49,sRNA,sRNA,
65,CrcZ,PA3449.1,PAO1,5308901,5308931,+,PA4726.11,PAO1,3855363,3855465,-,PA3449.1,638,211357,3460,37789727,32.9686905734184,0,sRNA,sRNA,RNA2
66,CrcZ,rpoB,PAO1,5308901,5308930,+,PA4726.11,PAO1,4780305,4780764,-,PA4270,625,211370,11516,37781671,9.70099265204851,0,sRNA,mRNA,
67,PA4331,PhrS,PAO1,4859316,4859779,-,PA4331,PAO1,3705308,3705318,-,PA3305.1,611,231,379913,37624427,261.947929648463,0,mRNA,sRNA,
68,chpA,PhrS,PAO1,457245,457672,+,PA0413,PAO1,3705308,3705484,-,PA3305.1,606,820,382744,37621012,72.64083944793,0,mRNA,sRNA,
69,CrcZ,PA0217-5',PAO1,5308902,5308928,+,PA4726.11,PAO1,245677,245727,-,PA0217.1,593,211402,2880,37790307,36.8072638119554,0,sRNA,sRNA,RNA2
70,PA3307,PhrS,PAO1,3706548,3706922,-,PA3307,PAO1,3705309,3705449,-,PA3305.1,579,535,382771,37621297,106.370088061974,0,mRNA,sRNA,
71,antR,PhrS,PAO1,2828831,2829273,-,PA2511,PAO1,3705309,3705318,-,PA3305.1,574,178,379950,37624480,319.327225492414,0,mRNA,sRNA,
72,Sr0161,PhrS,PAO1,184248,184300,+,PA0161,PAO1,3705309,3705318,-,PA3305.1,573,5065,379951,37619593,11.2011257548685,0,sRNA,sRNA,
73,5_utr_mvfR,PhrS,PAO1,1087331,1087577,-,PA1003_5',PAO1,3705310,3705316,-,PA3305.1,563,109,379961,37624549,511.462948237396,0,5-utr,sRNA,
74,PA5348,PhrS,PAO1,6017151,6017528,-,PA5348,PAO1,3705310,3705316,-,PA3305.1,560,1296,379964,37623362,42.7856540925059,0,mRNA,sRNA,
75,zwf,PhrS,PAO1,3573450,3573837,-,PA3183,PAO1,3705309,3705318,-,PA3305.1,559,902,379965,37623756,61.3654361968162,0,mRNA,sRNA,
76,Pant70/Spa70,PhrS,PAO1,706724,706803,-,Pant70/Spa70,PAO1,3705309,3705318,-,PA3305.1,540,791,379984,37623867,67.5951282984355,0,sRNA,sRNA,
77,erbR,PhrS,PAO1,2164550,2164810,-,PA1978,PAO1,3705309,3705316,-,PA3305.1,531,127,379993,37624531,413.986614071693,0,mRNA,sRNA,
78,oprH,PhrS,PAO1,1277015,1277458,+,PA1178,PAO1,3705309,3705316,-,PA3305.1,528,2886,379996,37621772,18.1133099136025,0,mRNA,sRNA,
79,PA0921,PhrS,PAO1,1007008,1007268,+,PA0921,PAO1,3705309,3705315,-,PA3305.1,519,328,380005,37624330,156.66535894425,0,mRNA,sRNA,
80,PA0218,PhrS,PAO1,246644,247060,-,PA0218,PAO1,3705310,3705318,-,PA3305.1,518,405,380006,37624253,126.634537570329,0,mRNA,sRNA,
81,mucC,PhrS,PAO1,833703,834046,+,PA0765,PAO1,3705309,3705450,-,PA3305.1,512,14492,382838,37607340,3.47055725372687,2.89401765416159e-112,mRNA,sRNA,
82,Sr065/Spa181,PhrS,PAO1,3108595,3108889,-,Sr065/Spa181,PAO1,3705308,3705317,-,PA3305.1,505,497,380019,37624161,100.599657642872,0,sRNA,sRNA,
83,Spa170,PhrS,PAO1,5001984,5002381,-,Spa170,PAO1,3705308,3705317,-,PA3305.1,478,747,380046,37623911,63.3483149552649,0,sRNA,sRNA,
84,Sr063/Spa38,tRNA-Met,PAO1,3116446,3116480,+,Sr063/Spa38,PAO1,5332054,5332081,-,PA4746.1,442,52404,47832,37904504,6.68390254499761,3.76721567170845e-196,sRNA,tRNA,
85,PA0099,PhrS,PAO1,120728,120975,+,PA0099,PAO1,3705310,3705317,-,PA3305.1,426,411,380098,37624247,102.598263344532,0,mRNA,sRNA,
86,IG_wbpA_wzz,PhrS,PAO1,3545331,3545781,-,IG_PA1370-1371,PAO1,3705310,3705318,-,PA3305.1,421,2660,380103,37621998,15.6653830197469,8.72060944e-316,intergenic,sRNA,
87,mvaT,PhrS,PAO1,4843870,4844058,+,PA4315,PAO1,3705309,3705318,-,PA3305.1,415,1740,380109,37622918,23.6071289200378,0,mRNA,sRNA,
88,katA,PhrS,PAO1,4753276,4753698,-,PA4236,PAO1,3705310,3705317,-,PA3305.1,412,2164,380112,37622494,18.8441243254152,0,mRNA,sRNA,
89,P8,AspA-3',PAO1,1117638,1117879,+,PA1030.1,PAO1,6110825,6110938,+,PA5429.1,406,2121,63958,37938697,113.546277636613,0,sRNA,sRNA,RNA2
90,PA3940,PhrS,PAO1,4418319,4418568,+,PA3940,PAO1,3705308,3705316,-,PA3305.1,401,559,380123,37624099,71.0026446199221,0,mRNA,sRNA,
91,PA3081,Pant445/Spa93,PAO1,3457712,3457961,-,PA3081,PAO1,5372502,5372511,-,Pant445/Spa93,398,681,15466,37988637,1435.52799404804,0,mRNA,sRNA,
92,tRNA-Lys,PhrS,PAO1,1060402,1060539,+,PA0976.1,PAO1,3705310,3705316,-,PA3305.1,398,2915,380126,37621743,13.5131267289732,3.21165276306986e-276,tRNA,sRNA,
93,PA3208,PhrS,PAO1,3598032,3598333,-,PA3208,PAO1,3705310,3705318,-,PA3305.1,398,481,380126,37624177,81.8987793444526,0,mRNA,sRNA,
94,PA4571,PhrS,PAO1,5118508,5118917,+,PA4571,PAO1,3705310,3705452,-,PA3305.1,395,1225,382955,37620607,31.676636520676,0,mRNA,sRNA,
95,CrcZ,Spa121,PAO1,5308901,5308930,+,PA4726.11,PAO1,6171806,6171811,-,Spa121,393,211602,1986,37791201,35.3414392638908,0,sRNA,mRNA,
96,pilM,PhrS,PAO1,5680533,5680830,-,PA5044,PAO1,3705309,3705318,-,PA3305.1,393,3146,380131,37621512,12.3633678109859,1.33544012555615e-259,mRNA,sRNA,
97,AS_PA4570,PhrS,PAO1,5117889,5117960,-,AS_PA4570,PAO1,3705309,3705317,-,PA3305.1,392,39,380132,37624619,994.853518359479,0,antisense,sRNA,
98,PA0821,PhrS,PAO1,897708,897754,-,PA0821,PAO1,3705310,3705318,-,PA3305.1,391,597,380133,37624061,64.823507007494,0,mRNA,sRNA,
99,fliC,PhrS,PAO1,1184205,1184292,+,PA1092,PAO1,3705310,3705318,-,PA3305.1,390,1235,380134,37623423,31.2549809997748,0,mRNA,sRNA,
100,oprL,PhrS,PAO1,1057518,1057693,+,PA0973,PAO1,3705310,3705318,-,PA3305.1,384,1808,380140,37622850,21.0203972360439,0,mRNA,sRNA,
101,PA1053,PhrS,PAO1,1141242,1141680,+,PA1053,PAO1,3705309,3705318,-,PA3305.1,371,2885,380153,37621773,12.7264984429032,7.46583922213321e-249,mRNA,sRNA,
102,clpX,PhrS,PAO1,1955803,1956238,+,PA1802,PAO1,3705310,3705317,-,PA3305.1,367,751,380157,37623907,48.3645362380887,0,mRNA,sRNA,
103,wbpL,PhrS,PAO1,3529280,3529591,-,PA3145,PAO1,3705310,3705312,-,PA3305.1,366,849,380158,37623809,42.6650267248932,0,mRNA,sRNA,
104,rpmB,PhrS,PAO1,5985918,5986364,-,PA5316,PAO1,3705310,3705318,-,PA3305.1,365,2235,380159,37622423,16.1620640093292,1.69500003703161e-277,mRNA,sRNA,
105,cifR-3',PhrS,PAO1,3286510,3286739,-,PA2931_3',PAO1,3705309,3705316,-,PA3305.1,362,162,380162,37624496,221.154379085043,0,3-utr,sRNA,
106,rplE,PhrS,PAO1,4761525,4761628,-,PA4251,PAO1,3705309,3705318,-,PA3305.1,362,3334,380162,37621324,10.7450476760882,7.85145189614284e-220,mRNA,sRNA,
107,dnaG,PhrS,PAO1,636714,636810,-,PA0577,PAO1,3705310,3705318,-,PA3305.1,355,68,380169,37624590,516.671511648147,0,mRNA,sRNA,
108,mfd,PhrS,PAO1,3364105,3364449,+,PA3002,PAO1,3705309,3705318,-,PA3305.1,354,493,380170,37624165,71.0632998550184,0,mRNA,sRNA,
109,AS_PA3868,PhrS,PAO1,4332214,4332263,-,AS_PA3868,PAO1,3705308,3705314,-,PA3305.1,353,30,380171,37624628,1164.51927194166,0,antisense,sRNA,
110,rplR,PhrS,PAO1,4759699,4759916,-,PA4247,PAO1,3705309,3705318,-,PA3305.1,350,3047,380174,37621611,11.3671231853279,9.61693223789841e-220,mRNA,sRNA,
111,PA3789,PhrS,PAO1,4247549,4247925,-,PA3789,PAO1,3705310,3705318,-,PA3305.1,350,959,380174,37623699,36.118401067141,0,mRNA,sRNA,
112,PA3139,PhrS,PAO1,3522775,3522933,+,PA3139,PAO1,3705309,3705318,-,PA3305.1,349,622,380175,37624036,55.528618522059,0,mRNA,sRNA,
113,Sr066,PhrS,PAO1,3013871,3014196,+,Sr066,PAO1,3705309,3705317,-,PA3305.1,334,71,380190,37624587,465.542323649146,0,sRNA,sRNA,
114,hsbD,PhrS,PAO1,3754516,3754984,-,PA3343,PAO1,3705309,3705318,-,PA3305.1,328,2212,380196,37622446,14.6733137949195,4.94587595446252e-237,mRNA,sRNA,
115,PA3894,PhrS,PAO1,4362998,4363102,-,PA3894,PAO1,3705309,3705317,-,PA3305.1,325,129,380199,37624529,249.318067745469,0,mRNA,sRNA,
116,PA4654,PhrS,PAO1,5222199,5222294,-,PA4654,PAO1,3705310,3705318,-,PA3305.1,324,44,380200,37624614,728.705880636985,0,mRNA,sRNA,
117,pntAA,AspA-3',PAO1,225178,225278,+,PA0195,PAO1,6110934,6110938,+,PA5429.1,322,53,41822,37962985,5514.87353410636,0,mRNA,sRNA,RNA2
118,AS_PA2372,PhrS,PAO1,2623504,2623852,-,AS_PA2372,PAO1,3705310,3705318,-,PA3305.1,321,131,380203,37624527,242.487438701137,0,antisense,sRNA,
119,PA1200,PhrS,PAO1,1300808,1301218,+,PA1200,PAO1,3705310,3705317,-,PA3305.1,313,751,380211,37623907,41.2423701162975,0,mRNA,sRNA,
120,PA4130,PhrS,PAO1,4619052,4619322,-,PA4130,PAO1,3705310,3705318,-,PA3305.1,307,716,380217,37623942,42.4285430256285,0,mRNA,sRNA,
121,betB,PhrS,PAO1,6050511,6050700,-,PA5373,PAO1,3705310,3705318,-,PA3305.1,299,908,380225,37623750,32.5841766250738,2.91236097955559e-304,mRNA,sRNA,
122,PA1963,PhrS,PAO1,2146601,2146938,+,PA1963,PAO1,3705310,3705316,-,PA3305.1,289,564,380235,37624094,50.7028882287894,0,mRNA,sRNA,
123,5_utr_gbt,QuiP-3',PAO1,3459965,3460025,-,PA3082_5',PAO1,1119579,1119585,-,PA1031.1,283,425,998,38003476,25356.5571330897,0,5-utr,sRNA,RNA2
124,ladS,PhrS,PAO1,4455512,4455702,-,PA3974,PAO1,3705310,3705315,-,PA3305.1,283,525,380241,37624133,53.337749775487,0,mRNA,sRNA,
125,Sr012,PhrS,PAO1,327079,327432,+,Sr012,PAO1,3705310,3705318,-,PA3305.1,281,758,380243,37623900,36.6808759295203,1.17138139047244e-297,sRNA,sRNA,
126,5_utr_acsB,PhrS,PAO1,5315469,5315700,+,PA4733_5',PAO1,3705309,3705378,-,PA3305.1,273,447,380251,37624211,60.4299396271261,0,5-utr,sRNA,
127,PA0215,PhrS,PAO1,243402,243676,+,PA0215,PAO1,3705310,3705341,-,PA3305.1,272,632,380252,37624026,42.5839148375554,2.31198485069236e-302,mRNA,sRNA,
128,AS_PhrD,Sr063/Spa38,PAO1,785527,785798,-,AS_PA0714.1,PAO1,3116513,3116519,+,Sr063/Spa38,264,1909,56881,37946128,92.2567694537746,0,antisense,sRNA,
129,PA5491,PrrH/F1/F2,PAO1,6182385,6182792,-,PA5491,PAO1,5284071,5284319,+,PA4704.3,263,984,25975,37977960,390.783957369891,0,mRNA,sRNA,
130,ftsW,PhrS,PAO1,4946406,4946848,-,PA4413,PAO1,3705310,3705318,-,PA3305.1,262,585,380262,37624073,44.3127094782648,9.83915622721692e-295,mRNA,sRNA,
131,PA1371,PhrS,PAO1,1486903,1487381,-,PA1371,PAO1,3705309,3705490,-,PA3305.1,262,1641,383088,37620191,15.6788844057398,6.13583922614359e-195,mRNA,sRNA,
132,5_utr_PA0119,AspA-3',PAO1,138748,138751,+,PA0119_5',PAO1,6110898,6110937,+,PA5429.1,256,233,64108,37940585,650.243229571557,0,5-utr,sRNA,RNA2
133,Spa103,PhrS,PAO1,3616920,3617040,+,Spa103,PAO1,3705310,3705408,-,PA3305.1,255,2344,383095,37619488,10.6828952459995,5.3645996418662e-153,sRNA,sRNA,
134,CrcZ,3-utr_PA0252,PAO1,5308714,5308795,+,PA4726.11,PAO1,283781,283790,-,PA0252_3',250,8611855,451,29392626,1.89193036035571,1.15261130039975e-08,sRNA,3-utr,
135,ppk,PhrS,PAO1,5904405,5904496,-,PA5242,PAO1,3705309,3705318,-,PA3305.1,250,452,380274,37624206,54.7233007024604,3.79486850257724e-299,mRNA,sRNA,
136,5_utr_gdhB,PhrS,PAO1,3441493,3441636,-,PA3068_5',PAO1,3705309,3705315,-,PA3305.1,250,771,380274,37623887,32.0813517513725,2.80138422147592e-252,5-utr,sRNA,
137,AS_Pant259,PhrS,PAO1,3119844,3120078,+,AS_Pant259,PAO1,3705310,3705314,-,PA3305.1,247,600,380277,37624058,40.729706354403,2.66660949241664e-270,antisense,sRNA,
138,cioA,PhrS,PAO1,4406356,4406533,-,PA3930,PAO1,3705310,3705318,-,PA3305.1,245,195,380279,37624463,124.308103274512,0,mRNA,sRNA,
139,3_utr_uraA,PhrS,PAO1,5214710,5214766,-,PA4647_3',PAO1,3705310,3705313,-,PA3305.1,242,177,380282,37624481,135.271668925323,0,3-utr,sRNA,
140,hilR,PhrS,PAO1,2125954,2126242,-,PA1942,PAO1,3705309,3705318,-,PA3305.1,240,396,380284,37624262,59.9619837550436,2.37785629348533e-294,mRNA,sRNA,
141,PA3080,PhrS,PAO1,3456358,3456637,-,PA3080,PAO1,3705310,3705311,-,PA3305.1,240,357,380284,37624301,66.5125215131124,1.57490758359131e-302,mRNA,sRNA,
142,wbpL,PhrS,PAO1,3528607,3528994,-,PA3145,PAO1,3705310,3705314,-,PA3305.1,236,2182,380288,37622476,10.70020280447,1.90936421562823e-141,mRNA,sRNA,
143,plsX,PhrS,PAO1,3327149,3327280,-,PA2969,PAO1,3705308,3705318,-,PA3305.1,233,196,380291,37624462,117.612667694486,0,mRNA,sRNA,
144,fgtA,PhrS,PAO1,1180439,1180845,+,PA1091,PAO1,3705309,3705317,-,PA3305.1,231,852,380293,37623806,26.8235824504923,1.1526125371281e-217,mRNA,sRNA,
145,Pant340,PhrS,PAO1,4072603,4072633,-,Pant340,PAO1,3705309,3705317,-,PA3305.1,228,103,380296,37624555,219.001574348524,0,sRNA,sRNA,
146,PA5061,AceF-3',PAO1,5701737,5701770,-,PA5061,PAO1,5640675,5640682,+,PA5016.1,228,253,9387,37995314,3647.6868362646,0,mRNA,sRNA,RNA2
147,Sr151,PhrS,PAO1,5885248,5885384,-,Sr151,PAO1,3705309,3705384,-,PA3305.1,226,1110,380298,37623548,20.1428615274157,7.91624144070895e-189,sRNA,sRNA,
148,algP,PhrS,PAO1,5916055,5916419,-,PA5253,PAO1,3705309,3705326,-,PA3305.1,226,1042,380298,37623616,21.4574056677989,3.66995544532088e-194,mRNA,sRNA,
149,fusA1,PA3449.1,PAO1,4769019,4769124,-,PA4266,PAO1,3855363,3855377,-,PA3449.1,225,1313,3666,37999978,1776.26875522753,0,mRNA,sRNA,RNA2
150,PA1420,PhrS,PAO1,1545793,1546181,-,PA1420,PAO1,3705310,3705318,-,PA3305.1,225,614,380299,37624044,36.2538753473362,1.59461712183192e-236,mRNA,sRNA,
151,rpoB,PhrS,PAO1,4780402,4780896,-,PA4270,PAO1,3705309,3705318,-,PA3305.1,223,11578,380301,37613080,1.90494634649455,9.65430907304344e-12,mRNA,sRNA,
152,Pant133/Spa101,PhrS,PAO1,1348631,1348980,-,Pant133/Spa101,PAO1,3705310,3705318,-,PA3305.1,222,191,380302,37624467,114.990338953822,1.32130446e-316,sRNA,sRNA,
153,5_utr_fdnG,prrH/F1/F2,PAO1,5401767,5401769,-,PA4812_5',PAO1,5284103,5284319,+,PA4704.3,222,2856,24724,37977380,119.399095425259,0,5-utr,sRNA,
154,spuA,PhrS,PAO1,334687,334811,+,PA0297,PAO1,3705309,3705318,-,PA3305.1,219,134,380305,37624524,161.688188525823,0,mRNA,sRNA,
155,tRNA-Met,Sr063/Spa38,PAO1,5332105,5332173,-,PA4746.1,PAO1,3116516,3116519,+,Sr063/Spa38,218,42354,56927,37905683,3.42726819055464,4.51825299018498e-45,tRNA,sRNA,
156,wbpA,PhrS,PAO1,3544512,3544809,-,PA3159,PAO1,3705310,3705314,-,PA3305.1,218,1558,380306,37623100,13.8423695662354,2.58442621993108e-151,mRNA,sRNA,
157,Pant148,PhrS,PAO1,1485854,1485892,-,Pant148,PAO1,3705310,3705318,-,PA3305.1,213,77,380311,37624581,273.666516094978,0,sRNA,sRNA,
158,tRNA-Gln,PhrS,PAO1,5238280,5238290,+,PA4669.1,PAO1,3705311,3705318,-,PA3305.1,213,188,380311,37624470,112.086487083891,4.72699234500574e-302,tRNA,sRNA,
159,PA1096,PhrS,PAO1,1187004,1187250,+,PA1096,PAO1,3705310,3705314,-,PA3305.1,212,1578,380312,37623080,13.2905569014364,8.57605531074411e-144,mRNA,sRNA,
160,PA5435,PhrS,PAO1,6118124,6118598,-,PA5435,PAO1,3705310,3705318,-,PA3305.1,210,1415,380314,37623243,14.6817143342089,3.05828150352004e-150,mRNA,sRNA,
161,psdR,PhrS,PAO1,5036214,5036384,+,PA4499,PAO1,3705309,3705313,-,PA3305.1,209,116,380315,37624542,178.244469715893,0,mRNA,sRNA,
162,infB,PhrS,PAO1,5329231,5329606,-,PA4744,PAO1,3705310,3705317,-,PA3305.1,208,1492,380316,37623166,13.7913015300638,6.97447073571981e-144,mRNA,sRNA,
163,PA0462,PhrS,PAO1,522632,522974,+,PA0462,PAO1,3705309,3705318,-,PA3305.1,207,79,380317,37624579,259.220392961328,0,mRNA,sRNA,
164,PA1418,PhrS,PAO1,1544223,1544460,-,PA1418,PAO1,3705310,3705318,-,PA3305.1,205,157,380319,37624501,129.174543351413,1.10808344633974e-298,mRNA,sRNA,
165,5_utr_PA1031,3_utr_PA5435,PAO1,1117661,1117717,+,PA1031_5',PAO1,6116441,6116449,-,PA5429.1,203,2166,3209,37999604,1109.80567005251,0,5-utr,3-utr,
166,plsX,PhrS,PAO1,3327808,3328071,-,PA2969,PAO1,3705310,3705317,-,PA3305.1,203,614,380321,37624044,32.7071598963971,1.91573283619008e-205,mRNA,sRNA,
167,PA4016,PhrS,PAO1,4496552,4496751,+,PA4016,PAO1,3705310,3705318,-,PA3305.1,203,147,380321,37624511,136.615275116596,8.2468476762211e-299,mRNA,sRNA,
168,hfq,PhrS,PAO1,5548609,5549068,-,PA4944,PAO1,3705309,3705311,-,PA3305.1,202,690,380322,37623968,28.9611249171087,1.80665016129702e-195,mRNA,sRNA,
169,braC,PhrS,PAO1,1161916,1162355,-,PA1074,PAO1,3705309,3705312,-,PA3305.1,201,2418,380323,37622240,8.22302897049718,2.69406304499845e-100,mRNA,sRNA,
170,Pant130,AspA-3',PAO1,1284423,1284427,+,Pant130,PAO1,6110824,6110825,+,PA5429.1,200,1,22020,37982961,344986.021798365,0,sRNA,sRNA,RNA2
171,rpsN,PhrS,PAO1,4761162,4761426,-,PA4250,PAO1,3705309,3705318,-,PA3305.1,200,6326,380324,37618332,3.12713486086573,4.38474207591025e-35,mRNA,sRNA,
172,ftsI,PhrS,PAO1,4953583,4953972,-,PA4418,PAO1,3705310,3705313,-,PA3305.1,199,464,380325,37624194,42.4274985210017,8.95264705893775e-220,mRNA,sRNA,
173,feoB,PhrS,PAO1,4885250,4885664,-,PA4358,PAO1,3705310,3705348,-,PA3305.1,198,64,380326,37624594,306.05608790222,0,mRNA,sRNA,
174,PA1991,PhrS,PAO1,2176950,2176984,+,PA1991,PAO1,3705310,3705313,-,PA3305.1,197,93,380327,37624565,209.554797228677,6.6729442749797e-311,mRNA,sRNA,
175,CrcZ,wzz,PAO1,5308901,5308917,+,PA4726.11,PAO1,3545838,3545846,-,PA3160,197,211798,288,37792899,122.056831125648,3.85502102672679e-298,sRNA,mRNA,
176,rnr,PhrS,PAO1,5541246,5541290,-,PA4937,PAO1,3705310,3705318,-,PA3305.1,196,129,380328,37624529,150.306974608126,2.6280073924576e-293,mRNA,sRNA,
177,mreB,PhrS,PAO1,5013028,5013181,-,PA4481,PAO1,3705309,3705315,-,PA3305.1,196,184,380328,37624474,105.378105328764,4.29330339250746e-274,mRNA,sRNA,
178,PA3884,PhrS,PAO1,4350329,4350387,+,PA3884,PAO1,3705309,3705314,-,PA3305.1,194,22,380330,37624636,872.350014700152,0,mRNA,sRNA,
179,fhp,PhrS,PAO1,3013016,3013081,-,PA2664,PAO1,3705310,3705317,-,PA3305.1,191,1404,380333,37623254,13.4573207862838,4.9044856300586e-130,mRNA,sRNA,
180,ssrA,PhrS,PAO1,901428,901474,-,PA0826.2,PAO1,3705310,3705318,-,PA3305.1,191,52,380333,37624606,363.360718208679,0,tmRNA,sRNA,
181,5_utr_pslA,PhrS,PAO1,2453564,2453761,+,PA2231_5',PAO1,3705310,3705318,-,PA3305.1,181,183,380343,37624475,97.8413656933677,8.03706424872522e-249,5-utr,sRNA,
182,clpA,PhrS,PAO1,2964105,2964549,-,PA2620,PAO1,3705310,3705319,-,PA3305.1,180,1323,380344,37623335,13.4583984194186,2.86788076231888e-122,mRNA,sRNA,
183,PA3784,PhrS,PAO1,4243650,4243730,-,PA3784,PAO1,3705309,3705315,-,PA3305.1,179,280,380345,37624378,63.2392363887673,1.50715352214548e-221,mRNA,sRNA,
184,sdhD,PhrS,PAO1,1721215,1721488,+,PA1582,PAO1,3705310,3705311,-,PA3305.1,177,294,380347,37624364,59.5545720521695,1.63900706920957e-215,mRNA,sRNA,
185,nirS,PhrS,PAO1,578849,578985,-,PA0519,PAO1,3705310,3705317,-,PA3305.1,173,1071,380351,37623587,15.9783624478113,1.72715675823218e-128,mRNA,sRNA,
186,5_utr_PA3602,PrrH/F1/F2,PAO1,4036179,4036224,+,PA3602_5',PAO1,5284078,5284319,+,PA4704.3,173,643,26065,37978301,392.024250475617,0,5-utr,sRNA,
187,wzz,PhrS,PAO1,3545865,3546128,-,PA3160,PAO1,3705309,3705318,-,PA3305.1,173,882,380351,37623776,19.4023947244194,4.07699358789474e-141,mRNA,sRNA,
188,5_utr_PA4880,prrH/F1/F2,PAO1,5476879,5476927,+,PA4880_5',PAO1,5284060,5284318,+,PA4704.3,170,90,26068,37978854,2751.95010485397,0,5-utr,sRNA,
189,PA5523,PhrS,PAO1,6217034,6217196,-,PA5523,PAO1,3705309,3705312,-,PA3305.1,168,369,380356,37624289,45.0361177252256,2.40276838668022e-188,mRNA,sRNA,
190,hslU,PhrS,PAO1,5694072,5694374,+,PA5054,PAO1,3705310,3705317,-,PA3305.1,168,1298,380356,37623360,12.8027096373147,1.12512133422914e-110,mRNA,sRNA,
191,CrcZ,Sr063/Spa38,PAO1,5308804,5308836,+,PA4726.11,PAO1,3116488,3116498,+,Sr063/Spa38,167,4032279,473,33972263,2.97460452288925,3.07444703152093e-22,sRNA,sRNA,
192,CrcZ,PA1518,PAO1,5308824,5308925,+,PA4726.11,PAO1,1650070,1650375,+,PA1518,165,4244276,291,33760450,4.51019754508808,4.82960675908888e-38,sRNA,mRNA,
193,5_utr_sodB,prrH/F1/F2,PAO1,4893520,4893697,+,PA4366_5',PAO1,5284103,5284312,+,PA4704.3,164,547,24782,37979689,459.485248552017,0,5-utr,sRNA,
194,secA,PhrS,PAO1,4933902,4934368,-,PA4403,PAO1,3705310,3705312,-,PA3305.1,164,1058,380360,37623600,15.3328783536281,4.93367474364527e-119,mRNA,sRNA,
195,5_utr_bkdA1,PhrS,PAO1,2473035,2473242,+,PA2247_5',PAO1,3705309,3705315,-,PA3305.1,163,1236,380361,37623422,13.0446204405933,2.15890672173965e-108,5-utr,sRNA,
196,5_utr_PA1031,PhrS,PAO1,1117977,1118157,+,PA1031_5',PAO1,3705308,3705311,-,PA3305.1,160,133,380364,37624525,118.99808201135,1.78851438881359e-228,5-utr,sRNA,
197,CrcZ,P30,PAO1,5308755,5308890,+,PA4726.11,PAO1,5308615,5308699,-,PA4726.2,159,12644392,117,25360514,2.72565800367548,2.83110673206358e-10,sRNA,sRNA,
198,IG_sth-PA2992,PhrS,PAO1,3350306,3350383,-,IG_PA2991-2992,PAO1,3705310,3705316,-,PA3305.1,158,2303,380366,37622355,6.78589970600088,6.264944737185e-67,intergenic,sRNA,
199,PA3275,PhrS,PAO1,3668883,3669052,-,PA3275,PAO1,3705311,3705312,-,PA3305.1,158,298,380366,37624360,52.4455029484671,3.82200470473003e-185,mRNA,sRNA,
200,CrcZ,rpsP,PAO1,5308901,5308916,+,PA4726.11,PAO1,4196995,4196999,-,PA3745,156,211839,10128,37783059,2.74721155489876,9.32282512533301e-21,sRNA,5-utr,
201,wzy,PhrS,PAO1,3538206,3538398,-,PA3154,PAO1,3705309,3705317,-,PA3305.1,156,294,380368,37624364,52.4858774789097,8.75436188066534e-183,mRNA,sRNA,
202,PA4319,PhrS,PAO1,4848271,4848697,+,PA4319,PAO1,3705310,3705313,-,PA3305.1,154,124,380370,37624534,122.846817148328,4.19582655743922e-221,mRNA,sRNA,
203,gdhA,AspA-3',PAO1,5138778,5138791,-,PA4588,PAO1,6110819,6110825,+,PA5429.1,153,9,22067,37982953,29261.3495717587,0,mRNA,sRNA,RNA2
204,ampG,PhrS,PAO1,4923323,4923361,+,PA4393,PAO1,3705311,3705312,-,PA3305.1,152,55,380372,37624603,273.365865568921,1.25975278718939e-247,mRNA,sRNA,
205,tli3,PhrS,PAO1,293253,293307,-,PA0261,PAO1,3705310,3705318,-,PA3305.1,151,30,380373,37624628,497.872599439672,3.6878758052563e-262,mRNA,sRNA,
206,tolQ,PhrS,PAO1,1054104,1054460,+,PA0969,PAO1,3705309,3705315,-,PA3305.1,151,825,380373,37623833,18.1040756182786,1.16663676549207e-118,mRNA,sRNA,
207,IG_PA4702-03,PhrS,PAO1,5282585,5282799,-,IG_PA4702-03,PAO1,3705309,3705317,-,PA3305.1,150,80,380374,37624578,185.46505215919,2.66984277362671e-231,intergenic,sRNA,
208,PA5006,PhrS,PAO1,5624908,5625307,-,PA5006,PAO1,3705310,3705315,-,PA3305.1,150,247,380374,37624411,60.0693858967571,2.23507768654334e-182,mRNA,sRNA,
209,pfeR,PhrS,PAO1,3038102,3038116,+,PA2686,PAO1,3705309,3705316,-,PA3305.1,149,30,380375,37624628,491.275677248329,2.55955111774241e-258,mRNA,sRNA,
210,bacA,PhrS,PAO1,2143801,2143851,+,PA1959,PAO1,3705310,3705311,-,PA3305.1,149,26,380375,37624632,566.856610935564,1.76523639021627e-261,mRNA,sRNA,
211,nrdB,PhrS,PAO1,1250370,1250515,-,PA1155,PAO1,3705310,3705316,-,PA3305.1,149,1234,380375,37623424,11.9431107683441,8.32115160990691e-94,mRNA,sRNA,
212,fdnG,PhrS,PAO1,5400891,5401263,-,PA4812,PAO1,3705310,3705316,-,PA3305.1,149,688,380375,37623970,21.4215298932357,1.96066803076055e-126,mRNA,sRNA,
213,3_utr_PA5526,PhrS,PAO1,6218772,6218910,-,PA5526_3',PAO1,3705310,3705311,-,PA3305.1,149,457,380375,37624201,32.2496784541915,7.57762376185169e-149,3-utr,sRNA,
214,glnA,PhrS,PAO1,5767813,5767895,+,PA5119,PAO1,3705310,3705311,-,PA3305.1,148,1748,380376,37622910,8.37451304957123,1.16571038783956e-73,mRNA,sRNA,
215,shaD,PhrS,PAO1,1147005,1147312,+,PA1057,PAO1,3705311,3705318,-,PA3305.1,148,401,380376,37624257,36.506665618747,2.01474690521269e-154,mRNA,sRNA,
216,PA1198,PhrS,PAO1,1300149,1300541,+,PA1198,PAO1,3705310,3705317,-,PA3305.1,148,308,380376,37624350,47.5298996700189,3.7557527997191e-168,mRNA,sRNA,
217,ccpR,PhrS,PAO1,5136636,5137039,+,PA4587,PAO1,3705310,3705319,-,PA3305.1,148,1580,380376,37623078,9.26500897313331,3.75911600404888e-79,mRNA,sRNA,
218,3_utr_PA2730,PhrS,PAO1,3088205,3088265,-,PA2730_3',PAO1,3705310,3705312,-,PA3305.1,146,88,380378,37624570,164.10670976096,1.34678968176173e-220,3-utr,sRNA,
219,PA2177,PhrS,PAO1,2397624,2397763,+,PA2177,PAO1,3705310,3705317,-,PA3305.1,146,104,380378,37624554,138.859464593317,2.94796727544867e-214,mRNA,sRNA,
220,PA3157,PhrS,PAO1,3542066,3542188,-,PA3157,PAO1,3705310,3705315,-,PA3305.1,146,95,380378,37624563,152.014608128036,9.75135923404117e-218,mRNA,sRNA,
221,Spa164,PhrS,PAO1,1996943,1997273,+,Spa164,PAO1,3705310,3705314,-,PA3305.1,146,145,380378,37624513,99.5956453843282,1.35986794231934e-200,sRNA,sRNA,
222,AS_rgsA,Sr063/Spa38,PAO1,3318805,3318995,-,AS_PA2958.1,PAO1,3116504,3116519,+,Sr063/Spa38,145,13232,57000,37934805,7.29298819051104,3.51172792671895e-66,antisense,sRNA,
223,phaF,PhrS,PAO1,5701643,5701738,-,PA5060,PAO1,3705310,3705314,-,PA3305.1,145,1099,380379,37623559,13.0500943839784,5.9623436623871e-96,mRNA,sRNA,
224,AS_ilvE,PhrS,PAO1,5632429,5632886,+,AS_PA5013,PAO1,3705310,3705312,-,PA3305.1,145,116,380379,37624542,123.641624537632,3.58041769917147e-208,antisense,sRNA,
225,IG_tyrZ_16S,AspA-3',PAO1,721953,721967,+,IG_PA0668_PA0668.1,PAO1,6110930,6110937,+,PA5429.1,144,6534,42000,37956504,19.9168327430145,1.00060975163396e-122,intergenic,sRNA,RNA2
226,PA4943,PhrS,PAO1,5547281,5547287,-,PA4943,PAO1,3705310,3705316,-,PA3305.1,143,184,380381,37624474,76.8722930030222,4.57113343998312e-185,mRNA,sRNA,
227,tRNA-Lys,AspA-3',PAO1,1060386,1060390,+,PA0976.1,PAO1,6110819,6110900,+,PA5429.1,141,60235,22079,37922727,4.02059527685985,1.06778603377166e-34,tRNA,sRNA,RNA2
228,5_utr_PA4436,PhrS,PAO1,4968581,4968594,+,PA4436_5',PAO1,3705309,3705312,-,PA3305.1,140,2,380384,37624656,6923.86094052326,3.04451946078785e-270,5-utr,sRNA,
229,CrcZ,AS_PA1509,PAO1,5308626,5308687,+,PA4726.11,PAO1,1639063,1639064,+,AS_PA1509,140,21011666,15,16993361,7.54841156653959,4.42354604309026e-15,sRNA,antisense,
230,fgtA,PhrS,PAO1,1181328,1181585,+,PA1091,PAO1,3705310,3705318,-,PA3305.1,140,485,380384,37624173,28.5516373470455,2.25555735745396e-133,mRNA,sRNA,
231,rpmB,AceF-3',PAO1,5985945,5986019,-,PA5316,PAO1,5640675,5640682,+,PA5016.1,139,2293,9476,37993274,243.048202293875,4.97775784092834e-265,mRNA,sRNA,RNA2
232,pilB,PhrS,PAO1,5071071,5071438,+,PA4526,PAO1,3705311,3705314,-,PA3305.1,137,685,380387,37623973,19.7819447036833,8.67120326375144e-112,mRNA,sRNA,
233,5_utr_PA3340,ReaL,PAO1,3751849,3751893,-,PA3340_5',PAO1,3958143,3958148,+,PA3535.1,136,1594,22743,37980709,142.483937286037,2.04133440096311e-227,5-utr,sRNA,
234,PA3602,PhrS,PAO1,4036245,4036305,+,PA3602,PAO1,3705310,3705318,-,PA3305.1,136,576,380388,37624082,23.3536909827743,2.36402014863856e-119,mRNA,sRNA,
235,PA5505,PhrS,PAO1,6197242,6197599,+,PA5505,PAO1,3705310,3705315,-,PA3305.1,135,249,380389,37624409,53.6260931936923,1.49306122625918e-158,mRNA,sRNA,
236,gltA,PhrS,PAO1,1720198,1720451,-,PA1580,PAO1,3705310,3705313,-,PA3305.1,135,543,380389,37624115,24.5907787563033,5.02917413737153e-121,mRNA,sRNA,
237,PA4344,PhrS,PAO1,4874497,4874738,-,PA4344,PAO1,3705309,3705314,-,PA3305.1,134,672,380390,37623986,19.7229211341993,4.30946554390957e-109,mRNA,sRNA,
238,spuC,PhrS,PAO1,338353,338552,+,PA0299,PAO1,3705310,3705311,-,PA3305.1,133,388,380391,37624270,33.9045328345952,8.77013484045008e-135,mRNA,sRNA,
239,5_utr_PA3573,PhrS,PAO1,4006219,4006234,-,PA3573_5',PAO1,3705311,3705314,-,PA3305.1,132,12,380392,37624646,1088.01211907716,2.83164869564172e-241,5-utr,sRNA,
240,tig,PhrS,PAO1,1953593,1953737,+,PA1800,PAO1,3705311,3705317,-,PA3305.1,132,529,380392,37624129,24.6804650747109,2.05790605689397e-118,mRNA,sRNA,
241,wzy,PhrS,PAO1,3538870,3539204,-,PA3154,PAO1,3705310,3705315,-,PA3305.1,132,701,380392,37623957,18.6246880723598,1.44836580755559e-104,mRNA,sRNA,
242,CrcZ,OprB-3',PAO1,5308567,5308600,+,PA4726.11,PAO1,3575845,3575849,-,PA3185.1,131,131217,21207,37852627,1.78196011934326,0.0022888440448592,sRNA,sRNA,RNA2
243,rpmD,PhrS,PAO1,4759001,4759064,-,PA4245,PAO1,3705310,3705318,-,PA3305.1,131,1004,380393,37623654,12.9052385935145,1.05295770927386e-85,mRNA,sRNA,
244,AS_rgsA,PhrS,PAO1,3318665,3318700,-,AS_PA2958.1,PAO1,3705308,3705312,-,PA3305.1,130,22,380394,37624636,584.466091855956,4.45372142873284e-228,antisense,sRNA,
245,PA4523,PhrS,PAO1,5065534,5065572,-,PA4523,PAO1,3705310,3705315,-,PA3305.1,130,581,380394,37624077,22.1309173529534,2.73714065363218e-111,mRNA,sRNA,
246,hpcC,PhrS,PAO1,4612436,4612453,+,PA4123,PAO1,3705311,3705312,-,PA3305.1,130,0,380394,37624658,inf,3.07499102490858e-254,mRNA,sRNA,
247,PA3110,PhrS,PAO1,3491144,3491555,-,PA3110,PAO1,3705310,3705311,-,PA3305.1,130,534,380394,37624124,24.0787997085379,2.31245001485432e-115,mRNA,sRNA,
248,CrcZ,PA0760,PAO1,5308901,5308913,+,PA4726.11,PAO1,828704,828709,+,PA0760,129,211866,251,37792936,91.6780471216434,2.95765416136273e-181,sRNA,mRNA,
249,pilO,PhrS,PAO1,5678714,5678791,-,PA5042,PAO1,3705310,3705315,-,PA3305.1,128,298,380396,37624360,42.4841452753827,8.11260176303814e-140,mRNA,sRNA,
250,CrcZ,PA0760,PAO1,5308875,5308900,+,PA4726.11,PAO1,828704,828706,+,PA0760,127,4032319,253,33972483,4.22917452574223,6.17254804954767e-27,sRNA,mRNA,
251,Spa047,AspA-3',PAO1,6110813,6110916,-,Spa047,PAO1,6110787,6110825,+,PA5429.1,126,171,23852,37981033,1173.31981870658,4.209948198137e-311,sRNA,sRNA,RNA2
252,Spa077,BkdZ,PAO1,2473015,2473016,+,Spa077,PAO1,2478217,2478255,+,PA2250.1,125,296,4674,38000087,3433.31922061663,0,sRNA,sRNA,RNA2
253,PA0492,PhrS,PAO1,551877,551889,+,PA0492,PAO1,3705310,3705311,-,PA3305.1,124,4,380400,37624654,3066.15213985278,3.13483243225183e-235,mRNA,sRNA,
254,3_utr_PA2802,PhrS,PAO1,3157998,3158113,-,PA2802_3',PAO1,3705308,3705312,-,PA3305.1,124,6,380400,37624652,2044.10131791097,1.71774516011263e-232,3-utr,sRNA,
255,mobA,Sr063/Spa38,PAO1,3394693,3394694,+,PA3030,PAO1,3116518,3116519,+,Sr063/Spa38,123,179,57022,37947858,457.295472354196,2.26125292629929e-254,mRNA,sRNA,
256,PA0540,PhrS,PAO1,598612,598736,+,PA0540,PAO1,3705309,3705311,-,PA3305.1,123,161,380401,37624497,75.5628427314549,7.10138962096339e-158,mRNA,sRNA,
257,5_utr_PA2760,RhlS/SPA104,PAO1,3119945,3120027,+,PA2760_5',PAO1,3889774,3889809,-,PA3476.1,123,628,27592,37976839,269.575922322633,1.859696813989e-236,5-utr,sRNA,
258,adk,PhrS,PAO1,4127448,4127742,-,PA3686,PAO1,3705310,3705318,-,PA3305.1,123,216,380401,37624442,56.3222217402746,4.36456424914825e-146,mRNA,sRNA,
259,wzx,PhrS,PAO1,3536692,3536979,-,PA3153,PAO1,3705310,3705311,-,PA3305.1,123,193,380401,37624465,63.0342348849134,1.10064374355296e-150,mRNA,sRNA,
260,gapA,PhrS,PAO1,3587405,3587612,+,PA3195,PAO1,3705308,3705311,-,PA3305.1,122,254,380402,37624404,47.5064908333401,8.58344913182284e-138,mRNA,sRNA,
261,AS_Sr063/Spa38,Sr063/Spa38,PAO1,3116491,3116492,-,AS_Sr063/Spa38,PAO1,3116510,3116519,+,Sr063/Spa38,121,0,57024,37948037,inf,0,antisense,sRNA,
262,PA3943,PhrS,PAO1,4420229,4420241,-,PA3943,PAO1,3705310,3705316,-,PA3305.1,120,0,380404,37624658,inf,3.04690179736472e-234,mRNA,sRNA,
263,rpmA,PhrS,PAO1,5116236,5116296,-,PA4567,PAO1,3705311,3705317,-,PA3305.1,120,577,380404,37624081,20.5696195253656,4.16419039589667e-99,mRNA,sRNA,
264,amgS,PhrS,PAO1,5852124,5852243,-,PA5199,PAO1,3705311,3705318,-,PA3305.1,120,233,380404,37624425,50.9389655894638,2.47975144142819e-138,mRNA,sRNA,
265,mucC,3_utr_fadD2,PAO1,833773,833902,+,PA0765,PAO1,3697352,3697355,-,PA3300_3',120,14747,286,37990029,1080.88915085728,8.55492542961777e-298,mRNA,3-utr,
266,CrcZ,rpoB,PAO1,5308845,5308900,+,PA4726.11,PAO1,4780309,4780314,-,PA4270,119,4032327,267,33972469,3.75497514999352,2.15958308778482e-21,sRNA,mRNA,
267,pgl,PhrS,PAO1,3571828,3571985,-,PA3182,PAO1,3705309,3705312,-,PA3305.1,119,382,380405,37624276,30.8109815172875,5.38064677923633e-116,mRNA,sRNA,
268,ptpA,PhrS,PAO1,3337350,3337414,-,PA2978,PAO1,3705311,3705317,-,PA3305.1,119,222,380405,37624436,53.0173197816315,9.25816620925264e-139,mRNA,sRNA,
269,hsbD,PhrS,PAO1,3754172,3754210,-,PA3343,PAO1,3705309,3705312,-,PA3305.1,118,57,380406,37624601,204.753670754911,8.16110049828602e-184,mRNA,sRNA,
270,tpiA,PhrS,PAO1,5333394,5333637,-,PA4748,PAO1,3705310,3705318,-,PA3305.1,118,827,380406,37623831,14.1121165452953,1.04492566577497e-80,mRNA,sRNA,
271,rplT,PhrS,PAO1,3103804,3103871,-,PA2741,PAO1,3705309,3705314,-,PA3305.1,117,1995,380407,37622663,5.80021369277001,2.18347550806759e-42,mRNA,sRNA,
272,IG_PA2465-foxA,PhrS,PAO1,2782705,2782762,-,IG_PA2465_66,PAO1,3705311,3705312,-,PA3305.1,117,0,380407,37624658,inf,3.03837083325733e-228,intergenic,sRNA,
273,PA1198,Pant72,PAO1,1299607,1299679,+,PA1198,PAO1,727595,727604,+,Pant72,116,833,6246,37997987,847.172008476781,3.26014828285283e-281,mRNA,sRNA,
274,mexF,PhrS,PAO1,2812587,2812817,+,PA2494,PAO1,3705310,3705408,-,PA3305.1,116,956,383234,37620876,11.9114592321245,7.11194418266946e-72,mRNA,sRNA,
275,3_utr_PA0200,PhrS,PAO1,229290,229475,-,PA0200_3',PAO1,3705310,3705312,-,PA3305.1,115,598,380409,37624060,19.0200446199909,2.02356048241781e-91,3-utr,sRNA,
276,PA1551,prrH/F1/F2,PAO1,1689174,1689362,-,PA1551,PAO1,5284103,5284319,+,PA4704.3,115,1525,24831,37978711,115.338422556151,2.09044809873776e-181,mRNA,sRNA,
277,PA1890,PhrS,PAO1,2060654,2060719,-,PA1890,PAO1,3705310,3705311,-,PA3305.1,114,0,380410,37624658,inf,3.02979260024612e-222,mRNA,sRNA,
278,PA5279,PhrS,PAO1,5944215,5944274,+,PA5279,PAO1,3705311,3705312,-,PA3305.1,113,226,380411,37624432,49.4523449637365,7.51229670952876e-129,mRNA,sRNA,
279,PA1831,PhrS,PAO1,1989925,1989943,-,PA1831,PAO1,3705310,3705311,-,PA3305.1,113,25,380411,37624633,447.051586731193,4.71547628901262e-193,mRNA,sRNA,
280,IG_PA0952_PA0953,PhrS,PAO1,1039757,1040137,+,IG_PA0952_PA0953,PAO1,3705309,3705312,-,PA3305.1,113,159,380411,37624499,70.2908796475655,4.6321025675209e-142,intergenic,sRNA,
281,5_utr_hprA,PhrS,PAO1,5192898,5193197,+,PA4626_5',PAO1,3705311,3705487,-,PA3305.1,113,192,383237,37621640,57.7760046872648,1.0018637542516e-134,5-utr,sRNA,
282,5_utr_rmf,PhrS,PAO1,3414342,3414538,+,PA3049_5',PAO1,3705310,3705318,-,PA3305.1,112,405,380412,37624253,27.3512183995961,5.00093825730815e-104,5-utr,sRNA,
283,PA4430,PhrS,PAO1,4963583,4963860,-,PA4430,PAO1,3705310,3705313,-,PA3305.1,112,733,380412,37623925,15.1120694172623,2.98313292091904e-79,mRNA,sRNA,
284,PA3465,PhrS,PAO1,3877781,3878161,+,PA3465,PAO1,3705309,3705317,-,PA3305.1,112,307,380412,37624351,36.0823202109586,2.74574519158274e-115,mRNA,sRNA,
285,tolA,PhrS,PAO1,1055737,1055838,+,PA0971,PAO1,3705310,3705311,-,PA3305.1,111,223,380413,37624435,49.2303306676403,2.56325502483713e-126,mRNA,sRNA,
286,lptG,PhrS,PAO1,4284828,4284879,-,PA3827,PAO1,3705311,3705317,-,PA3305.1,110,11,380414,37624647,989.044751244696,3.45336261860205e-199,mRNA,sRNA,
287,PA4463,PhrS,PAO1,4994431,4994779,+,PA4463,PAO1,3705310,3705357,-,PA3305.1,110,1958,380414,37622700,5.5561436526013,1.72976207679267e-37,mRNA,sRNA,
288,rpoN,Pant445/Spa93,PAO1,4994137,4994506,+,PA4462,PAO1,5372502,5372505,-,Pant445/Spa93,110,2175,15754,37987143,121.94927265325,1.80242418838679e-176,mRNA,sRNA,
289,hemC,PhrS,PAO1,5922105,5922578,-,PA5260,PAO1,3705310,3705313,-,PA3305.1,110,480,380414,37624178,22.6653263505899,1.90724789320878e-94,mRNA,sRNA,
290,PA0921,Sr063/Spa38,PAO1,1006819,1006968,+,PA0921,PAO1,3116511,3116519,+,Sr063/Spa38,109,1159,57036,37946878,62.5705615532106,8.82356127521443e-143,mRNA,sRNA,
291,PA4423,PhrS,PAO1,4957679,4957707,+,PA4423,PAO1,3705311,3705320,-,PA3305.1,109,61,380415,37624597,176.730247919496,1.62565346641773e-165,mRNA,sRNA,
292,PA2797,PhrS,PAO1,3154736,3155115,-,PA2797,PAO1,3705310,3705318,-,PA3305.1,109,252,380415,37624406,42.7797237937098,1.19144646127367e-118,mRNA,sRNA,
293,PA4961,PhrS,PAO1,5569087,5569251,+,PA4961,PAO1,3705310,3705312,-,PA3305.1,109,69,380415,37624589,156.239751171822,3.82523953459683e-162,mRNA,sRNA,
294,5_utr_PA4806,PhrS,PAO1,5391687,5391843,+,PA4806_5',PAO1,3705310,3705312,-,PA3305.1,108,26,380416,37624632,410.831649886116,8.67277370461694e-183,5-utr,sRNA,
295,AS_PA4757,PhrS,PAO1,5343341,5343642,+,AS_PA4757,PAO1,3705311,3705317,-,PA3305.1,108,135,380416,37624523,79.1229033479138,1.26899464714288e-139,antisense,sRNA,
296,morA,PhrS,PAO1,5157604,5157643,+,PA4601,PAO1,3705311,3705311,-,PA3305.1,107,187,380417,37624471,56.5916891875716,1.17192179905817e-126,mRNA,sRNA,
297,rpsK,htpX,PAO1,4756061,4756118,-,PA4240,PAO1,3183901,3183909,+,PA2830,107,1003,1484,38002588,2731.88313496169,6.7562260951e-313,mRNA,3-utr,
298,AS_PA2117,PhrS,PAO1,2328898,2329080,+,AS_PA2117,PAO1,3705311,3705311,-,PA3305.1,107,9,380417,37624649,1175.85510490972,2.09755459815573e-195,antisense,sRNA,
299,AS_PA4624,PhrS,PAO1,5186110,5186171,+,AS_PA4624,PAO1,3705310,3705448,-,PA3305.1,106,22,383244,37621810,472.985150215243,1.58100810751473e-181,antisense,sRNA,
300,PA3157,PhrS,PAO1,3540932,3541197,-,PA3157,PAO1,3705310,3705317,-,PA3305.1,106,349,380418,37624309,30.0391689033482,7.58608384369005e-102,mRNA,sRNA,
301,cmk,PhrS,PAO1,3550199,3550247,-,PA3163,PAO1,3705309,3705311,-,PA3305.1,105,228,380419,37624430,45.5472521918698,2.00978969865782e-116,mRNA,sRNA,
302,PA3836,PhrS,PAO1,4297240,4297584,+,PA3836,PAO1,3705311,3705311,-,PA3305.1,105,2108,380419,37622550,4.92611698207748,2.91711476641453e-31,mRNA,sRNA,
303,PA1069,PhrS,PAO1,1156239,1156698,+,PA1069,PAO1,3705311,3705317,-,PA3305.1,105,949,380419,37623709,10.9426496264388,2.3923745853576e-61,mRNA,sRNA,
304,PA1093,PhrS,PAO1,1184706,1184781,+,PA1093,PAO1,3705310,3705316,-,PA3305.1,104,555,380420,37624103,18.5328909204667,3.14037453392347e-81,mRNA,sRNA,
305,AS_PA4800,PhrS,PAO1,5385865,5385880,+,AS_PA4800,PAO1,3705310,3705312,-,PA3305.1,104,5,380420,37624653,2057.18096419746,3.33548026099057e-194,intergenic,sRNA,
306,fleQ,PhrS,PAO1,1187716,1188079,+,PA1097,PAO1,3705310,3705316,-,PA3305.1,104,1102,380420,37623556,9.33357978300991,1.48599141318689e-54,mRNA,sRNA,
307,PA4623,PhrS,PAO1,5184237,5184324,-,PA4623,PAO1,3705311,3705312,-,PA3305.1,104,229,380420,37624429,44.9163475257983,9.1168687175379e-115,mRNA,sRNA,
308,rpsF,PhrS,PAO1,5537476,5537845,-,PA4935,PAO1,3705310,3705318,-,PA3305.1,104,2699,380420,37621959,3.81073298619518,3.27085976828726e-22,mRNA,sRNA,
309,PA3031,PhrS,PAO1,3394949,3394971,+,PA3031,PAO1,3705310,3705312,-,PA3305.1,103,344,380421,37624314,29.6130329262506,2.68370920003794e-98,mRNA,sRNA,
310,AS_pyrH,PhrS,PAO1,4092481,4092589,+,AS_PA3654,PAO1,3705310,3705317,-,PA3305.1,103,3,380421,37624655,3395.65855109646,5.61332987305244e-195,antisense,sRNA,
311,alAS,PhrS,PAO1,986996,987045,+,PA0903,PAO1,3705310,3705312,-,PA3305.1,103,78,380421,37624580,130.601991626146,4.46907485360531e-148,mRNA,sRNA,
312,fgtA,PhrS,PAO1,1182164,1182539,+,PA1091,PAO1,3705311,3705311,-,PA3305.1,103,278,380421,37624380,36.6435294831158,3.17968388627633e-106,mRNA,sRNA,
313,CrcZ,tRNA-Met,PAO1,5308589,5308598,+,PA4726.11,PAO1,1007737,1007770,-,PA0922.1,102,131246,10980,37862854,2.67994019323326,2.57938223808058e-11,sRNA,tRNA,
314,gltB,PhrS,PAO1,5667740,5668053,-,PA5036,PAO1,3705310,3705312,-,PA3305.1,102,292,380422,37624366,34.5478389428092,5.38303784724612e-103,mRNA,sRNA,
315,CrcZ,5_utr_PA3340,PAO1,5308905,5308919,+,PA4726.11,PAO1,3751826,3751865,-,PA3340_5',101,211894,325,37792862,55.4279906571573,1.04095880745953e-122,sRNA,5-utr,
316,PA0113,PhrS,PAO1,135182,135235,+,PA0113,PAO1,3705310,3705311,-,PA3305.1,101,6,380423,37624652,1664.85283136578,5.09372699260399e-187,mRNA,sRNA,
317,AS_PA2852,PhrS,PAO1,3205120,3205328,+,AS_PA2852,PAO1,3705310,3705317,-,PA3305.1,101,86,380423,37624572,116.152276147439,7.9769947923334e-142,antisense,sRNA,
318,PA0760,PhrS,PAO1,828651,828712,+,PA0760,PAO1,3705310,3705313,-,PA3305.1,101,139,380423,37624519,71.8638969604395,3.36321371493308e-127,mRNA,sRNA,
319,5_utr_coxB,PhrS,PAO1,127259,127581,+,PA0105_5',PAO1,3705310,3705311,-,PA3305.1,101,1030,380423,37623628,9.69790788582836,2.80905317906641e-54,5-utr,sRNA,
320,dnaA,PhrS,PAO1,441,587,+,PA0001,PAO1,3705311,3705316,-,PA3305.1,100,712,380424,37623946,13.8904540161811,4.16502182403988e-67,mRNA,sRNA,
321,infC,3_utr_PA5435,PAO1,3104469,3104528,-,PA2743,PAO1,6116441,6116445,-,PA5429.1,100,4532,3312,37997238,253.146425739028,1.19444187011606e-191,mRNA,3-utr,
322,CrcZ,ccoP2,PAO1,5308925,5308928,+,PA4726.11,PAO1,1693078,1693080,-,PA1555,99,211896,363,37792824,48.6424180644364,2.25064357923051e-115,sRNA,3-utr,
323,hemB,PhrS,PAO1,5905309,5905354,-,PA5243,PAO1,3705309,3705312,-,PA3305.1,99,290,380425,37624368,33.762714858382,5.18265288955845e-99,mRNA,sRNA,
324,P30,CrcZ,PAO1,5308616,5308692,-,PA4726.2,PAO1,5308654,5308693,+,PA4726.11,99,880,1360947,36643256,3.02904249761379,6.66860639398589e-14,sRNA,sRNA,
325,CrcZ,3_utr_def,PAO1,5308924,5308930,+,PA4726.11,PAO1,21024,21028,-,PA0019_3',99,211896,74,37793113,238.612605151022,1.65596428314535e-167,sRNA,3-utr,
326,5_utr_lexA,PhrS,PAO1,3367813,3368114,-,PA3007_5',PAO1,3705311,3705318,-,PA3305.1,99,136,380425,37624522,71.9943190085392,1.20249233715873e-124,5-utr,sRNA,
327,PA1372,PhrS,PAO1,1488062,1488273,-,PA1372,PAO1,3705310,3705408,-,PA3305.1,99,592,383251,37621240,16.4158470487938,1.40514870135731e-72,mRNA,sRNA,
328,chpA,PhrS,PAO1,458777,459017,+,PA0413,PAO1,3705311,3705314,-,PA3305.1,99,330,380425,37624328,29.6702330288493,2.261531686695e-94,mRNA,sRNA,
329,rplM,PhrS,PAO1,4965848,4965889,-,PA4433,PAO1,3705309,3705312,-,PA3305.1,98,318,380426,37624340,30.4787853352218,2.47579417639956e-94,mRNA,sRNA,
330,AS_PA4165,PhrS,PAO1,4661306,4661314,+,AS_PA4165,PAO1,3705310,3705317,-,PA3305.1,98,0,380426,37624658,inf,2.98327094766807e-190,antisense,sRNA,
331,PA0937,PhrS,PAO1,1027433,1027692,+,PA0937,PAO1,3705310,3705383,-,PA3305.1,98,188,380426,37624470,51.5547192839024,1.57228321741418e-112,mRNA,sRNA,
332,rplU,PhrS,PAO1,5116535,5116742,-,PA4568,PAO1,3705310,3705318,-,PA3305.1,98,1871,380426,37622787,5.18003937710573,1.53923679539445e-30,mRNA,sRNA,
333,PA1463,PhrS,PAO1,1593174,1593497,+,PA1463,PAO1,3705310,3705480,-,PA3305.1,98,251,383252,37621581,38.3270123455537,2.29319115574322e-102,mRNA,sRNA,
334,PA0916,PrrH/F1/F2,PAO1,999812,999813,-,PA0916,PAO1,5284108,5284319,+,PA4704.3,97,40,24849,37980196,3706.46606704495,2.5380437887088e-268,mRNA,sRNA,
335,PA0148,PhrS,PAO1,168927,169248,+,PA0148,PAO1,3705310,3705313,-,PA3305.1,97,86,380427,37624572,111.551013087435,6.57831488679684e-135,mRNA,sRNA,
336,PA5551,PhrS,PAO1,6246023,6246331,-,PA5551,PAO1,3705310,3705312,-,PA3305.1,97,233,380427,37624425,41.1731744375653,8.87788614702112e-104,mRNA,sRNA,
337,PA2865,PhrS,PAO1,3218377,3218468,-,PA2865,PAO1,3705311,3705316,-,PA3305.1,96,194,380428,37624464,48.9403815279567,1.97497784208448e-108,mRNA,sRNA,
338,rpsG,PhrS,PAO1,4771479,4771746,-,PA4267,PAO1,3705310,3705317,-,PA3305.1,96,1852,380428,37622806,5.12635832856756,1.75937749506678e-29,mRNA,sRNA,
339,lASI,PhrS,PAO1,1559702,1559747,+,PA1432,PAO1,3705310,3705316,-,PA3305.1,95,427,380429,37624231,22.003397612567,6.76951669185737e-80,mRNA,sRNA,
340,AS_PA2221,PhrS,PAO1,2444267,2444428,-,AS_PA2221,PAO1,3705310,3705312,-,PA3305.1,95,11,380429,37624647,854.141333026184,7.41103223423183e-170,antisense,sRNA,
341,PA3215,PhrS,PAO1,3604852,3605047,-,PA3215,PAO1,3705310,3705315,-,PA3305.1,95,171,380429,37624487,54.9445304584502,5.42167982833817e-111,mRNA,sRNA,
342,dsdA,PhrS,PAO1,3769535,3769605,+,PA3357,PAO1,3705310,3705317,-,PA3305.1,94,80,380430,37624578,116.207657519123,1.10648082115768e-131,mRNA,sRNA,
343,pvdD,PhrS,PAO1,2661613,2661776,-,PA2399,PAO1,3705309,3705318,-,PA3305.1,94,40,380430,37624618,232.415562127066,4.48256505445749e-148,mRNA,sRNA,
344,gor,PhrS,PAO1,2217148,2217185,+,PA2025,PAO1,3705309,3705312,-,PA3305.1,93,35,380431,37624623,262.791408316206,6.75972068497589e-149,mRNA,sRNA,
345,lbcA,PhrS,PAO1,5235034,5235044,+,PA4667,PAO1,3705311,3705311,-,PA3305.1,93,136,380431,37624522,67.6299602988993,6.11166866375892e-115,mRNA,sRNA,
346,3_utr_PA5301,PhrS,PAO1,5969862,5970162,-,PA5301_3',PAO1,3705311,3705317,-,PA3305.1,93,881,380431,37623777,10.4398325519501,3.45344606267032e-52,3-utr,sRNA,
347,IG_tyrZ_16S,PhrS,PAO1,722014,722036,-,IG_PA0668_PA0668.1,PAO1,3705311,3705312,-,PA3305.1,92,3,380432,37624655,3032.92770674741,3.98396230450563e-173,intergenic,sRNA,
348,vfr,AceF-3',PAO1,706686,706722,-,PA0652,PAO1,5640681,5640682,+,PA5016.1,92,928,9523,37994639,395.538160334145,1.20722778855333e-192,mRNA,sRNA,RNA2
349,IG_PA1151_PA1152,PhrS,PAO1,1247150,1247225,+,IG_PA1151_PA1152,PAO1,3705310,3705315,-,PA3305.1,92,16,380432,37624642,568.673748527989,1.2872429849664e-159,intergenic,sRNA,
350,5_utr_PA4520,PhrS,PAO1,5063820,5064145,-,PA4520_5',PAO1,3705311,3705312,-,PA3305.1,92,182,380432,37624476,49.993076003359,2.16349031349719e-104,5-utr,sRNA,
351,rpoH,PhrS,PAO1,420646,420962,+,PA0376,PAO1,3705309,3705317,-,PA3305.1,92,1882,380432,37622776,4.83439358184534,3.08898847191624e-26,mRNA,sRNA,
352,PA4697,PhrS,PAO1,5276687,5276775,+,PA4697,PAO1,3705311,3705313,-,PA3305.1,91,36,380433,37624622,249.995882031498,1.24030654796531e-144,mRNA,sRNA,
353,AS_PA4923,PhrS,PAO1,5522401,5522693,-,AS_PA4923,PAO1,3705309,3705311,-,PA3305.1,91,98,380433,37624560,91.835070639433,4.46653169014883e-121,antisense,sRNA,
354,AS_bfiR,AceF-3',PAO1,4693290,4693334,+,AS_PA4196,PAO1,5640674,5640676,+,PA5016.1,91,0,9524,37995567,inf,0,antisense,sRNA,RNA2
355,CrcZ,5_utr_PA4621,PAO1,5308901,5308912,+,PA4726.11,PAO1,5182318,5182346,-,PA4621_5',89,211906,1163,37792024,13.6479426839748,1.38747848202861e-59,sRNA,5-utr,
356,shaB,PhrS,PAO1,1145110,1145233,+,PA1055,PAO1,3705309,3705311,-,PA3305.1,89,62,380435,37624596,141.967749312438,2.64977006514764e-129,mRNA,sRNA,
357,5_utr_gbdR,PhrS,PAO1,6058580,6058616,+,PA5380_5',PAO1,3705311,3705313,-,PA3305.1,89,28,380435,37624630,314.357443265134,1.76507957180712e-145,5-utr,sRNA,
358,Spa115,PhrS,PAO1,3119213,3119251,-,Spa115,PAO1,3705310,3705314,-,PA3305.1,88,134,380436,37624524,64.9482242134437,2.36125162816171e-107,sRNA,sRNA,
359,CrcZ,pauR,PAO1,5308591,5308598,+,PA4726.11,PAO1,5970560,5970568,-,PA5301,88,131260,544,37873290,46.6750085147574,2.72478452964748e-102,sRNA,mRNA,
360,wbpD,PhrS,PAO1,3540372,3540417,-,PA3156,PAO1,3705309,3705318,-,PA3305.1,88,164,380436,37624494,53.0674091780188,1.93856943480481e-101,mRNA,sRNA,
361,PA1551,PhrS,PAO1,1689173,1689357,-,PA1551,PAO1,3705310,3705408,-,PA3305.1,88,1552,383262,37620280,5.56566698444879,4.09022479335676e-29,mRNA,sRNA,
362,PA2119,AceF-3',PAO1,2331532,2331583,-,PA2119,PAO1,5640675,5640681,+,PA5016.1,87,77,9528,37995490,4505.66427590042,2.24306841320404e-259,mRNA,sRNA,RNA2
363,hpd,PhrS,PAO1,946664,946779,+,PA0865,PAO1,3705311,3705318,-,PA3305.1,87,537,380437,37624121,16.0224373108825,6.28429294261315e-63,mRNA,sRNA,
364,asd,PhrS,PAO1,3499808,3499844,-,PA3117,PAO1,3705310,3705312,-,PA3305.1,86,18,380438,37624640,472.51370496346,1.63635846694473e-146,mRNA,sRNA,
365,Sr139,AceF-3',PAO1,5207933,5208129,+,Sr139,PAO1,5640678,5640682,+,PA5016.1,86,890,9529,37994677,385.28657309856,7.333984955715e-179,sRNA,sRNA,RNA2
366,PA0431,PhrS,PAO1,482084,482400,-,PA0431,PAO1,3705310,3705313,-,PA3305.1,85,334,380439,37624324,25.1684304578922,3.07463828236298e-75,mRNA,sRNA,
367,gabT2,PhrS,PAO1,5983776,5984032,+,PA5313,PAO1,3705310,3705312,-,PA3305.1,85,581,380439,37624077,14.4685035915501,1.18428295502658e-57,mRNA,sRNA,
368,pilQ,PhrS,PAO1,5677404,5677801,-,PA5040,PAO1,3705310,3705314,-,PA3305.1,83,1475,380441,37623183,5.56486063564322,3.38161901534736e-27,mRNA,sRNA,
369,PA4699,PhrS,PAO1,5277129,5277191,-,PA4699,PAO1,3705311,3705311,-,PA3305.1,82,221,380442,37624437,36.6946823533978,1.14719998778948e-83,mRNA,sRNA,
370,NtrC-3',PhrS,PAO1,5774673,5774800,+,PA5125.01,PAO1,3705309,3705312,-,PA3305.1,82,3069,380442,37621589,2.64219972163228,9.84599850743426e-08,sRNA,sRNA,
371,PA2793,PhrS,PAO1,3150140,3150413,-,PA2793,PAO1,3705310,3705311,-,PA3305.1,82,62,380442,37624596,130.799339851049,5.88125601441412e-117,mRNA,sRNA,
372,gcvP1,PhrS,PAO1,5870459,5870459,-,PA5213,PAO1,3705310,3705312,-,PA3305.1,81,74,380443,37624584,108.251870241456,3.51058429687296e-111,mRNA,sRNA,
373,CrcZ,PA0340,PAO1,5308902,5308919,+,PA4726.11,PAO1,382928,383015,+,PA0340,81,211914,198,37792989,72.9577480830559,1.34288557076511e-105,sRNA,mRNA,
374,Spa059,PhrS,PAO1,2113738,2113821,-,Spa059,PAO1,3705311,3705315,-,PA3305.1,81,413,380443,37624245,19.3960441198157,1.25004264414975e-63,sRNA,sRNA,
375,wzz2,PhrS,PAO1,1029446,1029449,+,PA0938,PAO1,3705310,3705311,-,PA3305.1,80,76,380444,37624582,104.101584353793,7.62227300469779e-109,mRNA,sRNA,
376,nuoI,PhrS,PAO1,2991890,2992021,+,PA2644,PAO1,3705310,3705312,-,PA3305.1,80,450,380444,37624208,17.5814261465258,7.64664711790359e-60,mRNA,sRNA,
377,AS_hisB,PhrS,PAO1,5791577,5791702,+,AS_PA5143,PAO1,3705310,3705312,-,PA3305.1,80,25,380444,37624633,316.469245407997,2.22598295639771e-130,antisense,sRNA,
378,aceE,PhrS,PAO1,5637537,5637588,+,PA5015,PAO1,3705310,3705314,-,PA3305.1,79,444,380445,37624214,17.5962318782923,4.61724768943294e-59,mRNA,sRNA,
379,CrcZ,PA1053,PAO1,5308589,5308600,+,PA4726.11,PAO1,1141293,1141296,+,PA1053,79,131269,98,37873736,232.582474280496,2.74121820466009e-137,sRNA,mRNA,
380,PA0545,PhrS,PAO1,603310,603441,+,PA0545,PAO1,3705311,3705314,-,PA3305.1,79,213,380445,37624445,36.6796944670119,2.00446977357043e-80,mRNA,sRNA,
381,pvdF,PhrS,PAO1,2652213,2652383,-,PA2396,PAO1,3705310,3705311,-,PA3305.1,79,102,380445,37624556,76.5960585372289,4.49141100013342e-100,mRNA,sRNA,
382,PA1459,PhrS,PAO1,1590171,1590487,+,PA1459,PAO1,3705310,3705312,-,PA3305.1,79,427,380445,37624231,18.2967927026661,3.22175482401581e-60,mRNA,sRNA,
383,5_utr_pilG,PhrS,PAO1,449526,449976,+,PA0408_5',PAO1,3705310,3705312,-,PA3305.1,79,1075,380445,37623583,7.26753109378949,4.05880480742794e-33,5-utr,sRNA,
384,CrcZ,3_utr_algA,PAO1,5308819,5308823,+,PA4726.11,PAO1,3979526,3979527,+,PA3551_3',78,4032368,55,33972681,11.9481749952114,6.40410275695684e-35,sRNA,3-utr,
385,PA4679,PhrS,PAO1,5248805,5248920,-,PA4679,PAO1,3705310,3705318,-,PA3305.1,78,98,380446,37624560,78.7130850826318,2.04758157543879e-99,mRNA,sRNA,
386,aroB,PhrS,PAO1,5674420,5674566,-,PA5038,PAO1,3705310,3705311,-,PA3305.1,78,218,380446,37624440,35.3846685109852,2.40918484625223e-78,mRNA,sRNA,
387,PA4575,PhrS,PAO1,5122615,5122903,-,PA4575,PAO1,3705311,3705318,-,PA3305.1,78,309,380446,37624349,24.963880512443,1.99574970935895e-68,mRNA,sRNA,
388,PA4889,PhrS,PAO1,5486034,5486218,-,PA4889,PAO1,3705310,3705312,-,PA3305.1,78,482,380446,37624176,16.003741928315,1.76876223672931e-55,mRNA,sRNA,
389,PA1571,PrrH/F1/F2,PAO1,1712654,1712780,-,PA1571,PAO1,5284103,5284318,+,PA4704.3,78,274,24868,37979962,434.768135756795,3.99114805157172e-163,mRNA,sRNA,
390,lgt,PhrS,PAO1,384365,384526,+,PA0341,PAO1,3705311,3705313,-,PA3305.1,77,129,380447,37624529,59.0306986092634,6.289583563312e-91,mRNA,sRNA,
391,PA4960,PhrS,PAO1,5568847,5568892,-,PA4960,PAO1,3705310,3705312,-,PA3305.1,76,82,380448,37624576,91.6591971672934,2.67225326408374e-100,mRNA,sRNA,
392,PA1602,PhrS,PAO1,1746024,1746074,-,PA1602,PAO1,3705311,3705311,-,PA3305.1,76,3,380448,37624655,2505.3566497042,2.23925750624708e-141,mRNA,sRNA,
393,PA5509,PhrS,PAO1,6201606,6201671,+,PA5509,PAO1,3705310,3705316,-,PA3305.1,76,117,380448,37624541,64.2397194526578,8.35710552254353e-92,mRNA,sRNA,
394,kdsA,PhrS,PAO1,4070259,4070374,-,PA3636,PAO1,3705311,3705318,-,PA3305.1,76,125,380448,37624533,60.1283646227605,3.76595175394554e-90,mRNA,sRNA,
395,PA3965,PhrS,PAO1,4445195,4445481,+,PA3965,PAO1,3705311,3705313,-,PA3305.1,76,165,380448,37624493,45.5517429531244,1.81161450459772e-83,mRNA,sRNA,
396,Sr139,PhrS,PAO1,5207888,5208138,+,Sr139,PAO1,3705311,3705314,-,PA3305.1,76,1408,380448,37623250,5.33791852273205,2.02414521173464e-23,sRNA,sRNA,
397,rpsU,PhrS,PAO1,638959,639111,-,PA0579,PAO1,3705311,3705311,-,PA3305.1,76,365,380448,37624293,20.5917743407339,4.08538773784576e-61,mRNA,sRNA,
398,CrcZ,PA4523,PAO1,5308589,5308596,+,PA4726.11,PAO1,5065448,5065636,-,PA4523,76,131272,1873,37871961,11.7063500435363,4.79097729008892e-46,sRNA,3-utr,
399,RhlS/SPA104,PhrS,PAO1,3889830,3889844,-,PA3476.1,PAO1,3705310,3705312,-,PA3305.1,75,2041,380449,37622617,3.63388193724409,1.33618627569063e-13,sRNA,sRNA,
400,5_utr_PA4500,PhrS,PAO1,5037022,5037159,+,PA4500_5',PAO1,3705311,3705311,-,PA3305.1,75,469,380449,37624189,15.8146331149367,7.84262144462453e-53,5-utr,sRNA,
401,PA3009,PhrS,PAO1,3369187,3369292,-,PA3009,PAO1,3705309,3705315,-,PA3305.1,75,156,380449,37624502,47.5456707327799,5.98967795350537e-83,mRNA,sRNA,
402,AS_PA4497,PhrS,PAO1,5034612,5034741,-,AS_PA4497,PAO1,3705311,3705318,-,PA3305.1,75,62,380449,37624596,119.631341371769,1.01111115612328e-104,antisense,sRNA,
403,IG_PA0541_PA0542,PhrS,PAO1,599705,599884,+,IG_PA0541_PA0542,PAO1,3705311,3705312,-,PA3305.1,75,140,380449,37624518,52.9794842034393,1.00851456101753e-85,intergenic,sRNA,
404,PA1429,PhrS,PAO1,1557482,1557731,+,PA1429,PAO1,3705311,3705312,-,PA3305.1,75,199,380449,37624459,37.2719404898874,1.51793733526797e-76,mRNA,sRNA,
405,CrcZ,PA3181-3',PAO1,5308911,5308926,+,PA4726.11,PAO1,3570898,3571032,-,PA3180.1,75,211920,3811,37789376,3.50929671603895,6.32434972004677e-13,sRNA,sRNA,RNA2
406,CrcZ,3_utr_PA1441,PAO1,5308916,5308926,+,PA4726.11,PAO1,1571829,1571831,+,PA1441_3',74,211921,3126,37790061,4.22130123073693,4.7533946892573e-17,sRNA,3-utr,
407,Spa058,PhrS,PAO1,1027956,1027958,-,Spa058,PAO1,3705310,3705311,-,PA3305.1,74,6,380450,37624652,1219.70659657423,8.24231878135467e-134,sRNA,sRNA,
408,glk,PhrS,PAO1,3585364,3585421,-,PA3193,PAO1,3705310,3705311,-,PA3305.1,74,253,380450,37624405,28.9256582463974,1.09554698575801e-68,mRNA,sRNA,
409,pcm,PhrS,PAO1,4060053,4060489,-,PA3624,PAO1,3705309,3705311,-,PA3305.1,74,411,380450,37624247,17.8057440494177,2.3297861357985e-55,mRNA,sRNA,
410,wbpK,PhrS,PAO1,3530241,3530601,-,PA3146,PAO1,3705310,3705313,-,PA3305.1,74,426,380450,37624232,17.1787743819556,2.30299459128727e-54,mRNA,sRNA,
411,pgsA,PhrS,PAO1,2923556,2923905,-,PA2584,PAO1,3705309,3705311,-,PA3305.1,74,239,380450,37624419,30.6200596628854,3.18763400200568e-70,mRNA,sRNA,
412,tagQ1,PhrS,PAO1,82757,83127,-,PA0070,PAO1,3705311,3705318,-,PA3305.1,74,1509,380450,37623149,4.84953428506805,2.87197956428387e-20,mRNA,sRNA,
413,NtrC-3',Sr0161,PAO1,5774772,5774792,+,PA5125.01,PAO1,184456,184457,+,PA0161,73,2974,3118,37999017,299.142519431825,5.19063946467078e-144,sRNA,sRNA,
414,tig,PA3133.01,PAO1,1953924,1953928,+,PA1800,PAO1,3514664,3514666,-,PA3133.01,73,4038,213615,37787456,3.1979557822158,2.13659742959423e-10,mRNA,sRNA,RNA2
415,PA5436,PhrS,PAO1,6118603,6118605,-,PA5436,PAO1,3705311,3705318,-,PA3305.1,73,246,380451,37624412,29.3466643237049,1.47306209893134e-68,mRNA,sRNA,
416,nrdA,PhrS,PAO1,1251452,1251776,-,PA1156,PAO1,3705310,3705315,-,PA3305.1,73,859,380451,37623799,8.40414645250591,2.52289782783833e-34,mRNA,sRNA,
417,pys2,ErsA,PAO1,1245595,1245925,+,PA1150,PAO1,6183530,6183618,-,PA5492.1,73,10917,15131,37979061,16.784025918992,4.81852671174705e-55,mRNA,sRNA,
418,PA2770,PhrS,PAO1,3128653,3128785,-,PA2770,PAO1,3705311,3705318,-,PA3305.1,72,196,380452,37624462,36.3284486315632,1.22551243082501e-72,mRNA,sRNA,
419,ilvI,PhrS,PAO1,5274332,5274408,-,PA4696,PAO1,3705310,3705315,-,PA3305.1,72,176,380452,37624482,40.4567029361247,2.17192797497631e-75,mRNA,sRNA,
420,aceF,PhrS,PAO1,5640252,5640559,+,PA5016,PAO1,3705309,3705318,-,PA3305.1,72,2873,380452,37621785,2.47820024829205,5.06234705984373e-05,mRNA,sRNA,
421,PA3691,PhrS,PAO1,4134142,4134166,+,PA3691,PAO1,3705311,3705317,-,PA3305.1,71,78,380453,37624580,90.0190434250883,5.29406831085394e-93,mRNA,sRNA,
422,Pant297,PhrS,PAO1,3592950,3593023,-,Pant297,PAO1,3705310,3705312,-,PA3305.1,71,68,380453,37624590,103.257165490488,6.73908005166333e-96,sRNA,sRNA,
423,rplF,PhrS,PAO1,4760350,4760534,-,PA4248,PAO1,3705309,3705311,-,PA3305.1,71,1219,380453,37623439,5.7598625546787,1.80929870235616e-23,mRNA,sRNA,
424,lASI,PhrS,PAO1,1559252,1559282,+,PA1432,PAO1,3705310,3705311,-,PA3305.1,70,350,380454,37624308,19.7786371019886,7.18699421639271e-55,mRNA,sRNA,
425,Pant70/Spa70,OprB-3',PAO1,706813,706815,-,Pant70/Spa70,PAO1,3575845,3575847,-,PA3185.1,70,421,21268,37983423,296.950043043042,6.04670051251747e-136,sRNA,sRNA,RNA2
426,nrtR,PhrS,PAO1,5516898,5516993,-,PA4916,PAO1,3705312,3705313,-,PA3305.1,70,131,380454,37624527,52.843994501226,1.23517179382354e-79,mRNA,sRNA,
427,fliC,PhrS,PAO1,1183026,1183132,+,PA1092,PAO1,3705310,3705311,-,PA3305.1,70,1135,380454,37623523,6.09901194096207,1.91528356458434e-24,mRNA,sRNA,
428,PA3018,PhrS,PAO1,3379684,3379769,-,PA3018,PAO1,3705310,3705318,-,PA3305.1,70,177,380454,37624481,39.1104791869386,2.50084981679372e-72,mRNA,sRNA,
429,carB,PhrS,PAO1,5339998,5340005,-,PA4756,PAO1,3705310,3705312,-,PA3305.1,70,476,380454,37624182,14.543066812746,8.50845635888857e-47,mRNA,sRNA,
430,ErsA,pilM,PAO1,6183554,6183623,-,PA5492.1,PAO1,5680700,5680703,-,PA5044,70,16476,861,37987775,187.450655005457,3.27960544163399e-123,sRNA,mRNA,
431,PA0657,PhrS,PAO1,710131,710380,+,PA0657,PAO1,3705311,3705317,-,PA3305.1,69,338,380455,37624320,20.1882072221372,1.50793727364287e-54,mRNA,sRNA,
432,PA3588,PhrS,PAO1,4021861,4021908,-,PA3588,PAO1,3705311,3705315,-,PA3305.1,69,46,380455,37624612,148.340586928808,5.70081558269945e-100,mRNA,sRNA,
433,PA2577,PhrS,PAO1,2913920,2914205,+,PA2577,PAO1,3705310,3705316,-,PA3305.1,69,388,380455,37624270,17.5866107551362,5.52501957578973e-51,mRNA,sRNA,
434,thrB,PhrS,PAO1,6187461,6187688,+,PA5495,PAO1,3705310,3705311,-,PA3305.1,69,561,380455,37624097,12.1632327939449,1.94568429243712e-41,mRNA,sRNA,
435,5_utr_PA4023,PhrS,PAO1,4503878,4503940,+,PA4023_5',PAO1,3705311,3705311,-,PA3305.1,69,26,380455,37624632,262.44887022927,3.34946800830981e-109,5-utr,sRNA,
436,Pant3,PhrS,PAO1,40989,41130,+,Pant3,PAO1,3705309,3705312,-,PA3305.1,69,146,380455,37624512,46.7373209763435,1.57099016105817e-75,sRNA,sRNA,
437,PA5371,PhrS,PAO1,6046945,6047219,+,PA5371,PAO1,3705311,3705318,-,PA3305.1,69,275,380455,37624383,24.8131835159097,7.69718630412107e-60,mRNA,sRNA,
438,AS_PA0989,PhrS,PAO1,1070742,1070982,+,AS_PA0989,PAO1,3705310,3705312,-,PA3305.1,69,325,380455,37624333,20.9957427654943,1.47277731415705e-55,antisense,sRNA,
439,aruF,PhrS,PAO1,979369,979606,+,PA0896,PAO1,3705309,3705311,-,PA3305.1,69,523,380455,37624135,13.0469990232335,2.99186038322363e-43,mRNA,sRNA,
440,pgi,PhrS,PAO1,5314136,5314197,+,PA4732,PAO1,3705310,3705312,-,PA3305.1,68,57,380456,37624601,117.978133903212,3.07941569607224e-94,mRNA,sRNA,
441,PA0974,PhrS,PAO1,1057910,1057970,+,PA0974,PAO1,3705311,3705315,-,PA3305.1,68,743,380456,37623915,9.0506474047393,2.14569768751629e-33,mRNA,sRNA,
442,PA5251,PhrS,PAO1,5912037,5912106,-,PA5251,PAO1,3705311,3705311,-,PA3305.1,68,171,380456,37624487,39.3259254791449,2.92460750386823e-70,mRNA,sRNA,
443,hemN,PhrS,PAO1,1683755,1683954,-,PA1546,PAO1,3705309,3705311,-,PA3305.1,68,385,380456,37624273,17.4667402807676,5.28660938397405e-50,mRNA,sRNA,
444,gdhB,PhrS,PAO1,3439035,3439492,-,PA3068,PAO1,3705310,3705311,-,PA3305.1,68,1031,380456,37623627,6.52238559325827,3.17261538108987e-25,mRNA,sRNA,
445,rpmB,OprN-3',PAO1,5985913,5985983,-,PA5316,PAO1,2814681,2814686,+,PA2495.1,67,1222,2943,38000950,707.958480635622,2.22206044215944e-156,mRNA,sRNA,RNA2
446,rplU,Pant445/Spa93,PAO1,5116642,5116690,-,PA4568,PAO1,5372504,5372505,-,Pant445/Spa93,67,702,15797,37988616,229.517890717105,2.13178812812652e-123,mRNA,sRNA,
447,PA1760,PhrS,PAO1,1904243,1904484,+,PA1760,PAO1,3705310,3705311,-,PA3305.1,67,311,380457,37624347,21.3048168834895,3.53641550730573e-54,mRNA,sRNA,
448,rplV,PhrS,PAO1,4764297,4764341,-,PA4258,PAO1,3705310,3705311,-,PA3305.1,67,1818,380457,37622840,3.64440740485995,9.8036639148611e-12,mRNA,sRNA,
449,5_utr_dsdA,PhrS,PAO1,3768069,3768115,+,PA3357_5',PAO1,3705311,3705312,-,PA3305.1,67,38,380457,37624620,174.364371767305,1.12404618264415e-99,5-utr,sRNA,
450,atpF,PhrS,PAO1,6252836,6252999,-,PA5558,PAO1,3705311,3705312,-,PA3305.1,67,1289,380457,37623369,5.14012864317459,3.16216714515881e-19,mRNA,sRNA,
451,rplU,AspA-3',PAO1,5116623,5116640,-,PA4568,PAO1,6110937,6110939,+,PA5429.1,66,703,42078,37962335,84.7005905918677,3.33315055800441e-93,mRNA,sRNA,RNA2
452,5_utr_PA3015,PhrS,PAO1,3376970,3377057,+,PA3015_5',PAO1,3705310,3705311,-,PA3305.1,66,123,380458,37624535,53.0643983778729,6.57486449495583e-75,5-utr,sRNA,
453,PA1941,PhrS,PAO1,2125675,2125889,-,PA1941,PAO1,3705310,3705318,-,PA3305.1,66,708,380458,37623950,9.21867163492778,7.51407429225662e-33,mRNA,sRNA,
454,PA1735,PhrS,PAO1,1878247,1878601,+,PA1735,PAO1,3705310,3705311,-,PA3305.1,66,281,380458,37624377,23.2273793288549,2.02154564052859e-55,mRNA,sRNA,
455,tle1,PhrS,PAO1,3683614,3683626,-,PA3290,PAO1,3705310,3705311,-,PA3305.1,65,44,380459,37624614,146.09147407832,1.22798177804916e-93,mRNA,sRNA,
456,fhpR,PhrS,PAO1,3014959,3015000,+,PA2665,PAO1,3705310,3705311,-,PA3305.1,65,38,380459,37624620,169.158575908518,4.54280117992333e-96,mRNA,sRNA,
457,PA4571,3_utr_fadD2,PAO1,5118509,5118536,+,PA4571,PAO1,3697353,3697354,-,PA3300_3',65,648,341,38004128,11179.3034285507,1.4572619535645e-226,mRNA,3-utr,
458,PA1147,PhrS,PAO1,1240097,1240198,-,PA1147,PAO1,3705310,3705311,-,PA3305.1,65,137,380459,37624521,46.9197735090747,5.74804681008946e-71,mRNA,sRNA,
459,PA4801,PhrS,PAO1,5386634,5386768,-,PA4801,PAO1,3705311,3705315,-,PA3305.1,65,166,380459,37624492,38.7229157602499,1.34401359261964e-66,mRNA,sRNA,
460,AS_gdhA,PhrS,PAO1,5137958,5138002,+,AS_PA4588,PAO1,3705311,3705312,-,PA3305.1,65,161,380459,37624497,39.9254960896448,2.66019107578942e-67,antisense,sRNA,
461,IG_wspA_PA3709,Pant445/Spa93,PAO1,4152529,4152658,+,IG_PA3708_PA3709,PAO1,5372504,5372505,-,Pant445/Spa93,65,15,15799,37989303,10419.6666244699,3.36120577515542e-198,intergenic,sRNA,
462,5_utr_PA0876,PrrH/F1/F2,PAO1,958325,958376,+,PA0876_5',PAO1,5284109,5284319,+,PA4704.3,65,295,24881,37979941,336.339438779437,9.835551386367e-129,5-utr,sRNA,
463,carB,carB,PAO1,5341177,5341450,-,PA4756,PAO1,5342274,5342636,-,PA4756,65,833,878,38003406,3377.50780038666,1.28126395295058e-194,mRNA,mRNA,
464,PhrS,AceF-3',PAO1,3705477,3705491,-,PA3305.1,PAO1,5640675,5640681,+,PA5016.1,64,4819,9551,37990748,52.8265254783089,2.56659702467981e-78,sRNA,sRNA,RNA2
465,wbpI,5_utr_wzz,PAO1,3532335,3532340,-,PA3148,PAO1,1028136,1028138,+,PA0938_5',64,2226,767,38002125,1424.51600206636,4.08496750914035e-168,mRNA,5-utr,
466,rpoC,PhrS,PAO1,4776340,4776387,-,PA4269,PAO1,3705310,3705312,-,PA3305.1,64,219,380460,37624439,28.8999365104054,9.40235664766396e-59,mRNA,sRNA,
467,nuoN,PhrS,PAO1,2996398,2996569,+,PA2649,PAO1,3705310,3705311,-,PA3305.1,64,473,380460,37624185,13.3806413711498,2.19764031263042e-40,mRNA,sRNA,
468,pasP,PhrS,PAO1,470657,470915,+,PA0423,PAO1,3705310,3705313,-,PA3305.1,64,593,380460,37624065,10.672889009213,5.66583794224387e-35,mRNA,sRNA,
469,IG_cycB-PA5301,PhrS,PAO1,5969882,5969900,+,IG_PA5300-PA5301,PAO1,3705310,3705311,-,PA3305.1,63,1,380461,37624657,6230.21384846278,1.82331806326849e-118,intergenic,sRNA,
470,rmd,PhrS,PAO1,6144052,6144081,-,PA5454,PAO1,3705311,3705313,-,PA3305.1,63,12,380461,37624646,519.184335582359,6.67437875090415e-107,mRNA,sRNA,
471,PA2576,PhrS,PAO1,2913276,2913697,-,PA2576,PAO1,3705311,3705316,-,PA3305.1,63,144,380461,37624514,43.2652095089904,7.28383068740215e-67,mRNA,sRNA,
472,PA2858,PhrS,PAO1,3211762,3212074,+,PA2858,PAO1,3705311,3705312,-,PA3305.1,63,65,380461,37624593,95.8492807814325,3.56482368211621e-83,mRNA,sRNA,
473,PA0572,AspA-3',PAO1,627797,627819,-,PA0572,PAO1,6110825,6110825,+,PA5429.1,63,52,22157,37982910,2076.89472158477,8.97638328281348e-165,mRNA,sRNA,RNA2
474,PA1441,PhrS,PAO1,1570812,1570980,+,PA1441,PAO1,3705309,3705311,-,PA3305.1,63,608,380461,37624050,10.2468969345222,2.12380234633139e-33,mRNA,sRNA,
475,spoT,PhrS,PAO1,6008222,6008314,+,PA5338,PAO1,3705311,3705311,-,PA3305.1,63,125,380461,37624533,49.8415465238224,6.02713975839166e-70,mRNA,sRNA,
476,ptsN,PhrS,PAO1,4994919,4995364,+,PA4464,PAO1,3705310,3705311,-,PA3305.1,63,1401,380461,37623257,4.44681086683709,9.10689982322397e-15,mRNA,sRNA,
477,ilvC,PhrS,PAO1,5272794,5272975,-,PA4694,PAO1,3705310,3705313,-,PA3305.1,63,292,380461,37624366,21.336183774601,1.06525343225038e-50,mRNA,sRNA,
478,mutM,PhrS,PAO1,401901,402351,+,PA0357,PAO1,3705311,3705313,-,PA3305.1,63,61,380461,37624597,102.134490379466,2.35380473001614e-84,mRNA,sRNA,
479,cobU,PhrS,PAO1,1391753,1392105,+,PA1280,PAO1,3705311,3705318,-,PA3305.1,63,193,380461,37624465,32.2807360386206,2.68830165451017e-60,mRNA,sRNA,
480,chpA,PhrS,PAO1,459607,459620,+,PA0413,PAO1,3705311,3705316,-,PA3305.1,62,73,380462,37624585,83.9903248847489,2.6685010907807e-79,mRNA,sRNA,
481,clpX,PhrS,PAO1,1955024,1955092,+,PA1802,PAO1,3705310,3705315,-,PA3305.1,62,132,380462,37624526,46.4491219845473,2.93884971435965e-67,mRNA,sRNA,
482,PA2484,PhrS,PAO1,2803210,2803340,-,PA2484,PAO1,3705309,3705311,-,PA3305.1,62,33,380462,37624625,185.796976817499,7.83686545619483e-93,mRNA,sRNA,
483,PA1069,PhrS,PAO1,1157246,1157329,+,PA1069,PAO1,3705309,3705314,-,PA3305.1,62,420,380462,37624238,14.5981837370154,3.17263509181658e-41,mRNA,sRNA,
484,PA4353,PhrS,PAO1,4881686,4881729,-,PA4353,PAO1,3705310,3705313,-,PA3305.1,62,81,380462,37624577,75.6949680605989,2.72336707155899e-77,mRNA,sRNA,
485,PA3263,PhrS,PAO1,3651883,3652050,+,PA3263,PAO1,3705310,3705318,-,PA3305.1,62,163,380462,37624495,37.6152088969777,1.14301653696558e-62,mRNA,sRNA,
486,PA0942,PhrS,PAO1,1030764,1030854,+,PA0942,PAO1,3705310,3705317,-,PA3305.1,62,212,380462,37624446,28.9210899300879,8.69277331595961e-57,mRNA,sRNA,
487,PA3312,PhrS,PAO1,3715786,3715914,-,PA3312,PAO1,3705311,3705311,-,PA3305.1,62,24,380462,37624634,255.470904233975,2.81203120636279e-97,mRNA,sRNA,
488,amrZ,OprB-3',PAO1,3791319,3791343,+,PA3385,PAO1,3575845,3575845,-,PA3185.1,61,1888,21277,37981956,57.6759528073203,1.61124630465922e-76,mRNA,sRNA,RNA2
489,CrcZ,GabT-3',PAO1,5308924,5308925,+,PA4726.11,PAO1,302554,302587,+,PA0266.1,61,211934,2744,37790443,3.96394003451099,5.6333590883932e-12,sRNA,sRNA,RNA2
490,wzy,PhrS,PAO1,3537878,3537911,-,PA3154,PAO1,3705311,3705312,-,PA3305.1,61,182,380463,37624476,33.1448821480756,7.59413901169842e-59,mRNA,sRNA,
491,amgS,PhrS,PAO1,5851360,5851636,-,PA5199,PAO1,3705310,3705315,-,PA3305.1,61,231,380463,37624427,26.1141155616124,1.64493200314706e-53,mRNA,sRNA,
492,ppk,PhrS,PAO1,5904501,5904700,-,PA5242,PAO1,3705310,3705311,-,PA3305.1,61,973,380463,37623685,6.19963178741656,1.58582495010641e-21,mRNA,sRNA,
493,AS_pilC,PhrS,PAO1,5071476,5071721,-,AS_PA4527,PAO1,3705311,3705312,-,PA3305.1,61,194,380463,37624464,31.094673334939,2.09106846505619e-57,antisense,sRNA,
494,rplA,PhrS,PAO1,4782306,4782334,-,PA4273,PAO1,3705310,3705311,-,PA3305.1,60,1262,380464,37623396,4.70149869216329,6.42447160446063e-15,mRNA,sRNA,
495,AS_PA3649,PhrS,PAO1,4088740,4088773,+,AS_PA3649,PAO1,3705311,3705318,-,PA3305.1,60,0,380464,37624658,inf,2.8679553923756e-114,antisense,sRNA,
496,PA3172,PhrS,PAO1,3562864,3562879,+,PA3172,PAO1,3705310,3705318,-,PA3305.1,60,64,380464,37624594,92.7106293236679,2.17182344728048e-78,mRNA,sRNA,
497,cc4,PhrS,PAO1,6182253,6182373,-,PA5490,PAO1,3705310,3705313,-,PA3305.1,60,350,380464,37624308,16.9526719254083,6.73299371264313e-43,mRNA,sRNA,
498,iscR,PhrS,PAO1,4272305,4272674,-,PA3815,PAO1,3705308,3705311,-,PA3305.1,60,324,380464,37624334,18.3130841794736,1.23428012424792e-44,mRNA,sRNA,
499,napD,PrrH/F1/F2,PAO1,1275832,1275874,-,PA1175,PAO1,5284061,5284103,+,PA4704.3,60,51,16235,37988836,2752.86407362452,2.74670583839448e-164,mRNA,sRNA,
500,PA4129,PhrS,PAO1,4617026,4617391,-,PA4129,PAO1,3705311,3705311,-,PA3305.1,60,185,380464,37624473,32.0727632148739,4.6210916986406e-57,mRNA,sRNA,
501,fgtA,PhrS,PAO1,1179815,1180207,+,PA1091,PAO1,3705310,3705318,-,PA3305.1,60,335,380464,37624323,17.7117538490314,6.95510385571385e-44,mRNA,sRNA,
502,PA1011,PhrS,PAO1,1094647,1094656,+,PA1011,PAO1,3705310,3705317,-,PA3305.1,59,62,380465,37624596,94.1060308629126,2.87743287289783e-77,mRNA,sRNA,
503,hisH2,AspA-3',PAO1,3536415,3536434,-,PA3152,PAO1,6110937,6110938,+,PA5429.1,59,19,42085,37963019,2801.12069058234,7.51940439442137e-151,mRNA,sRNA,RNA2
504,AS_PA0989,Sr063/Spa38,PAO1,1070744,1070978,+,AS_PA0989,PAO1,3116516,3116519,+,Sr063/Spa38,59,335,57086,37947702,117.074705197343,4.52373140514047e-90,antisense,sRNA,
505,recA,PhrS,PAO1,4051566,4051887,-,PA3617,PAO1,3705311,3705315,-,PA3305.1,59,627,380465,37624031,9.30540079271334,7.10339532508451e-29,mRNA,sRNA,
506,glnS,PhrS,PAO1,1944056,1944087,+,PA1794,PAO1,3705310,3705326,-,PA3305.1,58,22,380466,37624636,260.712447845058,6.23626967775209e-91,mRNA,sRNA,
507,PA4734,PhrS,PAO1,5318126,5318174,+,PA4734,PAO1,3705310,3705311,-,PA3305.1,58,61,380466,37624597,94.0273427418128,7.31442004097832e-76,mRNA,sRNA,
508,aspS,PhrS,PAO1,1048934,1049286,+,PA0963,PAO1,3705309,3705312,-,PA3305.1,58,201,380466,37624457,28.5355550497605,1.55074489006599e-52,mRNA,sRNA,
509,PA2026,PhrS,PAO1,2219114,2219510,-,PA2026,PAO1,3705310,3705313,-,PA3305.1,58,28,380466,37624630,204.845462068696,7.33424009842166e-88,mRNA,sRNA,
510,estA,PhrS,PAO1,5756209,5756380,-,PA5112,PAO1,3705311,3705316,-,PA3305.1,58,569,380466,37624089,10.0801238407322,5.05207109415861e-30,mRNA,sRNA,
511,bkdB,PhrS,PAO1,2475821,2475925,+,PA2249,PAO1,3705311,3705311,-,PA3305.1,58,156,380466,37624502,36.7670091346819,7.51918900171836e-58,mRNA,sRNA,
512,IG_wbpA_wzz,Sr063/Spa38,PAO1,3545511,3545650,-,IG_PA3159_PA3160,PAO1,3116514,3116518,+,Sr063/Spa38,58,1442,57087,37946595,26.7361164713264,1.32027925399958e-53,intergenic,sRNA,
513,PA1616,PhrS,PAO1,1760628,1760665,+,PA1616,PAO1,3705311,3705311,-,PA3305.1,57,223,380467,37624435,25.2768519985369,5.2247160892935e-49,mRNA,sRNA,
514,algW,PhrS,PAO1,4979834,4979897,+,PA4446,PAO1,3705310,3705318,-,PA3305.1,57,33,380467,37624625,170.811104869446,8.70895625683938e-84,mRNA,sRNA,
515,tRNA-Gln,PhrS,PAO1,5238323,5238323,+,PA4669.1,PAO1,3705311,3705339,-,PA3305.1,57,2075,380467,37622583,2.71636652368976,8.12233557669805e-05,tRNA,sRNA,
516,phhR,PhrS,PAO1,953673,953683,+,PA0873,PAO1,3705310,3705314,-,PA3305.1,57,1,380467,37624657,5636.77125480002,1.64166831128153e-106,mRNA,sRNA,
517,PA3340,PhrS,PAO1,3750890,3750910,-,PA3340,PAO1,3705310,3705318,-,PA3305.1,57,58,380467,37624600,97.1855640568038,4.61729860839366e-75,mRNA,sRNA,
518,cdiI1,PhrS,PAO1,53765,53959,+,PA0041a,PAO1,3705310,3705311,-,PA3305.1,57,104,380467,37624554,54.1995752284995,1.85950642896421e-64,mRNA,sRNA,
519,PA1372,PhrS,PAO1,1487728,1487863,-,PA1372,PAO1,3705309,3705312,-,PA3305.1,57,1246,380467,37623412,4.52374376727467,2.43727845660743e-13,mRNA,sRNA,
520,pilM,ErsA,PAO1,5680385,5680700,-,PA5044,PAO1,6183530,6183590,-,PA5492.1,57,3898,13030,37988197,42.6321550457621,4.63602915414298e-64,mRNA,sRNA,
521,ggt,PhrS,PAO1,1451717,1451728,-,PA1338,PAO1,3705311,3705311,-,PA3305.1,56,76,380468,37624582,72.8665123230503,1.12388407939938e-68,mRNA,sRNA,
522,CrcZ,PA5185as,PAO1,5308592,5308595,+,PA4726.11,PAO1,5837850,5837851,+,PA5185.1,56,131292,255,37873579,63.3498994308749,4.54634919024564e-70,sRNA,sRNA,RNA2
523,PA0359,PhrS,PAO1,402969,403318,+,PA0359,PAO1,3705311,3705315,-,PA3305.1,56,103,380468,37624555,53.7655433252312,4.31831819017575e-63,mRNA,sRNA,
524,PA1459,PhrS,PAO1,1589773,1589965,+,PA1459,PAO1,3705310,3705318,-,PA3305.1,56,503,380468,37624155,11.0095270131996,6.94175965491693e-31,mRNA,sRNA,
525,PA4579,PhrS,PAO1,5126775,5126790,+,PA4579,PAO1,3705310,3705314,-,PA3305.1,55,58,380469,37624600,93.7750513182414,1.20230693692797e-71,mRNA,sRNA,
526,rubA1,ReaL,PAO1,6019354,6019359,-,PA5351,PAO1,3958146,3958148,+,PA3535.1,55,56,22824,37982247,1634.4195841783,3.57312766139577e-139,mRNA,sRNA,
527,flgK,PhrS,PAO1,1172448,1172502,+,PA1086,PAO1,3705311,3705311,-,PA3305.1,55,152,380469,37624506,35.7824959734599,4.42436928843376e-54,mRNA,sRNA,
528,htrB1,PhrS,PAO1,14599,14797,+,PA0011,PAO1,3705311,3705318,-,PA3305.1,55,105,380469,37624553,51.7994874496376,3.4712543137415e-61,mRNA,sRNA,
529,magA,PhrS,PAO1,5028063,5028257,-,PA4492,PAO1,3705310,3705311,-,PA3305.1,55,423,380469,37624235,12.8579201244262,3.18054535440809e-33,mRNA,sRNA,
530,Pant452,PhrS,PAO1,5483898,5484066,-,Pant452,PAO1,3705311,3705317,-,PA3305.1,55,236,380469,37624422,23.0463018858392,2.84515853799992e-45,sRNA,sRNA,
531,3_utr_PA3919,PhrS,PAO1,4387181,4387247,-,PA3919_3',PAO1,3705311,3705318,-,PA3305.1,55,61,380469,37624597,89.163156439061,8.21999867712929e-71,3-utr,sRNA,
532,AS_PA0875,PhrS,PAO1,955512,955959,+,AS_PA0875,PAO1,3705311,3705318,-,PA3305.1,55,57,380469,37624601,95.4202301932707,6.2324011087651e-72,antisense,sRNA,
533,rbsB,PhrS,PAO1,2130845,2131230,+,PA1946,PAO1,3705311,3705311,-,PA3305.1,55,567,380469,37624091,9.59237988751124,3.24078451695163e-27,mRNA,sRNA,
534,dxr,hisS,PAO1,4089680,4089680,-,PA3650,PAO1,4261193,4261193,-,PA3802,54,50,139,38004939,295290.173525179,1.36410301612056e-253,mRNA,mRNA,
535,kerV,PhrS,PAO1,1972643,1972699,+,PA1814,PAO1,3705311,3705311,-,PA3305.1,54,36,380470,37624622,148.33477803769,3.4544500895742e-77,mRNA,sRNA,
536,PA3340,PhrS,PAO1,3751220,3751492,-,PA3340,PAO1,3705310,3705312,-,PA3305.1,54,506,380470,37624152,10.5533306371327,5.02101626619431e-29,mRNA,sRNA,
537,tle1,PhrS,PAO1,3682722,3683177,-,PA3290,PAO1,3705311,3705313,-,PA3305.1,54,254,380470,37624404,21.0237049947961,1.73000135727633e-42,mRNA,sRNA,
538,AS_PA4757,BkdZ,PAO1,5343395,5343478,+,AS_PA4757,PAO1,2478254,2478254,+,PA2250.1,54,126,4745,38000257,3432.20746650609,2.11678556597895e-158,antisense,sRNA,RNA2
539,PA2166,PhrS,PAO1,2390294,2390305,+,PA2166,PAO1,3705311,3705311,-,PA3305.1,54,0,380470,37624658,inf,2.84918115761415e-102,mRNA,sRNA,
540,PA0744,PhrS,PAO1,812298,812301,-,PA0744,PAO1,3705310,3705311,-,PA3305.1,54,72,380470,37624586,74.1673180539858,2.34813656731983e-66,mRNA,sRNA,
541,PA5106,PhrS,PAO1,5749432,5749612,+,PA5106,PAO1,3705310,3705311,-,PA3305.1,54,99,380470,37624559,53.939828967521,9.98120007381304e-61,mRNA,sRNA,
542,flgL,PhrS,PAO1,1174280,1174324,+,PA1087,PAO1,3705311,3705311,-,PA3305.1,54,176,380470,37624482,30.3410916999787,8.51036958615065e-50,mRNA,sRNA,
543,PA5461,PhrS,PAO1,6151600,6151631,+,PA5461,PAO1,3705311,3705318,-,PA3305.1,54,389,380470,37624269,13.7275113320468,7.35443903201505e-34,mRNA,sRNA,
544,tssF1,PhrS,PAO1,105975,106110,+,PA0088,PAO1,3705310,3705311,-,PA3305.1,54,286,380470,37624372,18.6713864577874,4.29429899999686e-40,mRNA,sRNA,
545,gyrB_3',PhrS,PAO1,6861,6907,+,PA0004_3',PAO1,3705311,3705316,-,PA3305.1,54,30,380470,37624628,178.001762031171,1.1466691058624e-79,3-utr,sRNA,
546,rpoH,PhrS,PAO1,421149,421425,+,PA0376,PAO1,3705311,3705312,-,PA3305.1,54,998,380470,37623660,5.3506167063804,2.54623183422858e-15,mRNA,sRNA,
547,dipZ,PhrS,PAO1,5440352,5440562,+,PA4845,PAO1,3705310,3705312,-,PA3305.1,54,87,380470,37624571,61.3798249533471,4.70707643353307e-63,mRNA,sRNA,
548,thiC,PhrS,PAO1,5583620,5583628,-,PA4973,PAO1,3705311,3705311,-,PA3305.1,53,2,380471,37624656,2620.57655905443,4.14372137365207e-97,mRNA,sRNA,
549,moeA2,PhrS,PAO1,3393323,3393328,-,PA3028,PAO1,3705310,3705312,-,PA3305.1,53,242,380471,37624416,21.6575193630704,3.35368734225277e-42,mRNA,sRNA,
550,wbpM,PhrS,PAO1,3525748,3525758,-,PA3141,PAO1,3705309,3705311,-,PA3305.1,53,68,380471,37624590,77.0756459447245,1.11036254777478e-65,mRNA,sRNA,
551,PA0220,PhrS,PAO1,248773,248774,+,PA0220,PAO1,3705311,3705312,-,PA3305.1,53,49,380471,37624609,106.962174917565,6.48673103967704e-71,mRNA,sRNA,
552,PA3567,PhrS,PAO1,3999145,3999183,+,PA3567,PAO1,3705310,3705311,-,PA3305.1,53,22,380471,37624636,238.234106004017,1.18255602121015e-81,mRNA,sRNA,
553,AS_PA1657,PhrS,PAO1,1805720,1805799,-,AS_PA1657,PAO1,3705311,3705379,-,PA3305.1,53,40,380471,37624618,131.028695616748,6.35912858193086e-74,antisense,sRNA,
554,PA0918,PrrH/F1/F2,PAO1,1002532,1002538,-,PA0918,PAO1,5284103,5284318,+,PA4704.3,53,225,24893,37980011,359.394311296794,1.78043014342976e-105,mRNA,sRNA,
555,PA1132,PhrS,PAO1,1225056,1225151,+,PA1132,PAO1,3705310,3705311,-,PA3305.1,53,46,380471,37624612,113.937978018778,7.16972345373143e-72,mRNA,sRNA,
556,tgt,PhrS,PAO1,4279381,4279446,-,PA3823,PAO1,3705310,3705312,-,PA3305.1,53,48,380471,37624610,109.190556463786,3.14709217932828e-71,mRNA,sRNA,
557,lptG,PhrS,PAO1,4285383,4285461,-,PA3827,PAO1,3705309,3705311,-,PA3305.1,53,38,380471,37624620,137.924950086105,1.18257007933911e-74,mRNA,sRNA,
558,CrcZ,PA5027,PAO1,5308873,5308908,+,PA4726.11,PAO1,5657939,5658031,+,PA5027,53,4244388,92,33760649,4.58230245034353,3.32732338847683e-09,sRNA,mRNA,
559,FlgDas,PhrS,PAO1,1165373,1165555,-,PA1079.1,PAO1,3705311,3705317,-,PA3305.1,53,107,380471,37624551,48.9826027243114,8.89877660234766e-58,sRNA,sRNA,RNA1
560,AS_wbpJ,PhrS,PAO1,3530635,3530877,+,AS_PA3147,PAO1,3705311,3705312,-,PA3305.1,53,25,380471,37624633,209.645996567412,3.79732355958379e-80,antisense,sRNA,
561,thrC,PhrS,PAO1,4187066,4187490,-,PA3735,PAO1,3705311,3705311,-,PA3305.1,53,268,380471,37624390,19.5564032240164,3.50048064487793e-40,mRNA,sRNA,
562,cdiA1,PhrS,PAO1,48795,48848,+,PA0041,PAO1,3705310,3705315,-,PA3305.1,53,135,380471,37624523,38.8232191931307,1.75942822201543e-53,mRNA,sRNA,
563,AS_PhrD,ErsA,PAO1,785340,785788,-,AS_PA0714.1,PAO1,6183529,6183626,-,PA5492.1,53,2755,15151,37987223,48.2336929597167,5.64165712871825e-62,antisense,sRNA,
564,CrcZ,OprN-3',PAO1,5308925,5308926,+,PA4726.11,PAO1,2814682,2814687,+,PA2495.1,52,211943,2958,37790229,3.13448084548048,1.01166684831592e-05,sRNA,sRNA,RNA2
565,RhlS/SPA104,PA3133.01,PAO1,3889831,3889845,-,PA3476.1,PAO1,3514662,3514663,-,PA3133.01,52,2064,213636,37789430,4.45645529286139,1.66443544474416e-11,sRNA,sRNA,RNA2
566,PA2758,PhrS,PAO1,3118325,3118360,+,PA2758,PAO1,3705310,3705311,-,PA3305.1,52,138,380472,37624520,37.2625458964624,1.26357303304646e-51,mRNA,sRNA,
567,iscA,PhrS,PAO1,4270397,4270398,-,PA3812,PAO1,3705311,3705314,-,PA3305.1,52,341,380472,37624317,15.0797759214839,2.88897975224847e-34,mRNA,sRNA,
568,nirS,PrrH/F1/F2,PAO1,578356,578360,-,PA0519,PAO1,5284103,5284313,+,PA4704.3,52,895,24894,37979341,88.6406736405936,7.77343073636753e-74,mRNA,sRNA,
569,PA1941,PrrH/F1/F2,PAO1,2125791,2125794,-,PA1941,PAO1,5284103,5284319,+,PA4704.3,52,484,24894,37979752,163.913763281935,4.57714480274619e-87,mRNA,sRNA,
570,prlC,PhrS,PAO1,79548,79991,+,PA0067,PAO1,3705311,3705311,-,PA3305.1,52,210,380472,37624448,24.4867690157288,1.0985062352826e-43,mRNA,sRNA,
571,aceF,PhrS,PAO1,5639919,5639959,+,PA5016,PAO1,3705310,3705311,-,PA3305.1,51,492,380473,37624166,10.250572281883,3.78605052202095e-26,mRNA,sRNA,
572,CrcZ,PA1613,PAO1,5308902,5308911,+,PA4726.11,PAO1,1758576,1758577,-,PA1613,51,211944,85,37793102,106.989870909296,1.64331285194739e-71,sRNA,mRNA,
573,cdiA1,Sr063/Spa38,PAO1,53342,53529,+,PA0041,PAO1,3116518,3116519,+,Sr063/Spa38,51,174,57094,37947863,194.812931306266,2.76460735508606e-87,mRNA,sRNA,
574,chpA,PhrS,PAO1,456594,456918,+,PA0413,PAO1,3705310,3705316,-,PA3305.1,51,688,380473,37623970,7.33031292169434,5.69421621472334e-20,mRNA,sRNA,
575,PA0608,PhrS,PAO1,670717,670968,+,PA0608,PAO1,3705310,3705316,-,PA3305.1,51,90,380473,37624568,56.037060536052,9.62543157169667e-58,mRNA,sRNA,
576,hflC,AceF-3',PAO1,5545131,5545238,-,PA4941,PAO1,5640681,5640682,+,PA5016.1,51,768,9564,37994799,263.81138865472,3.48366580931376e-96,mRNA,sRNA,RNA2
577,wbpH,PhrS,PAO1,3533140,3533401,-,PA3149,PAO1,3705311,3705311,-,PA3305.1,51,1336,380473,37623322,3.7748266690291,2.48903688765716e-08,mRNA,sRNA,
578,SahHas,PhrS,PAO1,483101,483138,+,PA0432.1,PAO1,3705311,3705312,-,PA3305.1,50,215,380474,37624443,22.9972888163613,1.16324681904789e-40,sRNA,sRNA,RNA1
579,opdD,PhrS,PAO1,5038905,5038921,+,PA4501,PAO1,3705311,3705311,-,PA3305.1,50,71,380474,37624587,69.6399439335382,4.40700513505742e-60,mRNA,sRNA,
580,tolB,PhrS,PAO1,1057333,1057395,+,PA0972,PAO1,3705310,3705311,-,PA3305.1,50,618,380474,37624040,8.00058921563569,3.35697908538066e-21,mRNA,sRNA,
581,PA2176,PhrS,PAO1,2397231,2397294,-,PA2176,PAO1,3705310,3705315,-,PA3305.1,50,1,380474,37624657,4944.44521833292,1.43245983814119e-92,mRNA,sRNA,
582,aspA,hslV,PAO1,6110472,6110472,+,PA5429,PAO1,5692826,5692826,+,PA5053,50,1258,316,38003558,4779.98505765631,1.03776800138531e-155,mRNA,mRNA,
583,moeA2,PhrS,PAO1,3392296,3392692,-,PA3028,PAO1,3705313,3705315,-,PA3305.1,50,391,380474,37624267,12.6455088656608,1.83589906273353e-29,mRNA,sRNA,
584,PA3229,PhrS,PAO1,3617312,3617549,+,PA3229,PAO1,3705310,3705311,-,PA3305.1,50,696,380474,37623962,7.10395673116516,6.35658475130932e-19,mRNA,sRNA,
585,CrcZ,PA4943,PAO1,5308906,5308907,+,PA4726.11,PAO1,5548226,5548630,-,PA4943,50,211945,1123,37792064,7.93903440271125,3.9828344850722e-21,sRNA,mRNA,
586,pchF,PhrS,PAO1,4734234,4734358,-,PA4225,PAO1,3705310,3705317,-,PA3305.1,50,55,380474,37624603,89.8988749440291,4.61798776536581e-64,mRNA,sRNA,
587,PA5257,PhrS,PAO1,5918591,5918925,-,PA5257,PAO1,3705310,3705312,-,PA3305.1,50,508,380474,37624150,9.73302872227468,1.39531848401148e-24,mRNA,sRNA,
588,ubiH,PhrS,PAO1,5881026,5881057,-,PA5223,PAO1,3705311,3705311,-,PA3305.1,49,77,380475,37624581,62.9290102682651,3.56273593594777e-57,mRNA,sRNA,
589,pmbA,PhrS,PAO1,5001778,5001809,-,PA4472,PAO1,3705311,3705311,-,PA3305.1,49,68,380475,37624590,71.2578669078512,2.28852635856303e-59,mRNA,sRNA,
590,PA2462,PhrS,PAO1,2772727,2772755,-,PA2462,PAO1,3705310,3705314,-,PA3305.1,48,99,380476,37624559,47.9457585346839,1.59084039041926e-51,mRNA,sRNA,
591,CrcZ,AS_PA1501,PAO1,5308699,5308699,+,PA4726.11,PAO1,1630637,1630674,+,AS_PA1501,48,21011758,1,16993375,38.8202643491325,2.65736635173261e-05,sRNA,antisense,
592,PA1579,AceF-3',PAO1,1718359,1718374,+,PA1579,PAO1,5640680,5640681,+,PA5016.1,48,51,9567,37995516,3737.89961817276,2.54269996402765e-138,mRNA,sRNA,RNA2
593,PA1647,PhrS,PAO1,1793539,1793578,-,PA1647,PAO1,3705310,3705312,-,PA3305.1,48,57,380476,37624601,83.2743051501692,3.46914940660611e-60,mRNA,sRNA,
594,gdhB,PhrS,PAO1,3440010,3440076,-,PA3068,PAO1,3705311,3705317,-,PA3305.1,48,221,380476,37624437,21.4778945868188,1.26370689219248e-37,mRNA,sRNA,
595,PA5109,PhrS,PAO1,5752341,5752341,-,PA5109,PAO1,3705311,3705317,-,PA3305.1,48,36,380476,37624622,131.851056746461,1.42460702583817e-66,mRNA,sRNA,
596,CrcZ,3_utr_PA0061,PAO1,5308596,5308598,+,PA4726.11,PAO1,74174,74175,-,PA0061_3',48,131300,20,37873814,692.286013709063,1.44661022963212e-95,sRNA,3-utr,
597,nadD2,PhrS,PAO1,5517391,5517445,-,PA4917,PAO1,3705311,3705311,-,PA3305.1,48,383,380476,37624275,12.3931965173101,9.86432598250914e-28,mRNA,sRNA,
598,PA4478,PhrS,PAO1,5010739,5010911,-,PA4478,PAO1,3705311,3705314,-,PA3305.1,48,82,380476,37624576,57.8857590197029,1.38253677768317e-54,mRNA,sRNA,
599,gltA,PhrS,PAO1,1719893,1719910,-,PA1580,PAO1,3705311,3705311,-,PA3305.1,48,517,380476,37624141,9.18100069823968,1.35420021959954e-22,mRNA,sRNA,
600,PA1382,PhrS,PAO1,1500078,1500312,+,PA1382,PAO1,3705310,3705318,-,PA3305.1,48,176,380476,37624482,26.9694339817396,1.13871609568139e-41,mRNA,sRNA,
601,sucA,PhrS,PAO1,1724248,1724659,+,PA1585,PAO1,3705311,3705311,-,PA3305.1,48,901,380476,37623757,5.26806760977799,7.82308385809259e-13,mRNA,sRNA,
602,PA1751,PhrS,PAO1,1892430,1892893,+,PA1751,PAO1,3705311,3705311,-,PA3305.1,48,219,380476,37624439,21.6740408949884,8.69213188216226e-38,mRNA,sRNA,
603,5_utr_PA1688,PhrS,PAO1,1837333,1837338,+,PA1688_5',PAO1,3705311,3705311,-,PA3305.1,47,843,380477,37623815,5.51321215504502,3.34078724964535e-13,5-utr,sRNA,
604,AS_cyaA,PA5232,PAO1,5938181,5938181,-,AS_PA5272,PAO1,5890227,5890227,-,PA5232,47,0,226,38004909,inf,7.04161827780407e-238,antisense,mRNA,
605,Sr151,Spa121,PAO1,5885302,5885312,-,Sr151,PAO1,6171809,6171810,-,Spa121,47,669,2332,38002134,1144.85682914259,5.58398659659979e-118,sRNA,mRNA,
606,fhp,Pant445/Spa93,PAO1,3013791,3013799,-,PA2664,PAO1,5372504,5372539,-,Pant445/Spa93,47,11089,15817,37978229,10.1769131604326,2.21118803175121e-24,mRNA,sRNA,
607,wbpI,PhrS,PAO1,3532445,3532486,-,PA3148,PAO1,3705311,3705311,-,PA3305.1,47,826,380477,37623832,5.62668274418702,5.18606606959967e-14,mRNA,sRNA,
608,algQ,PhrS,PAO1,5917347,5917361,-,PA5255,PAO1,3705311,3705312,-,PA3305.1,47,58,380477,37624600,80.1333589152563,2.84040233862958e-58,mRNA,sRNA,
609,PA4430,htpX,PAO1,4963307,4963307,-,PA4430,PAO1,3183908,3183909,+,PA2830,47,276,1544,38003315,4191.43717851242,2.19522069472377e-143,mRNA,3-utr,
610,mucB,PhrS,PAO1,833213,833354,+,PA0764,PAO1,3705310,3705311,-,PA3305.1,47,408,380477,37624250,11.3914009359871,1.32576458218432e-25,mRNA,sRNA,
611,5_utr_PA5503,PhrS,PAO1,6195203,6195474,+,PA5503_5',PAO1,3705310,3705408,-,PA3305.1,47,21,383303,37621811,219.672676831694,6.09982410257392e-71,5-utr,sRNA,
612,lASI,PhrS,PAO1,1559327,1559478,+,PA1432,PAO1,3705311,3705318,-,PA3305.1,47,1350,380477,37623308,3.44264830920329,2.34335361339109e-06,mRNA,sRNA,
613,recB,PhrS,PAO1,4803499,4803865,-,PA4284,PAO1,3705309,3705310,-,PA3305.1,47,116,380477,37624542,40.0666176930537,2.06020123081776e-47,mRNA,sRNA,
614,PA1654,PhrS,PAO1,1800921,1801285,+,PA1654,PAO1,3705311,3705317,-,PA3305.1,47,232,380477,37624426,20.0332470819523,1.60391812378934e-35,mRNA,sRNA,
615,5_utr_PA2316,PhrS,PAO1,2553883,2553951,+,PA2316_5',PAO1,3705310,3705311,-,PA3305.1,47,0,380477,37624658,inf,2.82709803338651e-88,5-utr,sRNA,
616,PA4289,PhrS,PAO1,4812302,4812585,+,PA4289,PAO1,3705311,3705311,-,PA3305.1,47,32,380477,37624626,145.241813401335,2.7117214569464e-66,mRNA,sRNA,
617,AS_PA2599,PhrS,PAO1,2942099,2942119,+,AS_PA2599,PAO1,3705311,3705312,-,PA3305.1,47,47,380477,37624611,98.8880037426703,2.8928418169506e-61,antisense,sRNA,
618,sbp,PhrS,PAO1,317750,318008,-,PA0283,PAO1,3705311,3705311,-,PA3305.1,47,45,380477,37624613,103.283031621417,7.29666313942131e-62,mRNA,sRNA,
619,PA1051,PhrS,PAO1,1138495,1138550,+,PA1051,PAO1,3705311,3705311,-,PA3305.1,47,364,380477,37624294,12.7683983988057,1.39724873217351e-27,mRNA,sRNA,
620,PA4641,PhrS,PAO1,5210172,5210450,-,PA4641,PAO1,3705310,3705312,-,PA3305.1,47,31,380477,37624627,149.927037173286,1.1092912760827e-66,mRNA,sRNA,
621,pepA,PhrS,PAO1,4288923,4289146,+,PA3831,PAO1,3705310,3705376,-,PA3305.1,47,70,380477,37624588,66.3961904962154,1.81811087286497e-55,mRNA,sRNA,
622,spuH,PhrS,PAO1,343669,343673,+,PA0304,PAO1,3705315,3705318,-,PA3305.1,46,111,380478,37624547,40.9804367469672,1.14491961902039e-46,mRNA,sRNA,
623,xylS,PhrS,PAO1,2837149,2837157,-,PA2519,PAO1,3705311,3705311,-,PA3305.1,46,65,380478,37624593,69.9820621590574,5.78462423738674e-55,mRNA,sRNA,
624,PA3882,PhrS,PAO1,4348985,4348987,+,PA3882,PAO1,3705308,3705317,-,PA3305.1,46,46,380478,37624612,98.8877464662871,7.37546702565209e-60,mRNA,sRNA,
625,lrp,PhrS,PAO1,5977247,5977271,+,PA5308,PAO1,3705311,3705312,-,PA3305.1,46,27,380478,37624631,168.475504983692,1.61497819898745e-66,mRNA,sRNA,
626,PA1069,PhrS,PAO1,1157812,1157854,+,PA1069,PAO1,3705311,3705311,-,PA3305.1,46,122,380478,37624536,37.285468434486,3.95026820553737e-45,mRNA,sRNA,
627,anr,PhrS,PAO1,1681144,1681162,-,PA1544,PAO1,3705311,3705312,-,PA3305.1,46,172,380478,37624486,26.4466343254635,2.09674242543897e-39,mRNA,sRNA,
628,putA,PhrS,PAO1,853305,853308,+,PA0782,PAO1,3705310,3705310,-,PA3305.1,46,126,380478,37624532,36.1017989317864,1.33593078433917e-44,mRNA,sRNA,
629,CrcZ,PA1545,PAO1,5308902,5308953,+,PA4726.11,PAO1,1682412,1682567,+,PA1545,46,211949,898,37792289,9.13383832798117,1.80087222442905e-21,sRNA,mRNA,
630,PrrH/F1/F2,OprB-3',PAO1,5284054,5284206,+,PA4704.3,PAO1,3575845,3575847,-,PA3185.1,46,18139,21292,37965705,4.52188488570274,5.56584656348023e-10,sRNA,sRNA,RNA2
631,5_utr_PA0219,PhrS,PAO1,247131,247280,+,PA0219_5',PAO1,3705310,3705312,-,PA3305.1,46,78,380478,37624580,58.3183649824559,3.16698550272727e-52,5-utr,sRNA,
632,pilC,Sr063/Spa38,PAO1,5071795,5072148,+,PA4527,PAO1,3116512,3116518,+,Sr063/Spa38,46,587,57099,37947450,52.0803417645189,3.87947443424127e-54,mRNA,sRNA,
633,PA3270,Sr063/Spa38,PAO1,3659497,3659767,-,PA3270,PAO1,3116517,3116518,+,Sr063/Spa38,46,1789,57099,37946248,17.0878659936062,3.66990585291923e-33,mRNA,sRNA,
634,ftnA,PhrS,PAO1,4752099,4752278,-,PA4235,PAO1,3705309,3705311,-,PA3305.1,46,443,380478,37624215,10.2681452368629,3.7753363331892e-23,mRNA,sRNA,
635,CrcZ,secY,PAO1,5308917,5308917,+,PA4726.11,PAO1,4758297,4758423,-,PA4243,46,211949,2520,37790667,3.25469634541463,5.07377739430669e-05,sRNA,mRNA,
636,narX,PhrS,PAO1,4346751,4346939,+,PA3878,PAO1,3705310,3705357,-,PA3305.1,46,125,380478,37624533,36.3906142904451,9.88325155777328e-45,mRNA,sRNA,
637,PA5148,PhrS,PAO1,5797098,5797231,+,PA5148,PAO1,3705311,3705311,-,PA3305.1,46,91,380478,37624567,49.9871527134548,7.76839151372625e-50,mRNA,sRNA,
638,AS_PA5363,PhrS,PAO1,6030876,6031088,+,AS_PA5363,PAO1,3705310,3705311,-,PA3305.1,46,20,380478,37624638,227.441974043177,9.42999087785387e-70,antisense,sRNA,
639,PA0588,PhrS,PAO1,647680,647827,-,PA0588,PAO1,3705311,3705312,-,PA3305.1,46,156,380478,37624502,29.1591220409522,4.73665265240821e-41,mRNA,sRNA,
640,PA0716,PhrS,PAO1,787406,787808,+,PA0716,PAO1,3705311,3705315,-,PA3305.1,46,450,380478,37624208,10.1084166525031,6.99629842434495e-23,mRNA,sRNA,
641,PA2582,PhrS,PAO1,2919483,2919630,-,PA2582,PAO1,3705309,3705312,-,PA3305.1,46,362,380478,37624296,12.5657406985496,1.28481495337716e-26,mRNA,sRNA,
642,PA5232,PhrS,PAO1,5890558,5890942,-,PA5232,PAO1,3705310,3705311,-,PA3305.1,46,774,380478,37623884,5.8769358163408,7.64995050636216e-14,mRNA,sRNA,
643,PA4120,PhrS,PAO1,4609352,4609396,-,PA4120,PAO1,3705310,3705311,-,PA3305.1,45,0,380479,37624658,inf,2.82075430116037e-84,mRNA,sRNA,
644,PA2002,PhrS,PAO1,2188473,2188476,+,PA2002,PAO1,3705311,3705311,-,PA3305.1,45,0,380479,37624658,inf,2.82075430116037e-84,mRNA,sRNA,
645,AS_rgsA,OprN-3',PAO1,3318824,3318900,-,AS_PA2958.1,PAO1,2814682,2814687,+,PA2495.1,45,9265,2965,37992907,62.2364650004686,7.90361754713613e-57,antisense,sRNA,RNA2
646,ygcA,PhrS,PAO1,1022946,1022980,+,PA0933,PAO1,3705311,3705312,-,PA3305.1,45,45,380479,37624613,98.8874891912562,1.88085242492788e-58,mRNA,sRNA,
647,IG_phnC_amrZ,PhrS,PAO1,3791226,3791255,-,IG_PA3384_PA3385,PAO1,3705309,3705312,-,PA3305.1,45,0,380479,37624658,inf,2.82075430116037e-84,intergenic,sRNA,
648,Spa077,Spa121,PAO1,2473016,2473066,+,Spa077,PAO1,6171807,6171810,-,Spa121,45,376,2334,38002427,1948.65587225838,1.0863821652345e-122,sRNA,mRNA,
649,PA2669,PhrS,PAO1,3017753,3017782,-,PA2669,PAO1,3705310,3705311,-,PA3305.1,45,0,380479,37624658,inf,2.82075430116037e-84,mRNA,sRNA,
650,CrcZ,groES,PAO1,5308593,5308596,+,PA4726.11,PAO1,4917445,4917456,-,PA4386,45,131303,721,37873113,18.0025325061788,5.50318320368797e-33,sRNA,5-utr,
651,AS_PA4437,PhrS,PAO1,4970461,4970461,-,AS_PA4437,PAO1,3705310,3705316,-,PA3305.1,45,5,380479,37624653,889.988348897048,5.68952233682294e-78,antisense,sRNA,
652,Pant358,PhrS,PAO1,4344848,4344924,+,Pant358,PAO1,3705310,3705311,-,PA3305.1,45,19,380479,37624639,234.207373088299,2.04017716445143e-68,sRNA,sRNA,
653,PA3278,PhrS,PAO1,3671008,3671251,-,PA3278,PAO1,3705310,3705311,-,PA3305.1,45,326,380479,37624332,13.6500115925877,2.47651745573355e-27,mRNA,sRNA,
654,PA1832,PhrS,PAO1,1991335,1991426,+,PA1832,PAO1,3705311,3705311,-,PA3305.1,45,60,380479,37624598,74.1655873254502,1.69801895469595e-54,mRNA,sRNA,
655,PA3235,PhrS,PAO1,3623139,3623282,-,PA3235,PAO1,3705311,3705311,-,PA3305.1,45,76,380479,37624582,58.5517545680991,4.79203164129236e-51,mRNA,sRNA,
656,PA3801,PhrS,PAO1,4260961,4261042,-,PA3801,PAO1,3705311,3705311,-,PA3305.1,45,464,380479,37624194,9.59027469321565,2.10584860810721e-21,mRNA,sRNA,
657,pgsA,Sr063/Spa38,PAO1,2923602,2923621,-,PA2584,PAO1,3116518,3116519,+,Sr063/Spa38,44,30,57101,37948007,974.712823476529,7.347391166925e-98,mRNA,sRNA,
658,rpsK,PhrS,PAO1,4756107,4756128,-,PA4240,PAO1,3705310,3705316,-,PA3305.1,44,430,380480,37624228,10.1185896884229,1.07146258801174e-21,mRNA,sRNA,
659,PA0918,PhrS,PAO1,1002483,1002487,-,PA0918,PAO1,3705310,3705311,-,PA3305.1,44,66,380480,37624592,65.9247827305859,1.61585312662312e-51,mRNA,sRNA,
660,5_utr_wzz,PhrS,PAO1,3547042,3547058,-,PA3160_5',PAO1,3705310,3705311,-,PA3305.1,44,24,380480,37624634,181.293354885057,3.3458179904984e-64,5-utr,sRNA,
661,ftsQ,PhrS,PAO1,4941780,4941785,-,PA4409,PAO1,3705309,3705311,-,PA3305.1,44,533,380480,37624125,8.16319259803357,3.25466600429715e-18,mRNA,sRNA,
662,bfiS,PhrS,PAO1,4695629,4695649,-,PA4197,PAO1,3705311,3705314,-,PA3305.1,44,58,380480,37624600,75.0178721614802,2.4506370421575e-53,mRNA,sRNA,
663,PA3190,3_utr_fadD2,PAO1,3581645,3581669,-,PA3190,PAO1,3697353,3697354,-,PA3300_3',44,137,362,38004639,33717.8714360608,1.18730244122883e-171,mRNA,3-utr,
664,lpdV,AS_BkdZ,PAO1,2478172,2478213,+,PA2250,PAO1,2478223,2478223,-,AS_PA2250.1,44,4076,5,38001057,82043.4989205103,1.41139067824214e-162,mRNA,antisense,
665,AS_PA5546,PhrS,PAO1,6240307,6240782,+,AS_PA5546,PAO1,3705309,3705315,-,PA3305.1,44,38,380480,37624620,114.501023637731,6.62910485668104e-59,antisense,sRNA,
666,PA4396,PhrS,PAO1,4925885,4925974,+,PA4396,PAO1,3705311,3705311,-,PA3305.1,44,14,380480,37624644,310.788690976811,2.49018260875363e-69,mRNA,sRNA,
667,amiE,PhrS,PAO1,3777936,3778013,-,PA3366,PAO1,3705310,3705317,-,PA3305.1,44,680,380480,37623978,6.39847743407707,2.37046116365782e-14,mRNA,sRNA,
668,PA3836,ErsA,PAO1,4297629,4298085,+,PA3836,PAO1,6183529,6183590,-,PA5492.1,44,866,13043,37991229,147.992815733497,1.62869048190283e-71,mRNA,sRNA,
669,purN,PhrS,PAO1,1032676,1032759,-,PA0944,PAO1,3705311,3705318,-,PA3305.1,44,42,380480,37624616,103.596153230005,1.20916769927067e-57,mRNA,sRNA,
670,PA2462,Sr063/Spa38,PAO1,2762281,2762322,-,PA2462,PAO1,3116513,3116519,+,Sr063/Spa38,44,96,57101,37947941,304.597227573364,7.25845999654079e-82,mRNA,sRNA,
671,AS_mvaT,PhrS,PAO1,4844066,4844068,-,AS_PA4315,PAO1,3705311,3705312,-,PA3305.1,43,0,380481,37624658,inf,2.81439527931428e-80,antisense,sRNA,
672,5'-oprD,Sr063/Spa38,PAO1,1045382,1045385,-,PA0958_5',PAO1,3116516,3116519,+,Sr063/Spa38,43,528,57102,37947509,54.1210839282283,5.62340260795481e-51,5-utr,sRNA,
673,Spa107,Spa086,PAO1,5067798,5067798,-,Spa107,PAO1,4388815,4388815,-,Spa086,43,129,15,38004995,844555.444444444,3.98151110479486e-213,sRNA,sRNA,
674,PA5037,PhrS,PAO1,5672485,5672485,-,PA5037,PAO1,3705309,3705312,-,PA3305.1,43,85,380481,37624573,50.0251195661466,2.76520659791902e-46,mRNA,sRNA,
675,pelG,PhrS,PAO1,3421982,3421992,-,PA3058,PAO1,3705310,3705312,-,PA3305.1,43,630,380481,37624028,6.74932312703765,9.82123001677082e-15,mRNA,sRNA,
676,PA0583,PhrS,PAO1,641948,641951,+,PA0583,PAO1,3705309,3705314,-,PA3305.1,43,16,380481,37624642,265.758935071659,2.63830889276915e-66,mRNA,sRNA,
677,mobA,PhrS,PAO1,3394725,3394757,+,PA3030,PAO1,3705311,3705311,-,PA3305.1,43,562,380481,37624096,7.56598088085935,1.00447171885017e-16,mRNA,sRNA,
678,5_utr_PA0485,PhrS,PAO1,547291,547293,-,PA0485_5',PAO1,3705311,3705311,-,PA3305.1,43,1,380481,37624657,4252.14465636917,1.22621824536494e-78,intergenic,sRNA,
679,betB,PhrS,PAO1,6050140,6050174,-,PA5373,PAO1,3705310,3705311,-,PA3305.1,43,210,380481,37624448,20.2481954107964,2.69944541587446e-32,mRNA,sRNA,
680,CrcZ,PA1053,PAO1,5308595,5308597,+,PA4726.11,PAO1,1141330,1141332,+,PA1053,43,131305,1288,37872546,9.62932467695879,3.0002294809479e-21,sRNA,mRNA,
681,AS_PA4008,PhrS,PAO1,4489017,4489019,-,AS_PA4008,PAO1,3705311,3705313,-,PA3305.1,43,24,380481,37624634,177.172585709492,2.16276149171698e-62,antisense,sRNA,
682,PA4637,PhrS,PAO1,5206459,5206480,-,PA4637,PAO1,3705311,3705317,-,PA3305.1,43,121,380481,37624537,35.141579294117,5.75948122060681e-41,mRNA,sRNA,
683,PA2555,PhrS,PAO1,2888958,2888958,-,PA2555,PAO1,3705311,3705311,-,PA3305.1,43,40,380481,37624618,106.303506219758,1.52025580947055e-56,mRNA,sRNA,
684,glpD,PA2562,PAO1,4016928,4016928,+,PA3584,PAO1,2896810,2896810,-,PA2562,43,362,27,38004750,167199.125230202,7.42395955494025e-190,mRNA,mRNA,
685,fhp,AS2779,PAO1,3013674,3013747,-,PA2664,PAO1,3127840,3127847,+,PA2768.1,43,12888,10511,37981740,12.0562917415416,8.72058924977935e-25,mRNA,sRNA,
686,IG_PA5217-PA5218,PhrS,PAO1,5875585,5875609,+,IG_PA5217-PA5218,PAO1,3705311,3705317,-,PA3305.1,43,14,380481,37624644,303.72451336973,1.88710550213288e-67,antisense,sRNA,
687,PA3690,PhrS,PAO1,4132575,4132919,+,PA3690,PAO1,3705311,3705312,-,PA3305.1,43,61,380481,37624597,69.7071782865355,5.18921883510234e-51,mRNA,sRNA,
688,rpsD,3_utr_PA5435,PAO1,4755765,4756035,-,PA4239,PAO1,6116448,6116478,-,PA5429.1,43,5256,3369,37996514,92.2690059965673,2.42770157724936e-61,mRNA,3-utr,
689,PA5121,PhrS,PAO1,5770620,5770761,-,PA5121,PAO1,3705310,3705311,-,PA3305.1,43,119,380481,37624539,35.7321959715785,3.19045848491438e-41,mRNA,sRNA,
690,fur,PhrS,PAO1,5352063,5352241,-,PA4764,PAO1,3705311,3705313,-,PA3305.1,43,303,380481,37624355,14.0333680722342,2.35957929175347e-26,mRNA,sRNA,
691,PA5114,PhrS,PAO1,5758508,5758797,-,PA5114,PAO1,3705310,3705311,-,PA3305.1,43,100,380481,37624558,42.5213346789984,7.1994864895137e-44,mRNA,sRNA,
692,PA2659,PhrS,PAO1,3008515,3008738,-,PA2659,PAO1,3705310,3705318,-,PA3305.1,43,101,380481,37624557,42.1003302463861,1.01642392940433e-43,mRNA,sRNA,
693,hslU,PhrS,PAO1,5693495,5693516,+,PA5054,PAO1,3705309,3705311,-,PA3305.1,43,460,380481,37624198,9.24367996208003,1.17854503285782e-19,mRNA,sRNA,
694,wbpZ,PhrS,PAO1,6136704,6137049,-,PA5447,PAO1,3705311,3705311,-,PA3305.1,43,263,380481,37624395,16.167737819318,1.22071342230463e-28,mRNA,sRNA,
695,CrcZ,PA0340,PAO1,5308895,5308899,+,PA4726.11,PAO1,382922,382971,+,PA0340,42,4032404,97,33972639,3.64789898373482,0.00019549338746685,sRNA,mRNA,
696,ccoN1,htpX,PAO1,1692792,1692794,-,PA1554,PAO1,3183908,3183909,+,PA2830,42,30,1549,38003561,34347.957004519,3.3267400047253e-158,mRNA,3-utr,
697,desB,PhrS,PAO1,5484492,5484496,-,PA4888,PAO1,3705310,3705311,-,PA3305.1,42,24,380482,37624634,173.05183819471,1.38664819724813e-60,mRNA,sRNA,
698,5'-oprD,PhrS,PAO1,1045421,1045431,-,PA0958_5',PAO1,3705310,3705311,-,PA3305.1,42,0,380482,37624658,inf,2.81121025410372e-78,5-utr,sRNA,
699,PA4352,PhrS,PAO1,4881037,4881087,-,PA4352,PAO1,3705311,3705315,-,PA3305.1,42,189,380482,37624469,21.9747402271621,1.09977452456639e-32,mRNA,sRNA,
700,5_utr_rho,PhrS,PAO1,5900220,5900228,-,PA5239_5',PAO1,3705311,3705311,-,PA3305.1,42,109,380482,37624549,38.1030709526385,4.09753614181564e-41,5-utr,sRNA,
701,ErsA,PA0716,PAO1,6183659,6183659,-,PA5492.1,PAO1,787092,787092,+,PA0716,42,14642,304,37990194,358.465047376329,2.36002166789653e-83,sRNA,mRNA,
702,OprN-3',NtrC-3',PAO1,2814617,2814618,+,PA2495.1,PAO1,5774821,5774821,+,PA5125.01,42,2047,3603,37999490,216.393869788529,3.88478689748114e-75,sRNA,sRNA,"RNA1, RNA2"
703,PA4469,PhrS,PAO1,4998045,4998050,-,PA4469,PAO1,3705310,3705311,-,PA3305.1,42,0,380482,37624658,inf,2.81121025410372e-78,mRNA,sRNA,
704,PA3069,Sr063/Spa38,PAO1,3442474,3442500,-,PA3069,PAO1,3116486,3116519,+,Sr063/Spa38,42,261,57743,37947136,105.751964362103,4.71573699872154e-61,mRNA,sRNA,
705,tRNA-Lys,3_utr_PA1441,PAO1,1060390,1060402,+,PA0976.1,PAO1,1571825,1571831,+,PA1441_3',42,63337,3158,37938645,7.96638867636105,2.95016738987449e-17,tRNA,3-utr,
706,PA4783,PhrS,PAO1,5371581,5371688,-,PA4783,PAO1,3705310,3705311,-,PA3305.1,42,130,380482,37624528,31.9479416594255,1.84174113184137e-38,mRNA,sRNA,
707,glyS,PhrS,PAO1,12428,12585,-,PA0008,PAO1,3705308,3705310,-,PA3305.1,42,196,380482,37624462,21.1899241338242,4.074638267553e-32,mRNA,sRNA,
708,wapR,Sr063/Spa38,PAO1,5618154,5618277,-,PA5000,PAO1,3116517,3116519,+,Sr063/Spa38,42,628,57103,37947409,44.443970393872,2.73769184250581e-46,mRNA,sRNA,
709,hsbR,PhrS,PAO1,3757828,3757965,-,PA3346,PAO1,3705309,3705311,-,PA3305.1,42,53,380482,37624605,78.3630361409505,2.87234358144942e-51,mRNA,sRNA,
710,gabT,PhrS,PAO1,301730,301874,+,PA0266,PAO1,3705311,3705311,-,PA3305.1,42,253,380482,37624405,16.4158847360098,4.19970178768617e-28,mRNA,sRNA,
711,tolR,PhrS,PAO1,1054845,1054939,+,PA0970,PAO1,3705311,3705312,-,PA3305.1,42,187,380482,37624471,22.209765367413,7.50083979027396e-33,mRNA,sRNA,
712,PA2604,PhrS,PAO1,2948429,2948582,+,PA2604,PAO1,3705311,3705311,-,PA3305.1,42,36,380482,37624622,115.367855334374,4.27631451595835e-56,mRNA,sRNA,
713,etfB,PrrH/F1/F2,PAO1,3311843,3311950,-,PA2952,PAO1,5284109,5284318,+,PA4704.3,42,561,24904,37979675,114.174354655567,3.69569440107954e-63,mRNA,sRNA,
714,PA2533,PhrS,PAO1,2860356,2860549,-,PA2533,PAO1,3705311,3705311,-,PA3305.1,42,234,380482,37624424,17.748807416881,2.47217145963635e-29,mRNA,sRNA,
715,PA0473,Sr118,PAO1,534170,534173,+,PA0473,PAO1,884628,884650,+,Sr118,41,0,12542,37992599,inf,5.20585429439504e-137,mRNA,sRNA,
716,rplX,AceF-3',PAO1,4762205,4762207,-,PA4252,PAO1,5640675,5640682,+,PA5016.1,41,939,9574,37994628,173.279440924602,3.66901841938862e-69,mRNA,sRNA,RNA2
717,CrcZ,PA2459,PAO1,5308901,5308912,+,PA4726.11,PAO1,2759863,2759873,-,PA2459,41,211954,101,37793086,72.3824404454656,5.29404926044544e-51,sRNA,mRNA,
718,tle1,OprN-3',PAO1,3683843,3683857,-,PA3290,PAO1,2814681,2814687,+,PA2495.1,41,8,2969,38002164,65598.2116874368,6.4556781338816e-154,mRNA,sRNA,RNA2
719,PA2914,PhrS,PAO1,3270558,3270559,+,PA2914,PAO1,3705311,3705311,-,PA3305.1,41,0,380483,37624658,inf,2.8080214703254e-76,mRNA,sRNA,
720,PA1307,PhrS,PAO1,1417925,1417931,+,PA1307,PAO1,3705309,3705311,-,PA3305.1,41,5,380483,37624653,810.869748714134,3.66466279581526e-70,mRNA,sRNA,
721,PA2822,PA1673,PAO1,3175731,3175731,-,PA2822,PAO1,1825311,1825311,+,PA1673,41,24,181,38004936,358702.204419889,5.51549041753445e-193,mRNA,mRNA,
722,5_utr_PA0179,PhrS,PAO1,204559,204560,-,PA0179_5',PAO1,3705311,3705313,-,PA3305.1,41,122,380483,37624536,33.2322634091103,5.14325816727464e-38,5-utr,sRNA,
723,wapR,PhrS,PAO1,5618151,5618152,-,PA5000,PAO1,3705311,3705311,-,PA3305.1,41,283,380483,37624375,14.3262147947361,3.1784570937449e-25,mRNA,sRNA,
724,arsR,PA2481,PAO1,2506589,2506589,+,PA2277,PAO1,2800518,2800518,-,PA2481,41,0,29,38005112,inf,6.10292899329649e-236,mRNA,mRNA,
725,ppk,PhrS,PAO1,5904317,5904373,-,PA5242,PAO1,3705311,3705317,-,PA3305.1,41,524,380483,37624134,7.73720003299141,2.53205119145037e-16,mRNA,sRNA,
726,Pant75,PhrS,PAO1,783947,783991,-,Pant75,PAO1,3705310,3705311,-,PA3305.1,41,79,380483,37624579,51.3207692341217,2.88967307581697e-44,mRNA,sRNA,
727,PA3316,AspA-3',PAO1,3719233,3719235,+,PA3316,PAO1,6110936,6110937,+,PA5429.1,41,24,42103,37963014,1540.35299741111,7.035627887189e-98,mRNA,sRNA,RNA2
728,PA3836,PA3181-3',PAO1,4297205,4297357,+,PA3836,PAO1,3570899,3570899,-,PA3180.1,41,1539,2146,38001456,471.754178861256,6.02485241864195e-87,mRNA,sRNA,RNA2
729,PA5153,OprB-3',PAO1,5801280,5801332,+,PA5153,PAO1,3575845,3575845,-,PA3185.1,41,512,21297,37983332,142.819834146241,1.89500434827628e-65,mRNA,sRNA,RNA2
730,oxyR,PhrS,PAO1,6012655,6012864,+,PA5344,PAO1,3705311,3705311,-,PA3305.1,41,108,380483,37624550,37.5401633751875,8.35930823787588e-40,mRNA,sRNA,
731,secF,PhrS,PAO1,4276545,4276779,-,PA3820,PAO1,3705310,3705311,-,PA3305.1,41,327,380483,37624331,12.3985139008207,5.30913439516419e-23,mRNA,sRNA,
732,oprL,AspA-3',PAO1,1057485,1057556,+,PA0973,PAO1,6110825,6110937,+,PA5429.1,41,1839,64323,37938979,13.1498704746775,1.01922286513984e-24,mRNA,sRNA,RNA2
733,hepA,PhrS,PAO1,3709234,3709389,+,PA3308,PAO1,3705309,3705311,-,PA3305.1,41,56,380483,37624602,72.3989865700776,6.55283474166281e-49,mRNA,sRNA,
734,hisB,PhrS,PAO1,5791336,5791492,-,PA5143,PAO1,3705311,3705311,-,PA3305.1,41,132,380483,37624526,30.7146595328314,7.58552576766676e-37,mRNA,sRNA,
735,Pant363,PhrS,PAO1,4406515,4406978,+,Pant363,PAO1,3705310,3705313,-,PA3305.1,41,25,380483,37624633,162.17386353661,2.30449861420141e-58,sRNA,sRNA,
736,PA4130,PhrS,PAO1,4618321,4618676,-,PA4130,PAO1,3705311,3705311,-,PA3305.1,41,189,380483,37624469,21.4514757467767,1.99951825672812e-31,mRNA,sRNA,
737,fliC,oprL,PAO1,1183456,1183752,+,PA1092,PAO1,1057368,1057540,+,PA0973,41,5385,1844,37997912,156.890614847622,1.4582085527997e-67,mRNA,mRNA,
738,PA5154,PhrS,PAO1,5802126,5802288,+,PA5154,PAO1,3705311,3705311,-,PA3305.1,41,103,380483,37624555,39.362506634069,1.71132886272109e-40,mRNA,sRNA,
739,tolB,PhrS,PAO1,1056130,1056584,+,PA0972,PAO1,3705309,3705311,-,PA3305.1,41,315,380483,37624343,12.8708423449576,1.13138183302873e-23,mRNA,sRNA,
740,PA0954,PhrS,PAO1,1040451,1040895,+,PA0954,PAO1,3705310,3705311,-,PA3305.1,41,446,380483,37624212,9.09036148518753,2.88727061232235e-18,mRNA,sRNA,
741,estA,Pant445/Spa93,PAO1,5756266,5756267,-,PA5112,PAO1,5372504,5372504,-,Pant445/Spa93,40,282,15824,37989036,340.528042510165,3.04508284816512e-78,mRNA,sRNA,
742,htpX,PhrS,PAO1,3183704,3183704,+,PA2830,PAO1,3705317,3705317,-,PA3305.1,40,422,380484,37624236,9.37300463052023,3.71873675311877e-18,mRNA,sRNA,
743,rpsS,PhrS,PAO1,4764716,4764772,-,PA4259,PAO1,3705310,3705310,-,PA3305.1,40,449,380484,37624209,8.80936551356262,3.05620387059897e-17,mRNA,sRNA,
744,PA2567,PhrS,PAO1,2902552,2902555,+,PA2567,PAO1,3705311,3705314,-,PA3305.1,40,28,380484,37624630,141.266049107377,2.12438129017896e-55,mRNA,sRNA,
745,RsmZ,PhrS,PAO1,4057581,4057582,-,PA3621.1,PAO1,3705310,3705311,-,PA3305.1,40,1027,380484,37623631,3.85135769316397,9.53222751028172e-06,sRNA,sRNA,
746,PA3340,ReaL,PAO1,3751713,3751742,-,PA3340,PAO1,3958148,3958148,+,PA3535.1,40,4526,22839,37977777,14.6959578352237,2.30448590441418e-26,mRNA,sRNA,
747,pauR,PaiI,PAO1,5970558,5970559,-,PA5301,PAO1,4326641,4326641,+,PA3865.2,40,2281,359,38002502,1856.31830832149,8.98232388595819e-108,mRNA,sRNA,
748,tRNA-Met,Sr063/Spa38,PAO1,1007769,1007795,-,PA0922.1,PAO1,3116517,3116519,+,Sr063/Spa38,40,5219,57105,37942818,5.0924660369637,1.12186493600927e-09,tRNA,sRNA,
749,AS_lldA,PA2378,PAO1,2633856,2633856,+,AS_PA2382,PAO1,2630910,2630910,-,PA2378,40,19,1,38005122,80010783.1578947,8.00252618774774e-233,antisense,mRNA,
750,dadA,PhrS,PAO1,5972926,5972981,-,PA5304,PAO1,3705310,3705318,-,PA3305.1,40,118,380484,37624540,33.5206772319787,4.27280320399296e-37,mRNA,sRNA,
751,NtrC-3',OprN-3',PAO1,5774761,5774762,+,PA5125.01,PAO1,2814687,2814687,+,PA2495.1,40,3007,2970,37999165,170.193969402482,3.12727420860785e-67,sRNA,sRNA,RNA2
752,rplS,PhrS,PAO1,4195110,4195129,-,PA3742,PAO1,3705310,3705311,-,PA3305.1,40,620,380484,37624038,6.37965667497866,1.43427650864572e-12,mRNA,sRNA,
753,lolA,clpA,PAO1,2956282,2956282,-,PA2614,PAO1,2963856,2963856,-,PA2620,40,41,107,38004994,346523.765671301,5.12016392804468e-190,mRNA,mRNA,
754,Sr063/Spa38,pagL,PAO1,3116446,3116448,+,Sr063/Spa38,PAO1,5229992,5230008,-,PA4661,40,52806,536,37951800,53.6345089686212,5.4339398335947e-47,sRNA,5-utr,
755,AS_PA4503,PhrS,PAO1,5042342,5042447,-,AS_PA4503,PAO1,3705311,3705311,-,PA3305.1,40,49,380484,37624609,80.7234115773915,5.76776324659438e-49,antisense,sRNA,
756,PA4094,PhrS,PAO1,4576824,4576909,-,PA4094,PAO1,3705310,3705315,-,PA3305.1,40,161,380484,37624497,24.567921694506,8.87670735055961e-33,mRNA,sRNA,
757,PA2483,PhrS,PAO1,2802011,2802247,-,PA2483,PAO1,3705311,3705311,-,PA3305.1,40,166,380484,37624492,23.8279208865613,4.19535299024343e-32,mRNA,sRNA,
758,PA1227,PhrS,PAO1,1329847,1329943,+,PA1227,PAO1,3705311,3705311,-,PA3305.1,40,54,380484,37624604,73.2490118823315,9.5316869498831e-48,mRNA,sRNA,
759,rpoB,PhrS,PAO1,4780013,4780361,-,PA4270,PAO1,3705311,3705312,-,PA3305.1,40,690,380484,37623968,5.73243446295481,4.28499784726687e-11,mRNA,sRNA,
760,nadB,PhrS,PAO1,830112,830552,-,PA0761,PAO1,3705308,3705311,-,PA3305.1,40,110,380484,37624548,35.9585523127958,4.20236076548107e-38,mRNA,sRNA,
761,5_utr_algZ,PhrS,PAO1,5924424,5924433,-,PA5262_5',PAO1,3705311,3705312,-,PA3305.1,39,36,380485,37624622,107.126449575322,6.43514623893043e-51,5-utr,sRNA,
762,lldP,PhrS,PAO1,5355360,5355360,+,PA4770,PAO1,3705311,3705311,-,PA3305.1,39,2,380485,37624656,1928.27783486865,2.25270874650004e-69,mRNA,sRNA,
763,AS_PA0138,PhrS,PAO1,158039,158045,-,AS_PA0138,PAO1,3705310,3705311,-,PA3305.1,39,30,380485,37624628,128.551759990538,6.60212402352227e-53,antisense,sRNA,
764,arcC,PhrS,PAO1,5824825,5824852,+,PA5173,PAO1,3705311,3705311,-,PA3305.1,39,983,380485,37623675,3.92314864343443,1.03476264292768e-05,mRNA,sRNA,
765,PA4621,PhrS,PAO1,5180834,5180845,-,PA4621,PAO1,3705311,3705311,-,PA3305.1,39,33,380485,37624625,116.865227036784,7.00760114770243e-52,mRNA,sRNA,
766,oprI,PA3449.1,PAO1,3206913,3206929,+,PA2853,PAO1,3855364,3855372,-,PA3449.1,39,15954,3852,37985337,24.1059762647049,4.80592552596751e-33,mRNA,sRNA,RNA2
767,fusA1,PhrS,PAO1,4770729,4770794,-,PA4266,PAO1,3705312,3705315,-,PA3305.1,39,816,380485,37623842,4.72606891436548,4.32661072286298e-08,mRNA,sRNA,
768,PA3187,tRNA-Cys,PAO1,3577984,3577984,-,PA3187,PAO1,2918681,2918681,-,PA2581.1,39,18,8943,37996182,9205.53069439785,2.81222230352149e-121,mRNA,tRNA,
769,maiA,PA3133.01,PAO1,2195504,2195504,-,PA2007,PAO1,3514662,3514662,-,PA3133.01,39,216,213649,37791278,31.9375480083896,2.35817235978138e-36,mRNA,sRNA,RNA2
770,RsmY,PhrS,PAO1,586867,586932,+,PA0527.1,PAO1,3705311,3705315,-,PA3305.1,39,597,380485,37624061,6.45979008674659,2.61842266710544e-12,sRNA,sRNA,
771,Pant257,PhrS,PAO1,3115700,3115709,-,Pant257,PAO1,3705310,3705317,-,PA3305.1,39,37,380485,37624621,104.23113735705,1.30891420131555e-50,sRNA,sRNA,
772,PA2459,Sr063/Spa38,PAO1,2759928,2760103,-,PA2459,PAO1,3116512,3116519,+,Sr063/Spa38,39,224,57106,37947813,115.696867213727,9.28604395185158e-58,mRNA,sRNA,
773,AS_PA4489,PhrS,PAO1,5024085,5024142,+,AS_PA4489,PAO1,3705311,3705311,-,PA3305.1,39,72,380485,37624586,53.5631735372835,1.95171688409415e-42,antisense,sRNA,
774,pilQ,PhrS,PAO1,5677120,5677206,-,PA5040,PAO1,3705311,3705311,-,PA3305.1,39,392,380485,37624266,9.83805024092505,2.22738629036459e-18,mRNA,sRNA,
775,nudC,PhrS,PAO1,1983402,1983589,+,PA1823,PAO1,3705311,3705315,-,PA3305.1,39,63,380485,37624595,61.2150701141462,3.59074482375241e-44,mRNA,sRNA,
776,gntR,PhrS,PAO1,2559450,2559536,-,PA2320,PAO1,3705310,3705314,-,PA3305.1,39,129,380485,37624529,29.8956794739639,1.96879488331273e-34,mRNA,sRNA,
777,PA5545,PhrS,PAO1,6239288,6239455,-,PA5545,PAO1,3705311,3705312,-,PA3305.1,39,161,380485,37624497,23.9536606963799,2.94384706691815e-31,mRNA,sRNA,
778,PA3967,PhrS,PAO1,4446012,4446110,+,PA3967,PAO1,3705311,3705311,-,PA3305.1,39,16,380485,37624642,241.03463967042,4.27445943695418e-59,mRNA,sRNA,
779,AS_PA3189,PhrS,PAO1,3580000,3580011,+,AS_PA3189,PAO1,3705311,3705311,-,PA3305.1,39,22,380485,37624636,175.297891805554,4.99861534334237e-56,antisense,sRNA,
780,PA3341,PhrS,PAO1,3752086,3752360,-,PA3341,PAO1,3705311,3705312,-,PA3305.1,39,403,380485,37624255,9.56951505442756,2.33054726650442e-18,mRNA,sRNA,
781,PA3240,PrrH/F1/F2,PAO1,3627915,3627915,+,PA3240,PAO1,5284103,5284103,+,PA4704.3,38,8,14965,37990171,12058.3569829602,3.03945678582449e-115,mRNA,sRNA,
782,5_utr_PA4130,ftsH,PAO1,4619319,4619319,-,PA4130_5',PAO1,5337171,5337171,-,PA4751,38,302,193,38004649,24777.41931167,2.26417473623347e-143,5-utr,mRNA,
783,PA1679,PhrS,PAO1,1829703,1829738,-,PA1679,PAO1,3705310,3705311,-,PA3305.1,38,10,380486,37624648,375.765895197195,1.65946918962732e-60,mRNA,sRNA,
784,PA5279,PA3133.01,PAO1,5943851,5943851,+,PA5279,PAO1,3514663,3514663,-,PA3133.01,38,101,213650,37791393,66.5506384319686,9.39016740663123e-46,mRNA,sRNA,RNA2
785,narG,PA4018,PAO1,4339146,4339146,-,PA3875,PAO1,4497763,4497763,-,PA4018,38,178,4,38004962,2028354.71348314,4.44814009372067e-190,mRNA,mRNA,
786,wbpG,PhrS,PAO1,3534013,3534023,-,PA3150,PAO1,3705310,3705311,-,PA3305.1,38,260,380486,37624398,14.4524383996338,3.73486536459632e-23,mRNA,sRNA,
787,AS_PA4972,PhrS,PAO1,5581538,5581586,-,AS_PA4972,PAO1,3705311,3705311,-,PA3305.1,38,17,380486,37624641,221.038720756827,1.61673038824433e-56,antisense,sRNA,
788,PA1115,PhrS,PAO1,1210007,1210034,-,PA1115,PAO1,3705311,3705312,-,PA3305.1,38,171,380486,37624487,21.9745197224368,4.06824114712497e-29,mRNA,sRNA,
789,PA4772,PA3449.1,PAO1,5360343,5360351,+,PA4772,PAO1,3855364,3855368,-,PA3449.1,38,181,3853,38001110,2070.62901405663,2.92494961429375e-103,mRNA,sRNA,RNA2
790,5_utr_PA0267,PhrS,PAO1,302730,302736,+,PA0267_5',PAO1,3705310,3705311,-,PA3305.1,38,96,380486,37624562,39.1421912808005,4.19713476558027e-37,5-utr,sRNA,
791,PA0276,PhrS,PAO1,310872,310906,+,PA0276,PAO1,3705310,3705318,-,PA3305.1,38,48,380486,37624610,78.2844824338696,6.52336501285452e-46,mRNA,sRNA,
792,pauA5,PhrS,PAO1,3766798,3767008,-,PA3356,PAO1,3705310,3705311,-,PA3305.1,38,105,380486,37624553,35.7871377533945,6.81565565818406e-36,mRNA,sRNA,
793,PA0476,PhrS,PAO1,537181,537226,-,PA0476,PAO1,3705310,3705314,-,PA3305.1,38,21,380486,37624637,178.936088256047,1.1821655430474e-54,mRNA,sRNA,
794,rpoA,PhrS,PAO1,4755174,4755226,-,PA4238,PAO1,3705310,3705311,-,PA3305.1,38,857,380486,37623801,4.38456751477296,8.22138431853726e-07,mRNA,sRNA,
795,dnpA,PhrS,PAO1,5620239,5620588,-,PA5002,PAO1,3705311,3705313,-,PA3305.1,38,331,380486,37624327,11.3523471086819,1.02542670675338e-19,mRNA,sRNA,
796,5_utr_PA0876,Sr063/Spa38,PAO1,958193,958222,+,PA0876_5',PAO1,3116513,3116518,+,Sr063/Spa38,38,619,57107,37947418,40.7930176023904,4.30951209517235e-40,5-utr,sRNA,
797,shaD,PhrS,PAO1,1146695,1146784,+,PA1057,PAO1,3705310,3705318,-,PA3305.1,38,39,380486,37624619,96.3501552737477,2.07875951505162e-48,mRNA,sRNA,
798,RhlS/SPA104,Sr063/Spa38,PAO1,3889844,3889844,-,PA3476.1,PAO1,3116518,3116519,+,Sr063/Spa38,37,2079,57108,37945958,11.8253990658207,2.65137669926229e-20,sRNA,sRNA,
799,5_utr_argF,AspA-3',PAO1,3958931,3958932,+,PA3537_5',PAO1,6110937,6110937,+,PA5429.1,37,42,42107,37962996,794.252540296998,5.33254486182516e-81,5-utr,sRNA,RNA2
800,PA4780,PA5121,PAO1,5368744,5368744,-,PA4780,PAO1,5769961,5769961,-,PA5121,37,29,9,38005107,5387697.16091954,6.37446725779998e-204,mRNA,mRNA,
801,tufA,PhrS,PAO1,4767897,4767897,-,PA4265,PAO1,3705311,3705311,-,PA3305.1,37,500,380487,37624158,7.31743184918275,4.38809166780196e-13,mRNA,sRNA,
802,cbrB,PhrS,PAO1,5307812,5307868,+,PA4726,PAO1,3705311,3705316,-,PA3305.1,37,62,380487,37624596,59.0122341511901,3.2815458357602e-41,mRNA,sRNA,
803,CrcZ,phhC,PAO1,5308919,5308925,+,PA4726.11,PAO1,950917,950918,-,PA0870,37,211958,1364,37791823,4.83654666866857,7.95794328235558e-08,sRNA,3-utr,
804,spuI,PhrS,PAO1,334463,334500,-,PA0296,PAO1,3705310,3705311,-,PA3305.1,37,3,380487,37624655,1219.58808491923,2.6817095265466e-64,mRNA,sRNA,
805,5_utr_gbt,AspA-3',PAO1,3460046,3460057,-,PA3082_5',PAO1,6110937,6110937,+,PA5429.1,37,624,42107,37962414,53.4584860273552,3.56298701715532e-43,5-utr,sRNA,RNA2
806,PA3157,CrcZ,PAO1,3541076,3541083,-,PA3157,PAO1,5308673,5308673,+,PA4726.11,37,139,1361009,36643997,7.16685743798912,9.17181478307291e-12,mRNA,sRNA,
807,tpiA,CrcZ,PAO1,5333249,5333273,-,PA4748,PAO1,5308650,5308651,+,PA4726.11,37,60,1361009,36644076,16.6032555258635,8.43829140723202e-22,mRNA,sRNA,
808,aroC,PhrS,PAO1,1831504,1831540,+,PA1681,PAO1,3705310,3705312,-,PA3305.1,37,32,380487,37624626,114.336294833989,9.65369607934129e-49,mRNA,sRNA,
809,IG_lrp-PA5309,PhrS,PAO1,5977666,5977677,-,IG_PA5308-PA5309,PAO1,3705312,3705316,-,PA3305.1,37,22,380487,37624636,166.307382142072,2.01999548050636e-52,intergenic,sRNA,
810,AS_PA0260,PhrS,PAO1,291936,291953,+,AS_PA0260,PAO1,3705310,3705311,-,PA3305.1,37,25,380487,37624633,146.350484615768,3.22539784163505e-51,antisense,sRNA,
811,5_utr_fpvR,PhrS,PAO1,2640798,2640949,+,PA2388_5',PAO1,3705310,3705312,-,PA3305.1,37,0,380487,37624658,inf,2.79522981996656e-68,5-utr,sRNA,
812,ntrC,PhrS,PAO1,5774157,5774215,+,PA5125,PAO1,3705310,3705311,-,PA3305.1,37,36,380487,37624622,101.63225126979,1.71525560925623e-47,mRNA,sRNA,
813,PA4011,PhrS,PAO1,4492197,4492377,+,PA4011,PAO1,3705311,3705311,-,PA3305.1,37,327,380487,37624331,11.18878516137,7.1833312649704e-19,mRNA,sRNA,
814,fdnG,PhrS,PAO1,5400571,5400668,-,PA4812,PAO1,3705310,3705311,-,PA3305.1,37,169,380487,37624489,21.6493971141282,3.0558633760102e-28,mRNA,sRNA,
815,sodB,PhrS,PAO1,4893691,4893710,+,PA4366,PAO1,3705311,3705318,-,PA3305.1,37,281,380487,37624377,13.0204171565216,5.71116407340242e-21,mRNA,sRNA,
816,PA3860,PhrS,PAO1,4320598,4320818,-,PA3860,PAO1,3705311,3705319,-,PA3305.1,37,143,380487,37624515,25.5856688155689,2.60999375214125e-30,mRNA,sRNA,
817,PA4577,PhrS,PAO1,5125639,5125699,-,PA4577,PAO1,3705311,3705446,-,PA3305.1,37,126,383313,37621706,28.8214692050538,6.51056365485901e-32,mRNA,sRNA,
818,PA3798,PhrS,PAO1,4256960,4257027,-,PA3798,PAO1,3705311,3705313,-,PA3305.1,37,2,380487,37624656,1829.38217600075,2.03108069392025e-65,mRNA,sRNA,
819,erbR,PhrS,PAO1,2163957,2164242,-,PA1978,PAO1,3705310,3705311,-,PA3305.1,37,4,380487,37624654,914.69103937848,2.17756629060559e-63,mRNA,sRNA,
820,IG_ppgL-mexG,PhrS,PAO1,4705649,4705817,-,IG_PA4204-PA4205,PAO1,3705311,3705314,-,PA3305.1,37,5,380487,37624653,731.752812054025,2.26415685609159e-62,intergenic,sRNA,
821,PA5506,PA3449.1,PAO1,6198055,6198120,+,PA5506,PAO1,3855363,3855372,-,PA3449.1,37,1504,3854,37999787,242.562321096346,1.93645495626244e-67,mRNA,sRNA,RNA2
822,PA4900,PhrS,PAO1,5498646,5499064,-,PA4900,PAO1,3705311,3705311,-,PA3305.1,37,98,380487,37624560,37.3342348632362,2.22004797885318e-35,mRNA,sRNA,
823,5_utr_PA3594,PhrS,PAO1,4028593,4028612,+,PA3594_5',PAO1,3705311,3705311,-,PA3305.1,37,16,380487,37624642,228.672686911773,3.54748314171354e-55,5-utr,sRNA,
824,PA3800,PhrS,PAO1,4259999,4260042,-,PA3800,PAO1,3705312,3705312,-,PA3305.1,37,479,380487,37624179,7.63824210169328,1.16755684791354e-13,mRNA,sRNA,
825,coaE,PhrS,PAO1,5073942,5074353,+,PA4529,PAO1,3705310,3705314,-,PA3305.1,37,185,380487,37624473,19.7770084129024,9.02407112357043e-27,mRNA,sRNA,
826,PA4279,PhrS,PAO1,4787249,4787305,-,PA4279,PAO1,3705311,3705313,-,PA3305.1,37,203,380487,37624455,18.0233734285646,1.74227026740327e-25,mRNA,sRNA,
827,exsA 5',Sr0161,PAO1,1857037,1857206,+,PA1713,PAO1,184457,184457,+,PA0161,37,225,3154,38001766,1981.35044317621,4.99715478452953e-100,intergenic,sRNA,
828,AS2779,PA3133.01,PAO1,3127793,3127793,+,PA2768.1,PAO1,3514666,3514702,-,PA3133.01,37,979,213923,37790243,6.67638290441554,4.90105946587339e-12,sRNA,sRNA,RNA2
829,clpX,PhrS,PAO1,1955101,1955296,+,PA1802,PAO1,3705311,3705312,-,PA3305.1,37,911,380487,37623747,4.01610972271289,1.01382944694348e-05,mRNA,sRNA,
830,xdhA,PhrS,PAO1,1658972,1659213,-,PA1524,PAO1,3705311,3705311,-,PA3305.1,37,170,380487,37624488,21.5220471473169,6.14122423331672e-28,mRNA,sRNA,
831,PA5230,PhrS,PAO1,5886635,5886638,-,PA5230,PAO1,3705311,3705312,-,PA3305.1,36,75,380488,37624583,47.4648342129055,2.56012758180333e-37,mRNA,sRNA,
832,phaF,PA0246,PAO1,5701597,5701597,-,PA5060,PAO1,278859,278859,-,PA0246,36,1093,4,38004049,312933.614821591,1.46484623021042e-152,mRNA,mRNA,
833,AS_tli5b1,PhrS,PAO1,5725226,5725262,+,AS_PA5086,PAO1,3705309,3705312,-,PA3305.1,36,0,380488,37624658,inf,2.79202255086102e-66,antisense,sRNA,
834,pyrG,PhrS,PAO1,4071754,4071755,-,PA3637,PAO1,3705311,3705314,-,PA3305.1,36,49,380488,37624609,72.6503066523806,2.15184655836141e-42,mRNA,sRNA,
835,AS_tli5b2,PhrS,PAO1,5726134,5726137,+,AS_PA5087,PAO1,3705309,3705311,-,PA3305.1,36,26,380488,37624632,136.917969312284,4.54088980585972e-49,antisense,sRNA,
836,AS_dnaJ,narJ,PAO1,5346516,5346516,+,AS_PA4760,PAO1,4336508,4336508,-,PA3873,36,0,136,38005010,inf,2.08364187434819e-188,antisense,mRNA,
837,3_utr_PA2582,PhrS,PAO1,2918898,2918898,-,PA2582_3',PAO1,3705310,3705311,-,PA3305.1,36,82,380488,37624576,43.412950044641,3.31535954888177e-36,3-utr,sRNA,
838,Spa121,AceF-3',PAO1,6171844,6171850,-,Spa121,PAO1,5640680,5640683,+,PA5016.1,36,12238,9579,37983329,11.664467137241,1.65567473293296e-19,sRNA,sRNA,RNA2
839,5_utr_PA0876,Sr90,PAO1,958110,958111,+,PA0876_5',PAO1,2031855,2031855,+,Sr90,36,171,675,38004300,11853.1929824561,1.68794942027901e-124,5-utr,sRNA,
840,PA4130,PA5005,PAO1,4619194,4619194,-,PA4130,PAO1,5623586,5623586,-,PA5005,36,208,121,38004817,54361.6263509218,8.1124523967376e-147,mRNA,mRNA,
841,PA4671,PhrS,PAO1,5239507,5239514,+,PA4671,PAO1,3705311,3705317,-,PA3305.1,36,934,380488,37623724,3.81132900577538,0.000144137983756132,mRNA,sRNA,
842,murA,PhrS,PAO1,4984707,4984709,-,PA4450,PAO1,3705310,3705310,-,PA3305.1,36,58,380488,37624600,61.3769685246315,1.96821159809447e-40,mRNA,sRNA,
843,tRNA-Lys,PA3181-3',PAO1,1060390,1060390,+,PA0976.1,PAO1,3570901,3570903,-,PA3180.1,36,60340,1301,37943505,17.4003243724964,3.55091645250507e-25,tRNA,sRNA,RNA2
844,pntAB,PhrS,PAO1,225330,225572,+,PA0195.1,PAO1,3705311,3705313,-,PA3305.1,36,19,380488,37624639,187.361466548775,6.50433823284378e-52,mRNA,sRNA,
845,PA0747,AceF-3',PAO1,815741,815900,-,PA0747,PAO1,5640680,5640682,+,PA5016.1,36,33,9579,37995534,4327.13993679355,4.27699213939556e-104,mRNA,sRNA,RNA2
846,5_utr_PA0179,PrrH/F1/F2,PAO1,204523,204531,-,PA0179_5',PAO1,5284103,5284312,+,PA4704.3,36,127,24910,37980109,432.196513432609,1.1252766362322e-72,5-utr,sRNA,
847,ptrC,PhrS,PAO1,2803831,2804028,+,PA2486,PAO1,3705308,3705311,-,PA3305.1,36,318,380488,37624340,11.1944640705699,3.08423858382455e-18,mRNA,sRNA,
848,PA4772,PhrS,PAO1,5360266,5360345,+,PA4772,PAO1,3705311,3705316,-,PA3305.1,36,346,380488,37624312,10.2885460266237,4.17999390352312e-17,mRNA,sRNA,
849,gcbA,PhrS,PAO1,5437154,5437248,+,PA4843,PAO1,3705310,3705314,-,PA3305.1,36,127,380488,37624531,28.0303751651215,1.4413553233048e-30,mRNA,sRNA,
850,rplT,Spa121,PAO1,3103774,3104183,-,PA2741,PAO1,6171810,6171811,-,Spa121,36,12047,2343,37990756,48.4539556816893,1.09341793027616e-40,mRNA,mRNA,
851,fiuI,PhrS,PAO1,533977,534068,-,PA0472,PAO1,3705311,3705311,-,PA3305.1,36,0,380488,37624658,inf,2.79202255086102e-66,mRNA,sRNA,
852,PA0429,PhrS,PAO1,480358,480406,-,PA0429,PAO1,3705310,3705310,-,PA3305.1,36,85,380488,37624573,41.8807249389947,9.3869016070106e-36,mRNA,sRNA,
853,PA1677,PhrS,PAO1,1827205,1827521,-,PA1677,PAO1,3705311,3705311,-,PA3305.1,36,179,380488,37624479,19.8874453964969,5.41579376337561e-26,mRNA,sRNA,
854,PA1627,PhrS,PAO1,1770317,1770442,-,PA1627,PAO1,3705311,3705311,-,PA3305.1,36,5,380488,37624653,711.973837808288,1.99239744670083e-60,mRNA,sRNA,
855,PA4966,PhrS,PAO1,5575024,5575368,-,PA4966,PAO1,3705315,3705318,-,PA3305.1,36,308,380488,37624350,11.5579237681643,1.14663174009224e-18,mRNA,sRNA,
856,holA,PhrS,PAO1,4471035,4471306,+,PA3989,PAO1,3705311,3705311,-,PA3305.1,36,163,380488,37624495,21.8395965633026,2.99732345331684e-27,mRNA,sRNA,
857,wbpG,wbpH,PAO1,3534105,3534152,-,PA3150,PAO1,3533002,3533002,-,PA3149,35,199,465,38004483,14374.6355973415,6.48465371444974e-124,mRNA,mRNA,
858,AS_pchP,PhrS,PAO1,5957455,5957455,+,AS_PA5292,PAO1,3705311,3705311,-,PA3305.1,35,28,380489,37624630,123.60616864088,1.33461013897473e-46,antisense,sRNA,
859,PA1115,prpC,PAO1,1208805,1208805,-,PA1115,PAO1,873781,873781,-,PA0795,35,18,102,38005027,724496.702069716,4.57319223963506e-173,mRNA,mRNA,
860,truB,oprD,PAO1,5326493,5326493,-,PA4742,PAO1,1044332,1044332,-,PA0958,35,102,52,38004993,250787.095588235,1.7896577072229e-162,mRNA,mRNA,
861,CrcZ,PA3140,PAO1,5308912,5308919,+,PA4726.11,PAO1,3524127,3524130,-,PA3140,35,211960,1,37793186,6240.61856010568,1.27892582761558e-71,sRNA,mRNA,
862,sucA,PhrS,PAO1,1725733,1725736,+,PA1585,PAO1,3705311,3705311,-,PA3305.1,35,175,380489,37624483,19.7769097135528,4.59153030150321e-25,mRNA,sRNA,
863,PA5108,PhrS,PAO1,5751801,5751887,-,PA5108,PAO1,3705310,3705313,-,PA3305.1,35,1,380489,37624657,3460.9752055907,9.94200126445755e-63,mRNA,sRNA,
864,CrcZ,5_utr_PA2760,PAO1,5308814,5308814,+,PA4726.11,PAO1,3119890,3119890,+,PA2760_5',35,4032411,15,33972721,19.6581356248986,9.35723092609328e-17,sRNA,5-utr,
865,PA5178,PhrS,PAO1,5830772,5830772,-,PA5178,PAO1,3705309,3705309,-,PA3305.1,35,120,380489,37624538,28.841368826256,5.97779082387048e-30,mRNA,sRNA,
866,rbfA,carB,PAO1,5327241,5327241,-,PA4743,PAO1,5341095,5341095,-,PA4756,35,59,189,38004899,119287.190834902,1.13123706570096e-152,mRNA,mRNA,
867,lpdG,PhrS,PAO1,1729499,1729499,+,PA1587,PAO1,3705310,3705310,-,PA3305.1,35,528,380489,37624130,6.55478547064276,9.82607992459301e-11,mRNA,sRNA,
868,putA,psrA,PAO1,852927,852927,+,PA0782,PAO1,3367249,3367249,-,PA3006,35,134,105,38004908,94539.5721393034,3.50187471927995e-150,mRNA,mRNA,
869,CrcZ,ftsJ,PAO1,5308906,5308906,+,PA4726.11,PAO1,5338080,5338080,-,PA4752,35,211960,24,37793163,260.02561509247,6.78144369985189e-57,sRNA,mRNA,
870,tagS1,PhrS,PAO1,85215,85219,-,PA0072,PAO1,3705311,3705311,-,PA3305.1,35,35,380489,37624623,98.8849165153263,2.22178816144059e-44,mRNA,sRNA,
871,tle3,PhrS,PAO1,291329,291362,-,PA0260,PAO1,3705310,3705312,-,PA3305.1,35,228,380489,37624430,15.179624230555,1.35968672303238e-21,mRNA,sRNA,
872,PA1289,PhrS,PAO1,1401226,1401270,-,PA1289,PAO1,3705311,3705311,-,PA3305.1,35,43,380489,37624615,80.4877056311929,3.32216575828636e-42,mRNA,sRNA,
873,PA3091,PhrS,PAO1,3470340,3470438,-,PA3091,PAO1,3705311,3705313,-,PA3305.1,35,13,380489,37624645,266.228777057539,4.73800129752443e-53,mRNA,sRNA,
874,PA4682,PhrS,PAO1,5251432,5251660,-,PA4682,PAO1,3705310,3705310,-,PA3305.1,35,26,380489,37624632,133.114342535324,2.63413475102601e-47,mRNA,sRNA,
875,purT,PhrS,PAO1,4204353,4204432,-,PA3751,PAO1,3705310,3705315,-,PA3305.1,35,137,380489,37624521,25.2625014260845,3.01129973439359e-28,mRNA,sRNA,
876,rubB,PhrS,PAO1,6018777,6019079,-,PA5349,PAO1,3705311,3705318,-,PA3305.1,35,147,380489,37624511,23.5439576564944,2.45737387972334e-27,mRNA,sRNA,
877,rpmG,PhrS,PAO1,5985747,5985809,-,PA5315,PAO1,3705310,3705315,-,PA3305.1,35,603,380489,37624055,5.7395022047804,1.42993161431753e-09,mRNA,sRNA,
878,algP,PhrS,PAO1,5915808,5915969,-,PA5253,PAO1,3705310,3705311,-,PA3305.1,35,774,380489,37623884,4.47145232522519,2.43634947802424e-06,mRNA,sRNA,
879,acsA,PhrS,PAO1,970397,970796,+,PA0887,PAO1,3705310,3705311,-,PA3305.1,35,248,380489,37624410,13.9554535678577,1.73233598328151e-20,mRNA,sRNA,
880,lptA,PhrS,PAO1,7578,7718,-,PA0005,PAO1,3705310,3705317,-,PA3305.1,35,139,380489,37624519,24.8990108733798,4.63413664068073e-28,mRNA,sRNA,
881,PA4308,PhrS,PAO1,4834743,4835140,-,PA4308,PAO1,3705310,3705311,-,PA3305.1,35,94,380489,37624564,36.8187941575519,4.92497084586924e-33,mRNA,sRNA,
882,PA0968,PhrS,PAO1,1053390,1053767,+,PA0968,PAO1,3705310,3705311,-,PA3305.1,35,731,380489,37623927,4.73448434358494,8.1533484409962e-07,mRNA,sRNA,
883,PA0708.1,PhrS,PAO1,782098,782102,-,PA0708.1,PAO1,3705311,3705311,-,PA3305.1,35,38,380489,37624620,91.0782053177828,1.59070043881979e-43,mRNA,sRNA,
884,5_utr_PA4578,PhrS,PAO1,5126099,5126165,+,PA4578_5',PAO1,3705309,3705311,-,PA3305.1,35,528,380489,37624130,6.55478547064276,7.86086393967441e-11,5-utr,sRNA,
885,norB,PhrS,PAO1,583152,583153,+,PA0524,PAO1,3705311,3705312,-,PA3305.1,34,898,380490,37623760,3.74387662468528,0.0007500479250761,mRNA,sRNA,
886,PA5348,AspA-3',PAO1,6017248,6017251,-,PA5348,PAO1,6110937,6110937,+,PA5429.1,34,564,42110,37962474,54.3461870380007,1.60880833444859e-39,mRNA,sRNA,RNA2
887,CrcZ,AS_PA4948,PAO1,5308919,5308919,+,PA4726.11,PAO1,5553363,5553363,+,AS_PA4948,34,211961,12,37793175,505.190400592561,2.33478818871739e-60,sRNA,antisense,
888,chpA,PhrS,PAO1,457809,457854,+,PA0413,PAO1,3705311,3705314,-,PA3305.1,34,173,380490,37624485,19.4339074789019,3.2805566930215e-24,mRNA,sRNA,
889,AS_PA4365,PhrS,PAO1,4893078,4893082,-,AS_PA4365,PAO1,3705310,3705311,-,PA3305.1,34,10,380490,37624648,336.208055927882,6.26826868409384e-53,antisense,sRNA,
890,moaA2,ccoN2,PAO1,1634900,1634900,+,PA1505,PAO1,1696252,1696252,-,PA1557,34,22,38,38005088,1545661.47368421,1.2941139352554e-177,mRNA,mRNA,
891,oprG,Pant445/Spa93,PAO1,4545304,4545310,+,PA4067,PAO1,5372504,5372511,-,Pant445/Spa93,34,53,15830,37989265,1539.51180586181,5.30454753644871e-85,mRNA,sRNA,
892,AS_ccoQ1,PhrS,PAO1,1690534,1690566,+,AS_PA1552,PAO1,3705311,3705314,-,PA3305.1,34,23,380490,37624635,146.177365113863,1.18138196640853e-46,antisense,sRNA,
893,recJ,recQ,PAO1,4171641,4171641,-,PA3725,PAO1,3756508,3756508,-,PA3344,34,26,0,38005122,inf,1.06444864096882e-196,mRNA,mRNA,
894,AS_PhrD,PA0806.1,PAO1,785533,785533,-,AS_PA0714.1,PAO1,884181,884181,-,PA0806.1,34,824,1311,38003013,1196.09877030059,7.50134472616713e-85,antisense,sRNA,RNA2
895,oprC,PA5435,PAO1,4247940,4247940,-,PA3790,PAO1,6117407,6117407,-,PA5435,34,88,439,38004621,33447.8441188651,2.4310078935448e-131,mRNA,mRNA,
896,AS_PA2172,AspA-3',PAO1,2394818,2394818,-,AS_PA2172,PAO1,6110825,6110825,+,PA5429.1,34,0,22186,37982962,inf,3.09667999301142e-104,antisense,sRNA,RNA2
897,PA1369,PhrS,PAO1,1483653,1483698,+,PA1369,PAO1,3705308,3705311,-,PA3305.1,34,74,380490,37624584,45.433443788344,1.83362009816004e-34,mRNA,sRNA,
898,5_utr_PA5024,PhrS,PAO1,5654510,5654515,+,PA5024_5',PAO1,3705310,3705311,-,PA3305.1,34,11,380490,37624647,305.643679083669,2.53935483080467e-52,5-utr,sRNA,
899,PA1753,PhrS,PAO1,1894110,1894114,+,PA1753,PAO1,3705310,3705322,-,PA3305.1,34,78,380490,37624580,43.1035190115849,7.67789746975458e-34,mRNA,sRNA,
900,PA1400,PhrS,PAO1,1521131,1521134,+,PA1400,PAO1,3705311,3705315,-,PA3305.1,34,6,380490,37624652,560.34681945211,1.00832486458985e-55,mRNA,sRNA,
901,oprB,Sr063/Spa38,PAO1,3577243,3577264,-,PA3186,PAO1,3116519,3116519,+,Sr063/Spa38,34,114,57111,37947923,198.172008833521,8.03993907415568e-57,mRNA,sRNA,
902,PA0735,IG_rpsM_rpmJ,PAO1,802342,802342,-,PA0735,PAO1,4756929,4756929,-,IG_PA4241_4242,34,0,1145,38004003,inf,8.61794493894936e-148,mRNA,mRNA,
903,tlpQ,PhrS,PAO1,3004007,3004016,+,PA2654,PAO1,3705311,3705318,-,PA3305.1,34,0,380490,37624658,inf,2.7855974613972e-62,mRNA,sRNA,
904,hemH,PhrS,PAO1,5223353,5223353,-,PA4655,PAO1,3705311,3705311,-,PA3305.1,34,22,380490,37624636,152.821794862605,4.81378841724564e-47,mRNA,sRNA,
905,PA0340,PhrS,PAO1,382912,383372,+,PA0340,PAO1,3705310,3705312,-,PA3305.1,34,181,380490,37624477,18.5749462927202,2.05529062010469e-23,mRNA,sRNA,
906,PA0206,PhrS,PAO1,235995,236076,-,PA0206,PAO1,3705311,3705311,-,PA3305.1,34,48,380490,37624610,70.0432742428622,2.26036805003843e-39,mRNA,sRNA,
907,PA2953,PhrS,PAO1,3312895,3312924,+,PA2953,PAO1,3705311,3705311,-,PA3305.1,34,152,380490,37624506,22.1188675682741,1.2501658026567e-25,mRNA,sRNA,
908,PA1371,PhrS,PAO1,1486369,1486432,-,PA1371,PAO1,3705310,3705312,-,PA3305.1,34,835,380490,37623823,4.0263554952698,0.000122235145149361,mRNA,sRNA,
909,5_utr_PA0572,PhrS,PAO1,627822,627906,-,PA0572_5',PAO1,3705311,3705311,-,PA3305.1,34,48,380490,37624610,70.0432742428622,2.26036805003843e-39,5-utr,sRNA,
910,5_utr_PA3472,PhrS,PAO1,3885651,3885871,+,PA3472_5',PAO1,3705311,3705312,-,PA3305.1,34,680,380490,37623978,4.94414807222266,5.97760777879838e-07,5-utr,sRNA,
911,Sr151,PrrH/F1/F2,PAO1,5885413,5885413,-,Sr151,PAO1,5284109,5284318,+,PA4704.3,34,306,24912,37979930,169.395962677513,9.43956081763221e-56,sRNA,sRNA,
912,PA0596,PhrS,PAO1,657357,657405,+,PA0596,PAO1,3705308,3705311,-,PA3305.1,34,129,380490,37624529,26.0625575629629,1.07832294403201e-27,mRNA,sRNA,
913,pyrC,PhrS,PAO1,3947837,3948164,+,PA3527,PAO1,3705311,3705312,-,PA3305.1,34,101,380490,37624557,33.2878458184066,1.00403322946629e-30,mRNA,sRNA,
914,PA1419,PhrS,PAO1,1545016,1545227,-,PA1419,PAO1,3705311,3705311,-,PA3305.1,34,156,380490,37624502,21.551714826563,2.6641471300745e-25,mRNA,sRNA,
915,betB,PhrS,PAO1,6049507,6049731,-,PA5373,PAO1,3705311,3705312,-,PA3305.1,34,304,380490,37624354,11.0593891049076,7.823886477686e-17,mRNA,sRNA,
916,PA4787,PhrS,PAO1,5375999,5376026,-,PA4787,PAO1,3705310,3705311,-,PA3305.1,34,197,380490,37624461,17.0663139555686,1.97438771765718e-22,mRNA,sRNA,
917,gcdH,PhrS,PAO1,503283,503600,-,PA0447,PAO1,3705310,3705313,-,PA3305.1,34,375,380490,37624283,8.96546118251027,3.72900887791251e-14,mRNA,sRNA,
918,aatJ,PhrS,PAO1,1456664,1456729,-,PA1342,PAO1,3705310,3705311,-,PA3305.1,34,273,380490,37624385,12.3152273186965,3.59666778136916e-18,mRNA,sRNA,
919,5_utr_PA0937,AceF-3',PAO1,1027200,1027481,+,PA0937_5',PAO1,5640609,5640682,+,PA5016.1,34,134,9581,37995433,1006.22401145301,5.32119757694933e-81,5-utr,sRNA,RNA2
920,opdH,PhrS,PAO1,824137,824220,-,PA0755,PAO1,3705310,3705318,-,PA3305.1,34,134,380490,37624524,25.0900707375367,3.23047639810367e-27,mRNA,sRNA,
921,nuoF,PhrS,PAO1,2987409,2987582,+,PA2641,PAO1,3705310,3705313,-,PA3305.1,34,187,380490,37624471,17.9789558440193,5.34821340921284e-23,mRNA,sRNA,
922,PA0391,PhrS,PAO1,433788,433947,-,PA0391,PAO1,3705311,3705312,-,PA3305.1,34,93,380490,37624565,36.1513241131907,9.90546427307508e-32,mRNA,sRNA,
923,Pant269,PhrS,PAO1,3249663,3249863,-,Pant269,PAO1,3705311,3705315,-,PA3305.1,34,206,380490,37624452,16.3206943933053,9.16935938115028e-22,sRNA,sRNA,
924,zipA,PhrS,PAO1,1665339,1665471,+,PA1528,PAO1,3705310,3705311,-,PA3305.1,34,181,380490,37624477,18.5749462927202,2.05529062010469e-23,mRNA,sRNA,
925,birA,Sr063/Spa38,PAO1,4787553,4787732,-,PA4280,PAO1,3116516,3116519,+,Sr063/Spa38,34,91,57111,37947946,248.259590106099,1.15204070399733e-59,mRNA,sRNA,
926,PA4621,PrrH/F1/F2,PAO1,5182272,5182373,-,PA4621,PAO1,5284103,5284312,+,PA4704.3,34,5540,24912,37974696,9.35523848278068,3.35938680952833e-15,mRNA,sRNA,
927,PA2542,PhrS,PAO1,2870258,2870258,-,PA2542,PAO1,3705309,3705309,-,PA3305.1,33,83,380491,37624575,39.3154328840734,1.22565560540158e-31,mRNA,sRNA,
928,RsmZ,3_utr_PA1441,PAO1,4057579,4057581,-,PA3621.1,PAO1,1571829,1571831,+,PA1441_3',33,1034,3167,38000948,382.947967403207,4.24378439690901e-66,sRNA,3-utr,
929,PA0946,ReaL,PAO1,1034594,1034594,+,PA0946,PAO1,3958148,3958148,+,PA3535.1,33,1549,22846,37980754,35.4173392824676,1.73987660448861e-32,mRNA,sRNA,
930,arcD,PhrS,PAO1,5821897,5821897,+,PA5170,PAO1,3705311,3705311,-,PA3305.1,33,349,380491,37624309,9.35002251916105,4.15027300947569e-14,mRNA,sRNA,
931,betT1,PA3913,PAO1,6051690,6051690,+,PA5375,PAO1,4383453,4383453,-,PA3913,33,1169,34,38003946,31553.6209429879,7.75178973017774e-124,mRNA,mRNA,
932,PA5433,PhrS,PAO1,6114793,6114793,+,PA5433,PAO1,3705311,3705311,-,PA3305.1,33,0,380491,37624658,inf,2.78238001658124e-60,mRNA,sRNA,
933,PA3179,PhrS,PAO1,3569224,3569224,-,PA3179,PAO1,3705311,3705311,-,PA3305.1,33,11,380491,37624647,296.653379449185,1.91658649815637e-50,mRNA,sRNA,
934,mutM,estX,PAO1,401637,401637,+,PA0357,PAO1,1917418,1917418,+,PA1771,33,34,3,38005112,12295771.5294117,1.72938941894329e-184,mRNA,mRNA,
935,fhp,katA,PAO1,3013762,3013798,-,PA2664,PAO1,4752214,4752214,-,PA4236,33,11103,3146,37990900,35.8917359322655,9.79611335953541e-33,mRNA,mRNA,
936,PA4939,PhrS,PAO1,5543807,5543807,-,PA4939,PAO1,3705311,3705312,-,PA3305.1,33,8,380491,37624650,407.898429266395,2.45875018676925e-52,mRNA,sRNA,
937,rplA,dnaJ,PAO1,4782617,4782617,-,PA4273,PAO1,5347118,5347118,-,PA4760,33,364,908,38003877,3794.50047502057,2.50048081422828e-98,mRNA,mRNA,
938,PA3699,AS_PA1399,PAO1,4140253,4140253,-,PA3699,PAO1,1520110,1520110,+,AS_PA1399,33,0,0,38005149,inf,1.70253879090008e-207,mRNA,antisense,
939,PA4610,PhrS,PAO1,5168992,5168993,+,PA4610,PAO1,3705311,3705311,-,PA3305.1,33,183,380491,37624475,17.8315423845573,4.44645029057604e-22,mRNA,sRNA,
940,algU,pilJ,PAO1,831715,831715,+,PA0762,PAO1,451207,451207,+,PA0411,33,103,35,38005011,347896.07850208,2.00223916417762e-156,mRNA,mRNA,
941,sodB,AS2779,PAO1,4893706,4893723,+,PA4366,PAO1,3127842,3127847,+,PA2768.1,33,105,10521,37994523,1134.98106643855,7.91531796045371e-80,mRNA,sRNA,
942,CrcZ,aspS,PAO1,5308912,5308916,+,PA4726.11,PAO1,1049435,1049446,+,PA0963,33,211962,185,37793002,31.8050141573056,5.57344151806575e-30,sRNA,mRNA,
943,PA2538,PhrS,PAO1,2865804,2865811,-,PA2538,PAO1,3705309,3705311,-,PA3305.1,33,13,380491,37624645,251.014384652381,2.49398343323893e-49,mRNA,sRNA,
944,ubiE,3_utr_PA4872,PAO1,5703231,5703231,+,PA5063,PAO1,5469023,5469023,-,PA4872_3',33,1,34,38005114,36887316.5294117,8.23520157142528e-187,mRNA,3-utr,
945,5_utr_bkdR,Pant54,PAO1,2472958,2472958,-,PA2246_5',PAO1,514744,514744,+,Pant54,33,0,250,38004899,inf,2.28117610140208e-164,5-utr,sRNA,
946,fliC,PhrS,PAO1,1183319,1183365,+,PA1092,PAO1,3705311,3705318,-,PA3305.1,33,853,380491,37623805,3.82545621013667,0.000484485824794368,mRNA,sRNA,
947,IG_PA3237_PA2338,PhrS,PAO1,3625087,3625092,-,IG_PA3237_PA2338,PAO1,3705311,3705311,-,PA3305.1,33,21,380491,37624637,155.389824125744,1.17938969464944e-45,intergenic,sRNA,
948,aroK,azu,PAO1,5675595,5675595,-,PA5039,PAO1,5521806,5521806,-,PA4922,33,10,1385,38003754,90550.4607942238,2.61402454198347e-131,mRNA,mRNA,
949,trxB1,PhrS,PAO1,2959789,2960004,+,PA2616,PAO1,3705311,3705313,-,PA3305.1,33,254,380491,37624404,12.8471106241775,5.116007915363e-18,mRNA,sRNA,
950,PA5445,PhrS,PAO1,6134057,6134194,+,PA5445,PAO1,3705311,3705311,-,PA3305.1,33,35,380491,37624623,93.2338597834302,5.46452374526786e-41,mRNA,sRNA,
951,PA0039,PrrH/F1/F2,PAO1,40611,40611,+,PA0039,PAO1,5284104,5284313,+,PA4704.3,33,291,24913,37979945,172.881791521091,3.02309600262506e-54,mRNA,sRNA,
952,nuoD,PhrS,PAO1,2985014,2985257,+,PA2639,PAO1,3705310,3705316,-,PA3305.1,33,302,380491,37624356,10.8051719718514,7.0059639213103e-16,mRNA,sRNA,
953,PA2953,PhrS,PAO1,3314070,3314317,+,PA2953,PAO1,3705310,3705311,-,PA3305.1,33,30,380491,37624628,108.772850869008,1.78690596955595e-42,mRNA,sRNA,
954,PA3969a,PhrS,PAO1,4448695,4448762,-,PA3969a,PAO1,3705311,3705311,-,PA3305.1,33,40,380491,37624618,81.5796164692463,1.1879656012285e-39,mRNA,sRNA,
955,lptD,htpX,PAO1,654490,654490,-,PA0595,PAO1,3183906,3183909,+,PA2830,32,149,1559,38003442,5235.28739382929,5.57835472440343e-99,mRNA,3-utr,
956,PA0387,PhrS,PAO1,429101,429106,-,PA0387,PAO1,3705310,3705311,-,PA3305.1,32,19,380492,37624639,166.541774998243,1.11891997488706e-44,mRNA,sRNA,
957,PA2735,AspA-3',PAO1,3097940,3097940,-,PA2735,PAO1,6110937,6110937,+,PA5429.1,32,58,42112,37962980,497.366366208992,1.63004164253232e-64,mRNA,sRNA,RNA2
958,PA1856,PhrS,PAO1,2016622,2016656,-,PA1856,PAO1,3705311,3705311,-,PA3305.1,32,0,380492,37624658,inf,2.77915899806792e-58,mRNA,sRNA,
959,PA4115,PhrS,PAO1,4603411,4603421,+,PA4115,PAO1,3705309,3705312,-,PA3305.1,32,22,380492,37624636,143.831521484623,1.7502169861949e-43,mRNA,sRNA,
960,5_utr_PA1252,PhrS,PAO1,1359525,1359525,+,PA1252_5',PAO1,3705349,3705349,-,PA3305.1,32,0,380492,37624658,inf,2.77915899806792e-58,5-utr,sRNA,
961,hpd,PhrS,PAO1,945842,945845,+,PA0865,PAO1,3705311,3705311,-,PA3305.1,32,176,380492,37624482,17.9788665966456,2.31437565176785e-21,mRNA,sRNA,
962,betI,PhrS,PAO1,6051062,6051065,-,PA5374,PAO1,3705311,3705317,-,PA3305.1,32,143,380492,37624515,22.1278552193262,7.13342581111162e-24,mRNA,sRNA,
963,fadD2,PhrS,PAO1,3698176,3698176,-,PA3300,PAO1,3705311,3705311,-,PA3305.1,32,39,380492,37624619,81.1356934085611,3.01031841648691e-38,mRNA,sRNA,
964,pauC,PA1567,PAO1,5983382,5983382,-,PA5312,PAO1,1707955,1707955,-,PA1567,32,44,194,38004912,142473.896907216,4.30019880039579e-141,mRNA,3-utr,
965,5_utr_PA0714,ReaL,PAO1,784583,784583,+,PA0714_5',PAO1,3958143,3958143,+,PA3535.1,32,91,22847,37982212,584.601139832723,7.50015681447455e-68,5-utr,sRNA,
966,PA4991,PhrS,PAO1,5606842,5606842,+,PA4991,PAO1,3705311,3705311,-,PA3305.1,32,5,380492,37624653,632.858980477907,1.15375499492233e-52,mRNA,sRNA,
967,PA1458,PA0646,PAO1,1588813,1588813,+,PA1458,PAO1,702416,702416,+,PA0646,32,45,18,38005087,1501435.53580246,1.63271755607476e-166,mRNA,mRNA,
968,PA3352,hscA,PAO1,3763333,3763333,+,PA3352,PAO1,4269238,4269238,-,PA3810,32,176,112,38004862,61696.2045454545,9.69360391624351e-132,mRNA,mRNA,
969,PA5533,PhrS,PAO1,6227070,6227099,+,PA5533,PAO1,3705311,3705311,-,PA3305.1,32,41,380492,37624617,77.1778506031856,9.46135505893495e-38,mRNA,sRNA,
970,AS_cdiA1,qslA,PAO1,51483,51483,-,AS_PA0041,PAO1,1348055,1348055,-,PA1244,32,21,144,38004985,402169.153439153,8.44822564218216e-152,antisense,3-utr,
971,PA1096,PA1343,PAO1,1187181,1187181,+,PA1096,PAO1,1457264,1457264,+,PA1343,32,489,25,38004636,99480.437791411,2.43109900879134e-134,mRNA,mRNA,
972,trmU,PrrH/F1/F2,PAO1,2969960,2969962,+,PA2626,PAO1,5284103,5284108,+,PA4704.3,32,24,14971,37990155,3383.44399171732,1.35081095537829e-87,mRNA,sRNA,
973,opdH,htpX,PAO1,824208,824209,-,PA0755,PAO1,3183908,3183909,+,PA2830,32,107,1559,38003484,7290.26807263222,4.58871509424002e-103,mRNA,3-utr,
974,sdhA,PhrS,PAO1,1722138,1722178,+,PA1583,PAO1,3705309,3705311,-,PA3305.1,32,197,380492,37624461,16.0623287049505,5.21876792453632e-20,mRNA,sRNA,
975,rplO,PhrS,PAO1,4758598,4758598,-,PA4244,PAO1,3705311,3705311,-,PA3305.1,32,574,380492,37624084,5.5126255201362,1.88871890821485e-07,mRNA,sRNA,
976,PA4578,PhrS,PAO1,5126414,5126476,+,PA4578,PAO1,3705310,3705311,-,PA3305.1,32,253,380492,37624405,12.5070120362988,4.22580606053705e-17,mRNA,sRNA,
977,IG_PA4080_cupB6,PhrS,PAO1,4559847,4559865,+,IG_PA4080-P4081,PAO1,3705310,3705312,-,PA3305.1,32,0,380492,37624658,inf,2.77915899806792e-58,antisense,sRNA,
978,wbpE,PA3690,PAO1,3539829,3539829,-,PA3155,PAO1,4133798,4133798,+,PA3690,32,261,147,38004742,31697.858680637,2.74610407529817e-123,mRNA,3-utr,
979,aruF,narI,PAO1,979312,979312,+,PA0896,PAO1,4335731,4335731,-,PA3872,32,145,178,38004827,47119.5065478496,2.09061758768606e-128,mRNA,mRNA,
980,AS_fpvB,lpxC,PAO1,4666164,4666164,-,AS_PA4168,PAO1,4938731,4938731,-,PA4406,32,7,376,38004767,462064.036474164,1.14348227023543e-146,antisense,mRNA,
981,ppiC2,PA1545,PAO1,4673283,4673283,-,PA4176,PAO1,1682544,1682544,+,PA1545,32,124,758,38004268,12938.7243169631,3.9287546467492e-111,mRNA,mRNA,
982,rplU,wbpJ,PAO1,5116517,5116517,-,PA4568,PAO1,3531490,3531490,-,PA3147,32,637,349,38004164,5470.36497190897,3.49985033715417e-100,mRNA,mRNA,
983,recD,putA,PAO1,4801061,4801061,-,PA4283,PAO1,851860,851860,+,PA0782,32,51,74,38005025,322247.16481187,2.49597517585097e-151,mRNA,mRNA,
984,mobA,Sr063/Spa38,PAO1,3394709,3394762,+,PA3030,PAO1,3116486,3116519,+,Sr063/Spa38,32,573,57753,37946824,36.6941000382896,4.32780566534857e-32,mRNA,sRNA,
985,PA1011,PhrS,PAO1,1095012,1095148,+,PA1011,PAO1,3705311,3705316,-,PA3305.1,32,392,380492,37624266,8.07209784453083,8.33024723556973e-12,mRNA,sRNA,
986,PA2481,PhrS,PAO1,2800199,2800247,-,PA2481,PAO1,3705311,3705312,-,PA3305.1,32,76,380492,37624582,41.6353806733331,3.5361188698368e-31,mRNA,sRNA,
987,PA2745,PhrS,PAO1,3107724,3107857,-,PA2745,PAO1,3705311,3705312,-,PA3305.1,32,78,380492,37624580,40.5678046534621,6.92298018304091e-31,mRNA,sRNA,
988,PA0213,PhrS,PAO1,242024,242209,+,PA0213,PAO1,3705311,3705312,-,PA3305.1,32,109,380492,37624549,29.0301482185257,4.79691384135814e-27,mRNA,sRNA,
989,cbrB,AceF-3',PAO1,5307942,5308096,+,PA4726,PAO1,5640682,5640682,+,PA5016.1,32,123,9583,37995444,1031.51346770067,2.92942438955696e-76,mRNA,sRNA,RNA2
990,hfq,PhrS,PAO1,5548454,5548506,-,PA4944,PAO1,3705311,3705311,-,PA3305.1,32,540,380492,37624118,5.85972205187747,1.31184192865343e-08,mRNA,sRNA,
991,PA3188,PhrS,PAO1,3579257,3579323,-,PA3188,PAO1,3705311,3705311,-,PA3305.1,32,14,380492,37624644,226.021010391057,5.81555309475395e-47,mRNA,sRNA,
992,purL,PhrS,PAO1,4218680,4218999,-,PA3763,PAO1,3705310,3705310,-,PA3305.1,32,55,380492,37624603,57.5325581328672,1.02544812007745e-34,mRNA,sRNA,
993,mucA,PhrS,PAO1,831906,832168,+,PA0763,PAO1,3705312,3705317,-,PA3305.1,32,857,380492,37623801,3.692209157287,0.00202863484258272,mRNA,sRNA,
994,rluD,PhrS,PAO1,5091487,5091524,-,PA4544,PAO1,3705310,3705310,-,PA3305.1,32,51,380492,37624607,62.044922229691,1.63370129689341e-35,mRNA,sRNA,
995,PA2534,PhrS,PAO1,2862674,2862778,-,PA2534,PAO1,3705311,3705311,-,PA3305.1,32,1,380492,37624657,3164.29523879608,9.08218826768894e-57,mRNA,sRNA,
996,PA3352,PhrS,PAO1,3763337,3763484,+,PA3352,PAO1,3705310,3705315,-,PA3305.1,32,369,380492,37624289,8.57524197667678,1.62903303776446e-12,mRNA,sRNA,
997,PA4430,PrrH/F1/F2,PAO1,4963606,4963606,-,PA4430,PAO1,5284109,5284318,+,PA4704.3,32,216,24914,37980020,225.843687470082,6.34433977524293e-56,mRNA,sRNA,
