Gene name,Locus Tag,Gene Product,Strand,log-2 fold change (pPhrS / pEV),p-value,adjusted p-value
dnaA,PA0001,chromosomal replication initiator protein DnaA,+,0.0432131768011416,0.956696635161747,0.979786528634849
dnaN,PA0002,"DNA polymerase III, beta chain",+,-0.205475268989407,0.61585577582266,0.783440848572726
recF,PA0003,RecF protein,+,-0.500874684349918,0.0105640852807092,0.045559964096193
gyrB,PA0004,DNA gyrase subunit B,+,-0.295946286022887,0.107149768084247,0.268893628095622
lptA,PA0005,"lysophosphatidic acid acyltransferase, LptA",-,-0.477118501386705,0.0103799267895487,0.0449253892717413
PA0006,PA0006,conserved hypothetical protein,-,-0.249636404034057,0.387737387704511,0.605732567154216
PA0007,PA0007,hypothetical protein,+,-0.293591033306184,0.305330261762621,0.527696960517114
glyS,PA0008,glycyl-tRNA synthetase beta chain,-,-0.151814342708092,0.685158678071855,0.831508571708003
glyQ,PA0009,glycyl-tRNA synthetase alpha chain,-,0.0770502146409359,0.67990791675696,0.827902167853193
tag,PA0010,DNA-3-methyladenine glycosidase I,+,0.444653527052318,0.551487951618431,0.742352845524955
PA0011,PA0011,acyltransferase HtrB1,+,-0.426653551176143,0.0197951348968516,0.0750161706108797
PA0012,PA0012,hypothetical protein,+,-0.30944239108951,0.509389375743616,0.709590158864156
PA0013,PA0013,conserved hypothetical protein,+,-0.334108315533853,0.290375985960773,0.511736847985251
PA0014,PA0014,hypothetical protein,-,1.33265091785535,7.61628908323591e-07,8.15090690600979e-06
PA0015,PA0015,hypothetical protein,-,0.127410820584613,0.553609193247658,0.743866382778296
trkA,PA0016,potassium uptake protein TrkA,-,-0.0919421222016317,0.627712295657937,0.791225220201986
PA0017,PA0017,conserved hypothetical protein,-,-0.258923922078465,0.507231987156629,0.708210699048879
fmt,PA0018,methionyl-tRNA formyltransferase,-,-0.141756652353606,0.839166518963234,0.919176117825479
def,PA0019,polypeptide deformylase,-,-0.413491589000572,0.148535012442359,0.334066143624994
PA0020,PA0020,T4P secretin-associated protein TsaP,+,-0.282470273114859,0.334122151892481,0.555448121844967
PA0021,PA0021,conserved hypothetical protein,+,0.458576206667998,0.175420640256244,0.371879459110141
PA0022,PA0022,conserved hypothetical protein,+,-0.213040536628483,0.721990593314065,0.853338317146426
qor,PA0023,quinone oxidoreductase,-,-0.253353156649865,0.0492406283794151,0.152759942720904
hemF,PA0024,"coproporphyrinogen III oxidase, aerobic",+,-0.268105052812235,0.48390779992135,0.687026796893484
aroE,PA0025,shikimate dehydrogenase,+,-0.53158013903377,0.0351362302204817,0.119167308282981
plcB,PA0026,"phospholipase C, PlcB",+,0.0535299428023889,0.925963332932362,0.963764237432859
PA0027,PA0027,hypothetical protein,+,-0.0973681071828738,0.0966445545171591,0.250936738044554
PA0028,PA0028,hypothetical protein,+,0.0458673484427207,0.406835756459605,0.622617747842846
PA0029,PA0029,probable sulfate transporter,-,0.607663185956739,0.121904954613972,0.296006108282345
PA0030,PA0030,CosX,-,0.309931662745955,0.334312097631402,0.555448121844967
betC,PA0031,choline sulfatase,-,0.774487635272578,0.00145801577651476,0.00831507493598829
PA0032,PA0032,probable transcriptional regulator,+,0.0698647693434476,0.923335540951286,0.962515042517162
PA0032a,PA0032a,–,+,0.3359388951612,0.25447867829811,0.47064206641662
PA0033,PA0033,Histidine phosphotransfer protein HptC,-,-0.88424571635115,0.444784897298806,0.658511449930637
PA0034,PA0034,probable two-component response regulator,-,1.43437557233668,7.75935703595226e-05,0.000600558399160183
trpA,PA0035,tryptophan synthase alpha chain,-,0.293822254753729,0.20266124214737,0.410463423681656
trpB,PA0036,tryptophan synthase beta chain,-,0.9889170669015,1.14134725746791e-07,1.39070183901913e-06
trpI,PA0037,transcriptional regulator TrpI,+,0.148407905124497,0.862610277153419,0.930380227829176
PA0038,PA0038,hypothetical protein,+,2.93476275466252,3.36962473172238e-25,1.49247320234244e-23
PA0039,PA0039,hypothetical protein,+,0.809752192188083,0.285850247626726,0.506423557619282
PA0040,PA0040,conserved hypothetical protein,+,0.446633157594269,0.0928253105615632,0.244260184079603
PA0041,PA0041,probable hemagglutinin,+,-0.193395370503804,0.0996919480188789,0.256652838599303
PA0041a,PA0041a,–,+,0.58591641575265,0.264053038152447,0.481452474612094
PA0042,PA0042,hypothetical protein,+,-0.079903950528697,0.0924472471114936,0.24347651713218
PA0043,PA0043,hypothetical protein,-,-0.351469972206467,0.464122560149349,0.673044626230605
exoT,PA0044,exoenzyme T,+,0.70478505614884,0.000682225189131934,0.00427218002853723
PA0045,PA0045,hypothetical protein,+,-0.717562034990457,0.173796370066543,0.370163697284585
PA0046,PA0046,hypothetical protein,+,-0.056119309978954,0.935826495247323,0.96920893892486
PA0047,PA0047,hypothetical protein,+,0.0579119545405657,0.216702505962845,0.425412748684098
PA0048,PA0048,probable transcriptional regulator,-,-1.48284757447481,1.28415286723174e-11,2.34706011998862e-10
PA0049,PA0049,hypothetical protein,-,-1.6577213099834,4.00764410565904e-13,8.27155933099968e-12
PA0050,PA0050,hypothetical protein,+,-0.540615601047163,3.23261053395335e-06,3.11851839746088e-05
phzH,PA0051,potential phenazine-modifying enzyme,+,-0.0680897940842056,0.956405706230031,0.979786528634849
PA0052,PA0052,hypothetical protein,-,-1.65557747206927,2.87744790046224e-17,7.55859474459086e-16
PA0053,PA0053,"hypothetical protein, pseudogene",+,-0.0692242321568468,0.929942526268371,0.965837758250772
PA0054,PA0054,conserved hypothetical protein,-,-0.407737048140666,0.516484826526718,0.714917979480918
PA0055,PA0055,hypothetical protein,-,-0.441288787591524,0.353218423118817,0.574157351054106
PA0056,PA0056,probable transcriptional regulator,-,0.611197243474738,0.309123542258844,0.532281967771471
PA0057,PA0057,hypothetical protein,+,0.284151497731421,0.203544440452878,0.411565366433876
PA0058,PA0058,DsbM,+,0.916508043736083,0.251667634519183,0.467580895977466
osmC,PA0059,osmotically inducible protein OsmC,+,3.9293586377378,3.12945253653818e-11,5.55249064085195e-10
PA0060,PA0060,conserved hypothetical protein,+,3.41067954887714,3.72356812961494e-23,1.40339201307475e-21
PA0061,PA0061,hypothetical protein,-,1.19740138329357,3.33140627960471e-05,0.000276917442529334
PA0062,PA0062,hypothetical protein,-,2.20507383171252,3.66116247709402e-24,1.52163930897305e-22
PA0063,PA0063,hypothetical protein,+,0.793833113048416,0.00174329074609252,0.00982199465857881
PA0064,PA0064,hypothetical protein,-,0.0165734970058131,0.853545352680159,0.926697656121525
PA0065,PA0065,hypothetical protein,-,-0.116147609459389,0.873332798981234,0.936121431587728
PA0066,PA0066,conserved hypothetical protein,-,0.129942254125582,0.479745265656768,0.683997714286953
prlC,PA0067,oligopeptidase A,+,0.448309883489845,0.00310149972120711,0.0161961276319146
PA0069,PA0069,conserved hypothetical protein,+,0.19242852476959,0.30585202588346,0.528147436841444
PA0070,PA0070,TagQ1,-,-0.830939111720533,1.56993593391398e-05,0.000137863549160492
PA0071,PA0071,TagR1,-,-0.225988538064263,0.567045269448691,0.754568134871635
PA0072,PA0072,TagS1,-,-0.596488705575985,0.04898136365269,0.152185824190744
PA0073,PA0073,TagT1,-,-0.331650386875203,0.233356812895556,0.445498444944575
ppkA,PA0074,serine/threonine protein kinase PpkA,-,-0.872398137663014,0.0010072986039643,0.00602789736573506
pppA,PA0075,PppA,-,-0.596198389824649,0.275306824963136,0.495568618770783
PA0076,PA0076,TagF1,-,-0.401575526017404,0.410992321890635,0.625931979023817
icmF1,PA0077,IcmF1,-,-0.602320158528304,0.0367006612548066,0.123067768189419
PA0078,PA0078,TssL1,-,-0.506043334284114,0.155671437897568,0.345632742467048
PA0079,PA0079,TssK1,-,-1.24205255315648,0.00303172169054761,0.0158897080623437
PA0080,PA0080,TssJ1,-,-0.541842777899954,0.323461824995782,0.545537442595029
fha1,PA0081,Fha1,-,-0.0713042093134609,0.357350293963861,0.577932191837077
tssA1,PA0082,"type VI secretion protein, TssA1",+,0.16689564018766,0.577559971019546,0.760279959705631
tssB1,PA0083,"type VI secretion protein, TssB1",+,-1.35097475396829,4.9711896379937e-07,5.48457794969924e-06
tssC1,PA0084,"type VI secretion protein, TssC1",+,-1.37575873496029,5.48513286362342e-05,0.000442015753206732
hcp1,PA0085,Hcp1,+,-1.31147094403318,1.14240947197507e-10,1.87862890947012e-09
tagJ1,PA0086,"type VI secretion protein, TagJ1",+,-0.944053037985303,0.00682321760306062,0.031326761185436
tssE1,PA0087,"type VI secretion protein, TssE1",+,-1.22838617795978,0.0114537633602185,0.0487045802871801
tssF1,PA0088,"type VI secretion protein, TssF1",+,-0.736649264953205,0.000215584302272504,0.00153720980750829
tssG1,PA0089,"type VI secretion protein, TssG1",+,-0.743876790547014,0.00125032058139328,0.00725876453186445
clpV1,PA0090,ClpV1,+,-0.5154406689294,0.191246055918297,0.395124639874779
vgrG1,PA0091,VgrG1,+,-0.816589492051396,0.00776422483370626,0.034898752808096
PA0092,PA0092,Tsi6,-,-0.685980494971446,0.176052873899007,0.37248564812384
PA0093,PA0093,Tse6,-,-0.887679916966876,0.0104002467116745,0.0449812523495657
PA0094,PA0094,EagT6,-,-0.874604406113458,0.000500615823233636,0.00325239487728234
PA0095,PA0095,vgrG1b,+,0.466602289378928,0.0167776403694233,0.0658943182923368
PA0096,PA0096,hypothetical protein,+,-1.15082374627417,0.0206527828119122,0.0775501770437395
PA0097,PA0097,hypothetical protein,+,-0.708044276372901,0.109114320872679,0.272359399035547
PA0098,PA0098,hypothetical protein,+,-0.630302484833517,0.119044255735274,0.291039703385029
PA0099,PA0099,type VI effector protein,+,-0.775161912702592,0.000439272102798253,0.00290676457991254
PA0100,PA0100,hypothetical protein,+,-0.0359010097960528,0.682995800430732,0.830378384494827
PA0101,PA0101,hypothetical protein,+,0.705479190992712,0.00374815953784098,0.0191931072368094
PA0102,PA0102,probable carbonic anhydrase,+,0.773762215586816,4.43935503436953e-06,4.21565044578314e-05
PA0103,PA0103,probable sulfate transporter,+,-0.372442996674508,6.35163950073987e-07,6.83364334937758e-06
PA0103a,PA0103a,–,-,-0.195335036834189,0.0270396372801861,0.0967432305519867
coxB,PA0105,"cytochrome c oxidase, subunit II",+,0.683380859117398,0.00633784711126326,0.02951500865015
coxA,PA0106,"cytochrome c oxidase, subunit I",+,-1.0618560644612,1.25961679456489e-06,1.3043267422218e-05
PA0107,PA0107,conserved hypothetical protein,+,-1.62050598926974,6.85931778866085e-05,0.000539848772264514
coIII,PA0108,"cytochrome c oxidase, subunit III",+,-1.16613655952391,0.0020189868455672,0.0111374656171834
PA0109,PA0109,hypothetical protein,-,0.277469894185433,0.122504321958122,0.297223600816426
PA0110,PA0110,hypothetical protein,+,-1.09137020958237,0.151545817228326,0.339203253021573
PA0111,PA0111,hypothetical protein,+,-0.985101224695309,0.0105557541136857,0.045559964096193
PA0112,PA0112,hypothetical protein,+,0.110926502799257,0.0889670495791072,0.23625910584071
PA0113,PA0113,probable cytochrome c oxidase assembly factor,+,-0.626473390630476,0.0229602810386847,0.0844792090776496
senC,PA0114,SenC,+,-0.925805825938829,7.05484448626613e-05,0.00055380072888309
PA0115,PA0115,conserved hypothetical protein,-,0.239015493250972,0.710947438770882,0.844894057669744
PA0116,PA0116,hypothetical protein,+,-0.164924841087867,0.528546333665992,0.724467845648348
PA0117,PA0117,probable short chain dehydrogenase,+,0.0836965821900218,0.408664835684446,0.62415761966605
PA0118,PA0118,hypothetical protein,+,-0.218125988932935,0.842528293177037,0.921164267206894
PA0119,PA0119,probable dicarboxylate transporter,+,0.269736629516481,0.481160473046143,0.684856260581281
PA0120,PA0120,probable transcriptional regulator,+,0.0168059582990107,0.722956705641703,0.85392353749906
PA0121,PA0121,hypothetical protein,+,0.345524407717271,0.132727816066685,0.313016862764339
PA0122,PA0122,rahU,+,0.0510177081028689,0.000300072341426612,0.00207148915560487
PA0123,PA0123,probable transcriptional regulator,-,0.0757290158325772,0.192433493098892,0.396767392498837
PA0124,PA0124,ParE toxin,-,0.198356491083775,0.718777209657804,0.851364456022556
PA0125,PA0125,ParD antitoxin,-,0.0474294293723472,0.775615622252165,0.883677647123892
PA0126,PA0126,hypothetical protein,-,-0.430102823803835,0.0735834509791039,0.206882421800677
PA0127,PA0127,hypothetical protein,+,-0.0559783564411629,0.598157202492958,0.772350546448083
PA0128,PA0128,conserved hypothetical protein,+,-0.481870417777548,0.046990863649675,0.147574680359106
gabP,PA0129,Amino acid permease,-,0.727240901787625,0.161161285640709,0.352914717166301
PA0130,PA0130,3-Oxopropanoate dehydrogenase,-,-0.41832846207754,0.146033956671152,0.329716483748702
PA0131,PA0131,BauB,-,-0.0805497020260246,0.870150293156414,0.934489601950743
PA0132,PA0132,Beta-alanine:pyruvate transaminase,-,0.0820191445678839,0.857287457822282,0.927772479769147
PA0133,PA0133,BauR,+,-0.193088307837092,0.442790872472754,0.657521974249249
PA0134,PA0134,probable guanine deaminase,-,1.61828941500878,4.2346879047924e-18,1.16800391846728e-16
PA0135,PA0135,hypothetical protein,+,1.05212217591491,0.134249415259716,0.3150137091245
PA0136,PA0136,probable ATP-binding component of ABC transporter,+,0.642894980891217,0.0736089566031083,0.206882421800677
PA0137,PA0137,probable permease of ABC transporter,+,0.145652074335897,0.395873076616975,0.61357798950493
PA0138,PA0138,probable permease of ABC transporter,+,0.293846249486234,0.723534607412334,0.854331192406702
ahpC,PA0139,alkyl hydroperoxide reductase subunit C,+,-0.0518511152174716,0.381626628797731,0.600858947468769
ahpF,PA0140,alkyl hydroperoxide reductase subunit F,+,0.632913258261509,0.00197700540626217,0.0109158041903538
PA0141,PA0141,conserved hypothetical protein,-,-0.258195961219362,0.505201537260951,0.706513696266294
PA0142,PA0142,hypothetical protein,+,0.0229193424273152,0.155246761619809,0.344933880879824
nuh,PA0143,purine nucleosidase Nuh,+,-0.228638224291846,0.511094399212651,0.710408764277945
PA0144,PA0144,hypothetical protein,-,0.825981422031278,0.0282799906218862,0.100235387321031
PA0145,PA0145,hypothetical protein,-,0.630314726695812,0.0642566727145093,0.187006949655464
PA0146,PA0146,conserved hypothetical protein,+,0.108690103060071,0.461559178787588,0.671318575475332
PA0147,PA0147,probable oxidoreductase,+,0.308752950382393,0.597869770684436,0.772350546448083
PA0148,PA0148,adenine deaminase,+,-0.391919860174671,0.223653239313098,0.433864404140627
PA0149,PA0149,"probable sigma-70 factor, ECF subfamily",+,0.413361338029857,0.709667473319728,0.844602256448886
PA0150,PA0150,anti-sigma factor,+,0.535634513064658,0.407960018522864,0.623576354820676
PA0151,PA0151,probable TonB-dependent receptor,+,0.105267605049201,0.92574238972677,0.963764237432859
pcaQ,PA0152,transcriptional regulator PcaQ,+,-0.220342640569507,0.609627907594504,0.779362986523519
pcaH,PA0153,"protocatechuate 3,4-dioxygenase, beta subunit",+,-0.158127498344612,0.512426986834786,0.711371987214249
pcaG,PA0154,"protocatechuate 3,4-dioxygenase, alpha subunit",+,0.326055413858125,0.628244310819511,0.791731355774204
pcaR,PA0155,transcriptional regulator PcaR,+,0.087494873053714,0.925938641718378,0.963764237432859
PA0156,PA0156,"Resistance-Nodulation-Cell Division (RND) triclosan efflux membrane fusion protein, TriA",+,2.20025098208384,2.79804530314722e-40,2.82975648324955e-38
PA0157,PA0157,"Resistance-Nodulation-Cell Division (RND) triclosan efflux membrane fusion protein, TriB",+,2.15148241400061,1.40285929627485e-22,5.09733545496754e-21
PA0158,PA0158,"Resistance-Nodulation-Cell Division (RND) triclosan efflux transporter, TriC",+,1.78117237562786,6.22874225155519e-14,1.3402839710084e-12
PA0159,PA0159,probable transcriptional regulator,+,1.33332560680716,3.93447692197206e-08,5.14534611261347e-07
PA0160,PA0160,hypothetical protein,+,1.10118661658628,0.000270811666261634,0.00188883355273057
PA0160.1,PA0160.1,sRNA,+,-0.872045235513263,0.649667496005439,NA
Sr0161,PA0161.1,sRNA,+,-0.015634230856643,0.104912589888761,0.265143521634736
opdC,PA0162,histidine porin OpdC,+,0.836923288107634,0.0125646463466638,0.0522923690202717
PA0163,PA0163,probable transcriptional regulator,-,0.0934854004252151,0.654086514206183,0.811489872869172
PA0164,PA0164,probable gamma-glutamyltranspeptidase,+,-0.388621103041705,0.122767188897084,0.297742327029378
PA0165,PA0165,hypothetical protein,+,0.710052180390365,0.298028911791467,0.520114879709699
PA0166,PA0166,probable transporter,+,0.9189186972916,0.47149726969965,0.677651689374106
PA0167,PA0167,probable transcriptional regulator,+,-0.14801826436896,0.68921608128899,0.833764589565708
PA0168,PA0168,conserved hypothetical protein,+,0.0629789743547889,0.257010000842634,0.472730125829979
PA0169,PA0169,SiaD,-,0.386163213764227,0.464725869276036,0.673342066563273
PA0170,PA0170,hypothetical protein,-,0.394879026192059,0.580056257207432,0.761033809456151
PA0171,PA0171,hypothetical protein,-,0.432326266075814,0.519972792528267,0.718559532011278
PA0172,PA0172,SiaA,-,0.518265707140962,0.0448125514806786,0.142966646889988
PA0173,PA0173,probable methylesterase,-,-0.380506763973617,0.0579249350824411,0.172467372954
PA0174,PA0174,conserved hypothetical protein,-,-0.347499177252898,0.22293811959677,0.433030892993983
PA0175,PA0175,CheR2,-,-0.35114621210811,0.141137276476274,0.324033671455934
aer2,PA0176,aerotaxis transducer Aer2,-,-0.291573658283124,0.00582545082922632,0.0276344674181554
PA0177,PA0177,probable purine-binding chemotaxis protein,-,-0.66081570576246,9.15108631354268e-06,8.28787936575776e-05
PA0178,PA0178,probable two-component sensor,-,-0.341182387085439,0.0414861667974242,0.134980193097464
PA0179,PA0179,probable two-component response regulator,-,-0.329078831714426,0.0895928380089275,0.237608977726474
cttP,PA0180,"chemotactic transducer for trichloroethylene [positive chemotaxis], CttP",-,-0.0675206022763024,0.925872667716318,0.963764237432859
PA0181,PA0181,probable transcriptional regulator,-,0.369126327368467,0.0191003515923538,0.0729395427705491
PA0182,PA0182,probable short-chain dehydrogenase,+,0.404066405982647,0.487831285607572,0.691626224548305
atsA,PA0183,arylsulfatase,-,0.7319642491053,0.0376046610854592,0.125445345501136
PA0184,PA0184,probable ATP-binding component of ABC transporter,-,1.17282165563815,0.0386084762141916,0.127526561477266
PA0185,PA0185,probable permease of ABC transporter,-,0.680135881406453,0.340326800716449,0.560407877000655
PA0186,PA0186,probable binding protein component of ABC transporter,+,1.35626681942457,0.00891730680932371,0.0392828531777341
PA0187,PA0187,hypothetical protein,+,3.00680829502502,2.89954970002458e-21,9.77470421097177e-20
PA0188,PA0188,hypothetical protein,+,2.28816230379301,5.91012116083127e-08,7.50263916400086e-07
PA0189,PA0189,probable porin,-,0.291057736686646,0.781486075207573,0.887361059947521
PA0190,PA0190,probable acid phosphatase,+,0.122720986925242,0.915260784057567,0.958549054405449
PA0191,PA0191,probable transcriptional regulator,-,0.370914961537129,0.66674340166691,0.818150603144783
PA0192,PA0192,probable TonB-dependent receptor,+,-0.207017580600501,0.737700824134939,0.861066285248311
PA0193,PA0193,hypothetical protein,+,0.906607577850829,0.41769055621669,0.631741349731525
PA0194,PA0194,hypothetical protein,+,0.242880855159561,0.259818866000316,0.476596396278694
pntAA,PA0195,"putative NAD(P) transhydrogenase, subunit alpha part 1",+,1.12791579723383,8.31934591121593e-10,1.27158163700902e-08
pntAB,PA0195.1,"putative NAD(P) transhydrogenase, subunit alpha part 2",+,0.746126361026161,0.0462409294149279,0.14629299253899
pntB,PA0196,"pyridine nucleotide transhydrogenase, beta subunit",+,0.611314316799058,0.0124018694080453,0.0517358897760637
tonB2,PA0197,TonB2,+,2.34454351599672,0.395428447230986,NA
exbB1,PA0198,transport protein ExbB,+,-0.00069037397039481,0.869000490008283,0.93416514844475
exbD1,PA0199,transport protein ExbD,+,-0.794474756875647,0.325578078230161,0.547866827149366
PA0200,PA0200,hypothetical protein,-,0.153749471487364,0.507120379966986,0.708210699048879
PA0201,PA0201,hypothetical protein,+,0.0295862046451863,0.572370510128067,0.758066684037958
PA0202,PA0202,probable amidase,-,-1.54712033136408,0.0693326580789248,0.198074655942992
PA0203,PA0203,probable binding protein component of ABC transporter,-,0.594070425723114,0.404124674724425,0.620032497149889
PA0204,PA0204,probable permease of ABC transporter,-,0.155558634304027,0.199359029626638,0.405534894996459
PA0205,PA0205,probable permease of ABC transporter,-,0.575114444339607,0.76011985457397,NA
PA0206,PA0206,probable ATP-binding component of ABC transporter,-,-0.048617695409142,0.79309763296754,0.892198078762891
PA0207,PA0207,probable transcriptional regulator,+,0.110911471255423,0.895593738809629,0.949514520593348
mdcA,PA0208,malonate decarboxylase alpha subunit,+,-0.270315063149165,0.00703941130569512,0.0321650209359624
mdcB,PA0209,conserved hypothetical protein,+,0.131725758512792,0.346650536701262,0.567234032144241
mdcC,PA0210,malonate decarboxylase delta subunit,+,0.366449880781259,0.374784452307662,0.593938902220656
mdcD,PA0211,malonate decarboxylase beta subunit,+,-0.0409163206002186,0.220924294312973,0.430497308250199
mdcE,PA0212,malonate decarboxylase gamma subunit,+,-0.178917417404696,0.190985715495659,0.395114022234029
PA0213,PA0213,hypothetical protein,+,0.411965482819744,0.599184214173233,0.772518956662539
PA0214,PA0214,probable acyl transferase,+,-0.0391478111187223,0.257802291166316,0.473613170692464
PA0215,PA0215,malonate transporter MadL,+,0.671579773382948,0.0312727123828624,0.10943645832711
PA0216,PA0216,malonate transporter MadM,+,0.987342686136588,1.84423253476509e-05,0.000160556714791314
PA0217,PA0217,probable transcriptional regulator,-,-0.828485765814362,0.11820525175908,0.289688799545273
PA0217-5',PA0217.1,putative sRNA,-,-2.509985100449,0.0837229091822838,NA
PA0218,PA0218,probable transcriptional regulator,-,-1.0634347395235,0.000267708832331373,0.00187329643853997
PA0219,PA0219,probable aldehyde dehydrogenase,+,-0.77711314412114,0.0767514697320939,0.212564088696643
PA0220,PA0220,amino acid APC family transporter,+,-0.439003910777975,0.0530989541959421,0.16078066569909
PA0221,PA0221,probable aminotransferase,+,-1.88006445963037,0.000362187916001036,0.00245559360256345
PA0222,PA0222,hypothetical protein,+,0.136441795258846,0.36237652004711,0.582939512948171
PA0223,PA0223,probable dihydrodipicolinate synthetase,-,-0.249197854565551,0.101149584430225,0.259524599713575
PA0224,PA0224,probable aldolase,-,0.312276939293777,0.757405141402385,0.872922012921116
PA0225,PA0225,probable transcriptional regulator,+,0.245113280855607,0.71494550800597,0.848482171441469
PA0226,PA0226,"probable CoA transferase, subunit A",+,0.116665819469606,0.29560309468866,0.517925173640047
PA0227,PA0227,"probable CoA transferase, subunit B",+,0.626903483071015,0.442934606903669,0.657521974249249
pcaF,PA0228,beta-ketoadipyl CoA thiolase PcaF,+,0.685709249863396,0.0398109625546396,0.130579957179218
pcaT,PA0229,dicarboxylic acid transporter PcaT,+,3.26385861495359,1.08949499056453e-34,8.58578649707216e-33
pcaB,PA0230,"3-carboxy-cis,cis-muconate cycloisomerase",+,3.32116433196607,3.28245944079917e-42,3.68851183088322e-40
pcaD,PA0231,beta-ketoadipate enol-lactone hydrolase,+,3.82904547265868,5.11545462704421e-28,2.65304091255592e-26
pcaC,PA0232,gamma-carboxymuconolactone decarboxylase,+,3.0272360327173,1.51871175214289e-13,3.19984128888994e-12
PA0233,PA0233,probable transcriptional regulator,+,1.81135223339802,2.28367608475433e-12,4.39915761342518e-11
PA0234,PA0234,hypothetical protein,+,-0.420799298407482,0.465084753557719,0.673701189923189
pcaK,PA0235,4-hydroxybenzoate transporter PcaK,-,0.351352327248263,0.710051233801558,0.844602256448886
PA0236,PA0236,probable transcriptional regulator,+,0.369607359699609,0.211127383186847,0.419559265742805
PA0237,PA0237,probable oxidoreductase,+,-0.71016997924551,0.301444094342167,NA
PA0238,PA0238,hypothetical protein,+,0.168918562494375,0.709114051598758,0.844602256448886
PA0239,PA0239,hypothetical protein,+,-0.308454137510516,0.624416876002939,0.789501643019904
PA0240,PA0240,probable porin,-,-0.0597854397641963,0.429454364070138,0.643598192437045
PA0241,PA0241,probable major facilitator superfamily (MFS) transporter,-,-0.171650527847406,0.977379440774673,0.991099339341697
PA0242,PA0242,hypothetical protein,+,0.700249087081349,0.183238273561848,0.38421410472267
PA0243,PA0243,Pip,+,-0.391854211964559,0.0489162155503245,0.152106297814569
PA0244,PA0244,hypothetical protein,-,1.09132988656923,0.203963725730318,0.411864188928974
aroQ2,PA0245,3-dehydroquinate dehydratase,-,0.642026521633575,0.407464552499071,0.623265667901276
PA0246,PA0246,probable major facilitator superfamily (MFS) transporter,-,0.318346335155192,0.190465305183248,0.394451696877799
pobA,PA0247,p-hydroxybenzoate hydroxylase,-,0.624855578273386,0.044065852077615,0.141252821134162
PA0248,PA0248,probable transcriptional regulator,+,0.0749935814083067,0.902234593923825,0.951616913283097
PA0249,PA0249,probable acetyltransferase,-,0.0446482804961627,0.626960617512258,0.79065744097576
PA0250,PA0250,conserved hypothetical protein,-,-0.0134089655266193,0.958133137946132,0.980430334073715
PA0251,PA0251,hypothetical protein,-,0.432106341152481,0.229621792144846,0.440792481725696
PA0252,PA0252,hypothetical protein,-,-0.749399838151174,0.444553901399841,NA
PA0253,PA0253,HudR,-,-0.219792861017405,0.753836190846123,0.871263583661014
PA0254,PA0254,HudA,-,0.124143273663936,0.225046899730267,0.436289005611265
PA0255,PA0255,conserved hypothetical protein,-,-0.0246785785218375,0.956155996127667,0.979728906535407
PA0256,PA0256,hypothetical protein,-,-0.968077128197816,1.35155856455194e-11,2.45546627835364e-10
PA0257,PA0257,hypothetical protein,-,0.113977050504613,0.802837769281181,0.8986756188263
PA0258,PA0258,hypothetical protein,-,-0.223913659507159,0.583024024492352,0.76212619143033
PA0259,PA0259,"Type 6 lipase adaptor, Tla3",-,0.135982042878181,0.647864601120908,0.8070709093824
PA0260,PA0260,"Type 6 lipase effector, Tle3",-,-0.0171033245590193,0.650521222802001,0.808885815566094
PA0261,PA0261,"Type 6 lipase immunity, Tli3",-,-0.213799042290111,0.709744905499063,0.844602256448886
PA0262,PA0262,VgrG2b,-,-0.268632721992859,0.326446997761257,0.548512458051457
hcpC,PA0263,secreted protein Hcp,-,0.865853941543138,0.530857599767416,0.726323318013231
PA0263.1,PA0263.1,tRNA-Arg,-,-0.180274524264452,0.797295471150566,0.895260717790828
gabD,PA0265,glutaric semialdehyde dehydrogenase,+,0.0995230353273694,0.863431083988663,0.930474448467788
gabT,PA0266,delta-aminovalerate aminotransferase,+,-0.241259284794376,0.482968877500658,0.686102929241926
gabT-3',PA0266.1,putative sRNA,+,-0.509378693507251,0.474974910018444,0.681197767428957
PA0267,PA0267,hypothetical protein,+,-0.134139822202504,0.645106580073443,0.804830204502929
PA0268,PA0268,probable transcriptional regulator,-,0.576966243605688,0.107014406097775,0.268665046007984
PA0269,PA0269,conserved hypothetical protein,+,0.417800733746953,0.375850922827782,0.595162682598899
PA0270,PA0270,hypothetical protein,+,0.499892124543725,0.172221064621607,0.368360035292179
PA0271,PA0271,hypothetical protein,+,0.232243169653726,0.605871933070041,0.7767872107491
PA0272,PA0272,probable transcriptional regulator,-,0.239477918600545,0.590529923379478,0.766981073430366
PA0273,PA0273,probable major facilitator superfamily (MFS) transporter,-,-0.724913302257368,0.309825707508693,NA
PA0274,PA0274,hypothetical protein,-,0.913156619474996,0.290179919834121,0.51158622138596
PA0275,PA0275,probable transcriptional regulator,-,0.199620226605921,0.724410979244023,0.854691345425686
PA0276,PA0276,hypothetical protein,+,0.0644342761171841,0.979439438363852,0.99136589024051
PA0277,PA0277,putative Zn-dependent peptidase,-,-0.135188195949279,0.678364277140759,0.826901252247915
PA0278,PA0278,hypothetical protein,-,0.999335346756534,0.237721780369799,0.450680414631991
PA0279,PA0279,probable transcriptional regulator,+,0.202198467040717,0.862222703413433,0.93029291684081
cysA,PA0280,sulfate transport protein CysA,-,0.597183746305248,0.0467197953927433,0.147333413492463
cysW,PA0281,sulfate transport protein CysW,-,0.488240811532052,0.567340863267137,0.754795956655336
cysT,PA0282,sulfate transport protein CysT,-,0.982409060843881,0.160723271169596,0.352082602692097
sbp,PA0283,sulfate-binding protein precursor,-,0.0222394001959947,0.571228488651184,0.757619065328891
PA0284,PA0284,hypothetical protein,-,-0.177419799652809,0.925778204338725,0.963764237432859
PA0285,PA0285,putative phosphodiesterase,-,-0.560437134990512,0.0387490144488803,0.12767610597281
desA,PA0286,"delta-9 fatty acid desaturase, DesA",+,0.657162822684777,0.00568476465250368,0.0270762573872781
gpuP,PA0287,3-guanidinopropionate transport protein,+,0.279044626844802,0.758107638825415,0.87356573345853
gpuA,PA0288,3-guanidinopropionase,+,0.335478709256329,0.156997651095084,0.347559150535606
gpuR,PA0289,transcriptional activator GpuR,+,0.0736551730309329,0.137373216639814,0.319135022423581
PA0290,PA0290,putative diguanylate cyclase,+,0.077220711822498,0.924421521327861,0.963316124234494
oprE,PA0291,Anaerobically-induced outer membrane porin OprE precursor,+,0.5811891546626,9.13328115227252e-06,8.28411809147827e-05
aguA,PA0292,agmatine deiminase,-,-0.132374891496271,0.543286584507965,0.734223384141277
aguB,PA0293,N-carbamoylputrescine amidohydrolase,-,0.371408509909861,0.305546343637271,0.527769773182738
aguR,PA0294,transcriptional regulator AguR,-,-0.248378127400347,0.126858567599945,0.304139781982009
PA0295,PA0295,probable periplasmic polyamine binding protein,-,0.165582366782859,0.50674349702046,0.708017393488407
spuI,PA0296,Glutamylpolyamine synthetase,-,-0.806891588351666,0.000719665461569616,0.00448350104805383
P1,PA0296.1,putative sRNA,-,-0.341412238925478,0.336560484744605,0.557686789030657
spuA,PA0297,probable glutamine amidotransferase,+,-0.881844810745996,6.7565537016317e-06,6.27852494050554e-05
spuB,PA0298,Glutamylpolyamine synthetase,+,-1.09768572015499,7.27148037379976e-06,6.72611934576477e-05
spuC,PA0299,Polyamine:pyruvate transaminase,+,0.0322007416928249,0.98126732656176,0.992372632589489
spuD,PA0300,polyamine transport protein,+,-0.82338368712127,0.000154251939477718,0.00113317284352396
spuE,PA0301,polyamine transport protein,+,-0.775714677524802,0.00611978468626666,0.0286755625299352
spuF,PA0302,polyamine transport protein PotG,+,-0.59120203593585,0.0168131688453059,0.0659484864598036
spuG,PA0303,polyamine transport protein PotH,+,-0.643772183163191,0.0122743340088202,0.051401420818165
spuH,PA0304,polyamine transport protein PotI,+,-0.288825550643957,0.187203799143489,0.389424975386594
PA0305,PA0305,acylhomoserine lactone acylase B,-,-0.0847513848254604,0.863464340692504,0.930474448467788
PA0306,PA0306,probable transcriptional regulator,+,0.598436210463844,0.0636586944160674,0.18562275719207
PA0306a,PA0306a,–,-,-0.721383732013078,0.00666119703285604,0.0308080362769592
PA0307,PA0307,hypothetical protein,-,-0.155222634727289,0.825368840542536,0.909614624847822
PA0308,PA0308,hypothetical protein,+,-0.12551346602041,0.811391897588835,0.901495044639002
PA0309,PA0309,hypothetical protein,-,1.91275477743838,8.55573674998461e-21,2.77626794646559e-19
PA0310,PA0310,hypothetical protein,+,0.251875475988503,0.00724055975956807,0.0329847722380323
PA0311,PA0311,hypothetical protein,-,-0.26291993430571,0.879014778479855,0.938729615595874
PA0312,PA0312,conserved hypothetical protein,+,-0.0307064390600217,0.701042741136527,0.839701412004825
PA0313,PA0313,L-cysteine transporter of ABC system YecS,-,-0.0010822806554362,0.927137788306443,0.964325008475059
PA0314,PA0314,L-cysteine transporter of ABC system FliY,-,-0.17943287081269,0.53293926245829,0.728134933429325
PA0315,PA0315,hypothetical protein,+,-2.58856572222716,9.59488486839448e-29,5.2928873983107e-27
serA,PA0316,PHGDH,-,-0.517635920571925,0.0223260631899543,0.082556094720684
PA0317,PA0317,D-2-hydroxyglutarate dehydrogenase,+,-0.566726308457669,0.00535124353917206,0.0256487723504708
PA0318,PA0318,conserved hypothetical protein,+,-0.0552567495892292,0.719717023616153,0.851812541311257
PA0319,PA0319,hypothetical protein,+,-0.529305109325819,0.0410208055940255,0.133979054621729
PA0320,PA0320,calcium-regulated OB-fold protein CarO,+,-0.600965417849429,0.175777886493737,0.372309078824899
PA0321,PA0321,acetylpolyamine amidohydrolase,-,-0.375861307666026,0.451861351087939,0.663575672410846
PA0322,PA0322,probable transporter,-,-0.299017735675246,0.548092967798853,0.739072917467431
PA0323,PA0323,probable binding protein component of ABC transporter,-,0.497915904302704,0.250155831410249,0.466199503991827
PA0324,PA0324,probable permease of ABC transporter,-,0.112353848351681,0.678023122481795,0.826651458151403
PA0325,PA0325,probable permease of ABC transporter,-,0.0608222480174281,0.646022191090029,0.805437159550913
PA0326,PA0326,probable ATP-binding component of ABC transporter,-,0.141429771563271,0.58905500785534,0.766458525560284
PA0327,PA0327,calcium-regulated beta-propeller protein CarP,+,0.212777409907555,0.564827501633966,0.753268852728551
PA0328,PA0328,"arginine-specific autotransporter of Pseudomonas aeruginosa, AaaA",-,0.226798341250818,0.413024861789014,0.627608081776452
PA0329,PA0329,conserved hypothetical protein,-,0.56877079676648,0.0829108429551934,0.224854939976344
rpiA,PA0330,ribose 5-phosphate isomerase,-,-0.455186267191273,0.103108241111813,0.262441613702384
ilvA1,PA0331,"threonine dehydratase, biosynthetic",+,-0.390417377951096,0.161539459196236,0.353360287816423
PA0332,PA0332,hypothetical protein,+,0.551124706901812,0.0161396778651101,0.0638432628979715
PA0333,PA0333,hypothetical protein,+,0.538067244721405,0.0118743667784294,0.0501417241555392
PA0334,PA0334,probable major facilitator superfamily (MFS) transporter,-,-0.292727509536913,0.227154101072298,0.437916549996242
PA0335,PA0335,hypothetical protein,-,-0.394402270656445,0.204550307404478,0.412773949228592
ygdP,PA0336,"RNA pyrophosphohydrolase, RppH",+,-0.428712112168108,0.0199748180561911,0.0755185021588584
ptsP,PA0337,phosphoenolpyruvate-protein phosphotransferase PtsP,+,-0.153840474874435,0.534695403251285,0.729266348547154
PA0338,PA0338,hypothetical protein,+,0.240078967337963,0.19803168555958,0.404325796761619
PA0339,PA0339,hypothetical protein,-,-0.480423673352822,0.250397493348012,0.466506597984567
PA0340,PA0340,conserved hypothetical protein,+,-0.528148619210025,0.228318238507199,0.439117903471302
lgt,PA0341,prolipoprotein diacylglyceryl transferase,+,-0.124340756187504,0.861152092481008,0.929964566146068
thyA,PA0342,thymidylate synthase,+,-0.240867084978476,0.425841075127225,0.640080169401041
PA0343,PA0343,hypothetical protein,-,1.75512989485013,8.74431231683196e-11,1.46575931321924e-09
PA0344,PA0344,hypothetical protein,-,2.3115740768786,1.73431176823611e-25,8.03343802263873e-24
PA0345,PA0345,hypothetical protein,-,2.45375031220146,4.71417285180439e-25,2.07286962788036e-23
PA0346,PA0346,hypothetical protein,+,0.381930716732606,0.251987371634437,0.467595281921979
glpQ,PA0347,"glycerophosphoryl diester phosphodiesterase, periplasmic",-,1.05646354345595,0.0417527643093201,0.135591608630941
PA0348,PA0348,hypothetical protein,+,-0.234983067247966,0.714747843531092,0.848482171441469
PA0349,PA0349,hypothetical protein,+,-0.450874018613292,0.457091973109634,0.667733462036164
folA,PA0350,dihydrofolate reductase,+,0.0249689666365837,0.479912973823171,0.684076092355884
PA0351,PA0351,conserved hypothetical protein,-,-0.24610230720035,0.477543171772134,0.682920037297529
PA0352,PA0352,probable transporter,-,0.0977466519609774,0.564325357132788,0.753167339383472
ilvD,PA0353,dihydroxy-acid dehydratase,-,-0.0726357792589362,0.843690287732305,0.921979182764394
PA0354,PA0354,conserved hypothetical protein,-,3.23511267378325,3.74220825325515e-47,5.67692992018807e-45
pfpI,PA0355,protease PfpI,-,4.3489215998057,2.37466499972941e-29,1.3723302112722e-27
PA0356,PA0356,hypothetical protein,+,-0.551375304113352,0.0597701312823395,0.176661060214923
mutM,PA0357,formamidopyrimidine-DNA glycosylase,+,-0.224653944788646,0.23984403502374,0.453443413111579
PA0358,PA0358,hypothetical protein,+,-0.624007648740431,0.0507537058600304,0.155525011571126
PA0359,PA0359,hypothetical protein,+,0.22003564093398,0.000620221537372098,0.00392850134527546
PA0360,PA0360,hypothetical protein,+,0.0275465699603262,0.989738108536884,0.99597526411307
PA0361,PA0361,probable gamma-glutamyltranspeptidase precursor,-,-0.500608305107213,0.00106348595577119,0.00629583685816544
fdx1,PA0362,ferredoxin [4Fe-4S],-,-0.172766758663307,0.533021650344934,0.728134933429325
coaD,PA0363,phosphopantetheine adenylyltransferase,-,-0.203101717855071,0.571460524391947,0.757619065328891
PA0364,PA0364,LaoA,-,0.0819819022682827,0.346715725976103,0.567234032144241
PA0365,PA0365,LaoB,-,-0.111213729233946,0.374190759043065,0.59315295869209
PA0366,PA0366,LaoC,-,0.257650628208837,0.576772630692078,0.759904387821066
PA0367,PA0367,LaoR,+,0.0161623515724185,0.299166629069459,0.521350690750567
PA0367a,PA0367a,–,-,0.427646513088899,0.0525464560654806,0.159665445871475
PA0368,PA0368,conserved hypothetical protein,-,0.119537540912435,0.728491968496399,0.855852721599714
PA0369,PA0369,"Uncharacterized protein, pseudogene",-,0.954714232788302,0.000564076622791767,0.00361056639989498
PA0370,PA0370,conserved hypothetical protein,-,0.657899878627795,0.00441475857313462,0.0220665197872989
PA0371,PA0371,putative Zn-dependent peptidase,-,0.205531275829146,0.535746929217935,0.729558430541838
PA0372,PA0372,probable zinc protease,-,0.236528611867924,0.248498824178762,0.464109222873723
ftsY,PA0373,signal recognition particle receptor FtsY,+,0.0732114337947784,0.774049962446378,0.883135247968423
ftsE,PA0374,cell division protein FtsE,+,0.22240749992218,0.135267598434111,0.3164157828915
ftsX,PA0375,cell division protein FtsX,+,1.77461713265288,2.66135318347332e-23,1.00931819483226e-21
rpoH,PA0376,sigma factor RpoH,+,1.65773080484133,7.35782529145214e-31,4.69971409142438e-29
PA0377,PA0377,hypothetical protein,+,1.41714751560857,1.04233605124276e-12,2.07373611768559e-11
PA0378,PA0378,probable transglycosylase,-,0.03575825798764,0.991323869179382,0.996426046794265
PA0379,PA0379,conserved hypothetical protein,+,-0.166386594662713,0.648741813815366,0.807500579739824
PA0380,PA0380,conserved hypothetical protein,+,-0.0845430463149993,0.0842441575762153,0.2271971325211
thiG,PA0381,"thiamine biosynthesis protein, thiazole moiety",+,-0.394402125117088,0.383009155012785,0.601942386070338
micA,PA0382,DNA mismatch repair protein MicA,+,-0.746102633253357,0.000128535928670145,0.000953491461088557
PA0383,PA0383,conserved hypothetical protein,+,0.279890803674209,0.492399687173321,0.695503096314644
PA0384,PA0384,hypothetical protein,-,0.0730516072243577,0.964366848749142,0.98349210726215
PA0385,PA0385,hypothetical protein,-,-0.315858980315712,0.402057676652261,0.618268115034444
PA0386,PA0386,probable oxidase,-,-0.156347952783013,0.779083257542056,0.884963909914863
PA0387,PA0387,conserved hypothetical protein,-,0.26474656619331,0.0207605467270534,0.0777623441603456
PA0388,PA0388,hypothetical protein,-,0.143352685410992,0.294479391631343,0.516893534399476
PA0389,PA0389,hypothetical protein,-,0.456764062082466,0.00222515681412997,0.0120340922888954
metX,PA0390,homoserine O-acetyltransferase,-,-0.239791885157452,0.517248838889726,0.71561011271839
PA0391,PA0391,hypothetical protein,-,-0.178548520748769,0.61456914457093,0.783117507193701
PA0392,PA0392,conserved hypothetical protein,-,0.247797985501169,0.182274672673819,0.382846214532617
proC,PA0393,pyrroline-5-carboxylate reductase,-,0.795777051950487,4.64466458521368e-06,4.39685252778106e-05
PA0394,PA0394,conserved hypothetical protein,-,0.682358829724182,0.0001441627138804,0.00106162542211926
pilT,PA0395,twitching motility protein PilT,+,-0.139142990123866,0.62613011469329,0.790380182225689
pilU,PA0396,twitching motility protein PilU,+,0.173013696314492,0.429971257790768,0.643778822117634
PA0397,PA0397,probable cation efflux system protein,-,-0.333427754308362,0.214659308258554,0.422769452292407
PA0398,PA0398,hypothetical protein,+,0.358226368385055,0.311196776784851,0.533950981109281
PA0399,PA0399,cystathionine beta-synthase,+,-0.0376996349666465,0.922154421835031,0.961993803075303
PA0400,PA0400,probable cystathionine gamma-lyase,+,-0.0796038921510604,0.909558319697817,0.954450811715047
PA0401,PA0401,noncatalytic dihydroorotase-like protein,-,-0.538688121680084,0.0470447002603274,0.147604571447604
pyrB,PA0402,aspartate carbamoyltransferase,-,-0.318502087621457,0.281234376090249,0.501160780775823
pyrR,PA0403,transcriptional regulator PyrR,-,-0.00184076311562911,0.738730853841613,0.861379481381804
PA0404,PA0404,conserved hypothetical protein,-,-0.0572618267821301,0.548454747050618,0.739232209041126
PA0405,PA0405,AlgH,-,-0.209952294856322,0.617092796997268,0.784625584288629
tonB3,PA0406,TonB3,-,-0.386112750363726,0.19504256278444,0.400633979707985
gshB,PA0407,glutathione synthetase,-,-0.481160686599168,0.053003772392847,0.160572586560058
pilG,PA0408,twitching motility protein PilG,+,-0.048434242939495,0.456729824690426,0.667733462036164
pilH,PA0409,twitching motility protein PilH,+,-0.157536836009603,0.0715434647270041,0.202924860561648
pilI,PA0410,twitching motility protein PilI,+,0.11516861511413,0.639632174032344,0.800100604417288
pilJ,PA0411,twitching motility protein PilJ,+,0.0114678879604002,0.0448798051332528,0.143030807536018
pilK,PA0412,methyltransferase PilK,+,0.13045499316707,0.1770218789471,0.374014192705781
chpA,PA0413,component of chemotactic signal transduction system,+,0.530569090118272,0.0100000771323404,0.0434362691761211
chpB,PA0414,probable methylesterase,+,0.80177499448278,2.90560112046668e-05,0.000245015639800698
chpC,PA0415,probable chemotaxis protein,+,1.42903982045532,4.90803405198371e-11,8.53351020843472e-10
chpD,PA0416,probable transcriptional regulator,+,1.3799584386255,1.22056631078456e-06,1.2682185571645e-05
chpE,PA0417,probable chemotaxis protein,+,1.1585772890202,1.02850476978141e-05,9.2458769526424e-05
PA0418,PA0418,hypothetical protein,-,-0.678591170264537,0.0480839148672068,0.150011925662833
PA0419,PA0419,conserved hypothetical protein,-,-0.383804024383565,0.376837529113952,0.596258181659311
bioA,PA0420,adenosylmethionine-8-amino-7-oxononanoate aminotransferase,-,-0.735092072387359,0.000160614449949033,0.00117848667749787
PA0421,PA0421,hypothetical protein,+,-0.00763843764447339,0.507554394999907,0.708211989600054
PA0422,PA0422,conserved hypothetical protein,+,0.458994119649302,0.00183413683599955,0.0102388639904343
pasP,PA0423,PasP,+,0.240122707917406,0.193623614289263,0.398544128733801
AS1974,PA0423.1,sRNA,+,-0.12294186861616,0.738320349727581,0.861066285248311
mexR,PA0424,multidrug resistance operon repressor MexR,-,-0.317099034945387,0.238147607562855,0.45102362131442
mexA,PA0425,Resistance-Nodulation-Cell Division (RND) multidrug efflux membrane fusion protein MexA precursor,+,-0.0170394780027686,0.728366591274772,0.855852721599714
mexB,PA0426,Resistance-Nodulation-Cell Division (RND) multidrug efflux transporter MexB,+,-0.0343902562861315,0.323279487827092,0.545537442595029
oprM,PA0427,Major intrinsic multiple antibiotic resistance efflux outer membrane protein OprM precursor,+,0.41905216584785,0.00469483038760216,0.023123563954521
PA0428,PA0428,probable ATP-dependent RNA helicase,-,-0.0955509908253672,0.749092156468108,0.86850369946095
PA0429,PA0429,hypothetical protein,-,-0.250172867029268,0.20162478509763,0.409320574095824
metF,PA0430,"5,10-methylenetetrahydrofolate reductase",-,-0.457370663443376,0.0208698019708577,0.078075190110459
PA0431,PA0431,hypothetical protein,-,-0.562384974716717,0.188149300036065,0.391123656258595
sahH,PA0432,S-adenosyl-L-homocysteine hydrolase,-,-0.616759893649213,0.0591980616436543,0.175397381862155
sahHas,PA0432.1,putative sRNA,+,-0.502120128767044,0.263851397060957,0.481452474612094
PA0433,PA0433,hypothetical protein,+,0.353369470713014,0.699188630944546,0.838615420120668
PA0434,PA0434,hypothetical protein,+,-0.226961986775835,0.580795353540059,0.761180605892241
PA0435,PA0435,hypothetical protein,+,-0.458169821811296,0.356744447301576,0.577722259467832
PA0436,PA0436,probable transcriptional regulator,+,0.0494397263473096,0.905361225830224,0.951954932999099
codA,PA0437,cytosine deaminase,-,-0.432600464099521,0.422672088033291,0.6375277728526
codB,PA0438,cytosine permease,-,-0.190928059894364,0.44657497476106,0.659002175790397
PA0439,PA0439,probable oxidoreductase,-,0.189369264665898,0.539283912254736,0.731381385857226
PA0440,PA0440,probable oxidoreductase,-,0.515751499936383,0.636171728613947,0.79791030368529
dht,PA0441,dihydropyrimidinase,-,0.185083978822053,0.775458425641415,0.883677647123892
PA0442,PA0442,hypothetical protein,-,0.755515949694605,0.584225901416015,0.763197625243855
PA0443,PA0443,probable transporter,+,1.29419725735951,0.157669588086615,0.348031669883441
PA0444,PA0444,N-carbamoyl-beta-alanine amidohydrolase,+,0.198142767471939,0.685502663234519,0.831532059206105
PA0445,PA0445,probable transposase,-,0.0439679602549712,0.546046685898168,0.736968703298505
PA0446,PA0446,conserved hypothetical protein,-,-0.0548921894798065,0.690393242939953,0.834360911301557
gcdH,PA0447,glutaryl-CoA dehydrogenase,-,-0.331276541801594,0.213194763772027,0.42134644587893
PA0448,PA0448,"transcriptional regulator, GcdR",+,-0.411948115381192,0.0881466530551148,0.234902894483283
PA0449,PA0449,hypothetical protein,+,-0.422464258761187,0.21800030421908,0.42685571022955
PA0450,PA0450,probable phosphate transporter,-,-0.0490869330039678,0.650187525423767,0.808636586241323
PA0451,PA0451,conserved hypothetical protein,+,1.38666017791613,2.86316984696519e-10,4.62066878494276e-09
PA0451a,PA0451a,–,+,0.328197684917967,0.353388022016306,0.574247651070703
PA0452,PA0452,probable stomatin-like protein,+,0.253065476360145,0.341168916260764,0.560987184529344
PA0454,PA0454,conserved hypothetical protein,-,0.153743771255419,0.524167599428615,0.722051064582542
dbpA,PA0455,RNA helicase DbpA,-,0.643892246698745,0.00499799703335311,0.0241848851661776
PA0456,PA0456,probable cold-shock protein,+,-0.45164639824317,0.032183207527692,0.111858890962232
PA0457,PA0457,hypothetical protein,+,0.0737714489615701,0.256512115401812,0.47224378527251
PA0457.1,PA0457.1,hypothetical membrane protein,-,-0.505989114941113,0.000259337611566257,0.00182136646641672
PA0458,PA0458,probable major facilitator superfamily (MFS) transporter,-,-0.257156664177878,0.0125201618935417,0.0521429940768777
PA0459,PA0459,probable ClpA/B protease ATP binding subunit,+,-0.0864303256415146,0.579365174870643,0.760505698841326
PA0460,PA0460,hypothetical protein,+,0.613990223365236,0.00101681309336124,0.00607883926159211
PA0461,PA0461,conserved hypothetical protein,-,-0.157805563809617,0.520843446722508,0.719218235024626
PA0462,PA0462,hypothetical protein,+,1.48747634096746,6.38682628606511e-20,1.93776309519215e-18
creB,PA0463,two-component response regulator CreB,+,0.404001672547995,0.00672575599908043,0.0310120724942402
creC,PA0464,two-component sensor CreC,+,-0.116473091282774,0.330653859328983,0.552691347755054
creD,PA0465,inner membrane protein CreD,+,0.195694583564864,0.423297596844796,0.63783705429705
PA0466,PA0466,hypothetical protein,+,0.619834771051673,0.446274862698411,0.659002175790397
PA0467,PA0467,conserved hypothetical protein,-,0.430748063910457,0.157844551738484,0.348164572864093
PA0468,PA0468,hypothetical protein,-,0.311948949243413,0.100117639181077,0.257639454856139
PA0469,PA0469,hypothetical protein,+,0.636899252636038,0.00219290882844765,0.0118889112286629
fiuA,PA0470,Ferrichrome receptor FiuA,-,0.0654610856414969,0.77541294761823,0.883677647123892
PA0471,PA0471,FiuR,-,0.078392827266628,0.923329055671485,0.962515042517162
PA0472,PA0472,FiuI,-,0.760036869412486,0.0507737389456824,0.155525011571126
PA0473,PA0473,probable glutathione S-transferase,+,0.339935923838953,0.101039658546416,0.259524599713575
PA0474,PA0474,hypothetical protein,+,-0.169412241170676,0.450745296307347,NA
PA0475,PA0475,probable transcriptional regulator,+,0.0609510875135105,0.568815839690945,0.755433249123366
PA0476,PA0476,probable permease,-,-0.211210583087812,0.661538298499477,0.815400039669882
PA0477,PA0477,probable transcriptional regulator,-,0.326374212582261,0.19843273562639,0.404597089639159
PA0478,PA0478,probable N-acetyltransferase,+,0.14981791509003,0.833953859763552,0.916412897690191
PA0479,PA0479,probable transcriptional regulator,-,0.138368311502775,0.822447239084493,0.908374562570933
PA0480,PA0480,probable hydrolase,+,0.266231918384359,0.570698503464097,0.757436246504843
PA0481,PA0481,hypothetical protein,+,-0.223441929341331,0.112689860423414,0.279575832783773
glcB,PA0482,malate synthase G,-,-0.202438944512725,0.539748590615826,0.731383816761299
PA0483,PA0483,probable acetyltransferase,+,-0.250251360132683,0.424736455720234,0.639053015946041
PA0484,PA0484,conserved hypothetical protein,+,-0.375188058709036,0.199785488088255,0.406266200308153
PA0485,PA0485,conserved hypothetical protein,-,-0.438363737861675,0.082931007855481,0.224854939976344
PA0486,PA0486,conserved hypothetical protein,-,0.96326652417344,4.47688967966389e-07,4.99370709121332e-06
PA0487,PA0487,probable molybdenum transport regulator,-,0.0448442111250142,0.953314501983655,0.977804537269025
PA0488,PA0488,conserved hypothetical protein,-,-0.00098680231552817,0.896088907020994,0.949514520593348
PA0489,PA0489,probable phosphoribosyl transferase,-,2.76253811477053,2.30686687151036e-18,6.48058711866891e-17
PA0490,PA0490,hypothetical protein,-,2.41712718957712,1.5434631776763e-32,1.11496840025474e-30
PA0491,PA0491,probable transcriptional regulator,-,0.15630531389728,0.895339653919021,0.949514520593348
PA0492,PA0492,conserved hypothetical protein,+,0.555724446603583,0.102267513422827,0.261133197895054
PA0493,PA0493,probable biotin-requiring enzyme,+,0.235616795779872,0.640365772090082,0.800409214150675
PA0494,PA0494,probable acyl-CoA carboxylase subunit,+,-0.100660602045448,0.637271832844989,0.798629797956091
PA0495,PA0495,hypothetical protein,+,-0.337041217742309,0.400474278643668,0.617303278822696
PA0496,PA0496,conserved hypothetical protein,+,-0.160939808242951,0.0207282007209316,0.0776891426649862
PA0497,PA0497,hypothetical protein,-,1.56757557183886,3.04437426307929e-07,3.48552132610662e-06
PA0498,PA0498,hypothetical protein,-,0.50485808891984,0.133569337895513,0.314385090607059
PA0499,PA0499,probable pili assembly chaperone,-,1.57876983240824,7.87929445267494e-06,7.23321614808344e-05
bioB,PA0500,biotin synthase,+,-0.274519223579537,0.336975628571123,0.557812792614667
bioF,PA0501,8-amino-7-oxononanoate synthase,+,-0.202790517053515,0.655545578499217,0.812877420582911
PA0502,PA0502,probable biotin biosynthesis protein bioH,+,0.015747628849694,0.771182410629078,0.881334163916692
PA0503,PA0503,probable biotin synthesis protein BioC,+,-0.0426053147486842,0.467901144582774,0.675666106210609
bioD,PA0504,dethiobiotin synthase,+,-0.215240551479947,0.75054788215017,0.869297507422738
PA0505,PA0505,hypothetical protein,+,0.0708576355469727,0.935252953095643,0.968780286682206
PA0506,PA0506,probable acyl-CoA dehydrogenase,+,0.365816442600236,2.97993229637159e-05,0.000250793747217515
PA0507,PA0507,probable acyl-CoA dehydrogenase,+,-0.158766160655249,0.792991810285219,0.892198078762891
PA0508,PA0508,probable acyl-CoA dehydrogenase,+,-0.0315072183538127,0.973115968978727,0.98828605554237
nirN,PA0509,NirN,-,-0.0455313074959137,0.748889313103626,0.86850369946095
nirN,PA0509,NirN,-,0.302010771244226,0.538423591986379,0.730922672277698
nirJ,PA0511,heme d1 biosynthesis protein NirJ,-,-0.101499791833915,0.846960605593376,0.924041957666334
nirJ,PA0511,heme d1 biosynthesis protein NirJ,-,-0.0517038391957126,0.804539958412008,0.899400970457639
PA0513,PA0513,NirG,-,0.127559581166912,0.951925766726452,0.977209533496212
nirL,PA0514,heme d1 biosynthesis protein NirL,-,-0.216795788854444,0.708176517090526,0.844450912969642
nirL,PA0514,heme d1 biosynthesis protein NirL,-,-0.151384557390578,0.734424204509892,0.859004699878619
nirF,PA0516,heme d1 biosynthesis protein NirF,-,-0.0052979602322739,0.234043180939346,0.446034554629381
nirC,PA0517,probable c-type cytochrome precursor,-,0.216333047035099,0.330181385731847,0.552091663990313
nirM,PA0518,cytochrome c-551 precursor,-,0.0133728602232504,0.99866731206962,0.99930501747528
nirS,PA0519,nitrite reductase precursor,-,-0.0774494864407476,0.619316624042361,0.786022731945897
nirQ,PA0520,regulatory protein NirQ,+,0.280074496705833,0.114288486816241,0.282026245628692
PA0521,PA0521,probable cytochrome c oxidase subunit,+,0.24517860449518,0.824104852089205,0.909267949583548
PA0522,PA0522,hypothetical protein,+,2.03932056281558,0.124222511960937,NA
norC,PA0523,nitric-oxide reductase subunit C,+,0.225381705165829,0.808869027900931,0.900707375828889
norB,PA0524,nitric-oxide reductase subunit B,+,0.286081700851552,0.0499924093090489,0.154143262036234
PA0525,PA0525,probable dinitrification protein NorD,+,0.512378684056796,0.0796309537142501,0.218445129809254
PA0526,PA0526,hypothetical protein,-,0.205907510087133,0.255746182963459,0.471406735328679
dnr,PA0527,transcriptional regulator Dnr,-,-0.490610173575806,0.0442802221374676,0.141790178327258
rsmY,PA0527.1,regulatory RNA RsmY,+,-1.3254523493442,5.11129389360281e-08,6.57104477677581e-07
PA0528,PA0528,probable transcriptional regulator,-,0.0381020006768234,0.14628364775588,0.330103820967899
PA0529,PA0529,conserved hypothetical protein,+,-0.557795671005006,0.0883746224214947,0.235303733590886
PA0530,PA0530,probable class III pyridoxal phosphate-dependent aminotransferase,+,0.0884150249565056,0.741992024508549,0.86382386461583
PA0531,PA0531,probable glutamine amidotransferase,+,-0.199052410837408,0.60390222134607,0.776296111209725
PA0532,PA0532,hypothetical protein,-,-0.699453641048518,0.624618299379809,0.789501643019904
PA0533,PA0533,probable transcriptional regulator,+,-0.129647990889634,0.12179519525453,0.295857984309243
PA0534,PA0534,FAD-dependent oxidoreductase,+,-0.20754662380006,0.459637459375017,0.670129770179627
PA0535,PA0535,probable transcriptional regulator,+,-0.0789244200224221,0.119204674931875,0.291314525769881
PA0536,PA0536,hypothetical protein,-,1.35430176674919,4.21384762734457e-14,9.26435775461118e-13
PA0537,PA0537,conserved hypothetical protein,-,1.06759658788455,7.59087645189719e-11,1.29023636723003e-09
dsbB,PA0538,disulfide bond formation protein,-,-0.202929344137783,0.313194349910593,0.535874564266019
PA0539,PA0539,hypothetical protein,+,0.357299354434187,0.533167110995197,0.728160070610522
PA0540,PA0540,hypothetical protein,+,-0.783359145115757,0.0264702248960044,0.0954375072305137
PA0541,PA0541,hypothetical protein,+,-0.812602426258863,0.000559794059473252,0.00359072975991934
PA0542,PA0542,conserved hypothetical protein,-,-0.0186481272141985,0.417297658305478,0.631461892917118
PA0543,PA0543,hypothetical protein,+,2.91431619295955,3.77724484230615e-45,5.09340482291416e-43
PA0544,PA0544,hypothetical protein,-,-0.438389244612988,0.0404138027864003,0.132128747471917
PA0545,PA0545,hypothetical protein,+,0.24796442149077,0.105147015866428,0.265298436156591
metK,PA0546,methionine adenosyltransferase,-,-0.632855454712721,0.00753975155955204,0.0340410807019061
PA0547,PA0547,probable transcriptional regulator,-,-0.418172913164831,0.285875270124906,0.506423557619282
tktA,PA0548,transketolase,+,-0.046286172614315,0.695972936478552,0.837843700447812
PA0549,PA0549,hypothetical protein,+,-0.0177799802743091,0.661993228429167,0.815643917627055
PA0550,PA0550,conserved hypothetical protein,-,-0.336894582704088,0.595857305786379,0.77093009200677
epd,PA0551,D-erythrose 4-phosphate dehydrogenase,+,0.0803950260576481,0.746430077546799,0.867190831046138
pgk,PA0552,phosphoglycerate kinase,+,0.181454022230659,0.354364856468813,0.575404321394904
PA0553,PA0553,hypothetical protein,+,2.70454942846507,1.51353019776778e-27,7.65341770004575e-26
PA0554,PA0554,hypothetical protein,+,2.55227336129896,1.5534554320374e-25,7.30726167566121e-24
fda,PA0555,"fructose-1,6-bisphosphate aldolase",+,1.74411335645525,1.19368134903232e-09,1.78405379948968e-08
PA0556,PA0556,hypothetical protein,+,1.22956332789828,7.65879625832052e-10,1.17654622013896e-08
PA0557,PA0557,hypothetical protein,-,0.252631752054113,0.333235607858203,0.55475507254055
PA0558,PA0558,conserved hypothetical protein,+,-0.113573613704535,0.208007723071915,0.416541240745854
PA0559,PA0559,conserved hypothetical protein,-,-0.278623969139993,0.641253542500728,0.801302820406593
PA0560,PA0560,conserved hypothetical protein,+,-0.132968960547696,0.0511026805277639,0.156138502236894
PA0561,PA0561,hypothetical protein,+,0.0754154317007455,0.939246873349442,0.971424923723268
PA0562,PA0562,probable hydrolase,-,-0.453423035364818,0.606931102364026,0.777794705204838
PA0563,PA0563,conserved hypothetical protein,-,-1.15978083902838,5.42360994572945e-10,8.39552682415466e-09
PA0564,PA0564,probable transcriptional regulator,-,-0.0358803942246377,0.97866778749014,0.991341363012745
PA0565,PA0565,conserved hypothetical protein,+,-0.201554092172419,0.734181101397107,0.859004699878619
PA0566,PA0566,hypothetical protein,-,0.873633915221268,5.98853990840758e-05,0.000478767591096406
PA0567,PA0567,conserved hypothetical protein,+,3.3898613232036,4.0509986639937e-31,2.61504892479934e-29
PA0568,PA0568,hypothetical protein,-,-0.715412703984465,0.0191539322260562,0.0730522066296098
PA0569,PA0569,hypothetical protein,-,-0.627790947280889,0.203867661417323,0.411864188928974
PA0570,PA0570,hypothetical protein,-,0.287380235492762,0.414217137234902,0.628681738054374
PA0571,PA0571,hypothetical protein,-,-0.160519603917188,0.73547497752448,0.859859382462686
PA0572,PA0572,hypothetical protein,-,0.103262994433575,0.553597422430018,0.743866382778296
PA0573,PA0573,hypothetical protein,-,-0.360547085741689,0.32120474825216,0.543522145118268
PA0574,PA0574,hypothetical protein,-,-0.259090384992624,0.295770878118168,0.517925173640047
PA0574.1,PA0574.1,tRNA-Met,-,0.0302933578162035,0.858564242012664,0.928361070232821
PA0575,PA0575,"redox regulator of c_di_GMP, RmcA",-,-0.10922061105495,0.655641041935521,0.812877420582911
rpoD,PA0576,sigma factor RpoD,-,-0.157391406882975,0.129846496656869,0.309226272258195
dnaG,PA0577,DNA primase,-,-0.019345953365597,0.752223980910301,0.869973751171222
PA0578,PA0578,conserved hypothetical protein,-,-0.58878926382847,0.0639221371075041,0.186211967339575
rpsU,PA0579,30S ribosomal protein S21,-,-0.537786976945943,0.0454261132799804,0.144392695328927
gcp,PA0580,O-sialoglycoprotein endopeptidase,+,-0.551382772842143,0.0185379877550058,0.0711052526532079
PA0581,PA0581,conserved hypothetical protein,-,-0.0716597262171533,0.263996179611177,0.481452474612094
folB,PA0582,dihydroneopterin aldolase,+,-0.249097891263986,0.576406663531599,0.759904387821066
PA0583,PA0583,hypothetical protein,+,-0.0743028340175399,0.953141630518368,0.977796012508107
cca,PA0584,tRNA nucleotidyl transferase,-,0.252371740332012,0.394709481426968,0.612599287092159
PA0585,PA0585,hypothetical protein,-,1.02252617630712,6.36127557903901e-05,0.000505238484471318
PA0586,PA0586,conserved hypothetical protein,-,1.22459232191662,1.03991387266065e-05,9.3070757806856e-05
PA0587,PA0587,conserved hypothetical protein,-,1.29221899874408,1.9013773771109e-06,1.90075089362586e-05
PA0588,PA0588,conserved hypothetical protein,-,1.53925995232388,2.62330234014456e-09,3.7810447980991e-08
PA0589,PA0589,conserved hypothetical protein,-,-0.0287322396132477,0.82345314453819,0.909157740904519
apaH,PA0590,bis(5'-nucleosyl)-tetraphosphatase,-,0.16273239963083,0.702172795010767,0.840391424087837
apaG,PA0591,conserved hypothetical protein,-,-0.0885690576058459,0.465510984163946,0.673720004408734
ksgA,PA0592,"rRNA (adenine-N6,N6)-dimethyltransferase",-,-0.405195669717527,0.44596085017476,0.659002175790397
pdxA,PA0593,pyridoxal phosphate biosynthetic protein PdxA,-,0.327465944875073,0.0420216836628102,0.136211312214708
surA,PA0594,peptidyl-prolyl cis-trans isomerase SurA,-,0.423243914269846,0.00181560245878597,0.0101539868386297
ostA,PA0595,LPS-assembly protein LptD,-,0.376916577660674,0.0100788159336612,0.043684467918183
PA0596,PA0596,hypothetical protein,+,0.52479385403926,0.0109009410918495,0.0467469332475922
PA0597,PA0597,probable nucleotidyl transferase,+,0.365936159219838,0.209752250794005,0.418263771875787
PA0598,PA0598,hypothetical protein,+,0.21191010382621,0.302112003880872,0.524525218755116
PA0599,PA0599,hypothetical protein,-,-0.0383737548182988,0.476179711360887,0.68179766128784
PA0600,PA0600,"two-component sensor, AgtS",+,-0.125871325634851,0.165554678434397,0.359293915858342
PA0601,PA0601,"two-component response regulator, AgtR",+,-0.0430641585471,0.91669975071916,0.959221833107147
PA0602,PA0602,probable binding protein component of ABC transporter,+,-0.35384556540658,0.142451662665152,0.325941436294171
PA0603,PA0603,AgtA,+,-0.330064656862843,0.158307056309265,0.348207869284906
PA0604,PA0604,AgtB,+,0.159239958901232,0.782450156151306,0.88745935467778
PA0605,PA0605,AgtC,+,-0.235301336686068,0.527812226446506,0.724279644974537
PA0606,PA0606,AgtD,+,-0.165201466040903,0.54078226105819,0.732016581700134
rpe,PA0607,ribulose-phosphate 3-epimerase,+,-0.524285993306816,0.199059319961741,0.405085809086678
PA0608,PA0608,probable phosphoglycolate phosphatase,+,-0.326486759500309,0.377752966094154,0.597150834951678
trpE,PA0609,anthranilate synthetase component I,+,-0.398312396099564,0.0176128130065871,0.068553270894144
prtN,PA0610,transcriptional regulator PrtN,-,0.122900522367153,0.0857298562254779,0.230384750919486
prtR,PA0611,transcriptional regulator PrtR,-,-0.07699416084001,0.900621547829179,0.950925970458928
ptrB,PA0612,"repressor, PtrB",+,-0.152776264241021,0.0958644692898435,0.249798654585246
PA0613,PA0613,hypothetical protein,+,-0.237480829712006,0.174568031556741,0.371155856862755
PA0614,PA0614,hypothetical protein,+,0.312755695458836,0.0377584637841786,0.125651733983175
PA0615,PA0615,hypothetical protein,+,0.152434282822505,0.0760099154531246,0.211475546524328
PA0616,PA0616,hypothetical protein,+,0.10681228122646,0.151529234109363,0.339203253021573
PA0617,PA0617,probable bacteriophage protein,+,0.182087694761471,0.0820147001913447,0.22326837180847
PA0618,PA0618,probable bacteriophage protein,+,0.260585774287643,0.0209439507949582,0.0783043089487408
PA0619,PA0619,probable bacteriophage protein,+,0.297142324329733,0.0146637533701307,0.0586550134805227
PA0620,PA0620,probable bacteriophage protein,+,0.160635814527977,0.0821816073299227,0.223538203607173
PA0621,PA0621,conserved hypothetical protein,+,0.245834851811659,0.0331968688514428,0.114388829043747
PA0622,PA0622,probable bacteriophage protein,+,0.120463738407308,0.0479875622031132,0.149875628458592
PA0623,PA0623,probable bacteriophage protein,+,0.0740870772266979,0.0805752487414588,0.220437605664189
PA0624,PA0624,hypothetical protein,+,0.202577201866023,0.0195547801352594,0.0742543215649275
PA0625,PA0625,hypothetical protein,+,0.0495133774269737,0.0769953802270422,0.21294802516759
PA0626,PA0626,hypothetical protein,+,0.370706776781361,0.000751528408984399,0.00464859774283112
PA0627,PA0627,conserved hypothetical protein,+,0.249358383494995,0.0181486420589307,0.0699656670988509
PA0628,PA0628,conserved hypothetical protein,+,0.0668818503258502,0.150222389594065,0.33729753218871
PA0629,PA0629,conserved hypothetical protein,+,0.202421465144622,0.0335705940707496,0.115218532138749
PA0630,PA0630,hypothetical protein,+,0.399390127574296,0.00620865799080695,0.0289884484152988
PA0631,PA0631,hypothetical protein,+,0.471290654084913,0.0190165875553446,0.0727111866955456
PA0633,PA0633,hypothetical protein,+,0.0663646473157834,0.0219115659694239,0.0811293160242577
PA0634,PA0634,hypothetical protein,+,-0.0126757529152484,0.0697923442185547,0.198919654635129
PA0635,PA0635,hypothetical protein,+,0.0146112888552737,0.0950652615533297,0.248216870527369
PA0636,PA0636,hypothetical protein,+,0.201332984846178,0.0265520657587843,0.0956757333873533
PA0637,PA0637,conserved hypothetical protein,+,0.317115357123281,0.0129126796560977,0.0534649558763369
PA0638,PA0638,probable bacteriophage protein,+,0.500781513840689,0.00428909674708623,0.0214915268879597
PA0639,PA0639,conserved hypothetical protein,+,0.369829527092406,0.00472299335578599,0.0231623705326889
PA0640,PA0640,probable bacteriophage protein,+,0.112578405872649,0.0421529403909006,0.136490951062959
PA0641,PA0641,probable bacteriophage protein,+,0.278158046517282,0.0133848968218219,0.0550267980452678
PA0643,PA0643,hypothetical protein,+,0.239902283503519,0.00332094446069905,0.0172677729113298
PA0644,PA0644,hypothetical protein,+,0.128201577803233,0.0178421192950639,0.0690031739212543
PA0645,PA0645,hypothetical protein,+,0.123937168425285,0.0243319859416486,0.0885434732287625
PA0646,PA0646,hypothetical protein,+,-0.00540226099300619,0.014502623189843,0.0582547413194242
PA0647,PA0647,hypothetical protein,+,-0.166209846325874,0.0104748764781121,0.0452717595934362
PA0648,PA0648,hypothetical protein,+,0.341868352865777,0.00588371863925895,0.027827283478584
trpG,PA0649,anthranilate synthase component II,+,-0.237719293278018,0.274680324107689,0.494734403884078
trpD,PA0650,anthranilate phosphoribosyltransferase,+,-0.132498297028912,0.0499061409136099,0.154112194943402
trpC,PA0651,indole-3-glycerol-phosphate synthase,+,-0.0239712792597638,0.94167596790968,0.972611025238458
vfr,PA0652,transcriptional regulator Vfr,-,-0.207273614903786,0.386926028436498,0.605385678123412
PA0653,PA0653,conserved hypothetical protein,+,0.0233057012441852,0.966327772817392,0.984664471109309
speD,PA0654,S-adenosylmethionine decarboxylase proenzyme,+,-0.136868861118058,0.761965194478302,0.876014550984148
PA0655,PA0655,hypothetical protein,-,-0.343794041727572,0.198286535238014,0.404567698456144
PA0656,PA0656,probable HIT family protein,-,-0.227139015263946,0.377537796716197,0.597054821598614
PA0657,PA0657,probable ATPase,+,0.324293692649957,0.157054579889359,0.347559150535606
PA0658,PA0658,probable short-chain dehydrogenase,-,0.598042491672751,0.00673514712707795,0.0310317940524746
PA0659,PA0659,hypothetical protein,-,-0.487301423649724,0.0330035507503392,0.113916692806063
PA0660,PA0660,NAD(P)H:quinone reductase,-,-0.618097416636602,0.00470375538426623,0.0231487329048885
PA0661,PA0661,conserved hypothetical protein,-,-0.634729420146624,0.0321497960358186,0.111858890962232
argC,PA0662,N-acetyl-gamma-glutamyl-phosphate reductase,+,0.0263142033990406,0.80990169674227,0.900913564772153
PA0663,PA0663,hypothetical protein,+,-0.660707304491979,0.000487049211770217,0.00318128591713851
PA0664,PA0664,hypothetical protein,+,-0.485350711856201,0.00012078181701629,0.000902591213860647
PA0665,PA0665,conserved hypothetical protein,+,-0.3895162639973,0.0318949569718061,0.111101377098117
PA0666,PA0666,conserved hypothetical protein,-,0.645705530470738,0.000188640343117103,0.00136108157197929
PA0667,PA0667,MepM,-,0.739400436400283,2.22893595093661e-07,2.59600448182022e-06
tyrZ,PA0668,tyrosyl-tRNA synthetase 2,+,-0.643660052134914,2.09190662856128e-05,0.000180821786639742
PA0668.1,PA0668.1,16S ribosomal RNA,+,NA,NA,NA
PA0668.2,PA0668.2,tRNA-Ile,+,NA,NA,NA
PA0668.3,PA0668.3,tRNA-Ala,+,NA,NA,NA
PA0668.4,PA0668.4,23S ribosomal RNA,+,NA,NA,NA
PA0668.5,PA0668.5,5S ribosomal RNA,+,NA,NA,NA
PA0669,PA0669,probable DNA polymerase alpha chain,-,-0.123278724264467,0.846987700814132,0.924041957666334
PA0670,PA0670,hypothetical protein,-,0.438657452455569,0.0799507331670802,0.21902530422476
PA0671,PA0671,hypothetical protein,-,0.587796717386382,0.0309093394570872,0.108227277452744
hemO,PA0672,heme oxygenase,+,-0.366667399954628,0.851854887413038,0.92585625234145
PA0673,PA0673,hypothetical protein,-,-0.0826464335134242,0.902142481621177,0.951616913283097
vreA,PA0674,VreA,+,0.561813502524171,0.134956467586897,0.315939755137844
vreI,PA0675,"ECF sigma factor, VreI",+,0.153162086065912,0.821312345351807,0.907616702166229
vreR,PA0676,"sigma factor regulator, VreR",+,0.181733709581184,0.79919569296856,0.896131976310061
PA0677,PA0677,HxcW,-,-0.188422126969894,0.0787147114962616,0.216518979763969
PA0678,PA0678,HxcU,-,-0.23646025359557,0.924657226704315,NA
PA0679,PA0679,HxcP,+,-0.0102147846219094,0.245731018785208,0.460270944473672
PA0068,PA068,hypothetical protein,+,0.151196644072119,0.757352840835282,0.872922012921116
PA0680,PA0680,HxcV,-,-1.62204383587535,0.192495806517274,NA
PA0681,PA0681,HxcT,+,2.38310701437362,1.50185056920965e-08,2.02516205643648e-07
PA0682,PA0682,HxcX,+,0.887234012951284,0.28926361820566,0.510395939305596
PA0683,PA0683,HxcY,+,0.377007308729518,0.697935917475279,0.838615420120668
PA0684,PA0684,HxcZ,+,0.0289966037933549,0.834851468649387,0.917067109298422
PA0685,PA0685,HxcQ,+,0.513576767714501,0.538239338077158,0.730922672277698
PA0686,PA0686,HxcR,+,0.575783688032544,0.380445893545309,0.6000898575599
PA0687,PA0687,HxcS,+,-0.0796714196591222,0.947558717395076,0.975201203723427
PA0688,PA0688,"low-molecular-weight alkaline phosphatase A, LapA",+,0.226241358792645,0.808974159239856,0.900707375828889
PA0689,PA0689,"low-molecular-weight alkaline phosphatase B, LapB",+,0.258640944061328,0.242698996382492,0.456650390712856
PA0690,PA0690,"phosphate depletion regulated TPS partner A, PdtA",+,0.303151415168369,0.154911157608784,0.344679746064125
PA0691,PA0691,prevent-host-death protein A,+,-0.0721876045542012,0.135702093542226,0.31658604521885
PA0692,PA0692,"phosphate depletion regulated TPS partner B, PdtB",+,0.657925340031913,0.152575538040068,0.341004922588263
exbB2,PA0693,transport protein ExbB2,+,0.0728555813956035,0.361370626167967,0.58164375585868
exbD2,PA0694,transport protein ExbD,+,-0.255625164318635,0.708025951420096,0.844450912969642
PA0695,PA0695,hypothetical protein,+,0.557453936112026,0.443985436042125,0.657976944872237
PA0696,PA0696,hypothetical protein,+,0.0655288686684241,0.533531212950124,0.728175303684514
PA0697,PA0697,hypothetical protein,+,1.15920832592947,0.296956314903816,0.518989319941347
PA0698,PA0698,hypothetical protein,+,1.3013454451528,0.0467311020868601,0.147333413492463
PA0699,PA0699,"probable peptidyl-prolyl cis-trans isomerase, PpiC-type",+,0.276215700243516,0.748544289301338,0.86850369946095
PA0700,PA0700,hypothetical protein,+,-0.101942326261107,0.333189821058607,0.55475507254055
PA0701,PA0701,probable transcriptional regulator,+,0.252196315866118,0.753956011503623,0.871263583661014
PA0701a,PA0701a,–,+,0.313698979689044,0.371890592072146,0.591670716490242
PA0702,PA0702,hypothetical protein,-,-0.206954394191058,0.923226267513197,0.962515042517162
PA0703,PA0703,probable major facilitator superfamily (MFS) transporter,-,-0.235476123708191,0.696528769809832,0.837933500239108
PA0704,PA0704,probable amidase,-,0.0910070364011713,0.865394481437793,0.931561772816131
migA,PA0705,"alpha-1,6-rhamnosyltransferase MigA",-,-0.257494649085929,0.275929268529783,0.495671096502729
cat,PA0706,chloramphenicol acetyltransferase,-,-0.334238641229157,0.304530765193436,0.52691550704128
toxR,PA0707,transcriptional regulator ToxR,-,0.485395409693549,0.312617908080345,0.535375529870194
PA0708,PA0708,probable transcriptional regulator,-,-0.0380836354547829,0.915051793520066,0.958549054405449
PA0709,PA0709,hypothetical protein,+,0.345818802530351,0.705973161663309,0.843276603341134
gloA2,PA0710,lactoylglutathione lyase,+,0.842577261578837,0.252164938818286,0.467645736170342
PA0711,PA0711,hypothetical protein,-,0.205865097735729,0.580987257040149,0.761267690718986
PA0712,PA0712,hypothetical protein,-,-0.363986885582506,0.0802188523817052,0.219660648128243
PA0713,PA0713,hypothetical protein,+,0.236222347199898,0.0655911611927902,0.189527221960881
PA0714,PA0714,hypothetical protein,+,0.134753419244517,0.0343872977276776,0.117160091303508
phrD,PA0714.1,–,+,0.0378001312691876,0.943145457830827,0.972847351235767
PA0715,PA0715,hypothetical protein,+,-0.357236082433556,0.00492955014465036,0.0239491675562357
PA0716,PA0716,hypothetical protein,+,-0.398572420256408,0.00106775886374221,0.00630882257564529
PA0718,PA0718,hypothetical protein of bacteriophage Pf1,+,-0.0863674424750026,0.905991242070349,0.952275243503702
PA0719,PA0719,hypothetical protein of bacteriophage Pf1,+,0.469555804627664,0.188762241592052,0.391601731781072
PA0720,PA0720,helix destabilizing protein of bacteriophage Pf1,+,-0.557020277697143,0.225334645277823,0.436567888743879
PA0721,PA0721,hypothetical protein of bacteriophage Pf1,+,0.469509161348348,0.768901881314317,0.880029214833154
PA0722,PA0722,hypothetical protein of bacteriophage Pf1,+,0.305110663888879,0.704595620962374,0.842191788192115
coaB,PA0723,coat protein B of bacteriophage Pf1,+,0.170945976188991,0.493363630807555,0.696029687054807
PA0724,PA0724,probable coat protein A of bacteriophage Pf1,+,0.323777149143207,0.572633559229368,0.758066684037958
PA0725,PA0725,hypothetical protein of bacteriophage Pf1,+,0.675534196676105,0.660336948616971,0.814678135865851
PA0726,PA0726,hypothetical protein of bacteriophage Pf1,+,0.529534279373926,0.454592883902947,0.666297009546638
PA0727,PA0727,Pf replication initiator protein,+,0.551468203223829,0.175306951972967,0.371879459110141
PA0728,PA0728,probable bacteriophage integrase,+,0.453888164038892,0.0793371071846342,0.21773747914806
PA0729,PA0729,"Pf4 inhibition toxin, PfiT",+,0.143961546978132,0.243208938598727,0.456698282294765
PA0729.1,PA0729.1,tRNA-Gly,-,0.0219232033443856,0.0598578817689442,0.17681999840718
PA0730,PA0730,probable transferase,-,-0.39361605527214,0.195613294485836,0.401425155813669
PA0731,PA0731,hypothetical protein,-,0.135304274343754,0.383851820879581,0.602954400491146
PA0732,PA0732,hypothetical protein,-,1.92267117368113,8.88271549586873e-20,2.66833255588769e-18
PA0733,PA0733,probable pseudouridylate synthase,-,-0.0556874890528752,0.992276410805635,0.996882209850772
PA0734,PA0734,hypothetical protein,-,0.0369336355245421,0.707577987536795,0.844196466451685
PA0735,PA0735,hypothetical protein,-,-0.486504840629272,0.386221272798434,0.604953712788048
PA0736,PA0736,hypothetical protein,-,0.364648722692158,0.246078638655064,0.460723597457244
PA0736a,PA0736a,–,+,2.65767996999492,2.63902606048727e-48,4.70988533383433e-46
PA0737,PA0737,hypothetical protein,+,3.06268635328414,3.03587210287626e-64,1.41705168617332e-61
PA0738,PA0738,conserved hypothetical protein,+,2.27860904753486,3.1030366849823e-16,7.65415715628968e-15
PA0739,PA0739,probable transcriptional regulator,-,0.163655639998843,0.874492025068833,0.936371556046882
sdsA1,PA0740,SDS hydrolase SdsA1,+,0.22016277103053,0.737094424940306,0.860629011071344
PA0741,PA0741,conserved hypothetical protein,-,0.0320768511126353,0.990582872280913,0.99638984545836
PA0742,PA0742,hypothetical protein,-,0.342967042908202,0.195631647434219,0.401425155813669
PA0743,PA0743,probable 3-hydroxyisobutyrate dehydrogenase,-,-0.0860415754614208,0.68168298763378,0.829046916934434
PA0744,PA0744,probable enoyl-CoA hydratase/isomerase,-,0.00939895861441706,0.80852643744744,0.900707375828889
PA0745,PA0745,DspI,-,-0.0725462148090551,0.221890831455175,0.431729107359262
PA0746,PA0746,probable acyl-CoA dehydrogenase,-,0.158650188616543,0.21199796601426,0.419981605541798
PA0747,PA0747,probable aldehyde dehydrogenase,-,0.574578204994543,0.000303460581202475,0.00209249864401888
PA0748,PA0748,hypothetical pseudogene,+,0.169819292365303,0.3738721909389,0.592808567220939
PA0749,PA0749,hypothetical protein,+,-0.679784846600205,0.0331968899054118,0.114388829043747
ung,PA0750,uracil-DNA glycosylase,+,-0.41439827873529,0.00160484250075208,0.00911815008854271
PA0751,PA0751,conserved hypothetical protein,-,-0.0182912389894292,0.959878677663739,0.981389600722848
PA0752,PA0752,conserved hypothetical protein,-,0.238361274995851,0.476392785680663,0.681941831448517
PA0753,PA0753,hypothetical protein,-,-0.451617495458965,0.800651537676027,0.897202868073524
PA0754,PA0754,hypothetical protein,-,-0.538804801552152,0.111922820076771,0.278225183214193
opdH,PA0755,cis-aconitate porin OpdH,-,0.278866805600768,0.218158962532096,0.427028575691858
PA0756,PA0756,probable two-component response regulator,+,-0.199896445333878,0.719230407563056,0.851568802554658
PA0757,PA0757,probable two-component sensor,+,-0.311182177156167,0.482807961805676,0.686102929241926
PA0758,PA0758,hypothetical protein,-,-0.0900656049781422,0.341211423529839,0.560987184529344
PA0759,PA0759,conserved hypothetical protein,-,-0.137986998107941,0.722693780133858,0.85392353749906
PA0760,PA0760,conserved hypothetical protein,+,0.211087962337207,0.299429757587243,0.521659422635483
nadB,PA0761,L-aspartate oxidase,-,-0.0410983270816573,0.635532745675771,0.797603454138692
algU,PA0762,sigma factor AlgU,+,2.41021572616736,3.6093041806375e-48,6.25750221945953e-46
mucA,PA0763,anti-sigma factor MucA,+,2.81553016679453,6.13475967926387e-32,4.32857229462479e-30
mucB,PA0764,negative regulator for alginate biosynthesis MucB,+,2.63904656116498,1.45999462729459e-43,1.73710733302423e-41
mucC,PA0765,positive regulator for alginate biosynthesis MucC,+,2.38732970160105,1.80846791511164e-25,8.31347220371016e-24
mucD,PA0766,serine protease MucD precursor,+,1.19209000270737,3.60937260767307e-07,4.10913189181242e-06
lepA,PA0767,GTP-binding protein LepA,+,-0.302365741674092,0.0979013452265774,0.253440854451737
lepB,PA0768,signal peptidase I,+,-0.212890476499328,0.365553441849521,0.585580328707206
PA0769,PA0769,hypothetical protein,+,-0.0490463979904371,0.920107709281116,0.960800822563726
rnc,PA0770,ribonuclease III,+,0.219761675376062,0.165244564664828,0.359263353058466
era,PA0771,GTP-binding protein Era,+,-0.015126221826428,0.351474755762693,0.572396354795497
recO,PA0772,DNA repair protein RecO,+,0.0856963694908768,0.856874394408857,0.927596090198881
pdxJ,PA0773,pyridoxal phosphate biosynthetic protein PdxJ,+,-0.191151059999775,0.0995652927824036,0.256435567319026
PA0774,PA0774,conserved hypothetical protein,-,-0.313098758562145,0.288882482173582,0.510020047084462
PA0775,PA0775,conserved hypothetical protein,-,0.0875587621573422,0.603068165053373,0.775793433441566
PA0776,PA0776,hypothetical protein,-,0.535300753065879,0.016021723619665,0.0634594118303703
PA0777,PA0777,hypothetical protein,-,1.23120926212284,9.73215007758298e-07,1.02525497692315e-05
icp,PA0778,inhibitor of cysteine peptidase,-,0.194768195702909,0.191103076754745,0.395114022234029
PA0779,PA0779,AsrA,-,0.802508410787466,2.4512654480586e-05,0.000210088682751689
pruR,PA0780,proline utilization regulator,+,-0.116959406771229,0.811464392521132,0.901495044639002
PA0781,PA0781,hypothetical protein,-,1.11143757695937,0.0808612152672915,0.220821716580524
putA,PA0782,proline dehydrogenase PutA,+,-0.0282449740258561,0.8594211156347,0.928756425587064
putP,PA0783,sodium/proline symporter PutP,+,-0.4891294654229,0.0328999731446597,0.11368851767756
PA0784,PA0784,probable transcriptional regulator,-,0.0448546082919851,0.270472814856243,0.489772915711037
azoR1,PA0785,"FMN-dependent NADH-azoreductase 1, AzoR1",+,0.16274773357347,0.80787569426122,0.900707375828889
PA0786,PA0786,probable transporter,+,-0.773759358437939,0.156564722335208,0.347105442803956
PA0787,PA0787,hypothetical protein,+,-0.286762296683902,0.236078513197562,0.448617517034053
PA0788,PA0788,hypothetical protein,-,0.556529929104149,1.64768105823083e-05,0.000144273140856345
PA0788a,PA0788a,–,+,0.758923469364945,0.00400196970273663,0.0202029552048302
PA0789,PA0789,probable amino acid permease,+,-0.453449531521979,0.0240542071069087,0.0877696504658581
PA0790,PA0790,hypothetical protein,-,0.395718431238627,0.52243673930163,0.720487757745975
PA0791,PA0791,probable transcriptional regulator,+,0.0458283579387103,0.975639540141311,0.989843045870314
prpD,PA0792,propionate catabolic protein PrpD,-,-0.0797351969109026,0.566656818639217,0.754382092036588
PA0793,PA0793,hypothetical protein,-,0.0970291812648466,0.280279474249325,0.500363592157959
PA0794,PA0794,probable aconitate hydratase,-,0.164287671535472,0.227047322303491,0.437916549996242
prpC,PA0795,citrate synthase 2,-,-0.350947739332101,0.276502658052723,0.496045878017768
prpB,PA0796,carboxyphosphonoenolpyruvate phosphonomutase,-,-0.183378823065162,0.75341169117798,0.871132267924539
PA0797,PA0797,probable transcriptional regulator,-,-0.143850713646017,0.222105867426119,0.431920483649323
pmtA,PA0798,phospholipid methyltransferase,+,-0.0054072142765368,0.89322310534705,0.948561043620214
PA0799,PA0799,probable helicase,-,-0.287299799371586,0.380740695189046,0.600106009399072
PA0800,PA0800,hypothetical protein,+,1.06242529109087,0.152043370132928,0.340066041270404
PA0801,PA0801,hypothetical protein,+,-0.20308443590888,0.636997772192636,0.79845124595433
PA0802,PA0802,hypothetical protein,+,0.0431843283575995,0.810509070304114,0.901093631111279
PA0803,PA0803,hypothetical protein,+,-0.568859380608649,0.184530036469969,0.385229155802018
PA0804,PA0804,probable oxidoreductase,+,-0.131501820183548,0.778016462921963,0.884414368117361
PA0805,PA0805,hypothetical protein,-,1.01532690871018,1.04134134459873e-06,1.09322824896628e-05
PA0805.1,PA0805.1,sRNA,-,0.387358609782273,0.0507342721950056,0.155525011571126
PA0806,PA0806,hypothetical protein,+,0.562884180036707,0.263667399986839,0.481452474612094
PA0806.1,PA0806.1,putative sRNA,-,0.762197340930765,0.236196031762615,0.448617517034053
ampDh3,PA0807,AmpDh3,+,0.296475098110191,0.000168410742403955,0.00122826488570577
PA0808,PA0808,hypothetical protein,+,0.299100131710279,0.00889202604741478,0.0392128009125821
PA0809,PA0809,probable transporter,-,-0.551457194115362,0.420513383006948,0.635061027398249
PA0810,PA0810,probable haloacid dehalogenase,-,0.0306034824865086,0.966192762004786,0.984664471109309
PA0811,PA0811,probable major facilitator superfamily (MFS) transporter,-,0.162180194995034,0.794379633002457,0.892978068369565
PA0812,PA0812,hypothetical protein,-,0.356170614146112,0.733311069591085,0.858642595639555
PA0813,PA0813,hypothetical protein,-,0.555527234859967,0.165370908200834,0.359280583946531
PA0814,PA0814,Rid1 subfamily protein,-,0.0232442815722371,0.943187371015164,0.972847351235767
PA0815,PA0815,probable transcriptional regulator,+,0.17297967688014,0.106441308213598,0.26778020656721
PA0816,PA0816,probable transcriptional regulator,-,0.521923722231233,0.0494757395557246,0.153094741266771
PA0817,PA0817,probable ring-cleaving dioxygenase,+,0.434295405962677,0.0108409010871151,0.0465223393186807
PA0818,PA0818,hypothetical protein,-,0.377920571079775,0.347699664378102,0.567772218365533
PA0819,PA0819,hypothetical protein,+,0.690595084936931,0.0107236504181295,0.0461170168229696
PA0820,PA0820,hypothetical protein,+,-0.218852943191184,0.10760630574047,0.269704693611388
PA0821,PA0821,hypothetical protein,-,1.2205039862608,2.91259198585138e-10,4.68795972682922e-09
PA0823,PA0823,hypothetical protein,-,-0.8385192918584,0.637570737786694,NA
PA0824,PA0824,hypothetical protein,-,-1.30463319598348,0.197348369689482,0.403473688435235
PA0825,PA0825,hypothetical protein,-,1.02956779948111,0.470909252409754,0.677651689374106
PA0826,PA0826,hypothetical protein,-,-0.18156009134148,0.300314778651765,0.52305111276088
ssrA,PA0826.2,tmRNA,-,0.153097470886838,0.147021178880084,0.331152380640071
PA0827,PA0827,hypothetical protein,-,-0.622655584954905,0.0982482240547646,0.253797455753219
PA0828,PA0828,probable transcriptional regulator,+,0.2420273475945,0.27167735565184,0.490782433490731
PA0829,PA0829,probable hydrolase,+,0.502590060996784,0.112207741651065,0.278705106974482
PA0830,PA0830,hypothetical protein,-,0.851152136371657,2.69461581621785e-06,2.62034114948877e-05
oruR,PA0831,transcriptional regulator OruR,+,-0.0187177567740595,0.660540499587065,0.814678135865851
PA0832,PA0832,conserved hypothetical protein,+,-0.0275681288587361,0.120797275748628,0.294140396967365
PA0833,PA0833,hypothetical protein,+,-0.15783329981221,0.647230131198612,0.806446085444185
PA0834,PA0834,conserved hypothetical protein,-,-0.119375654643155,0.914247689319022,0.957978756482098
pta,PA0835,phosphate acetyltransferase,-,0.0766255036452764,0.511586941962998,0.71069358146325
ackA,PA0836,acetate kinase,-,0.209429126420267,0.0740352846144352,0.207454117608749
PA0836.1,PA0836.1,P5,+,-0.0877372689930212,0.987010778343692,0.995465945954522
slyD,PA0837,peptidyl-prolyl cis-trans isomerase SlyD,+,-0.553369535011487,0.00212935326288932,0.011629987037995
PA0838,PA0838,probable glutathione peroxidase,+,0.222390516744226,0.500600400115994,0.701858416798488
PA0839,PA0839,probable transcriptional regulator,+,0.0873994002646676,0.164636785331641,0.358455691924074
PA0840,PA0840,probable oxidoreductase,+,0.195680947003448,0.52087057781407,0.719218235024626
PA0841,PA0841,hypothetical protein,+,0.156660934777769,0.81385747902549,0.902336411972716
PA0842,PA0842,probable glycosyl transferase,-,0.944080973102375,0.0509835644487044,0.156010221419434
plcR,PA0843,phospholipase accessory protein PlcR precursor,-,3.00116263288826,2.33087756271651e-49,4.56250485502058e-47
plcH,PA0844,hemolytic phospholipase C precursor,-,1.49903840804487,1.84640684573652e-09,2.69975825058535e-08
PA0845,PA0845,CerN,-,-0.0658666408383001,0.96213148569778,0.981872494990604
PA0846,PA0846,probable sulfate uptake protein,-,0.488864017854246,0.103015753255579,0.262316236153946
PA0847,PA0847,diguanylate cyclase,-,0.0416489283006553,0.267115474388039,0.486385467962609
PA0848,PA0848,"alkyl hydroperoxide reductase , AhpB",+,0.161810276357279,0.288708134052208,0.509860581323865
trxB2,PA0849,thioredoxin reductase 2,+,1.03779930641846,5.95798011027338e-05,0.000476952814104735
PA0850,PA0850,hypothetical protein,+,0.272112610986097,0.189339190854475,0.39265557419855
PA0851,PA0851,hypothetical protein,-,0.116081903649664,0.851473153443144,0.925723554127839
cbpD,PA0852,chitin-binding protein CbpD precursor,-,-0.272186901095866,0.0980439186004433,0.253593562688615
PA0853,PA0853,probable oxidoreductase,-,1.79195268532846,1.1872218183702e-15,2.89319758789974e-14
fumC2,PA0854,fumarate hydratase,-,1.92916408110892,1.2390717180058e-16,3.13278632702466e-15
PA0855,PA0855,hypothetical protein,-,0.172918320170601,0.357018944990449,0.577858351080833
PA0856,PA0856,hypothetical protein,+,1.08725227857098,2.14179177745891e-05,0.000184345992987527
bolA,PA0857,morphogene protein BolA,+,1.14063014015508,5.0943135129684e-06,4.80004571377209e-05
PA0858,PA0858,conserved hypothetical protein,+,-0.0140595713097687,0.85825779612973,0.928325901410909
PA0859,PA0859,hypothetical protein,+,0.324544856434789,0.304965565675742,0.527216824079887
PA0860,PA0860,probable ATP-binding/permease fusion ABC transporter,+,0.12755877668504,0.785680459775632,0.888015632663717
PA0861,PA0861,RbDA,+,-0.190552218827263,0.0774114330246699,0.213709088077205
PA0862,PA0862,hypothetical protein,+,0.0509807966528293,0.663840970214923,0.816104188947622
PA0863,PA0863,probable oxidoreductase,-,0.0761409090068838,0.699377972147955,0.838615420120668
PA0864,PA0864,probable transcriptional regulator,-,0.0384729314245183,0.50607906440349,0.707414826722041
hpd,PA0865,4-hydroxyphenylpyruvate dioxygenase,+,-0.54647105110139,0.075608283211883,0.210744631387095
aroP2,PA0866,aromatic amino acid transport protein AroP2,+,-1.92160622890644,1.99467036653971e-08,2.66014500750834e-07
mliC,PA0867,membrane-bound lysozyme inhibitor of c-type lysozyme MliC,+,-1.04342938896369,1.07539858086425e-06,1.12315294125375e-05
PA0868,PA0868,conserved hypothetical protein,+,-0.313841540373082,0.331311867891935,0.55301199925561
pbpG,PA0869,D-alanyl-D-alanine-endopeptidase,-,0.155144939760581,0.411579701139545,0.626245142054854
phhC,PA0870,aromatic amino acid aminotransferase,-,-0.410607890318501,0.0943479864996451,0.247301763317428
phhB,PA0871,pterin-4-alpha-carbinolamine dehydratase,-,-0.419862313655293,0.197012484785147,0.403081473474722
phhA,PA0872,phenylalanine-4-hydroxylase,-,-0.12577523399486,0.805834666988592,0.900148124978288
phhR,PA0873,transcriptional regulator PhhR,+,-0.799903448025513,4.0274567357507e-06,3.84254834473825e-05
PA0874,PA0874,hypothetical protein,-,0.169699136350338,0.416243472528992,0.63049560441985
PA0875,PA0875,conserved hypothetical protein,-,-0.452186576712083,0.267159321806094,0.486385467962609
PA0876,PA0876,probable transcriptional regulator,+,-0.272339517960438,0.385340736137143,0.603886256942196
PA0877,PA0877,probable transcriptional regulator,-,0.247273944501323,0.615248283132874,0.783409547550633
PA0878,PA0878,hypothetical protein,+,0.411293237537894,0.588966637255196,0.766458525560284
PA0879,PA0879,probable acyl-CoA dehydrogenase,+,-0.112698124936819,0.493460730670695,0.696029687054807
PA0880,PA0880,probable ring-cleaving dioxygenase,+,0.768617261597259,0.236756515772964,0.449303418351393
PA0881,PA0881,hypothetical protein,+,0.110011174142222,0.648240922913067,0.807373957355602
PA0882,PA0882,hypothetical protein,+,-0.213384465247201,0.167902096579125,0.362057541592796
PA0883,PA0883,probable acyl-CoA lyase beta chain,+,0.0813579750411043,0.944678970592346,0.973231138177818
PA0884,PA0884,probable C4-dicarboxylate-binding periplasmic protein,+,1.64251695104549,5.82990467461022e-07,6.36256502977245e-06
PA0885,PA0885,probable C4-dicarboxylate transporter,+,0.468590958487542,0.429129221406046,0.643269791376454
PA0886,PA0886,probable C4-dicarboxylate transporter,+,-0.038331189898705,0.398696717707224,0.616066127590383
acsA,PA0887,acetyl-coenzyme A synthetase,+,0.0220418624723468,0.850835215251302,0.925723554127839
P7,PA0887.1,sRNA,+,0.176805217615653,0.578334518619546,0.760505698841326
aotJ,PA0888,arginine/ornithine binding protein AotJ,+,-0.648412606209763,6.18626446946204e-05,0.000493275332466434
aotQ,PA0889,arginine/ornithine transport protein AotQ,+,0.217934906130371,0.554936150814687,0.744566154921565
aotM,PA0890,arginine/ornithine transport protein AotM,+,-0.150430850787769,0.813648831544907,0.902269939659082
PA0891,PA0891,hypothetical protein,+,-0.211989904998965,0.490253905457581,0.693644875979777
aotP,PA0892,arginine/ornithine transport protein AotP,+,-0.256085408481567,0.267454511508251,0.486596574955123
argR,PA0893,transcriptional regulator ArgR,+,-0.0927958533052937,0.478392533256786,0.682920037297529
PA0894,PA0894,hypothetical protein,-,0.499631631046481,0.138068747163005,0.319967741306105
aruC,PA0895,N2-Succinylornithine 5-aminotransferase (SOAT)  N2-acetylornithine 5-aminotransferase (ACOAT),+,0.0926336424118492,0.70361370461572,0.841783903708239
aruF,PA0896,subunit I of arginine N2-succinyltransferase ornithine N2-succinyltransferase,+,0.368136989989286,0.212624380905952,0.420947713976286
aruG,PA0897,subunit II of arginine N2-succinyltransferase ornithine N2-succinyltransferase,+,0.300632053343905,0.231579060856659,0.443107068305464
aruD,PA0898,N-Succinylglutamate 5-semialdehyde dehydrogenase,+,0.359846256149291,0.175255157869715,0.371879459110141
aruB,PA0899,N2-Succinylarginine dihydrolase,+,0.202941988242885,0.29174982139065,0.513141424985063
PA0900,PA0900,hypothetical protein,+,-0.393140891394283,0.374891555790158,0.593953514499915
aruE,PA0901,N-Succinylglutamate desuccinylase,+,0.225652316241809,0.127401671273536,0.305080245180669
PA0902,PA0902,hypothetical protein,+,0.113566193235869,0.118307169452316,0.289821519675677
alaS,PA0903,alanyl-tRNA synthetase,+,-0.400215402363019,0.0171236334237568,0.0669498760408223
lysC,PA0904,aspartate kinase alpha and beta chain,+,-0.424185698267324,0.000118249612071168,0.000885737966055479
rsmA,PA0905,RsmA,+,1.12354784449244,0.000383504154211715,0.00257138475995214
PA0905.1,PA0905.1,tRNA-Ser,+,0.829340898283385,7.89390376453989e-06,7.23568097329729e-05
PA0905.2,PA0905.2,tRNA-Arg,+,0.367076676077553,0.0351117213080002,0.119159913253325
PA0905.3,PA0905.3,tRNA-Arg,+,0.290045203739917,0.208635924049791,0.416884508148408
PA0906,PA0906,"lysis phenotype repressor, AlpR",-,-0.0787930692570295,0.95119391332495,0.976623462953604
PA0907,PA0907,"lysis phenotype activator, AlpA",+,-0.00123368164396002,0.169425878812296,0.364125474555568
PA0908,PA0908,AlpB,+,0.00298426666252711,0.0243538326992097,0.0885434732287625
PA0909,PA0909,AlpC,+,0.301690656936701,0.00523316715355847,0.0251424056118708
PA0910,PA0910,AlpD,+,0.0651531811355724,0.0248580406050801,0.0901066848217599
PA0911,PA0911,AlpE,+,-0.154340171776274,0.0919218182792299,0.242408341294379
PA0912,PA0912,hypothetical protein,-,0.202497278641709,0.793758608651313,0.892771667669114
mgtE,PA0913,MgtE,+,1.23346875654658,2.89615996515545e-14,6.46099215756003e-13
PA0914,PA0914,hypothetical protein,-,-1.19330349198075,0.0176546710648219,0.0685842151224962
PA0915,PA0915,conserved hypothetical protein,-,-1.16791510924628,0.0218293927719455,0.0810653337455111
PA0916,PA0916,conserved hypothetical protein,-,-0.287229271507352,0.525235849944801,0.722051064582542
kup,PA0917,potassium uptake protein Kup,+,-0.0614298825661166,0.23613132188052,0.448617517034053
PA0918,PA0918,cytochrome b561,-,-0.00703469371871691,0.983284796059808,0.992851435786758
PA0919,PA0919,alanyl-phosphatidylglycerol hydrolase,-,1.40401405728901,1.90107412487355e-17,5.03743134922824e-16
PA0920,PA0920,alanyl-phosphatidylglycerol synthase,-,1.80532605682573,1.7664458463182e-33,1.32330782659985e-31
PA0921,PA0921,hypothetical protein,+,0.100568503741315,0.665414889745929,0.816913246975178
PA0922,PA0922,hypothetical protein,-,-0.163639111929198,0.625000014754867,0.789501643019904
PA0922.1,PA0922.1,tRNA-Met,-,0.539464920503229,0.579315144610494,0.760505698841326
dinB,PA0923,"DNA Polymerase IV, DinB",+,0.152281809712924,0.696002759648153,0.837843700447812
PA0924,PA0924,hypothetical protein,-,0.348495905270282,0.378509354028418,0.598123635480322
PA0925,PA0925,hypothetical protein,-,-0.0209691262058886,0.649513251600202,0.808129261986883
PA0926,PA0926,hypothetical protein,-,-0.491241838378258,0.12335543751319,0.298572315448759
ldhA,PA0927,D-lactate dehydrogenase (fermentative),-,0.197192661219799,0.393460162750874,0.611713109805869
gacS,PA0928,sensor/response regulator hybrid,-,-0.179927210431779,0.463617010729871,0.673044626230605
PA0929,PA0929,two-component response regulator,+,-0.197326276850769,0.755076920268121,0.871728834129939
PA0930,PA0930,two-component sensor,+,0.203868403727933,0.721392356160011,0.852963526340402
pirA,PA0931,ferric enterobactin receptor PirA,+,0.413400424056531,0.13655345172561,0.317717156852379
cysM,PA0932,cysteine synthase B,+,-0.457201071609199,0.0462002347281054,0.146240492608317
ygcA,PA0933,probable RNA methyltransferase,+,-0.566342370859229,0.00102477830690565,0.0061084035032451
relA,PA0934,GTP pyrophosphokinase,+,-0.354743408470599,0.0518537360755227,0.15808529122175
PA0935,PA0935,conserved hypothetical protein,+,-0.114972900323107,0.632978015034586,0.795549004811488
lpxO2,PA0936,lipopolysaccharide biosynthetic protein LpxO2,-,-0.839617240360125,0.00481145108051608,0.023450510165921
PA0937,PA0937,conserved hypothetical protein,+,-0.881459236851458,1.20558463435437e-05,0.000107108163415261
PA0938,PA0938,Wzz2,+,-0.753400715900396,3.64996787858197e-07,4.13981403499726e-06
PA0939,PA0939,hypothetical protein,-,0.39035966419367,0.448965619071548,0.661564685897561
PA0940,PA0940,hypothetical protein,-,0.426436577652821,0.171478734444498,0.366943025481263
PA0941,PA0941,hypothetical protein,-,0.33680382639418,0.408211792562477,0.623779692084894
PA0942,PA0942,probable transcriptional regulator,+,-0.0213651156265738,0.504482661766089,0.705862707625665
PA0943,PA0943,hypothetical protein,-,0.857207162098324,0.000386535508609851,0.00258718524519323
purN,PA0944,phosphoribosylaminoimidazole synthetase,-,0.774628044814621,5.20442855036677e-06,4.88861802532903e-05
purM,PA0945,phosphoribosylaminoimidazole synthetase,-,-0.233229801406183,0.0505638923349431,0.155195598729608
PA0946,PA0946,hypothetical protein,+,0.0777255830372239,0.37250425600815,0.591983478437494
PA0947,PA0947,conserved hypothetical protein,+,-0.510384722456485,0.0430809806012658,0.138976815677023
PA0948,PA0948,hypothetical protein,-,-0.586471575709568,3.76919625874403e-05,0.000310332196717216
wrbA,PA0949,Trp repressor binding protein WrbA,-,-0.266917186925516,0.449550260694357,0.661943941250512
PA0950,PA0950,probable arsenate reductase,-,-0.371272527553583,0.158280380899848,0.348207869284906
PA0951,PA0951,probable ribonuclease,+,-0.612811426183262,0.0011396108559685,0.00669424847436286
PA0951a,PA0951a,–,+,-0.757650717352801,6.73339333888847e-05,0.000531316395063397
PA0952,PA0952,hypothetical protein,-,-0.075120928569752,0.056725271270628,0.169812010888096
PA0953,PA0953,probable thioredoxin,+,-0.323474621282249,0.105498458472106,0.265943512725531
PA0954,PA0954,probable acylphosphatase,+,-0.0120909076899808,0.161877674420737,0.353845003020545
PA0955,PA0955,hypothetical protein,-,-0.533929100083659,0.000334568329437762,0.00228364524525122
proS,PA0956,prolyl-tRNA synthetase,-,-0.568374129552406,0.0217645937943259,0.0808741917599325
PA0957,PA0957,hypothetical protein,+,-0.668832417347253,0.00597085911836161,0.0281668291277053
oprD,PA0958,"Basic amino acid, basic peptide and imipenem outer membrane porin OprD precursor",-,0.783900157439045,6.60514867531745e-05,0.000521875548982113
PA0959,PA0959,hypothetical protein,+,0.098109901423375,0.516512923870195,0.714917979480918
PA0960,PA0960,hypothetical protein,+,-0.207382252877891,0.468818312211287,0.675923580858927
PA0961,PA0961,probable cold-shock protein,-,0.186536898498637,0.566021878555252,0.7542430464445
PA0962,PA0962,"DNA-binding protein from starved cells, Dps",-,0.928856378934759,0.00179356819748212,0.010049281461054
aspS,PA0963,aspartyl-tRNA synthetase,+,-0.57116681277223,0.00451332052705581,0.022466635732711
pmpR,PA0964,"pqsR-mediated PQS regulator, PmpR",+,-0.749153933339168,2.24999649064919e-05,0.000193111438546807
ruvC,PA0965,Holliday junction resolvase RuvC,+,-0.020799920587378,0.986890540875896,0.995465945954522
ruvA,PA0966,Holliday junction DNA helicase RuvA,+,1.27163847690858,4.65305030614006e-13,9.57108788395183e-12
ruvB,PA0967,Holliday junction DNA helicase RuvB,+,0.922998006632764,8.06340706241642e-08,1.00263840276112e-06
PA0968,PA0968,conserved hypothetical protein,+,0.413932765114575,0.064881473086688,0.188103573191602
tolQ,PA0969,TolQ protein,+,0.32672550450911,0.205904076878204,0.414265894727102
tolR,PA0970,TolR protein,+,0.244186324438296,0.500381129781971,0.701858416798488
tolA,PA0971,TolA protein,+,1.71177325049132,2.81490265487491e-20,8.85017062682951e-19
tolB,PA0972,TolB protein,+,0.918774685613853,5.6575815701481e-06,5.29264876700704e-05
oprL,PA0973,Peptidoglycan associated lipoprotein OprL precursor,+,1.13138671528824,2.41458905331157e-11,4.29669395175795e-10
PA0974,PA0974,conserved hypothetical protein,+,0.973651603986975,2.08647283723745e-07,2.43944454265065e-06
PA0975,PA0975,probable radical activating enzyme,+,-0.212153709893734,0.593704329285066,0.769496238517834
PA0976,PA0976,conserved hypothetical protein,+,-0.127536505796885,0.891734343358199,0.947975472231526
PA0976.1,PA0976.1,tRNA-Lys,+,-0.371603990607237,0.142988959900247,0.326656971452448
PA0978,PA0978,conserved hypothetical protein,-,2.04479966123503,1.38117672937774e-13,2.93041272512731e-12
PA0979,PA0979,conserved hypothetical protein,-,2.29458871445397,6.10926835426843e-27,2.98960003013717e-25
PA0981,PA0981,hypothetical protein,+,0.0747786285821454,0.642039157511258,0.801624199131341
PA0982,PA0982,hypothetical protein,-,-0.101570052137064,0.211470037726228,0.419757994413723
PA0983,PA0983,conserved hypothetical protein,+,-0.176311409716496,0.768597544826203,0.87997167962366
PA0984,PA0984,colicin immunity protein,+,0.28837297101618,0.213014311609263,0.42134644587893
pyoS5,PA0985,pyocin S5,-,-0.248861102218428,0.228896175483219,0.439816970497839
PA0986,PA0986,conserved hypothetical protein,+,-0.436457895890845,0.0934586436849794,0.245713626464669
PA0987,PA0987,conserved hypothetical protein,+,0.154543531713611,0.53535135774696,0.729408927495141
PA0988,PA0988,hypothetical protein,+,-0.745848532016279,5.29120387140559e-05,0.000426955120900121
PA0989,PA0989,hypothetical protein,-,0.119984670388716,0.955299813727398,0.979016934588389
PA0990,PA0990,conserved hypothetical protein,-,2.54315998168878,6.48514944212814e-15,1.49060177328915e-13
cupC1,PA0992,fimbrial subunit CupC1,+,-0.127108466652725,0.14588974078389,0.329705380661692
cupC2,PA0993,chaperone CupC2,+,0.589006085902178,0.397798826964519,0.615619301714027
cupC3,PA0994,usher CupC3,+,-0.0695515462266893,0.315274763357051,0.537476259213494
ogt,PA0995,methylated-DNA--protein-cysteine methyltransferase,-,-0.0787621905039675,0.809513606626026,0.900812133689111
pqsA,PA0996,PqsA,+,1.37185616109718,3.09068956926649e-10,4.93534323850238e-09
pqsB,PA0997,PqsB,+,1.36702562600347,1.39776470361254e-06,1.43756546127473e-05
pqsC,PA0998,PqsC,+,1.28060172615489,4.29887102324824e-06,4.08864410173516e-05
pqsD,PA0999,3-oxoacyl-[acyl-carrier-protein] synthase III,+,1.40481943654449,7.06317627443565e-09,9.87542710444136e-08
pqsE,PA1000,Quinolone signal response protein,+,1.21183305458083,3.98345931057571e-07,4.47622798084693e-06
phnA,PA1001,anthranilate synthase component I,+,1.89909191958641,5.12399628213931e-14,1.11442327742012e-12
phnB,PA1002,anthranilate synthase component II,+,1.82160004114036,7.85315434770537e-10,1.20335708540091e-08
mvfR,PA1003,Transcriptional regulator MvfR,-,0.332129429637178,0.385021256511056,0.603608329551825
nadA,PA1004,quinolinate synthetase A,+,0.0255854919878137,0.742652363554018,0.863959843183624
PA1005,PA1005,putative beta-barrel assembly-enhancing protease,-,-0.454740842466787,0.00173855641324666,0.00980442408511222
PA1006,PA1006,Protein PA1006,+,-0.286199843939585,0.718148878685902,0.850786293609148
PA1007,PA1007,conserved hypothetical protein,+,-0.467978349543752,0.0677455631897037,0.19447387877795
bcp,PA1008,bacterioferritin comigratory protein,-,-0.800673980286934,7.03259002941853e-08,8.812706473412e-07
PA1009,PA1009,hypothetical protein,-,-0.386732197514366,0.321160056283298,0.543522145118268
dapA,PA1010,dihydrodipicolinate synthase,+,-0.442926908147273,0.0804136404204497,0.220094709098461
PA1011,PA1011,hypothetical protein,+,-0.625194137210592,1.54760828330926e-06,1.56776077848424e-05
PA1012,PA1012,conserved hypothetical protein,+,-0.562293452035181,0.000710445679635812,0.00443516911937254
purC,PA1013,phosphoribosylaminoimidazole-succinocarboxamide synthase,+,-0.169331689180195,0.0306051201478452,0.107280830624642
PA1013.1,PA1013.1,tRNA-Ser,+,-0.456681206037001,0.00690691127282934,0.0316549377670154
PA1014,PA1014,"1,2-glucosyltransferase WapB",+,-0.604266082426263,0.0094034878709017,0.0411394119687322
PA1015,PA1015,probable transcriptional regulator,-,-0.692098415670322,0.164207803396406,0.357650018309186
PA1016,PA1016,hypothetical protein,+,-0.284254455746861,0.323906881169177,0.545963043037379
pauA,PA1017,pimeloyl-CoA synthetase,+,0.194501029530565,0.0808189884315622,0.220805772986366
PA1018,PA1018,hypothetical protein,+,0.377091333513844,0.72124806256448,0.852963526340402
mucK,PA1019,"cis,cis-muconate transporter MucK",+,-0.531294890974568,0.143033548640269,0.326656971452448
PA1019a,PA1019a,–,+,-0.643755771922041,0.759832628716825,0.874722897183399
PA1020,PA1020,probable acyl-CoA dehydrogenase,+,0.0262926002057375,0.966581544634832,0.984757691881155
PA1021,PA1021,probable enoyl-CoA hydratase/isomerase,+,0.121863500381909,0.694412828250659,0.837109040237328
PA1022,PA1022,probable acyl-CoA dehydrogenase,+,-0.174913670887349,0.791972154635404,0.891841606380821
PA1023,PA1023,probable short-chain dehydrogenase,+,-0.141889826458674,0.907112631921343,0.952640957164886
PA1024,PA1024,NADH:quinone reductase,+,0.130576898801992,0.77670792301218,0.883677647123892
PA1025,PA1025,probable porin,+,-0.21338458913951,0.764444029671382,0.877374291884542
PA1026,PA1026,hypothetical protein,-,-0.150629040896145,0.89462789036539,0.949388254413638
PA1027,PA1027,delta1-Piperideine-6-carboxylate dehydrogenase,+,-0.0862896536079913,0.828908614019297,0.91235578992728
PA1028,PA1028,L-Pipecolate oxidase,+,0.383376475071368,0.148485275595298,0.334066143624994
PA1029,PA1029,"hypothetical protein, pseudogene",+,0.142559428721734,0.864520691482435,0.931282008861249
PA1030,PA1030,hypothetical protein,+,0.211455767618953,0.214548860734993,0.422769452292407
P8,PA1030.1,sRNA,+,0.496996606218136,0.137734385796619,0.319575977412139
PA1031,PA1031,conserved hypothetical protein,+,-0.407920473633779,5.66072684539811e-06,5.29264876700704e-05
quiP-3',PA1031.1,putative sRNA,-,-2.6462780183914,2.87351186698509e-25,1.30122910513922e-23
quiP,PA1032,QuiP,-,-0.965487762475039,8.99692836955661e-07,9.54429394169047e-06
PA1033,PA1033,probable glutathione S-transferase,-,1.76228089792774,1.39908110931975e-07,1.6777913382119e-06
PA1034,PA1034,hypothetical protein,-,-0.122766212602287,0.664404039046238,0.816405666795678
PA1035,PA1035,hypothetical protein,-,0.627315238038103,0.00039065925201078,0.00260496740791364
PA1036,PA1036,hypothetical protein,+,0.322643119811233,0.251781840208194,0.467595281921979
PA1037,PA1037,conserved hypothetical protein,-,-0.212042191548819,0.779857051029199,0.885677070118881
PA1038,PA1038,hypothetical protein,-,-0.368112946996831,0.423968251148577,0.638213680964913
PA1039,PA1039,conserved hypothetical protein,-,0.353027257885926,0.39325126741704,0.611545025803843
PA1040,PA1040,hypothetical protein,-,0.387063916176719,0.0106572647872165,0.0458965810708514
PA1041,PA1041,probable outer membrane protein precursor,+,-0.185512590206738,0.215420337187878,0.423855579136201
PA1042,PA1042,conserved hypothetical protein,+,-0.0627309750660603,0.319377181014099,0.541789414144129
PA1043,PA1043,hypothetical protein,+,-0.145253957064704,0.0577339833704168,0.171983216048939
PA1044,PA1044,hypothetical protein,-,0.400272235005687,0.442422038323289,0.657188966596259
PA1045,PA1045,hypothetical protein,+,-0.134144439775556,0.338224985786018,0.558998108421829
PA1046,PA1046,beta-agarase,+,-0.367816599646771,0.132071490859341,0.311832609546491
PA1047,PA1047,probable esterase,+,-0.0652568787152178,0.926166419993719,0.963810296093618
PA1048,PA1048,probable outer membrane protein precursor,+,0.0251176884403919,0.988495397129102,0.995517193770835
pdxH,PA1049,pyridoxine 5'-phosphate oxidase,+,-0.115283849218614,0.756991090250139,0.872884779059108
PA1050,PA1050,conserved hypothetical protein,+,0.0256889195017841,0.524905413556534,0.722051064582542
PA1051,PA1051,probable transporter,+,-0.163830224484467,0.892470072617227,0.948117742629776
PA1052,PA1052,conserved hypothetical protein,+,-0.0987855058510575,0.275959163532704,0.495671096502729
PA1052a,PA1052a,–,-,-0.190247575846157,0.0834158220171033,0.225765926850929
PA1053,PA1053,conserved hypothetical protein,+,-0.534495117677767,0.00023075142656507,0.00164165801205549
PA1054,PA1054,ShaA,+,0.648314940608488,1.60641246759597e-06,1.62461847556206e-05
PA1055,PA1055,ShaB,+,0.679205391613907,0.00126925986911596,0.00732813404928225
PA1056,PA1056,ShaC,+,0.533976134886841,0.010057351872125,0.04362259553971
PA1057,PA1057,ShaD,+,0.600881116202592,0.00408747222807009,0.0205491147306788
PA1058,PA1058,ShaE,+,0.213560672920444,0.239116720219139,0.452294344853408
PA1059,PA1059,ShaF,+,0.19587387916055,0.646675860464713,0.8060641805525
PA1060,PA1060,hypothetical protein,+,0.0610557717279677,0.315383285457493,0.537476259213494
PA1061,PA1061,conserved hypothetical protein,+,-0.148049492799946,0.789455006747926,0.890071591518149
PA1062,PA1062,hypothetical protein,+,-0.519828839382945,0.122201563972285,0.296607636073529
PA1063,PA1063,hypothetical protein,+,-0.45566523480952,0.0493906500978304,0.152987475647593
PA1064,PA1064,hypothetical protein,-,-0.258772575767417,0.500583727255951,0.701858416798488
PA1065,PA1065,conserved hypothetical protein,+,-0.10562774558923,0.788036349023777,0.889307153780227
PA1066,PA1066,probable short-chain dehydrogenase,-,0.1807718035966,0.640406515277114,0.800409214150675
PA1067,PA1067,probable transcriptional regulator,+,-0.319350445559569,0.502927271652216,0.704254671390074
PA1068,PA1068,probable heat shock protein (hsp90 family),+,-0.16863257896416,0.351868767615061,0.572884272038688
PA1069,PA1069,hypothetical protein,+,-0.0173327471707811,0.336360680403739,0.55766027559833
braG,PA1070,branched-chain amino acid transport protein BraG,-,-0.260259730268891,0.380609994220426,0.600106009399072
braF,PA1071,branched-chain amino acid transport protein BraF,-,-0.591056139120305,0.00906347334455577,0.0397953373768194
braE,PA1072,branched-chain amino acid transport protein BraE,-,-0.501591580619808,0.0252780298350039,0.091465166987957
braD,PA1073,branched-chain amino acid transport protein BraD,-,0.00603927815093265,0.332129334917787,0.553974932457705
braC,PA1074,branched-chain amino acid transport protein BraC,-,0.0193769467702952,0.240380350204204,0.453553471716142
PA1075,PA1075,hypothetical protein,+,-0.194876569756717,0.448248301242908,0.660869553177929
PA1076,PA1076,hypothetical protein,+,-0.174463328131623,0.523911714575999,0.721865641245949
flgB,PA1077,flagellar basal-body rod protein FlgB,+,0.0830932532067692,0.942370908468086,0.972792724442691
flgC,PA1078,flagellar basal-body rod protein FlgC,+,0.277615968476255,0.716533396977957,0.849867993131791
flgD,PA1079,flagellar basal-body rod modification protein FlgD,+,-0.0381284941438573,0.174298459240914,0.370761090081909
flgDas,PA1079.1,putative sRNA,-,0.474436948007236,0.0499865335807787,0.154143262036234
flgE,PA1080,flagellar hook protein FlgE,+,0.456949149943303,0.0923234149112122,0.243361634092631
flgF,PA1081,flagellar basal-body rod protein FlgF,+,0.529068239747047,0.0177638253907384,0.0687880615641356
flgG,PA1082,flagellar basal-body rod protein FlgG,+,0.0372133281811758,0.664540586660935,0.816405666795678
flgH,PA1083,flagellar L-ring protein precursor FlgH,+,-0.0145568152019347,0.992282226021533,0.996882209850772
flgI,PA1084,flagellar P-ring protein precursor FlgI,+,0.347828727752809,0.0667498972323205,0.192143442317704
flgJ,PA1085,flagellar protein FlgJ,+,0.611531294783086,0.000613808649225079,0.00389194449686288
flgK,PA1086,flagellar hook-associated protein 1 FlgK,+,0.261895031643297,0.24345292399453,0.456698282294765
flgL,PA1087,flagellar hook-associated protein type 3 FlgL,+,0.209041073925047,0.25807328097961,0.473824105592822
PA1088,PA1088,hypothetical protein,+,0.290817201407735,0.233541620528789,0.445498444944575
PA1089,PA1089,conserved hypothetical protein,+,0.193882547172276,0.323409802795307,0.545537442595029
PA1090,PA1090,hypothetical protein,+,0.0275121357622488,0.0673307909490743,0.193448503541185
fgtA,PA1091,"flagellar glycosyl transferase, FgtA",+,0.206239108669407,0.0455690702554691,0.144544233303809
fliC,PA1092,flagellin type B,+,0.506909460193403,0.0390414234691775,0.128472536665384
PA1093,PA1093,hypothetical protein,+,0.305284811221767,0.252017483620081,0.467595281921979
fliD,PA1094,flagellar capping protein FliD,+,0.277789141384357,0.14371702706377,0.327355450534142
PA1095,PA1095,hypothetical protein,+,0.108817462700244,0.784774020229119,0.887937489231828
PA1096,PA1096,hypothetical protein,+,0.0208894648246063,0.974266692098061,0.989099931010713
fleQ,PA1097,transcriptional regulator FleQ,+,0.177034546405585,0.175846707302598,0.372309078824899
fleS,PA1098,two-component sensor,+,0.330681131882636,0.211649780433019,0.419856832820699
fleR,PA1099,two-component response regulator,+,0.238847707395847,0.536376752096628,0.729761016081242
fliE,PA1100,flagellar hook-basal body complex protein FliE,+,0.626115819757648,0.0142957064701037,0.0577136248449899
fliF,PA1101,Flagella M-ring outer membrane protein precursor,+,0.0976622054670337,0.401702964964939,0.618268115034444
fliG,PA1102,flagellar motor switch protein FliG,+,0.0792832731857938,0.318254625972096,0.54080252412183
PA1103,PA1103,probable flagellar assembly protein,+,-0.0880555610214327,0.277769124390332,0.49778589686962
fliI,PA1104,flagellum-specific ATP synthase FliI,+,-0.153171809407155,0.407657542790638,0.623403722190926
fliJ,PA1105,flagellar protein FliJ,+,-0.134525129976015,0.838712199589756,0.919144957036417
PA1106,PA1106,hypothetical protein,-,0.0583285322510846,0.950796154670187,0.976544443129679
PA1107,PA1107,RoeA,-,-0.319483719545099,0.336961611137409,0.557812792614667
PA1108,PA1108,probable major facilitator superfamily (MFS) transporter,-,0.138505795602337,0.0594968089190666,0.176110554400437
PA1109,PA1109,probable transcriptional regulator,+,0.142000934286676,0.868687268834318,0.934112058707539
PA1110,PA1110,hypothetical protein,-,0.0636829714685625,0.892301748088675,0.948117742629776
PA1111,PA1111,hypothetical protein,+,4.23559713835182,1.98733958427863e-73,1.50739707467534e-70
PA1112,PA1112,conserved hypothetical protein,+,2.41682529856926,3.55804696725366e-27,1.76969090141764e-25
PA1112.1,PA1112.1,sRNA,-,-0.669821250131031,2.0737326640037e-05,0.000179506559274957
PA1112a,PA1112a,–,-,-0.580070934567827,0.0765304855610453,0.212339728570838
PA1112b,PA1112b,–,-,-0.675738083750682,1.73215039058167e-05,0.000151232929065461
PA1113,PA1113,probable ATP-binding/permease fusion ABC transporter,+,0.0428530516901103,0.882945745785147,0.94110570620486
PA1114,PA1114,hypothetical protein,-,2.47095253216299,3.87971125949788e-32,2.76965740266272e-30
PA1115,PA1115,hypothetical protein,-,1.80098242124267,6.14444826219999e-18,1.65708942466798e-16
PA1116,PA1116,hypothetical protein,+,-0.450798579580541,0.205389174963217,0.414053659028838
PA1117,PA1117,hypothetical protein,-,0.149687169463557,0.00292701290189831,0.0153909135950771
PA1118,PA1118,hypothetical protein,-,0.098012395224296,0.862493665267964,0.930380227829176
yfiB,PA1119,YfiB,-,-0.129827904205961,0.456906673905494,0.667733462036164
tpbB,PA1120,diguanylate cyclase TpbB,-,-0.448278912588675,0.00597407862349319,0.0281668291277053
yfiR,PA1121,YfiR,-,-0.48090451504154,0.0275857255458971,0.0982913579638895
PA1122,PA1122,"putative peptide deformylase, , pseudogene",+,-0.286150979130598,0.0120674989661821,0.0507089020734671
PA1123,PA1123,hypothetical protein,-,1.12356444059925,3.72776874498046e-11,6.5565509404468e-10
dgt,PA1124,deoxyguanosinetriphosphate triphosphohydrolase,+,-0.35422634984517,0.0467397529619299,0.147333413492463
PA1125,PA1125,probable cobalamin biosynthetic protein,+,-0.242313691108799,0.128625263743845,0.307646078201676
PA1126,PA1126,hypothetical protein,-,-0.323252823851974,0.211457786250537,0.419757994413723
PA1127,PA1127,probable oxidoreductase,-,-0.0961835917944494,0.144536131008316,0.328235495119186
PA1128,PA1128,probable transcriptional regulator,+,0.0490247507480587,0.221912176310735,0.431729107359262
PA1129,PA1129,"fosfomycin resistance protein, FosA",+,0.353878124532165,0.714811611141969,0.848482171441469
rhlC,PA1130,rhamnosyltransferase 2,-,-0.144078894586103,0.754589791588647,0.87166397398818
PA1131,PA1131,probable major facilitator superfamily (MFS) transporter,-,0.175431597437133,0.6184947029618,0.785809434165033
PA1132,PA1132,hypothetical protein,+,0.0402562083727603,0.967276604935776,0.985040858920336
PA1133,PA1133,hypothetical protein,-,-0.801884248266592,0.0562130287538271,0.168611299297194
PA1134,PA1134,hypothetical protein,-,-0.0642754217971232,0.7866813800801,0.888604358586382
PA1135,PA1135,conserved hypothetical protein,-,0.0825771670128217,0.940695813084236,0.972260635972602
PA1136,PA1136,probable transcriptional regulator,+,0.0485719197567132,0.563474433724511,0.752622246057744
PA1137,PA1137,probable oxidoreductase,-,0.0438451908375094,0.84453045710174,0.922522198684673
PA1138,PA1138,probable transcriptional regulator,+,0.211274499208793,0.663227984150677,0.815990958602252
PA1139,PA1139,hypothetical protein,+,0.268527305255738,0.270104218740975,0.489649583656182
PA1140,PA1140,conserved hypothetical protein,-,-0.789259633593334,0.000231845675815434,0.00164735311574714
PA1141,PA1141,probable transcriptional regulator,-,-0.0124327903204942,0.959387251097061,0.9813826432328
PA1142,PA1142,probable transcriptional regulator,-,0.0369776527416424,0.987919566008261,0.995465945954522
PA1143,PA1143,hypothetical protein,-,-1.92217424875569,0.315135187630776,NA
PA1144,PA1144,probable major facilitator superfamily (MFS) transporter,-,-0.115725803550027,0.573616435851864,0.758488675691677
PA1145,PA1145,probable transcriptional regulator,+,-0.302518680700408,0.130978485085746,0.310702676896132
PA1146,PA1146,probable iron-containing alcohol dehydrogenase,-,0.0257507496933422,0.586217944423945,0.764325416150516
PA1147,PA1147,probable amino acid permease,-,0.229793863220337,0.580647769870837,0.761180605892241
toxA,PA1148,exotoxin A precursor,-,-0.401108081714247,0.0941011894091604,0.247081790279007
PA1149,PA1149,hypothetical protein,-,0.178901508135585,0.915699868801497,0.958672671478172
pys2,PA1150,pyocin S2,+,0.333943330010309,0.144681334993438,0.328319499154893
imm2,PA1151,pyocin S2 immunity protein,+,0.46310650132688,0.0894326152010654,0.237391561259871
PA1152,PA1152,hypothetical protein,+,-0.432593176286928,0.0524042759586217,0.159313199657774
PA1153,PA1153,hypothetical protein,-,0.214221744015352,0.233755254606894,0.445765834366636
PA1154,PA1154,conserved hypothetical protein,-,-0.16996207396451,0.903285144316876,0.951616913283097
nrdB,PA1155,"NrdB, tyrosyl radical-harboring component of class Ia ribonucleotide reductase",-,1.30259189086915,1.74636069680635e-11,3.15384425839909e-10
nrdA,PA1156,"NrdA, catalytic component of class Ia ribonucleotide reductase",-,-0.422585833127332,0.126133570185775,0.303360485092065
PA1157,PA1157,probable two-component response regulator,+,-0.213954203594588,0.685586891121089,0.831532059206105
PA1158,PA1158,probable two-component sensor,+,-0.129375288301802,0.431280113610502,0.644741988023781
PA1159,PA1159,probable cold-shock protein,+,-1.11869873682011,5.30572605314618e-08,6.79222482921752e-07
PA1160,PA1160,hypothetical protein,-,-0.186831470055651,0.488219187887424,0.691852879986195
rrmA,PA1161,rRNA methyltransferase,-,-0.388910282405408,0.295754533726479,0.517925173640047
dapE,PA1162,succinyl-diaminopimelate desuccinylase,-,-0.240369436222814,0.622437179814041,0.787849146247726
ndvB,PA1163,NdvB,-,0.0350438980753848,0.96130327948256,0.981389600722848
PA1164,PA1164,conserved hypothetical protein,+,-0.267570634584808,0.0518701079140581,0.15808529122175
pcpS,PA1165,PcpS,-,0.075346755880384,0.953137665615898,0.977796012508107
PA1166,PA1166,hypothetical protein,-,0.132579768285962,0.836150808854559,0.917791848644779
PA1167,PA1167,hypothetical protein,+,-0.190717611787604,0.402169639813587,0.618283601314631
PA1168,PA1168,hypothetical protein,+,0.279433422932396,0.0356900136846369,0.120315001687987
PA1169,PA1169,probable lipoxygenase,+,0.482249984831805,0.0122439122215349,0.0513094332598577
PA1170,PA1170,conserved hypothetical protein,-,0.27071091842614,0.373683535207223,0.592808567220939
PA1171,PA1171,SltB2,+,-0.489919433397148,0.00481068036005571,0.023450510165921
napC,PA1172,cytochrome c-type protein NapC,-,-0.346316863785628,0.292711456854494,0.514534507587795
napB,PA1173,cytochrome c-type protein NapB precursor,-,-0.280400401657777,0.493301951112812,0.696029687054807
napA,PA1174,periplasmic nitrate reductase protein NapA,-,-0.0597219671629099,0.890597923546109,0.947099228895511
napD,PA1175,NapD protein of periplasmic nitrate reductase,-,-0.0017676431217609,0.0346925617694393,0.118001381623855
napF,PA1176,ferredoxin protein NapF,-,0.126319611278267,0.327819876888843,0.549629266648894
napE,PA1177,periplasmic nitrate reductase protein NapE,-,0.0237679112344453,0.397748239769113,0.615619301714027
oprH,PA1178,PhoP/Q and low Mg2+ inducible outer membrane protein H1 precursor,+,-0.17687322990125,0.776750030160908,0.883677647123892
phoP,PA1179,two-component response regulator PhoP,+,0.0441752410288804,0.208350436041526,0.4165635736079
phoQ,PA1180,two-component sensor PhoQ,+,0.000202247595571937,0.746663647512818,0.867296135740387
PA1181,PA1181,conserved hypothetical protein,+,-0.116874474498932,0.0439883086223843,0.141089353819091
PA1182,PA1182,probable transcriptional regulator,-,-0.469968884391748,0.160088580390355,0.351349166052978
dctA,PA1183,C4-dicarboxylate transport protein,+,0.0963599923272602,0.679816535759968,0.827902167853193
PA1184,PA1184,probable transcriptional regulator,-,0.112090253236067,0.904300748242446,0.951616913283097
PA1185,PA1185,probable glutathione S-transferase,+,0.398371273438287,0.681289419912628,0.828937556502021
PA1186,PA1186,hypothetical protein,+,0.964740977634932,0.00846228619016978,0.0375908877027454
PA1187,PA1187,probable acyl-CoA dehydrogenase,+,0.0440875586921539,0.579011289600502,0.760505698841326
PA1188,PA1188,hypothetical protein,+,0.166706786040291,0.57036062756501,0.757153421147337
PA1189,PA1189,conserved hypothetical protein,-,-0.456839053179008,0.561952998910179,0.751371428857835
PA1190,PA1190,conserved hypothetical protein,-,1.2230048330097,8.16480177017395e-07,8.70720863645264e-06
PA1191,PA1191,hypothetical protein,-,-0.0418478233355465,0.695123139449134,0.837737281067993
PA1192,PA1192,conserved hypothetical protein,+,-0.430152406543972,0.13591698160504,0.316848811186326
PA1193,PA1193,hypothetical protein,+,0.874626682857526,0.000115906030474134,0.000870442813016141
PA1194,PA1194,probable amino acid permease,-,-0.632831486423399,0.300967671784585,0.523887502119581
PA1195,PA1195,dimethylarginine dimethylaminohydrolase DdaH,-,-0.173445189364046,0.901784998566393,0.951492152895301
PA1196,PA1196,transcriptional regulator DdaR,+,0.309757829202875,0.0553393915019524,0.166402094962263
PA1197,PA1197,hypothetical protein,+,0.170331001603465,0.0115283139879306,0.0488845627384787
PA1198,PA1198,conserved hypothetical protein,+,0.305831309374081,0.263987747956127,0.481452474612094
PA1199,PA1199,probable lipoprotein,+,0.276549215675431,0.229523168896131,0.440742591411938
PA1200,PA1200,conserved hypothetical protein,+,0.352342956923681,0.190678921064773,0.394759363023216
PA1201,PA1201,probable transcriptional regulator,-,-0.154389762849836,0.404614421552185,0.620470131407292
PA1202,PA1202,probable hydrolase,+,-0.766871019150785,0.00421236096963596,0.0211419407475194
PA1203,PA1203,hypothetical protein,+,0.356517980124661,0.21526153420285,0.423680502608789
PA1204,PA1204,NAD(P)H quinone oxidoreductase,+,0.0620480662638142,0.3814736257777,0.600773932317437
PA1205,PA1205,conserved hypothetical protein,+,0.439773998046445,0.085878312433541,0.230567538222303
PA1206,PA1206,hypothetical protein,+,0.315323223354601,0.282019650531269,0.501993323386254
kefB,PA1207,glutathione-regulated potassium-efflux system protein KefB,+,0.295986483199099,0.189805203393437,0.393252505059856
PA1208,PA1208,conserved hypothetical protein,+,0.414806662063261,0.0500266187199653,0.154170402434103
PA1209,PA1209,hypothetical protein,-,-1.29413255141546,5.82937429522929e-08,7.4156484745181e-07
PA1210,PA1210,conserved hypothetical protein,-,0.0690678605314899,0.954791637702852,0.978661428645423
PA1211,PA1211,hypothetical protein,-,-1.20772443721372,0.000308038119884826,0.00211755544225755
PA1212,PA1212,probable major facilitator superfamily (MFS) transporter,-,-1.18033852685859,4.93812465691241e-08,6.37543413152011e-07
PA1213,PA1213,hypothetical protein,-,-3.54702075909416,5.29867857994779e-11,9.16022268465049e-10
PA1214,PA1214,hypothetical protein,-,-3.1337453275678,2.23731558912075e-20,7.14527947093931e-19
PA1215,PA1215,hypothetical protein,-,-3.55556031704152,8.47234812836791e-45,1.07104600922784e-42
PA1216,PA1216,hypothetical protein,-,-4.18504217099443,1.56233587696063e-41,1.6345265692064e-39
PA1217,PA1217,probable 2-isopropylmalate synthase,-,-3.59931780158313,4.10978357951386e-78,3.56259525149859e-75
PA1218,PA1218,hypothetical protein,-,-4.10657700052226,8.43400093181869e-63,2.97402068775777e-60
PA1219,PA1219,hypothetical protein,-,-3.53250007498794,7.13817731317973e-17,1.83535847188028e-15
PA1220,PA1220,hypothetical protein,-,-3.38996022676618,7.18170211517482e-26,3.45861654245086e-24
PA1221,PA1221,hypothetical protein,-,-2.58743964943631,6.34571353456543e-17,1.63854424373375e-15
PA1222,PA1222,probable membrane-bound lytic murein transglycolase A,-,-0.102306508652001,0.491196737333678,0.694450559678648
PA1223,PA1223,probable transcriptional regulator,-,0.361511904206739,0.375548524994024,0.594839062820083
PA1224,PA1224,probable NAD(P)H dehydrogenase,+,-0.419113356852481,0.256310693369664,0.47215946793173
PA1225,PA1225,FAD-dependent NADPH:quinone reductase,-,0.837937915754837,0.0884635404033219,0.235437176827788
PA1226,PA1226,probable transcriptional regulator,+,0.362697063788731,0.359127357787801,0.579579387763131
PA1227,PA1227,hypothetical protein,+,0.128737955509205,0.725827004142727,0.854875438885494
PA1228,PA1228,hypothetical protein,-,-0.979763750177848,0.322894667122031,0.545469053478976
PA1229,PA1229,probable transcriptional regulator,-,0.124533412742073,0.280593795224037,0.500630152725508
PA1230,PA1230,hypothetical protein,+,-0.761078580805786,0.796791142000914,NA
PA1231,PA1231,conserved hypothetical protein,+,0.155473860035613,0.771487452828658,0.881334163916692
PA1232,PA1232,hypothetical protein,+,0.488947495706932,0.326753488774715,0.548737209528153
PA1233,PA1233,hypothetical protein,+,-0.0447647876335023,0.99380154538928,0.997443098622774
PA1234,PA1234,hypothetical protein,-,-0.381736072933881,0.184294734058005,0.385229155802018
PA1235,PA1235,probable transcriptional regulator,+,0.333720055667741,0.428574888798555,0.642756407619781
PA1236,PA1236,probable major facilitator superfamily (MFS) transporter,-,0.43465570268427,0.573598383843881,0.758488675691677
PA1237,PA1237,probable multidrug resistance efflux pump,-,3.30405702774879,1.07618945094855e-10,1.77937808947024e-09
PA1238,PA1238,probable outer membrane component of multidrug efflux pump,-,2.20603469337003,0.0126377911342053,0.0525457267755674
PA1239,PA1239,hypothetical protein,-,-0.148733453189842,0.873217819604426,0.936121431587728
PA1240,PA1240,probable enoyl-CoA hydratase/isomerase,-,-0.24406471285567,0.529340035378648,0.724584838813763
PA1241,PA1241,probable transcriptional regulator,+,0.34204580522793,0.18520927204193,0.385804964898877
PA1242,PA1242,SprP,+,4.05820593087532,5.24482798825135e-70,2.8932378393372e-67
PA1243,PA1243,probable sensor/response regulator hybrid,-,2.62850643048225,5.68867085504816e-46,7.84519426100733e-44
PA1244,PA1244,QslA,-,-0.101964369514352,0.678804857351112,0.827105998876817
PA1245,PA1245,AprX,+,0.412665775632959,0.0179171646960604,0.0692492709399326
aprD,PA1246,alkaline protease secretion protein AprD,+,0.458900917429579,0.0954142154177482,0.248929212951588
aprE,PA1247,alkaline protease secretion protein AprE,+,0.420475650409096,0.0215354240434176,0.0801699098745143
aprF,PA1248,Alkaline protease secretion outer membrane protein AprF precursor,+,0.173636346913889,0.368635964444208,0.588092200260749
aprA,PA1249,alkaline metalloproteinase precursor,+,0.354995297001492,0.138594579974842,0.320255868730899
aprI,PA1250,alkaline proteinase inhibitor AprI,+,0.0815405056495864,0.528013653267078,0.724392233331366
PA1251,PA1251,probable chemotaxis transducer,-,2.02967343169323,1.03202529711561e-05,9.25739556468925e-05
PA1252,PA1252,DpkA,+,-0.0209654588330857,0.572203087529771,0.758066684037958
PA1253,PA1253,"alpha-ketoglutaric semialdehyde dehydrogenase, LhpG",-,-0.45226734502421,0.852420430785975,0.926123827180322
PA1254,PA1254,"delta1-pyrroline-4-hydroxy-2-carboxylate deaminase, LphC",-,1.53147337654507,0.000935805990806145,0.00566148629333169
PA1255,PA1255,"D-hydroxyproline epimerase, LhpK",-,0.668881949268365,0.338317015852243,0.558998108421829
PA1256,PA1256,"ABC transporter ATP-binding protein, LhpO",-,0.594108241591832,0.491547455890744,0.694484229713082
PA1257,PA1257,"amino acid ABC transporter membrane protein, LhpN",-,0.440036306879017,0.851327071548567,0.925723554127839
PA1258,PA1258,"Permease of ABC transporter, LhpM",-,-0.24753471552942,0.965001615634948,NA
PA1259,PA1259,LhpH,-,0.834943236204855,0.571805317897944,0.757910587375432
PA1260,PA1260,"ABC transporter periplasmic-binding protein, LhpP",-,2.97008431225536,6.3350605709013e-14,1.35834443619184e-12
PA1261,PA1261,"Transcriptional regulator, LhpR",-,0.137605491241135,0.969217525997651,0.985622917337648
PA1262,PA1262,probable major facilitator superfamily (MFS) transporter,-,1.34395165427001,0.403064710586968,NA
PA1263,PA1263,hypothetical protein,+,-0.308983813246261,0.22838762415218,0.439117903471302
PA1264,PA1264,probable transcriptional regulator,-,0.754774583806311,0.047010853186248,0.147574680359106
PA1265,PA1265,hypothetical protein,+,-0.879619049006352,0.17529303972998,0.371879459110141
PA1266,PA1266,"D-hydroxyproline dehydrogenase alpha-subunit, LphE",-,0.0858656457840675,0.483557526438515,0.686690163919707
PA1267,PA1267,"D-hydroxyproline dehydrogenase beta-subunit, LphB",-,0.274583030752483,0.298470270666011,0.520585686232065
PA1268,PA1268,"Hydroxyproline 2-epimerase, LhpA",-,-0.216491584454785,0.545700224153152,0.736725219753091
PA1269,PA1269,probable transcriptional regulator,-,-0.310857482222357,0.281826705078361,0.501797079347269
PA1270,PA1270,hypothetical protein,+,0.0881104736915668,0.918712082315812,0.960210245292026
PA1271,PA1271,probable tonB-dependent receptor,+,-0.278654671950001,0.104354951231834,0.26428457599114
cobO,PA1272,cob(I)alamin adenosyltransferase,+,-0.133915755989983,0.0866854140691898,0.232027830865392
cobB,PA1273,"cobyrinic acid a,c-diamide synthase",+,0.181258366788266,0.695975787873414,0.837843700447812
PA1274,PA1274,conserved hypothetical protein,+,0.0817360024686259,0.902920868976946,0.951616913283097
cobD,PA1275,cobalamin biosynthetic protein CobD,+,-0.494603464486503,0.215782596511713,0.424155748504397
cobC,PA1276,cobalamin biosynthetic protein CobC,+,-0.0668553390804725,0.845288418852773,0.922851767829908
cobQ,PA1277,cobyric acid synthase,+,0.0053874821600452,0.968156380906207,0.985510557481104
cobP,PA1278,cobinamide kinase,+,-0.109567180044027,0.90304376058715,0.951616913283097
cobU,PA1279,nicotinate-nucleotide--dimethylbenzimidazole phosphoribosyltransferase,+,0.281224148250513,0.401294074902441,0.617876794343571
PA1280,PA1280,hypothetical protein,+,0.247496497111549,0.4593215242325,0.669830091094163
cobV,PA1281,cobalamin (5'-phosphate) synthase,+,0.281904182826774,0.660252490369776,0.814678135865851
PA1282,PA1282,probable major facilitator superfamily (MFS) transporter,-,0.443582489871962,0.403726805515756,0.61974253734242
PA1283,PA1283,probable transcriptional regulator,+,0.0328066690222974,0.36246387316306,0.582939512948171
PA1284,PA1284,probable acyl-CoA dehydrogenase,-,-0.00416738313049558,0.828449942483744,0.912016373547053
PA1285,PA1285,probable transcriptional regulator,+,0.192333165444178,0.537715077538108,0.730762618253357
PA1286,PA1286,probable major facilitator superfamily (MFS) transporter,+,-0.914528496302381,0.0218879410629877,0.0811293160242577
PA1287,PA1287,probable glutathione peroxidase,+,-1.06511867775555,4.54208498650402e-08,5.90179265484077e-07
PA1288,PA1288,probable outer membrane protein precursor,-,-0.223834788065983,0.00216932698769367,0.0118058082164351
PA1289,PA1289,hypothetical protein,-,0.73826261095644,0.000127214572128425,0.000944844582221886
PA1290,PA1290,probable transcriptional regulator,-,0.417836021473917,0.0269690321781001,0.0966659175274804
PA1291,PA1291,hypothetical protein,+,-0.0644017607447035,0.276788953710045,0.496322509194016
PA1292,PA1292,probable 3-mercaptopyruvate sulfurtransferase,-,-0.208396523645155,0.774125969667772,0.883135247968423
PA1293,PA1293,hypothetical protein,-,-0.726289750443461,8.02135487436596e-05,0.000617685042863612
rnd,PA1294,ribonuclease D,+,0.952298467880728,5.60668965562343e-05,0.000451212106502957
PA1295,PA1295,conserved hypothetical protein,+,0.576642819820183,0.117127788615185,0.287724467342058
PA1296,PA1296,probable 2-hydroxyacid dehydrogenase,+,0.163285255495601,0.5512014826788,0.742274877251434
PA1297,PA1297,probable metal transporter,-,-0.347101477305961,0.653258582584313,0.81093666888637
PA1298,PA1298,conserved hypothetical protein,+,-0.233690520425194,0.660684097988769,0.814678135865851
PA1299,PA1299,conserved hypothetical protein,+,-0.372959742399516,0.47386542264147,0.679927969871941
PA1300,PA1300,HxuI,+,-0.176274241396933,0.41093598360072,0.625931979023817
PA1301,PA1301,HxuR,+,0.710479079580635,0.229804725055007,0.440947880418988
PA1302,PA1302,HxuA,+,-0.0393836836405338,0.618715830361194,0.785925823452318
PA1303,PA1303,signal peptidase,-,-0.666207476880238,0.102169863263125,0.261133197895054
PA1304,PA1304,probable oligopeptidase,-,-0.405305253419106,0.0950062530607637,0.248216870527369
PA1305,PA1305,hypothetical protein,+,-0.493133856451902,0.0734101442061663,0.206650372020681
PA1306,PA1306,probable HIT family protein,+,0.338327225285376,0.0352653881461472,0.119438443250548
PA1307,PA1307,conserved hypothetical protein,+,-0.166308747500713,0.777850618539817,0.884391522072253
PA1308,PA1308,hypothetical protein,+,0.0739428578559455,0.14444490215288,0.328151129263824
PA1309,PA1309,probable transcriptional regulator,-,0.364719980122651,0.205732163297736,0.414057302451298
phnW,PA1310,2-aminoethylphosphonate:pyruvate aminotransferase,+,-0.486644611871083,0.214601099461821,0.422769452292407
phnX,PA1311,2-phosphonoacetaldehyde hydrolase,+,-0.156740340870253,0.768937853830815,0.880029214833154
PA1312,PA1312,probable transcriptional regulator,-,0.21135807982861,0.153547983896765,0.342547487604989
PA1313,PA1313,probable major facilitator superfamily (MFS) transporter,+,-0.0265300730491981,0.607629301217428,0.777868059026868
PA1314,PA1314,hypothetical protein,+,-0.261543775511243,0.409620575438719,0.624830983348956
PA1315,PA1315,probable transcriptional regulator,-,0.221319087068051,0.257919698948583,0.473685451943099
PA1316,PA1316,probable major facilitator superfamily (MFS) transporter,+,0.576301864980919,0.129707373834791,0.309137605824632
cyoA,PA1317,cytochrome o ubiquinol oxidase subunit II,+,-1.60224912608961,0.00179056661582163,0.0100417358824452
cyoB,PA1318,cytochrome o ubiquinol oxidase subunit I,+,-0.987398597376113,0.00140173324442659,0.00802426162941561
cyoC,PA1319,cytochrome o ubiquinol oxidase subunit III,+,-1.24919053152012,0.00495501488240782,0.0240343967277783
cyoD,PA1320,cytochrome o ubiquinol oxidase subunit IV,+,-0.959859852656048,0.00195244276172886,0.0108096922246083
cyoE,PA1321,cytochrome o ubiquinol oxidase protein CyoE,+,-0.800830222819191,7.86378951257902e-06,7.22992041853477e-05
PA1322,PA1322,probable TonB-dependent receptor,+,0.643380894450261,0.0376646005631544,0.125559953564316
PA1323,PA1323,hypothetical protein,+,4.47547277042587,4.33418966094676e-50,8.76662095420832e-48
PA1324,PA1324,hypothetical protein,+,4.08763762130037,1.76327524121668e-12,3.41838791172613e-11
P9,PA1324.1,sRNA,+,1.00900237164912,0.000148479844013149,0.00109209174966278
PA1325,PA1325,conserved hypothetical protein,+,0.0739930458168764,0.323835101874351,0.545963043037379
ilvA2,PA1326,"threonine dehydratase, biosynthetic",+,0.786482603003154,0.00691317094958807,0.0316568703701547
PA1327,PA1327,probable protease,+,0.0159504912277238,0.806800147564661,0.900514943496186
PA1328,PA1328,probable transcriptional regulator,-,-0.0159808970795896,0.832263089056721,0.914886308767424
PA1329,PA1329,conserved hypothetical protein,+,0.233325152538192,0.708214896305334,0.844450912969642
PA1330,PA1330,probable short-chain dehydrogenase,+,0.0941565488570315,0.12334200954907,0.298572315448759
PA1331,PA1331,conserved hypothetical protein,-,1.47064153745166,1.20554967793051e-14,2.70936127617863e-13
PA1332,PA1332,hypothetical protein,-,-0.0428048961346891,0.0279576225307811,0.0993248556889813
PA1333,PA1333,hypothetical protein,-,0.552670495799403,3.9565954579853e-07,4.46256900354178e-06
PA1334,PA1334,probable oxidoreductase,-,-0.769865253937352,0.196574607864613,0.402970915164703
PA1335,PA1335,AauR,-,-0.764384801896437,0.00376643188908971,0.0192541775088428
PA1336,PA1336,AauS,-,-0.310388235512789,0.41944728376195,0.633608692523653
ansB,PA1337,glutaminase-asparaginase,-,0.865323974256286,0.000647947744839157,0.00407857563867635
ggt,PA1338,gamma-glutamyltranspeptidase precursor,-,-0.280677852077303,0.225827863238165,0.437146506460384
PA1339,PA1339,AatP,-,-0.525914395673821,0.0861527163041642,0.231009581322876
PA1340,PA1340,AatM,-,-0.478109711322142,0.141965368178152,0.324951284083376
PA1341,PA1341,AatQ,-,-0.366160027207179,0.0123485751730436,0.0515699615623044
PA1342,PA1342,putative acidic amino acid ABC transporter substrate-binding protein,-,-0.683022357737904,0.0501455198621804,0.15445838300696
PA1343,PA1343,hypothetical protein,+,0.505072008382843,0.0145475800941262,0.0582671392812922
PA1344,PA1344,probable short-chain dehydrogenase,+,0.319583812169816,0.183758843789574,0.384764894449667
PA1345,PA1345,hypothetical protein,+,0.397685498508421,0.167542796216692,0.361668334202378
PA1346,PA1346,hypothetical protein,-,0.89612618364504,0.0271432120160943,0.0970565766138244
PA1347,PA1347,probable transcriptional regulator,-,0.748679040657434,0.645270096392016,0.804830204502929
PA1348,PA1348,hypothetical protein,+,0.0384203188731317,0.809188936881436,0.90076965080936
PA1349,PA1349,conserved hypothetical protein,+,-0.324148912861796,0.478303186061305,0.682920037297529
PA1350,PA1350,hypothetical protein,+,0.187091298347052,0.729321708207047,0.856332067608429
PA1351,PA1351,"probable sigma-70 factor, ECF subfamily",+,0.278395332721825,0.57319044163962,0.758255853470507
PA1352,PA1352,conserved hypothetical protein,-,1.74999857372401,0.0443457224664298,0.141906995341723
PA1353,PA1353,hypothetical protein,-,-0.538295283984223,0.0642985234059315,0.187039041240265
PA1354,PA1354,hypothetical protein,-,-0.885322382329303,0.000247388818813519,0.00174552947972143
PA1355,PA1355,hypothetical protein,+,-0.564918125232501,0.130244240953411,0.309437791096093
PA1356,PA1356,hypothetical protein,+,0.0501059369550077,0.977673621705565,0.991232002758458
PA1357,PA1357,conserved hypothetical protein,+,-0.206033751932785,0.723048638047161,0.85392353749906
PA1358,PA1358,hypothetical protein,-,-0.217237155528773,0.339780949684273,0.560209295751845
PA1359,PA1359,probable transcriptional regulator,-,-0.315100847733704,0.630690725139889,0.793825206419591
PA1360,PA1360,conserved hypothetical protein,+,0.501976209316628,0.487990555789238,0.691690421053281
PA1361,PA1361,NorM,-,-0.439205797322578,0.141298178816673,0.32415896727533
PA1362,PA1362,hypothetical protein,+,0.289019591146647,0.675751350776112,0.82454437894821
PA1363,PA1363,ECF sigma factor,+,-0.280518307782939,0.669516079588586,0.81907733285152
PA1364,PA1364,probable transmembrane sensor,+,-0.0787225446519899,0.765126864507342,0.877374291884542
PA1365,PA1365,probable siderophore receptor,+,-0.291639497578625,0.0134970020655644,0.055337708468814
PA1366,PA1366,hypothetical protein,-,-0.0120750257432388,0.907794092366109,0.953026739182967
PA1367,PA1367,hypothetical protein,-,-0.768060143649845,0.0885927296055991,0.235647947897473
PA1368,PA1368,hypothetical protein,-,-0.176411778940731,0.729990324232111,0.856623395638934
PA1369,PA1369,hypothetical protein,+,-0.718538996980665,0.000107920761582136,0.000813494635130933
PA1370,PA1370,hypothetical protein,+,-0.597242255479121,3.9378470657163e-05,0.000323340405883173
PA1371,PA1371,hypothetical protein,-,0.256516212859121,0.107788228274295,0.269934064026521
PA1372,PA1372,hypothetical protein,-,-0.111075565200895,0.163961887160349,0.357242632419748
fabF2,PA1373,3-oxoacyl-acyl carrier protein synthase II,-,0.194312620467635,0.356071101051236,0.577084820235705
PA1374,PA1374,hypothetical protein,+,0.400944253616469,0.690591361706875,0.834360911301557
pdxB,PA1375,erythronate-4-phosphate dehydrogenase,+,-0.0176242632209561,0.994890707009981,0.997685805674528
aceK,PA1376,isocitrate dehydrogenase kinase/phosphatase,-,-0.201076873723595,0.106790803133013,0.268375344394453
PA1377,PA1377,conserved hypothetical protein,+,-0.0808992890622177,0.316248448688449,0.538438716790546
PA1378,PA1378,hypothetical protein,+,-0.727810946946522,0.00679203955409486,0.0312228000107937
PA1379,PA1379,probable short-chain dehydrogenase,-,0.0230345212908619,0.909886612179061,0.954450811715047
PA1380,PA1380,probable transcriptional regulator,+,0.381062421799285,0.299045130514948,0.521288667614107
PA1381,PA1381,hypothetical protein,+,0.240353443357615,0.932073637859651,0.966642084179177
PA1382,PA1382,probable type II secretion system protein,+,-0.0958606754840925,0.812878271176476,0.90223986637989
PA1383,PA1383,hypothetical protein,+,-0.177681202224212,0.19568484029282,0.401425155813669
galE,PA1384,UDP-glucose 4-epimerase,+,2.22127008463366,7.98577206164775e-11,1.35356605782342e-09
PA1385,PA1385,probable glycosyl transferase,+,0.130445148267684,0.605802809012045,0.7767872107491
PA1386,PA1386,probable ATP-binding component of ABC transporter,+,0.245025225461421,0.55323006066017,0.743686311051376
PA1387,PA1387,hypothetical protein,+,0.572749996617396,0.0277948798286785,0.0988045288813247
PA1388,PA1388,hypothetical protein,+,0.305373815968128,0.524719555992257,0.722051064582542
PA1389,PA1389,probable glycosyl transferase,+,-0.108657264861366,0.516664306366892,0.714964426689692
PA1390,PA1390,probable glycosyl transferase,+,-0.144721785169983,0.464189361880995,0.673044626230605
PA1391,PA1391,probable glycosyl transferase,+,-0.162402848704716,0.00590199642909869,0.0278919893549617
PA1392,PA1392,hypothetical protein,+,-0.211117595055451,0.146429871487772,0.330310951742677
cysC,PA1393,adenosine 5'-phosphosulfate (APS) kinase,-,0.253941332752571,0.808775706796416,0.900707375828889
PA1394,PA1394,hypothetical protein,+,0.0929759890538919,0.987286129732368,0.995465945954522
PA1395,PA1395,hypothetical protein,+,0.246841319949276,0.720784966304547,0.852743843933708
PA1396,PA1396,probable two-component sensor,-,-0.4754985170935,0.226433134984741,0.437578427734844
PA1397,PA1397,probable two-component response regulator,+,-0.238538933731444,0.510623662547304,0.710408764277945
PA1398,PA1398,hypothetical protein,+,-0.496825275840397,0.229848079394407,0.440947880418988
PA1399,PA1399,probable transcriptional regulator,-,0.191356686120588,0.87374190934357,0.936229190516826
PA1400,PA1400,probable pyruvate carboxylase,+,0.157458459903455,0.475571546204958,0.681497264982523
PA1401,PA1401,hypothetical protein,-,-0.0504636503791072,0.863446931720589,0.930474448467788
PA1402,PA1402,hypothetical protein,-,0.0992064135240162,0.500458690608954,0.701858416798488
PA1403,PA1403,probable transcriptional regulator,+,-0.56890537060234,0.044876789890957,0.143030807536018
PA1404,PA1404,hypothetical protein,-,3.61662999049035,7.83247560235869e-24,3.21131499696706e-22
PA1405,PA1405,probable helicase,+,0.00504039324750403,0.302589057908063,0.525097947783441
PA1406,PA1406,hypothetical protein,-,0.92225435282521,0.0114233928255301,0.0486436123967134
PA1407,PA1407,hypothetical protein,-,3.03993053426102,1.64171699191949e-30,1.03770194864244e-28
PA1408,PA1408,hypothetical protein,-,2.77423682445888,3.00379428336001e-54,8.28501077792207e-52
aphA,PA1409,acetylpolyamine aminohydrolase,+,0.0401110062449772,0.960324784781017,0.981389600722848
PA1410,PA1410,probable periplasmic spermidine/putrescine-binding protein,+,-0.401374359602503,0.0714801107234319,0.202872456440498
PA1411,PA1411,hypothetical protein,+,-0.430543731540014,0.065428150702314,0.189146268919315
PA1412,PA1412,hypothetical protein,-,-0.446610034139202,0.840300807345272,NA
PA1413,PA1413,probable transcriptional regulator,+,0.368841171310864,0.34341842752002,0.563510821576928
PA1414,PA1414,hypothetical protein,+,0.0336642858488186,0.00930800578067801,0.0408099559806027
PA1415,PA1415,hypothetical protein,-,0.701265865996246,1.4659673594723e-06,1.49755722849796e-05
PA1416,PA1416,conserved hypothetical protein,-,1.77145139777612,0.00544889850181157,0.0260550954365584
PA1417,PA1417,probable decarboxylase,-,0.359943649630406,0.338510281097392,0.559085570413439
PA1418,PA1418,probable sodium:solute symport protein,-,0.0878014115009505,0.717455341078975,0.850281849081612
PA1419,PA1419,probable transporter,-,0.68448172108174,0.254953628622495,0.471233206969631
PA1420,PA1420,hypothetical protein,-,1.06449399184324,0.04129873064736,0.134731557832355
gbuA,PA1421,guanidinobutyrase,-,0.1439431889341,0.814954518306483,0.903057709474752
gbuR,PA1422,GbuR,+,0.305193648166354,0.381300753704253,0.600660551384973
bdlA,PA1423,BdlA,-,0.872153748162792,9.85464046459109e-06,8.89850570522898e-05
PA1424,PA1424,hypothetical protein,+,-0.128471573935715,0.660353762860128,0.814678135865851
PA1424a,PA1424a,–,-,0.378997687901329,0.165772536486649,0.359491027689787
PA1425,PA1425,probable ATP-binding component of ABC transporter,+,-0.0925379356863534,0.560527257576793,0.750295111683008
PA1428,PA1428,conserved hypothetical protein,+,-0.162403552038518,0.138384932548402,0.320248702293816
PA1428a,PA1428a,–,-,0.337954433442654,0.495943001925388,0.698169808697965
PA1429,PA1429,probable cation-transporting P-type ATPase,+,1.67212628948036,5.2728203089461e-30,3.16786867670148e-28
lasR,PA1430,transcriptional regulator LasR,+,-0.102603229444424,0.161483292642644,0.353360287816423
rsaL,PA1431,regulatory protein RsaL,-,-0.380197571288821,0.363703222088013,0.584004009428436
lasI,PA1432,autoinducer synthesis protein LasI,+,-0.300621494419571,0.536566838100439,0.72985599049394
PA1433,PA1433,conserved hypothetical protein,-,-0.057301941038285,0.897719974397501,0.949514520593348
PA1434,PA1434,hypothetical protein,-,0.0316904265649956,0.455915130286408,0.667590012205097
PA1435,PA1435,probable Resistance-Nodulation-Cell Division (RND) efflux membrane fusion protein precursor,+,0.542858657570486,0.154745201149046,0.344458503511523
PA1436,PA1436,probable Resistance-Nodulation-Cell Division (RND) efflux transporter,+,1.00067347906804,0.000542192003862305,0.00349630295370506
PA1437,PA1437,probable two-component response regulator,+,0.805079342029529,0.000374760719365355,0.00252218195384028
PA1438,PA1438,probable two-component sensor,+,0.770396423474311,1.8179868355247e-05,0.000158499197097182
PA1439,PA1439,conserved hypothetical protein,-,-0.784273409516296,0.0176517914603654,0.0685842151224962
PA1440,PA1440,hypothetical protein,-,-0.427875126889751,0.198350181757915,0.404567698456144
PA1441,PA1441,putative flagellar hook-length control protein FliK,+,0.14996858469795,0.632949793743282,0.795549004811488
PA1442,PA1442,conserved hypothetical protein,+,-0.115414730260022,0.783268396802319,0.887889525835321
fliM,PA1443,flagellar motor switch protein FliM,+,-0.080343934425034,0.856971602118478,0.927596090198881
fliN,PA1444,flagellar motor switch protein FliN,+,0.167877409938817,0.543023636332428,0.734079895859172
fliO,PA1445,flagellar protein FliO,+,0.487719239097859,0.101124192704861,0.259524599713575
fliP,PA1446,flagellar biosynthetic protein FliP,+,0.0899865438151148,0.867594742231311,0.933433492173687
fliQ,PA1447,flagellar biosynthetic protein FliQ,+,0.0494036561618795,0.275488899915121,0.495671096502729
fliR,PA1448,flagellar biosynthetic protein FliR,+,-0.294615418437853,0.213254323068518,0.42134644587893
flhB,PA1449,flagellar biosynthetic protein FlhB,+,-0.271617999672247,0.0418459039322906,0.135786601636973
PA1450,PA1450,conserved hypothetical protein,+,-0.479773797683188,0.0204269174038705,0.0768923913192842
PA1451,PA1451,conserved hypothetical protein,+,-0.608613097823183,0.12103226790036,0.294579805033706
flhA,PA1452,flagellar biosynthesis protein FlhA,+,0.096248084811203,0.415650615884609,0.629933792529287
flhF,PA1453,flagellar biosynthesis protein FlhF,+,0.0230571157675069,0.589533605467505,0.766458525560284
fleN,PA1454,flagellar synthesis regulator FleN,+,0.0423462983554551,0.945465841730314,0.973707862800331
fliA,PA1455,sigma factor FliA,+,0.239562858077294,0.0193894795921463,0.0738113940810187
cheY,PA1456,two-component response regulator CheY,+,-0.144681648130511,0.733272537072893,0.858642595639555
cheZ,PA1457,chemotaxis protein CheZ,+,-0.0511584222354276,0.836905857925949,0.918160322888205
PA1458,PA1458,probable two-component sensor,+,-0.0535754334576716,0.0200216946401384,0.0756485946926275
PA1459,PA1459,probable methyltransferase,+,0.165432838322915,0.18416220230376,0.385229155802018
motC,PA1460,MotC,+,0.34038190116163,7.53070086131546e-05,0.000585849908031567
motD,PA1461,MotD,+,0.191674768393383,0.00205681204613246,0.0113050140361701
PA1462,PA1462,probable plasmid partitioning protein,+,-0.0213280375540588,0.33412372847462,0.555448121844967
PA1463,PA1463,hypothetical protein,+,0.270813816941995,0.113752906471375,0.281047490418691
PA1464,PA1464,probable purine-binding chemotaxis protein,+,-0.0443791671593741,0.102252141542587,0.261133197895054
PA1465,PA1465,hypothetical protein,+,0.46039988455813,0.0754801079883178,0.210580825412925
PA1466,PA1466,hypothetical protein,-,0.0876728866479939,0.910800157351152,0.955130766717922
PA1467,PA1467,hypothetical protein,+,0.0914305034846758,0.0584989396729731,0.173665149674951
PA1468,PA1468,hypothetical protein,+,-0.0940055277809287,0.805950026863388,0.900148124978288
PA1469,PA1469,hypothetical protein,+,0.0843421731545826,0.212488550308724,0.420816097674065
PA1470,PA1470,probable short-chain dehydrogenase,+,0.402711595880441,0.132350358379524,0.31224804613023
PA1471,PA1471,hypothetical protein,-,2.60006852264595,6.34787954902914e-19,1.8342349096909e-17
PA1472,PA1472,conserved hypothetical protein,-,-0.048064743775697,0.943107713168573,0.972847351235767
PA1473,PA1473,hypothetical protein,-,-0.082120380180234,0.219475666522,0.428776028478911
PA1474,PA1474,hypothetical protein,-,0.247073111478868,0.219400693704582,0.428767603671305
ccmA,PA1475,heme exporter protein CcmA,+,0.384609114933512,0.0606818078835512,0.178572846865853
ccmB,PA1476,heme exporter protein CcmB,+,0.221095890661691,0.367631941861893,0.587513990839602
ccmC,PA1477,heme exporter protein CcmC,+,-0.0153047306590618,0.270223118013837,0.489649583656182
PA1478,PA1478,hypothetical protein,+,-0.150512516088885,0.645795513644397,0.805320011671641
ccmE,PA1479,cytochrome C-type biogenesis protein CcmE,+,-0.655794358688341,2.07478795905474e-07,2.43046589489269e-06
ccmF,PA1480,cytochrome C-type biogenesis protein CcmF,+,-0.122965605536336,0.60295277886591,0.775793433441566
ccmG,PA1481,cytochrome C biogenesis protein CcmG,+,0.0042885505516346,0.19624148765051,0.402431006104527
ccmH,PA1482,cytochrome C-type biogenesis protein CcmH,+,-0.00455695224134843,0.916856729074069,0.959221833107147
cycH,PA1483,cytochrome c-type biogenesis protein,+,0.205630822361374,0.709372186270783,0.844602256448886
PA1483a,PA1483a,–,+,0.643041555842923,0.00557326561030841,0.0265660453443452
PA1484,PA1484,probable transcriptional regulator,-,-0.149265263490687,0.255348710314788,0.471406735328679
PA1485,PA1485,probable amino acid permease,+,-0.0327281873674216,0.151129634773985,0.338774623010723
PA1486,PA1486,beta-peptidyl aminopeptidase,+,0.616266455020087,0.0798192890120627,0.218862831326343
PA1487,PA1487,probable carbohydrate kinase,-,0.206462062603702,0.708805214103162,0.844602256448886
PA1488,PA1488,hypothetical protein,-,0.0733833948994882,0.698539943274154,0.838615420120668
PA1489,PA1489,hypothetical protein,-,0.0850193339788685,0.877444948796895,0.938024872461551
PA1490,PA1490,probable transcriptional regulator,-,0.0215409163693645,0.984307078290032,0.993640883557464
PA1491,PA1491,probable transporter,+,-0.164575019072174,0.243101767253446,0.456698282294765
PA1492,PA1492,hypothetical protein,+,-0.0980686669140736,0.751292328998508,0.869344365439158
cysP,PA1493,sulfate-binding protein of ABC transporter,-,-0.149960395539071,0.684308784669433,0.83100064010768
PA1494,PA1494,mucoidy inhibitor gene A,-,1.1141702692916,0.000976913177912708,0.00586921699363793
PA1495,PA1495,hypothetical protein,-,1.57051104509162,2.82514070150602e-08,3.74300300802151e-07
PA1496,PA1496,probable potassium channel,-,1.26988295222459,2.05603337471125e-07,2.4131548390228e-06
PA1497,PA1497,probable transporter,-,-0.480266666918314,0.839010157966479,NA
pykF,PA1498,pyruvate kinase I,-,0.789245200638841,0.133727313632582,0.314396489392681
PA1499,PA1499,conserved hypothetical protein,-,-0.619328346720269,0.58514894967521,0.763916485935709
PA1500,PA1500,probable oxidoreductase,-,-0.0773313981666913,0.143939777210728,0.327738777098015
PA1501,PA1501,conserved hypothetical protein,-,0.737213645052069,0.453291537139566,0.66487141584793
gcl,PA1502,glyoxylate carboligase,-,0.271646230102858,0.66030707474786,0.814678135865851
PA1503,PA1503,hypothetical protein,+,0.380604563956308,0.103839481139369,0.263529055438599
PA1504,PA1504,probable transcriptional regulator,-,-0.158534893665147,0.815116298847339,0.903072065255734
moaA2,PA1505,molybdopterin biosynthetic protein A2,+,0.552346392213269,0.0010866201406254,0.00640778524131675
PA1506,PA1506,hypothetical protein,+,-0.397361494484467,0.384319761218158,0.603220980618672
PA1507-3',PA1506.1,putative sRNA,-,-0.492580498027956,0.44648128502088,NA
PA1507,PA1507,probable transporter,-,-0.587819493591695,0.0772533030924852,0.21337921431062
PA1508,PA1508,hypothetical protein,-,-0.338323488492408,0.584087139732591,0.76318707232932
PA1509,PA1509,"immunity protein, TplEi",-,0.0157287904919743,0.843786823085444,0.921979182764394
PA1510,PA1510,"type 6 PGAP1-like effector, TplE",-,-0.194770073183261,0.504503388756182,0.705862707625665
PA1511,PA1511,VgrG2a,-,-0.288657945785344,0.342988352644753,0.563262063287783
hcpA,PA1512,secreted protein Hcp,-,-0.351630906694573,0.931093530139966,0.966179315892919
PA1513,PA1513,hypothetical protein,-,-0.208580711098101,0.57916744932951,0.760505698841326
PA1514,PA1514,ureidoglycolate hydrolaseYbbT,-,-0.127399847287785,0.367545580611747,0.587513990839602
alc,PA1515,allantoicase,-,0.729353603754775,0.00758748127963931,0.0342311051337185
PA1516,PA1516,hypothetical protein,-,0.764860785961528,0.0416832674319605,0.13547620073762
PA1517,PA1517,conserved hypothetical protein,-,-0.0142648381685393,0.301629198443718,0.52402280165506
PA1518,PA1518,conserved hypothetical protein,+,-0.0486534824986343,0.960715242588691,0.981389600722848
PA1519,PA1519,probable transporter,-,1.20084275523931,0.00212697363784887,0.0116274558869071
PA1520,PA1520,probable transcriptional regulator,+,-0.0506407673904147,0.856094009357793,0.927596090198881
PA1521,PA1521,probable guanine deaminase,-,-0.0810800000538677,0.401102126844944,0.61773799636932
PA1522,PA1522,hypothetical protein,-,-0.0387494399501768,0.978577320473229,0.991341363012745
xdhB,PA1523,xanthine dehydrogenase,-,0.219188718213787,0.02382500971953,0.0871429529705294
xdhA,PA1524,xanthine dehydrogenase,-,0.286458939616464,0.12638702949989,0.303609063739244
alkB2,PA1525,alkane-1-monooxygenase 2,-,1.07844562978677,4.52159718801064e-05,0.000367296542661962
PA1526,PA1526,probable transcriptional regulator,+,-0.238324326121655,0.475632979103656,0.681497264982523
PA1527,PA1527,conserved hypothetical protein,+,0.467710767519135,0.0193885922935462,0.0738113940810187
zipA,PA1528,cell division protein ZipA,+,0.221033389025454,0.312644025639644,0.535375529870194
lig,PA1529,DNA ligase,+,0.18151082433523,0.363840644376821,0.584070113777395
PA1530,PA1530,hypothetical protein,+,-0.0555997269680722,0.708347914801496,0.844450912969642
ffs,PA1530.1,4.5S RNA,+,0.0105325012128758,0.997125218937123,0.998606342384958
ffs,PA1530.1,4.5S RNA,+,-0.00857588783762786,0.590271365883512,0.766809387322019
dnaX,PA1532,DNA polymerase subunits gamma and tau,+,0.147504463436961,0.0866775229987668,0.232027830865392
PA1533,PA1533,conserved hypothetical protein,+,0.327439507232641,0.0475896643794285,0.148852620337305
recR,PA1534,recombination protein RecR,+,0.173559605868455,0.574894218003916,0.758999653607352
PA1535,PA1535,citronellyl-CoA dehydrogenase,+,-0.226402737602825,0.167673178329341,0.361692444401864
PA1536,PA1536,conserved hypothetical protein,-,-0.472948051202457,0.176562614158619,0.373303812792508
PA1537,PA1537,probable short-chain dehydrogenase,-,0.67085620461026,0.184494413678343,0.385229155802018
PA1538,PA1538,probable flavin-containing monooxygenase,-,1.47306565657542,0.000127021552405115,0.000944567132345881
PA1539,PA1539,hypothetical protein,+,0.433299690253437,0.095063242531615,0.248216870527369
PA1540,PA1540,conserved hypothetical protein,-,0.161901979863732,0.74163502128095,0.863769924977506
PA1541,PA1541,probable drug efflux transporter,-,0.235158876591998,0.576443046652171,0.759904387821066
PA1542,PA1542,hypothetical protein,-,-0.386477971637186,0.586695517661268,0.76445531483113
apt,PA1543,adenine phosphoribosyltransferase,-,0.0364631976428573,0.938559672573743,0.97121079351594
anr,PA1544,transcriptional regulator Anr,-,-0.0038569836906209,0.789246428360066,0.890010653649671
PA1545,PA1545,hypothetical protein,+,-0.422196490397829,0.00498155700510213,0.0241245713543174
hemN,PA1546,oxygen-independent coproporphyrinogen III oxidase,-,-0.467415878800204,0.0715991570519997,0.202925588506088
PA1547,PA1547,hypothetical protein,-,0.202673335904493,0.422985329358155,0.637580625743238
PA1548,PA1548,conserved hypothetical protein,-,-0.00851208089542077,0.125815658988609,0.303076386956284
PA1549,PA1549,CopA2,-,0.376301392675527,0.00583285128920312,0.0276344674181554
PA1550,PA1550,hypothetical protein,-,0.236372567564949,0.213741500889278,0.42192043832015
PA1551,PA1551,probable ferredoxin,-,0.153157457070561,0.623152477891504,0.78842561214463
ccoP1,PA1552,"Cytochrome c oxidase, cbb3-type, CcoP subunit",-,-0.530043939470942,8.7359430392126e-06,7.99543022050408e-05
ccoQ1,PA1552.1,"Cytochrome c oxidase, cbb3-type, CcoQ subunit",-,-1.19209407366846,0.000272967035096034,0.0018994999644068
ccoO1,PA1553,"Cytochrome c oxidase, cbb3-type, CcoO subunit",-,-0.621417573044358,0.00219225624597396,0.0118889112286629
ccoN1,PA1554,"Cytochrome c oxidase, cbb3-type, CcoN subunit",-,-0.410632937391247,0.0751719813342784,0.209817655352531
ccoP2,PA1555,"Cytochrome c oxidase, cbb3-type, CcoP subunit",-,-0.556543309275618,0.00320930923000335,0.0167159557147299
ccoQ2,PA1555.1,"Cytochrome c oxidase, cbb3-type, CcoQ subunit",-,-0.507759402356508,0.120295683104024,0.293272079178473
ccoO2,PA1556,"Cytochrome c oxidase, cbb3-type, CcoO subunit",-,-0.506938269887981,0.243415191760754,0.456698282294765
ccoN2,PA1557,"Cytochrome c oxidase, cbb3-type, CcoN subunit",-,-0.412511052846785,0.27565005156044,0.495671096502729
PA1558,PA1558,hypothetical protein,+,0.845455025547399,0.00376600324162086,0.0192541775088428
PA1559,PA1559,hypothetical protein,+,0.00263611767459937,0.825293255577051,0.909614624847822
aer,PA1561,aerotaxis receptor Aer,-,0.427244593702179,0.0421464360088419,0.136490951062959
acnA,PA1562,aconitate hydratase 1,-,2.07871335161096,4.71568074969898e-18,1.28895273825105e-16
PA1563,PA1563,conserved hypothetical protein,+,0.560113211744857,0.00478236011080373,0.0233838526610452
PA1564,PA1564,conserved hypothetical protein,+,0.176627272337948,0.145196109332893,0.328641439420159
PA1565,PA1565,FAD-dependent oxidoreductase,-,-0.0586381771120073,0.956892890254033,0.979822149521005
PA1566,PA1566,Glutamylpolyamine synthetase,-,0.685845417914349,0.575550192442569,0.759157975270833
PA1567,PA1567,conserved hypothetical protein,-,0.208977734740589,0.761766123545634,0.875969329362064
PA1568,PA1568,conserved hypothetical protein,-,1.15068885242261,0.165510381628176,0.359293915858342
PA1569,PA1569,probable major facilitator superfamily (MFS) transporter,-,0.648177828560952,0.547968315551081,0.739069068407193
PA1570,PA1570,probable transcriptional regulator,+,0.57636370338221,0.0270052677015802,0.0966772651405243
PA1571,PA1571,hypothetical protein,-,0.394065932581435,0.106810556478676,0.268375344394453
PA1572,PA1572,conserved hypothetical protein,+,-0.0868945517155776,0.504659383134944,0.705918196602776
PA1573,PA1573,conserved hypothetical protein,+,-0.426884498274976,0.0510979143984764,0.156138502236894
PA1574,PA1574,conserved hypothetical protein,-,-0.833218026991709,0.00347321451716909,0.0179795828233366
PA1575,PA1575,hypothetical protein,-,0.122772260560005,0.310803957980966,0.533661125361772
PA1576,PA1576,probable 3-hydroxyisobutyrate dehydrogenase,+,0.014846933916218,0.69687365087939,0.838182222702902
PA1577,PA1577,hypothetical protein,-,0.0460753758272233,0.398206978460319,0.615932868916914
PA1578,PA1578,hypothetical protein,+,0.251213573155875,0.219022286662805,0.428165990808602
PA1578a,PA1578a,–,+,-0.757797163765563,0.0560101958785381,0.168085988422834
PA1579,PA1579,putative lipid binding protein,+,0.938270537906216,3.0053915308032e-06,2.9085671146593e-05
gltA,PA1580,citrate synthase,-,-1.66402937722801,1.40552877890755e-13,2.97168941826168e-12
sdhC,PA1581,succinate dehydrogenase (C subunit),+,-0.861654762679049,0.00438526665959411,0.0219371789698409
sdhD,PA1582,succinate dehydrogenase (D subunit),+,-0.617679581665214,0.210392371857113,0.418883988514772
sdhA,PA1583,succinate dehydrogenase (A subunit),+,-0.500393703853917,0.00465399199471489,0.0229728023364621
sdhB,PA1584,succinate dehydrogenase (B subunit),+,-0.821130506767913,3.68407737351039e-07,4.16293882727394e-06
sucA,PA1585,2-oxoglutarate dehydrogenase (E1 subunit),+,0.221064832988514,0.0715654584050637,0.202924860561648
sucB,PA1586,dihydrolipoamide succinyltransferase (E2 subunit),+,0.241140790570281,0.0630277903740336,0.184048427328987
lpdG,PA1587,dihydrolipoamide dehydrogenase Lpd,+,0.203353446021388,0.120602612902702,0.293902271121925
sucC,PA1588,succinyl-CoA synthetase beta chain,+,-0.121795275238304,0.736690727845768,0.860629011071344
sucD,PA1589,succinyl-CoA synthetase alpha chain,+,0.0519072320897208,0.968254508201724,0.985510557481104
braB,PA1590,branched chain amino acid transporter,+,-0.469673392040063,0.000954706393718728,0.00575481383375996
PA1591,PA1591,hypothetical protein,+,-0.877550999612157,0.000208550078228246,0.00148880220551647
PA1592,PA1592,hypothetical protein,-,1.792126922467,8.71041771888801e-11,1.46412229136322e-09
PA1593,PA1593,hypothetical protein,+,-0.114726477398189,0.464053685251589,0.673044626230605
PA1594,PA1594,hypothetical protein,+,-0.0620725592683573,0.949386330199765,0.976254236850054
PA1595,PA1595,hypothetical protein,+,-0.374991440587377,0.0652410387265029,0.188785227941068
htpG,PA1596,heat shock protein HtpG,+,0.0686415420195881,0.112792702477017,0.279585832773912
PA1597,PA1597,hypothetical protein,+,1.07638191651579,4.08762692687899e-07,4.57633213880106e-06
PA1598,PA1598,conserved hypothetical protein,-,0.210961305287914,0.233435548047347,0.445498444944575
PA1599,PA1599,probable transcriptional regulator,+,0.206147649194983,0.800238971789831,0.897071878961887
PA1600,PA1600,probable cytochrome c,-,0.173275562082327,0.376149287625315,0.595479748841745
PA1601,PA1601,probable aldehyde dehydrogenase,-,0.250162327989024,0.649281620601898,0.80800674196315
PA1602,PA1602,probable oxidoreductase,-,0.536118466108796,0.478460850644502,0.682920037297529
PA1603,PA1603,probable transcriptional regulator,-,0.485229380520685,0.00774562226260252,0.0348667922028725
PA1604,PA1604,hypothetical protein,-,0.134733019685153,0.610100642278976,0.779473946606171
PA1605,PA1605,hypothetical protein,+,2.14967528312226,1.8033471567852e-23,6.99598898221404e-22
PA1606,PA1606,hypothetical protein,+,2.57938350900282,3.49432823605859e-13,7.23671799877253e-12
PA1607,PA1607,conserved hypothetical protein,-,0.0461547011925187,0.00780891091252772,0.0350736279920194
PA1608,PA1608,probable chemotaxis transducer,-,0.17850197892008,0.168235035112408,0.362517824240799
fabB,PA1609,beta-ketoacyl-ACP synthase I,-,0.0374590428374476,0.552070274621846,0.742456211526011
fabA,PA1610,beta-hydroxydecanoyl-ACP dehydrase,-,-0.285518708904619,0.155030082382938,0.344687664496252
PA1611,PA1611,hybrid sensor kinase,-,-0.230110395848319,0.463488141589938,0.673044626230605
PA1612,PA1612,hypothetical protein,-,-1.39411448781132,3.1663949429966e-06,3.05950390351965e-05
PA1613,PA1613,hypothetical protein,-,-0.587004888184065,0.00136028755532827,0.00779435777689514
gpsA,PA1614,"glycerol-3-phosphate dehydrogenase, biosynthetic",+,1.68869197860436,2.51492097906151e-23,9.59782421443095e-22
PA1615,PA1615,probable lipase,+,1.25152828042338,1.34805883009535e-12,2.62180159648032e-11
PA1616,PA1616,conserved hypothetical protein,+,1.3443155112825,2.74494365465414e-09,3.93766385258659e-08
PA1617,PA1617,probable AMP-binding enzyme,+,1.1996810803275,3.60973603110009e-09,5.14175545462801e-08
PA1618,PA1618,conserved hypothetical protein,+,-0.409930644973288,0.153079500913793,0.341753646631677
PA1619,PA1619,probable transcriptional regulator,+,0.552121793314388,0.0911269276113859,0.241059872264734
PA1620,PA1620,hypothetical protein,+,1.95253085224324,0.00114432964339446,0.00671546641790869
PA1621,PA1621,probable hydrolase,+,0.488099905284187,3.51628818986968e-05,0.000290692598584867
PA1622,PA1622,probable hydrolase,+,0.494007812000231,0.00162521228129479,0.00922524613928608
PA1623,PA1623,conserved hypothetical protein,+,0.725024500525493,0.00012474757564947,0.000928795446676053
PA1624,PA1624,hypothetical protein,+,0.851932056063496,9.88058502803614e-08,1.2161336703879e-06
PA1625,PA1625,conserved hypothetical protein,+,2.9878713596107,1.5961898684105e-44,1.93713602430299e-42
PA1626,PA1626,probable major facilitator superfamily (MFS) transporter,-,-0.00199937830970177,0.977098790977916,0.990980354948018
PA1627,PA1627,probable transcriptional regulator,-,0.421296638702515,0.162269949018909,0.35444710246463
PA1628,PA1628,probable 3-hydroxyacyl-CoA dehydrogenase,-,0.20597139898843,0.744381181896637,0.865473272992679
PA1629,PA1629,probable enoyl-CoA hydratase/isomerase,-,0.0664683146897871,0.129210791083366,0.3084386625861
PA1630,PA1630,probable transcriptional regulator,+,0.261046077092356,0.0708337683332836,0.201414857659965
PA1631,PA1631,probable acyl-CoA dehydrogenase,+,0.414572101056913,0.168955666338551,0.363425375165661
kdpF,PA1632,KdpF protein,+,1.10061507132341,0.547645556232529,NA
kdpA,PA1633,"potassium-transporting ATPase, A chain",+,-0.483297326632418,0.355848028023467,0.576886410378412
kdpB,PA1634,"potassium-transporting ATPase, B chain",+,0.250238895209669,0.905769651256392,0.952219376961848
kdpC,PA1635,"potassium-transporting ATPase, C chain",+,0.473655738819576,0.856984178869497,NA
kdpD,PA1636,two-component sensor KdpD,+,0.163521547763501,0.497499155826316,0.699575602922033
kdpE,PA1637,two-component response regulator KdpE,+,0.379950210726873,0.229166336747768,0.440196686098594
PA1638,PA1638,conserved hypothetical protein,+,-0.199638050992745,0.755570992647702,0.872133304810017
PA1639,PA1639,hypothetical protein,+,-0.565318015944848,0.131918058237582,0.311761298221609
PA1640,PA1640,conserved hypothetical protein,-,-0.230402025239551,0.0367502005638522,0.123136508570654
PA1641,PA1641,hypothetical protein,+,0.0902033187457671,0.598767692332451,0.772350546448083
selD,PA1642,selenophosphate synthetase,+,-0.0510999361971809,0.925477788599933,0.963764237432859
PA1643,PA1643,conserved hypothetical protein,+,-0.2593109430214,0.0169712937679168,0.0665257174313431
PA1643a,PA1643a,–,-,-0.103193963825351,0.041763466798159,0.135591608630941
PA1644,PA1644,conserved hypothetical protein,+,0.0550158025384686,0.972737877053827,0.98828605554237
PA1645,PA1645,hypothetical protein,-,0.0273534320281842,0.147128384167748,0.331270885020368
PA1646,PA1646,probable chemotaxis transducer,+,-1.12666211963328,4.79837187110503e-08,6.20821332918237e-07
PA1647,PA1647,probable sulfate transporter,-,-0.421204593478747,0.102128671891798,0.261133197895054
PA1648,PA1648,probable oxidoreductase,-,-0.163210342140371,0.178369836302096,0.3760764998892
PA1649,PA1649,probable short-chain dehydrogenase,+,0.160571155383599,0.812508137937522,0.901994032382891
PA1650,PA1650,probable transporter,+,1.191666627274,3.56762240554524e-14,7.9008513711126e-13
PA1651,PA1651,probable transporter,-,0.223367701203431,0.389061314423505,0.606895644195844
PA1652,PA1652,hypothetical protein,+,2.27923082169088,2.31468237030677e-28,1.23206075640539e-26
PA1653,PA1653,probable transcriptional regulator,-,-0.373671009613552,0.0824168597780263,0.223861013936018
PA1654,PA1654,probable aminotransferase,+,0.692506666931005,0.00246622807945384,0.0131618926878856
PA1655,PA1655,probable glutathione S-transferase,+,0.0170255803690739,0.995869076800243,0.998100243909431
lrs2,PA1655.1,putative sRNA,+,-0.217452538359941,0.0162798644993305,0.0642721000533098
PA1656,PA1656,HsiA2,+,0.359128128474297,0.0917299654342168,0.242007578371664
PA1657,PA1657,HsiB2,+,-0.579403917331121,0.00723285087749736,0.0329744095602209
PA1658,PA1658,HsiC2,+,-0.605291149205515,0.0738292535936349,0.20721364977159
PA1659,PA1659,HsiF2,+,-0.0912306904052307,0.621899557811585,0.787497186310663
PA1660,PA1660,HsiG2,+,-0.397167720712734,0.107722715514749,0.269884986681872
PA1661,PA1661,HsiH2,+,-0.695509070078509,0.00307454287887507,0.0160830398181154
PA1662,PA1662,clpV2,+,-0.295093535176107,0.291261813143414,0.512728947535317
PA1663,PA1663,Sfa2,+,-0.600333883647706,0.11863237516188,0.290383724276841
PA1664,PA1664,OrfX,+,-0.531947005367663,0.533735806201708,0.728290729037995
PA1665,PA1665,Fha2,+,-0.12811445140331,0.858204974431506,0.928325901410909
PA1666,PA1666,Lip2,+,-0.319411375301,0.540281531050496,0.73162872805499
PA1667,PA1667,HsiJ2,+,-0.0145154594843647,0.434853403992922,0.648486226450983
PA1668,PA1668,DotU2,+,-0.124912661142037,0.783139587936054,0.887889525835321
PA1669,PA1669,IcmF2,+,0.225591585765189,0.450717479874725,0.662376766258133
stp1,PA1670,Stp1,+,0.141085113510779,0.725679468739762,0.854867601691492
stk1,PA1671,Stk1,+,0.149928212046151,0.754927924361051,0.871722672697024
PA1672,PA1672,hypothetical protein,-,0.0777597224857326,0.445364946838235,0.658511449930637
PA1673,PA1673,hypothetical protein,+,0.904460705112676,2.43792130761202e-07,2.82315009438736e-06
folE2,PA1674,GTP cyclohydrolase I precursor,-,-0.178298573886566,0.612503837082581,0.781306134836473
PA1675,PA1675,conserved hypothetical protein,-,0.388942489325684,0.0704420808724122,0.200583081526887
PA1676,PA1676,hypothetical protein,-,-0.162728913258969,0.750977043685099,0.869297507422738
PA1677,PA1677,conserved hypothetical protein,-,0.36216333342547,0.225849659211588,0.437146506460384
PA1678,PA1678,probable DNA methylase,+,-0.247765091732144,0.402043184593415,0.618268115034444
PA1679,PA1679,hypothetical protein,-,0.23365782897926,0.415829339905285,0.630025576665485
PA1680,PA1680,hypothetical protein,-,1.64434067169046,2.30837085140482e-09,3.35903940679244e-08
aroC,PA1681,chorismate synthase,+,-0.133876556543061,0.639014284813067,0.799704853827957
PA1682,PA1682,probable MFS metabolite transporter,+,-0.431206721664118,0.0148818469186413,0.0594490106006026
PA1683,PA1683,probable sugar aldolase,+,-0.246565051471074,0.365136177730787,0.585220899754468
PA1684,PA1684,"1,2-dihydroxy-3-keto-5-methylthiopentene dioxygenase MtnD",+,0.19867978934628,0.28733449880559,0.508470614975888
masA,PA1685,enolase-phosphatase E-1,+,-0.13956664864525,0.819655298153102,0.906115567351617
alkA,PA1686,DNA-3-methyladenine glycosidase II,-,0.0563585897336218,0.941490100450803,0.972611025238458
speE,PA1687,spermidine synthase,+,-0.788863247402965,0.00206554392460451,0.0113324778792949
PA1688,PA1688,hypothetical protein,+,-0.141748080043544,0.598404503096372,0.772350546448083
PA1689,PA1689,conserved hypothetical protein,+,-1.76108075002668,1.31555667301139e-21,4.51005530612039e-20
pscU,PA1690,translocation protein in type III secretion,-,0.480551125835195,0.424507797503195,0.638867389694789
pscT,PA1691,translocation protein in type III secretion,-,0.24689924738847,0.326296741915332,0.548512458051457
PA1692,PA1692,probable translocation protein in type III secretion,-,-0.100679167470189,0.72552142467022,0.854867601691492
pscR,PA1693,translocation protein in type III secretion,-,-0.0677899163570882,0.948176075267848,0.975671091186247
pscQ,PA1694,translocation protein in type III secretion,-,0.937697437092496,0.233503963574196,0.445498444944575
pscP,PA1695,translocation protein in type III secretion,-,-0.516936857508819,0.493188014295707,0.696029687054807
pscO,PA1696,translocation protein in type III secretion,-,0.189114662505701,0.797718186184222,0.895533412378571
PA1697,PA1697,ATP synthase in type III secretion system,-,0.495253133954614,0.283072298141063,0.503424005017576
popN,PA1698,Type III secretion outer membrane protein PopN precursor,+,0.629928716958975,0.248798742876578,0.464526391315409
pcr1,PA1699,Pseudomonas calcium response gene 1,+,0.371232687525694,0.653506972784171,0.81093666888637
pcr2,PA1700,Pseudomonas calcium response gene 2,+,0.489574541673316,0.446497941492904,0.659002175790397
pcr3,PA1701,Pseudomonas calcium response gene 3,+,1.10577533746918,0.358030330334759,0.578621198140627
pcrD,PA1703,type III secretory apparatus protein PcrD,+,0.384817755231804,0.16137104993692,0.353246584061051
pcrR,PA1704,transcriptional regulator protein PcrR,+,0.566742631641323,0.210383678517725,0.418883988514772
pcrG,PA1705,regulator in type III secretion,+,0.91788860566975,0.0139717683665644,0.0566613881689826
pcrV,PA1706,type III secretion protein PcrV,+,1.21722429834409,1.92762983902664e-06,1.92382530644962e-05
pcrH,PA1707,regulatory protein PcrH,+,1.03798931768538,0.00290917181100765,0.0153236584628424
popB,PA1708,translocator protein PopB,+,0.820049557748996,0.000565092453734037,0.00361325712250594
popD,PA1709,Translocator outer membrane protein PopD precursor,+,0.548845241279419,0.0418806774104987,0.135826804129827
exsC,PA1710,"ExsC, exoenzyme S synthesis protein C precursor.",+,0.271537946162407,0.0317048225338466,0.110502506108777
exsE,PA1711,ExsE,+,0.446361721708035,0.00126295473761426,0.00731881662735518
exsB,PA1712,exoenzyme S synthesis protein B,+,0.668235146566505,0.00191707558667562,0.0106335506846302
exsA,PA1713,transcriptional regulator ExsA,+,0.87688960060699,1.62903449891671e-07,1.93823163518169e-06
exsD,PA1714,ExsD,+,0.823883186165218,3.00682439959826e-05,0.000252706516021638
pscB,PA1715,type III export apparatus protein,+,0.846733772994859,0.0250578763819452,0.090722669382842
pscC,PA1716,Type III secretion outer membrane protein PscC precursor,+,0.401598742612991,0.232282290438671,0.443813777211586
pscD,PA1717,type III export protein PscD,+,0.698621437528171,0.0156850140000993,0.0622883932935881
pscE,PA1718,type III export protein PscE,+,0.310986555271275,0.60576990596694,0.7767872107491
pscF,PA1719,type III export protein PscF,+,0.520814470639247,0.42543421197354,0.639627056059326
pscG,PA1720,type III export protein PscG,+,0.6533786908593,0.126974444714629,0.304297365927476
pscH,PA1721,type III export protein PscH,+,0.499540357309927,0.208263673272574,0.416541240745854
pscI,PA1722,type III export protein PscI,+,0.488222965397491,0.278988307160591,0.499380840073883
pscJ,PA1723,type III export protein PscJ,+,0.65624720847694,0.135627655682026,0.316534082568666
pscK,PA1724,type III export protein PscK,+,0.867489896788812,0.281441743839115,0.501258732496551
pscL,PA1725,type III export protein PscL,+,-0.146149232330913,0.725603102347975,0.854867601691492
bglX,PA1726,BglX,-,-0.410352971198844,0.0390659944208724,0.128483714984202
mucR,PA1727,MucR,-,-0.252033547891372,0.410550128531903,0.625711567101204
PA1728,PA1728,hypothetical protein,+,0.255058962158437,0.172961648411112,0.368903790003032
PA1729,PA1729,conserved hypothetical protein,+,0.328407169109754,0.20572484294998,0.414057302451298
PA1730,PA1730,conserved hypothetical protein,+,2.28546378630382,4.53912036069235e-36,3.67245097982416e-34
PA1731,PA1731,conserved hypothetical protein,+,2.12390156169463,3.9978266464737e-19,1.17761223741759e-17
PA1732,PA1732,conserved hypothetical protein,+,2.3194010082734,5.56237481259973e-22,1.93979829671581e-20
PA1733,PA1733,conserved hypothetical protein,+,1.17625490447288,2.71241918368698e-10,4.40079133866647e-09
PA1734,PA1734,hypothetical protein,-,-0.408264610182841,0.0606063322899555,0.178458181408465
PA1735,PA1735,hypothetical protein,+,0.223608669771078,0.787433535924507,0.888911186302402
PA1736,PA1736,probable acyl-CoA thiolase,+,-0.091703914954028,0.92071769589175,0.961272363845688
PA1737,PA1737,probable 3-hydroxyacyl-CoA dehydrogenase,+,0.102259048870227,0.387816582629224,0.605732567154216
PA1738,PA1738,probable transcriptional regulator,-,-0.339625303995126,0.210541778453217,0.419011974960354
PA1739,PA1739,probable oxidoreductase,+,-0.144106513470337,0.673205690360657,0.82226492131813
PA1740,PA1740,hypothetical protein,+,0.637558235641745,0.101121759522735,0.259524599713575
PA1741,PA1741,hypothetical protein,-,0.287691476073914,0.582271273776721,0.761470277861453
PA1742,PA1742,Glutamine amidotransferase class I,+,-0.0681375490961094,0.754506194039778,0.87166397398818
PA1743,PA1743,hypothetical protein,-,0.101191630360704,0.00935992718989059,0.0409783825312093
PA1744,PA1744,hypothetical protein,-,-0.504832655979353,0.0572388460275084,0.170915052826823
PA1745,PA1745,hypothetical protein,-,0.658384091825331,5.87526681478629e-06,5.47351400734524e-05
PA1746,PA1746,hypothetical protein,+,0.267186580390026,0.0156353170555048,0.0621316986855294
PA1747,PA1747,hypothetical protein,-,-0.435818336229107,0.294991078609361,0.517397793111492
PA1748,PA1748,probable enoyl-CoA hydratase/isomerase,-,-0.68309569969549,0.0119351518107314,0.0503283538481712
PA1749,PA1749,hypothetical protein,+,-0.494047912408826,0.0333367023176435,0.114610260432556
PA1750,PA1750,phospho-2-dehydro-3-deoxyheptonate aldolase,-,-0.626266404789141,0.000955025960876117,0.00575481383375996
PA1751,PA1751,hypothetical protein,+,-0.0629222343436656,0.660115499119326,0.814678135865851
PA1752,PA1752,hypothetical protein,+,0.329948665487189,0.0962502686738755,0.250408141269579
PA1753,PA1753,conserved hypothetical protein,+,0.740455183385063,9.71722407203908e-05,0.000737973913255734
cysB,PA1754,transcriptional regulator CysB,+,0.0102809421085782,0.690513153010684,0.834360911301557
PA1755,PA1755,hypothetical protein,-,-0.457026590903902,0.100642729220557,0.258661618344067
cysH,PA1756,3'-phosphoadenosine-5'-phosphosulfate reductase,-,-0.616285518021416,0.0222194882248328,0.0822121064318812
thrH,PA1757,homoserine kinase,+,-0.430020507430581,0.321775672683782,0.543802109254858
pabB,PA1758,para-aminobenzoate synthase component I,-,-0.0861416331506175,0.880475514966825,0.939438722593104
PA1759,PA1759,probable transcriptional regulator,+,-0.764324891230742,2.24050946783047e-10,3.64488242648667e-09
PA1760,PA1760,probable transcriptional regulator,+,-0.623323443480221,0.000105133828958717,0.000793472729006831
PA1761,PA1761,hypothetical protein,+,-0.887367059812056,5.78835542292148e-05,0.000464599744792164
PA1762,PA1762,hypothetical protein,+,-0.506589454505913,0.0877464905756193,0.234351102470448
PA1763,PA1763,hypothetical protein,+,-0.314740145266127,0.344887997220445,0.565005498686194
PA1764,PA1764,hypothetical protein,+,-0.111671829377372,0.690809034011045,0.834360911301557
PA1765,PA1765,hypothetical protein,+,0.000501620574379331,0.703914922461475,0.841978267198154
PA1766,PA1766,hypothetical protein,-,-0.508689956315787,0.0157829887183993,0.0626299884854397
PA1767,PA1767,hypothetical protein,-,-0.168086496279921,0.263494247907849,0.481304107884138
PA1768,PA1768,hypothetical protein,-,-0.495521329121945,0.112839299999355,0.279587126335681
PA1769,PA1769,conserved hypothetical protein,-,-0.469862284776236,0.0729163628627686,0.205506962309001
ppsA,PA1770,phosphoenolpyruvate synthase,+,0.100968855870608,0.394473664165908,0.612504143848191
estX,PA1771,EstX,+,-0.00818532634994383,0.996059966025733,0.998100243909431
PA1772,PA1772,probable methyltransferase,+,-0.273502740657882,0.313655219606952,0.536396179848736
cmaX,PA1773,CmaX protein,+,0.331505589633717,0.148944245642705,0.334738400948123
crfX,PA1774,CrfX protein,+,-0.389431680042765,0.128018657556103,0.306436770828574
cmpX,PA1775,"conserved cytoplasmic membrane protein, CmpX protein",+,-0.505322781638791,0.000627732585044757,0.0039719304755491
sigX,PA1776,ECF sigma factor SigX,+,0.179931952523848,0.480920218208337,0.684715098086219
oprF,PA1777,Major porin and structural outer membrane porin OprF precursor,+,0.536821149518262,0.113535320972685,0.28073851982977
cobA,PA1778,uroporphyrin-III C-methyltransferase,-,-0.00429080941971258,0.561484300065459,0.750955859113336
PA1779,PA1779,assimilatory nitrate reductase,-,0.580353090208903,0.105816332285358,0.266428839961641
nirD,PA1780,assimilatory nitrite reductase small subunit,-,0.0971200276134906,0.961493109108558,0.981389600722848
nirB,PA1781,assimilatory nitrite reductase large subunit,-,0.261461115723868,0.656083840599485,0.813123125441602
nalA/P11,PA1781.1,sRNA,-,-2.61677874565498,0.361870281761216,NA
PA1782,PA1782,probable serine/threonine-protein kinase,-,0.485464937059578,0.542054150147481,0.733290215291696
nasA,PA1783,nitrate transporter,-,1.10302157573686,0.0879884450646908,0.234735849391055
PA1784,PA1784,hypothetical protein,-,0.0476143583426312,0.310368271412244,0.533282070463365
PA1785,PA1785,NasT,-,0.146898795582951,0.303704460330632,0.526090285205117
PA1786,PA1786,NasS,-,-0.899616689137803,0.0141014087703775,0.0570764856696958
acnB,PA1787,aconitate hydratase 2,-,-0.558964961244326,0.038624927825595,0.127526561477266
PA1788,PA1788,hypothetical protein,+,-0.296498014745249,0.47509735422965,0.681212368966332
PA1789,PA1789,hypothetical protein,-,-0.291692949506973,0.269067196434616,0.488247532286258
PA1790,PA1790,hypothetical protein,+,-0.522955895040006,0.0619570582304632,0.181796629275847
PA1791,PA1791,hypothetical protein,-,-0.646311589503467,0.216300225799424,0.42489795084199
PA1792,PA1792,conserved hypothetical protein,-,-0.319243217137135,0.0954201300799925,0.248929212951588
pcr4,PA1792,Pseudomonas calcium response gene 4,+,2.95418171894253,0.000497508136024272,0.00323566920621145
ppiB,PA1793,peptidyl-prolyl cis-trans isomerase B,-,-0.826960584103706,6.31955353356915e-05,0.000502582579838763
glnS,PA1794,glutaminyl-tRNA synthetase,+,-0.375229657022951,0.221173741773302,0.430845028918266
cysS,PA1795,cysteinyl-tRNA synthetase,+,-0.502409560446335,4.94936823253122e-07,5.47198727316684e-06
folD,PA1796,"5,10-methylene-tetrahydrofolate dehydrogenase / cyclohydrolase",-,-0.44527572756274,0.151870474367871,0.339804586454367
PA1796.1,PA1796.1,tRNA-Arg,+,-0.634590059350672,0.00877444992076675,0.0389205863444537
PA1796.2,PA1796.2,tRNA-His,+,-0.609535883246189,0.00515982412729441,0.0248490577812877
PA1796.3,PA1796.3,tRNA-Leu,+,-0.21196919117751,0.621263908713388,0.787196073873776
PA1796.4,PA1796.4,tRNA-His,+,-0.139759507080575,0.698279592862392,0.838615420120668
PA1797,PA1797,hypothetical protein,-,0.255451924510192,0.710515723965858,0.844814111599381
PA1797a,PA1797a,–,+,1.03350458312298,5.22423106654503e-06,4.89963432948922e-05
parS,PA1798,"two-component sensor, ParS",-,-0.875895582136679,1.50982345948253e-06,1.53460783117923e-05
parR,PA1799,"two-component response regulator, ParR",-,-0.353485763801026,0.170339877067996,0.365551419534005
tig,PA1800,trigger factor,+,-0.194335976609746,0.291645564825098,0.513141424985063
clpP,PA1801,ClpP,+,-0.0123782460341608,0.936950176517158,0.970207111110258
clpX,PA1802,ClpX,+,0.21824166122416,0.596499005808892,0.771431365568704
lon,PA1803,Lon protease,+,0.307134776033277,0.263220038570991,0.48109011868939
hupB,PA1804,DNA-binding protein HU,+,0.27240862966728,0.333000477333766,0.55475507254055
PA1804.1,PA1804.1,tRNA-Asp,+,0.181915501343788,0.460479812766411,0.670529899805946
ppiD,PA1805,peptidyl-prolyl cis-trans isomerase D,+,-0.367151619481112,0.026110495734897,0.0942525211893844
fabI,PA1806,NADH-dependent enoyl-ACP reductase,-,-0.393823749551832,0.0769625793709663,0.21294802516759
PA1807,PA1807,NppD,-,-0.64517809769692,0.00111149184606779,0.00653539973056137
PA1808,PA1808,NppC,-,-0.520076925820888,0.011965360208097,0.050350766811881
PA1809,PA1809,NppB,-,-0.509413271541257,0.0272185971023682,0.0971543807159825
PA1810,PA1810,NppA2,-,0.162546716124543,0.0644787105838057,0.187403642036265
PA1811,PA1811,NppA1,-,-0.227257686469807,0.141461146322251,0.324286451032647
mltD,PA1812,membrane-bound lytic murein transglycosylase D precursor,-,0.232248522340682,0.0859498634572924,0.230567538222303
PA1813,PA1813,probable hydroxyacylglutathione hydrolase,-,-0.374844965396792,0.174869761031263,0.371406968826638
PA1814,PA1814,KerV,+,0.223162895340557,0.280592070233709,0.500630152725508
rnhA,PA1815,ribonuclease H,+,-0.150850520264741,0.566798844814559,0.754405657015737
dnaQ,PA1816,"DNA polymerase III, epsilon chain",+,0.0756839412006309,0.849455668049673,0.925245014105353
PA1817,PA1817,hypothetical protein,-,-0.283044654026477,0.172946230382269,0.368903790003032
ldcA,PA1818,lysine decarboxylase,+,-0.249391429221164,0.0718796629672117,0.203530468915091
PA1819,PA1819,probable amino acid permease,+,0.00642475947817323,0.994716700041129,0.997685805674528
nhaB,PA1820,sodium/proton antiporter NhaB,-,-0.206431756330581,0.112723893647361,0.279575832783773
PA1821,PA1821,probable enoyl-CoA hydratase/isomerase,+,-0.408488850933542,0.0510738174079574,0.156138502236894
fimL,PA1822,hypothetical protein,+,-0.077834551934994,0.261241827869846,0.478627841640768
nudC,PA1823,"nudix hydrolase, nudC",+,-0.185162594326759,0.277191362257182,0.496897248501205
PA1824,PA1824,conserved hypothetical protein,-,-0.398003150506035,0.104548543222817,0.264443751678221
PA1825,PA1825,hypothetical protein,+,-0.129629584365413,0.147016906479858,0.331152380640071
PA1826,PA1826,probable transcriptional regulator,-,0.125248008331076,0.46249668079572,0.672198768639145
PA1827,PA1827,probable short-chain dehydrogenase,+,0.424120899277015,0.129586039750196,0.309091230033093
PA1828,PA1828,probable short-chain dehydrogenase,-,-0.143440409826307,0.11610684649919,0.285584249921802
PA1829,PA1829,hypothetical protein,-,0.0682795059705153,0.34681275600576,0.567239839202952
PA1830,PA1830,hypothetical protein,-,-0.115873657326503,0.848218995045112,0.924636140694404
PA1831,PA1831,hypothetical protein,-,-0.132086849146491,0.542112706954277,0.733290215291696
PA1832,PA1832,probable protease,+,1.31553902603062,3.91383188774167e-10,6.1526248432167e-09
PA1833,PA1833,probable oxidoreductase,+,0.898292419418341,0.000131059124725687,0.000971021695769805
PA1833a,PA1833a,–,-,-0.346198018076449,0.468846878649102,0.675923580858927
PA1835,PA1835,hypothetical protein,-,-0.205017631423743,0.636458490361093,0.798105005065326
PA1836,PA1836,probable transcriptional regulator,+,0.214073192938381,0.669249005044289,0.819076911235847
PA1837,PA1837,hypothetical protein,-,0.179382046753766,0.428244219420338,0.642578121523889
PA1837a,PA1837a,–,-,-0.0247814662637298,0.960618328548919,0.981389600722848
cysI,PA1838,sulfite reductase,-,-0.549101762224231,0.049292018432355,0.152759942720904
PA1839,PA1839,hypothetical protein,-,0.231381845715803,0.555943302998932,0.745516897811607
PA1840,PA1840,hypothetical protein,+,-0.131891609129742,0.0831106911582006,0.225040461377939
PA1841,PA1841,hypothetical protein,+,-0.424403599832941,0.227389272060749,0.438031143766547
PA1842,PA1842,hypothetical protein,-,-0.465980137884416,0.052076642244568,0.158555476738604
metH,PA1843,methionine synthase,-,-0.414061069560678,0.00129329318216089,0.00744648663449935
PA1844,PA1844,Tse1,-,0.125537260474006,0.915423135163352,0.958549054405449
PA1845,PA1845,Tsi1,-,-0.301857398286552,0.751108574722712,0.869297507422738
cti,PA1846,cis/trans isomerase,+,-0.287493963100244,0.0393431882693995,0.129255260649007
PA1847,PA1847,NfuA,+,-0.330451479787348,0.176367344311218,0.373020928992844
PA1848,PA1848,probable major facilitator superfamily (MFS) transporter,-,-0.591619263028626,0.24190127671163,0.455573230008123
PA1849,PA1849,conserved hypothetical protein,-,-0.21277951079457,0.707274301498794,0.844104788225972
PA1850,PA1850,probable transcriptional regulator,-,0.138064309524258,0.819461945361468,0.906066888566579
PA1851,PA1851,hypothetical protein,+,-0.00631960386698576,0.35135172271536,0.572396354795497
PA1852,PA1852,hypothetical protein,-,-0.912851367219838,2.34016542087378e-06,2.30147873158219e-05
PA1853,PA1853,probable transcriptional regulator,+,0.0122196202444865,0.870889178397719,0.934492579048162
PA1854,PA1854,conserved hypothetical protein,-,-0.705608451290558,0.286010735198624,0.506423557619282
PA1855,PA1855,hypothetical protein,-,-1.24451352932119,0.148281462429575,0.333743291551431
PA1856,PA1856,probable cytochrome oxidase subunit,-,0.320593118325686,0.337832675749468,0.558726812877561
PA1857,PA1857,conserved hypothetical protein,-,1.45257051822605,7.38170159442272e-14,1.57165492192832e-12
str,PA1858,streptomycin 3''-phosphotransferase,-,0.119693900167698,0.691582986794584,0.834963303595212
PA1859,PA1859,probable transcriptional regulator,-,-0.192047209965325,0.79155196173299,0.891781898216819
PA1860,PA1860,hypothetical protein,+,-0.136260634317653,0.775510493048293,0.883677647123892
modC,PA1861,molybdenum transport protein ModC,-,-0.0099571109703045,0.99897564864948,0.99930501747528
modB,PA1862,molybdenum transport protein ModB,-,-0.0137726685147891,0.991125014276591,0.996426046794265
modA,PA1863,molybdate-binding periplasmic protein precursor ModA,-,-0.281138530191501,0.368672170367813,0.588092200260749
PA1864,PA1864,probable transcriptional regulator,-,-0.0668066032939274,0.896023699611857,0.949514520593348
PA1865,PA1865,hypothetical protein,+,0.0452495531063367,0.491527496548569,0.694484229713082
PA1866,PA1866,hypothetical protein,+,0.0491890281385465,0.36821788586867,0.5879203909965
PA1866a,PA1866a,–,+,-0.612287951037042,0.387176003996792,0.605451505855912
xphA,PA1867,XphA,+,-1.08319589606668,0.220574474992235,0.430256944038367
xqhA,PA1868,secretion protein XqhA,+,0.0252869846542476,0.559541330191548,0.749390896430633
PA1869,PA1869,Acp1,+,-0.229764944282318,0.33998168965323,0.560270588037513
PA1870,PA1870,hypothetical protein,+,3.42267043954673,2.17840622052773e-25,9.938773643731e-24
lasA,PA1871,LasA protease precursor,+,0.466366428923305,0.0509239407001687,0.155906393626954
PA1872,PA1872,hypothetical protein,-,-0.246275498876584,0.0295995992063606,0.104242813687868
PA1873,PA1873,hypothetical protein,-,-0.346164543126605,0.775906917802804,0.883677647123892
PA1874,PA1874,hypothetical protein,+,-0.742930708607426,0.390572152288877,0.608314122199411
PA1875,PA1875,probable outer membrane protein precursor,+,-0.620414707708367,0.0628450731069301,0.183780194512218
PA1876,PA1876,probable ATP-binding/permease fusion ABC transporter,+,-0.0478657328036482,0.979670893817332,0.991434787138688
PA1877,PA1877,probable secretion protein,+,-0.449590942866409,0.295996755838389,0.518058354319973
PA1878,PA1878,hypothetical protein,-,-0.340643299545928,0.398376265210262,0.615932868916914
PA1879,PA1879,hypothetical protein,-,0.380035460470199,0.230083062055618,0.441160344372006
PA1880,PA1880,probable oxidoreductase,-,0.248858848362251,0.236795044806815,0.449303418351393
PA1881,PA1881,probable oxidoreductase,-,0.367685513097731,0.00459518490128293,0.0227993311373547
PA1882,PA1882,probable transporter,+,1.63366902202866,4.2694612551282e-18,1.17226655638543e-16
PA1883,PA1883,probable NADH-ubiquinone/plastoquinone oxidoreductase,+,0.426634722992563,0.279904261720144,0.500114069020558
PA1884,PA1884,probable transcriptional regulator,-,-0.383891413491785,0.684741345864521,0.831168331007384
PA1885,PA1885,conserved hypothetical protein,+,0.552633944800021,0.0609719319517839,0.179252753431892
polB,PA1886,DNA polymerase II,+,-0.141516746362537,0.456196406561303,0.667733462036164
PA1887,PA1887,hypothetical protein,-,-0.464125307354145,0.0224571224828198,0.0829396343431226
PA1888,PA1888,hypothetical protein,-,-0.0499845306037914,0.579403072798855,0.760505698841326
PA1889,PA1889,hypothetical protein,+,2.40948341861757,2.34021820872064e-24,9.86141950730336e-23
PA1890,PA1890,probable glutathione S-transferase,-,-0.298359008000591,0.425050560650556,0.639367080324139
PA1891,PA1891,hypothetical protein,-,1.10599935555375,0.472737227230137,0.678851511722438
PA1892,PA1892,hypothetical protein,-,0.683134767066571,0.144148036839282,0.327738777098015
PA1893,PA1893,hypothetical protein,-,-0.157013120719218,0.590235885608392,0.766809387322019
PA1894,PA1894,hypothetical protein,-,-0.678477101354468,0.0133811374551995,0.0550267980452678
PA1895,PA1895,hypothetical protein,-,-1.46948567537216,0.00187937726247344,0.0104528517219879
PA1896,PA1896,hypothetical protein,-,-0.898311759649534,0.024137347152716,0.087914419281321
PA1897,PA1897,hypothetical protein,-,-1.10432908769033,0.0342093919935856,0.116826363282793
qscR,PA1898,quorum-sensing control repressor,+,0.542225757037575,0.0631135817175028,0.184210300077829
phzA2,PA1899,probable phenazine biosynthesis protein,+,-1.80010997553458,2.38936091712895e-21,8.09980002521702e-20
phzB2,PA1900,probable phenazine biosynthesis protein,+,-1.44747458842441,1.09665455266283e-14,2.47379175671303e-13
phzC2,PA1901,phenazine biosynthesis protein PhzC,+,-0.833567890250428,0.000420127505520342,0.00278920536487684
phzD2,PA1902,phenazine biosynthesis protein PhzD,+,NA,NA,NA
phzE2,PA1903,phenazine biosynthesis protein PhzE,+,NA,NA,NA
phzF2,PA1904,probable phenazine biosynthesis protein,+,NA,NA,NA
phzG2,PA1905,probable pyridoxamine 5'-phosphate oxidase,+,-2.14132709889925,0.000374918939084365,0.00252218195384028
PA1906,PA1906,hypothetical protein,-,-0.132474456191549,0.856739691027344,0.927596090198881
PA1907,PA1907,hypothetical protein,-,-0.492296677026494,0.736903096506004,0.860629011071344
PA1908,PA1908,probable major facilitator superfamily (MFS) transporter,-,-0.362347389758497,0.874653612609493,0.936379343915738
PA1909,PA1909,hypothetical protein,-,-0.207247271886152,0.91875093674448,0.960210245292026
femA,PA1910,"ferric-mycobactin receptor, FemA",-,-0.25997627248291,0.848509788517362,0.924704992227614
femR,PA1911,"sigma factor regulator, FemR",-,0.372004266390552,0.536132609652489,0.729756095866152
femI,PA1912,"ECF sigma factor, FemI",-,0.29051599737754,0.533388780247002,0.728160070610522
PA1913,PA1913,hypothetical protein,-,-0.386722015486921,0.224307506277171,0.434994550364292
PA1914,PA1914,conserved hypothetical protein,-,-0.544415438708648,0.268146439537676,0.487451346649077
PA1915,PA1915,hypothetical protein,-,0.22448961390509,0.355515523978684,0.576809679011404
PA1916,PA1916,probable amino acid permease,-,1.69574804544278,0.107831274093653,0.269934064026521
PA1917,PA1917,hypothetical protein,-,-0.0597855300257846,0.998112756224562,NA
PA1918,PA1918,hypothetical protein,-,0.43717664212952,0.704141659071828,0.842083481917196
nrdG,PA1919,"class III (anaerobic) ribonucleoside-triphosphate reductase activating protein, 'activase', NrdG",-,0.579516348143548,0.318795797887234,0.541168695801938
nrdD,PA1920,"class III (anaerobic) ribonucleoside-triphosphate reductase subunit, NrdD",-,1.5583526509875,1.99862143983733e-07,2.35488056251125e-06
PA1921,PA1921,hypothetical protein,-,4.15299193558761,2.02010465330446e-21,6.8865140653098e-20
PA1922,PA1922,probable TonB-dependent receptor,+,-0.265977718077962,0.906445505955849,0.952275243503702
PA1923,PA1923,hypothetical protein,+,-0.0516541453161553,0.82365385811511,0.909157740904519
PA1924,PA1924,hypothetical protein,+,-2.2734579212273,0.472821557188007,NA
PA1925,PA1925,hypothetical protein,+,0.128121535577152,0.912242074749728,NA
PA1926,PA1926,Uncharacterized protein,+,-0.2105000451771,0.151498867286742,0.339203253021573
metE,PA1927,5-methyltetrahydropteroyltriglutamate-homocysteine S-methyltransferase,+,0.105427429011278,0.870312380730401,0.934489601950743
rimJ,PA1928,ribosomal protein alanine acetyltransferase,-,-0.0880810945445419,0.103523975636722,0.262925189100745
PA1929,PA1929,hypothetical protein,-,0.275986866975499,0.802854405019343,0.8986756188263
PA1930,PA1930,probable chemotaxis transducer,+,0.195188175676366,0.103409637494549,0.262925189100745
PA1931,PA1931,probable ferredoxin,+,1.78006270846645,5.34048375793091e-14,1.15735912296874e-12
PA1932,PA1932,probable hydroxylase molybdopterin-containing subunit,+,2.84010468514708,3.10850037983746e-34,2.38764307656376e-32
PA1933,PA1933,probable hydroxylase large subunit,+,2.77045693876825,7.0346858068644e-18,1.88046138661027e-16
PA1934,PA1934,hypothetical protein,+,0.237536877451623,0.608661227655234,0.778860465924075
PA1937,PA1937,conserved hypothetical protein,+,0.781086806531561,0.0298180108185277,0.104768783814028
PA1938,PA1938,conserved hypothetical protein,+,0.473183825783913,0.401058842494517,0.61773799636932
PA1939,PA1939,hypothetical protein,-,-0.615896844891336,0.000275483197832708,0.00191481333842941
PA1940,PA1940,hypothetical protein,-,-0.811427386422812,0.000638941693772367,0.00403864395605284
PA1941,PA1941,hypothetical protein,-,-0.712934659390458,0.000254230408953378,0.0017917190726238
PA1942,PA1942,hypothetical protein,-,-0.133518341129773,0.373248623481469,0.592588343088842
PA1943,PA1943,hypothetical protein,-,-0.434972658106791,0.0743071406727745,0.207786050508016
PA1944,PA1944,hypothetical protein,+,0.00528751540806464,0.801900496916867,0.898104875469094
PA1945,PA1945,probable transcriptional regulator,+,0.645867930833417,0.0314064331670303,0.109714586331341
rbsB,PA1946,binding protein component precursor of ABC ribose transporter,+,-0.262258186473045,0.28423180454343,0.504550919280873
rbsA,PA1947,ribose transport protein RbsA,+,-0.411137197257439,0.0354333132118443,0.119715670695697
rbsC,PA1948,membrane protein component of ABC ribose transporter,+,-0.525550274837664,0.00157038312990651,0.00893910397023706
rbsR,PA1949,ribose operon repressor RbsR,+,-0.236857594063462,0.0271849842829039,0.0970915153788468
rbsK,PA1950,ribokinase,+,-0.14839534722963,0.344348336534152,0.564426176685368
PA1951,PA1951,FapF,-,-0.0460661242351758,0.562042669015444,0.751371428857835
PA1952,PA1952,FapE,-,0.198726346711321,0.987584930771272,NA
PA1953,PA1953,FapD,-,0.741593627494223,0.752542509186053,NA
PA1954,PA1954,FapC,-,0.0226271102685538,0.351418142061302,0.572396354795497
PA1955,PA1955,FapB,-,-1.74936279582048,0.730312172642088,NA
PA1956,PA1956,FapA,-,-0.00631413431069364,0.995060406323674,0.997691101383354
PA1957,PA1957,hypothetical protein,-,-0.226480157025134,0.801437924252423,0.897918265207479
PA1958,PA1958,probable transporter,-,-0.738259426431097,0.0143379255799166,0.0578089916404876
bacA,PA1959,bacitracin resistance protein,+,0.696573648669275,0.0488978228062921,0.152106297814569
PA1960,PA1960,hypothetical protein,+,0.390229016410277,0.415146358413628,0.629489814921421
PA1961,PA1961,probable transcriptional regulator,-,-0.0279367993975603,0.633973402820606,0.796470105241291
azoR2,PA1962,"FMN-dependent NADH-azoreductase 2, AzoR2",+,1.03825440910751,0.0342601919259477,0.116923984593167
PA1963,PA1963,hypothetical protein,+,-0.4259590111826,0.145403391069787,0.328851202762382
PA1964,PA1964,probable ATP-binding component of ABC transporter,-,-0.295427454966244,0.316931407020973,0.53929887207046
PA1965,PA1965,hypothetical protein,+,-0.215003656779638,0.812218566731508,0.901837559547445
PA1966,PA1966,hypothetical protein,+,-0.180430271496042,0.906450528424091,0.952275243503702
PA1967,PA1967,hypothetical protein,-,0.057572650193355,0.355368416143712,0.576725207050026
PA1968,PA1968,hypothetical protein,+,0.801639737562584,0.000494565240285966,0.00321998055585327
PA1969,PA1969,hypothetical protein,+,1.24992166394779,1.96173868879819e-11,3.52184330284834e-10
PA1970,PA1970,hypothetical protein,-,-0.11655276092111,0.0379051597260467,0.126032059845289
braZ,PA1971,branched chain amino acid transporter BraZ,-,-0.79723500359726,0.336463569419193,0.557678486543476
PA1972,PA1972,conserved hypothetical protein,+,0.0404191634831882,0.996119556625332,0.998100243909431
pqqF,PA1973,pyrroloquinoline quinone biosynthesis protein F,+,0.130705000325878,0.886996166548498,0.944427573015667
PA1974,PA1974,hypothetical protein,+,1.05392787717474,0.0289986855936281,0.102587342736255
PA1975,PA1975,hypothetical protein,+,-0.0511832862929271,0.982529291698626,0.992506699188823
ercS%27,PA1976,ErcS',+,0.827538072623383,0.00836757427711693,0.0372519741111853
PA1977,PA1977,hypothetical protein,-,-0.628289238030232,0.613704863244271,0.782180447419919
erbR,PA1978,response regulator ErbR,-,0.481848735895338,0.324570245493057,0.54662565907629
eraS,PA1979,"sensor kinase, EraS",+,0.800952154499902,0.471407204332639,0.677651689374106
eraR,PA1980,response regulator EraR,+,0.134000321911203,0.928908916203064,0.96556799129959
PA1981,PA1981,hypothetical protein,-,0.450160684849002,0.0896540766682902,NA
exaA,PA1982,quinoprotein ethanol dehydrogenase,-,-0.0476011578610158,0.775754116803353,0.883677647123892
exaB,PA1983,cytochrome c550,+,0.801503257080972,0.454401211158384,0.666176987028044
exaC,PA1984,NAD+ dependent aldehyde dehydrogenase ExaC,+,0.930169017245761,0.153031958955794,NA
pqqA,PA1985,pyrroloquinoline quinone biosynthesis protein A,+,1.18743493871455,2.84178212943354e-05,0.000240166211161598
pqqB,PA1986,pyrroloquinoline quinone biosynthesis protein B,+,1.49479370033273,9.29917089940336e-07,9.81345548131819e-06
pqqC,PA1987,pyrroloquinoline quinone biosynthesis protein C,+,1.38099395764864,1.17293693996637e-12,2.3033596607495e-11
pqqD,PA1988,pyrroloquinoline quinone biosynthesis protein D,+,1.2896232748625,1.6334658715051e-08,2.19289179387013e-07
pqqE,PA1989,pyrroloquinoline quinone biosynthesis protein E,+,1.44634202797953,8.0028891550573e-13,1.61333991338497e-11
pqqH,PA1990,PqqH,+,1.50750464729908,3.1689892624867e-10,5.04709366004444e-09
PA1991,PA1991,probable iron-containing alcohol dehydrogenase,+,-0.23212761751107,0.497661805275344,0.699575602922033
ercS,PA1992,ErcS,+,-0.218757818124052,0.590961044865237,0.767048474918131
PA1993,PA1993,probable major facilitator superfamily (MFS) transporter,-,-0.222489926521242,0.740483434423447,0.862759884808272
PA1994,PA1994,hypothetical protein,-,-0.0908490354422121,0.734429199566625,0.859004699878619
PA1995,PA1995,hypothetical protein,-,0.0993985916079093,0.819153447864754,0.90589085504708
ppiC1,PA1996,peptidyl-prolyl cis-trans isomerase C1,-,-0.139028155732229,0.792323796014286,0.891841606380821
PA1997,PA1997,probable AMP-binding enzyme,-,-0.0241369561577411,0.988464718606315,0.995517193770835
dhcR,PA1998,"transcriptional regulator, DhcR",-,-0.257724735168145,0.10689088242963,0.268466007691638
dhcA,PA1999,"dehydrocarnitine CoA transferase, subunit A",+,-0.661897299582082,0.00031929691496657,0.00218432207442745
dhcB,PA2000,"dehydrocarnitine CoA transferase, subunit B",+,-0.914623186023232,2.33546328746593e-07,2.71438826764977e-06
atoB,PA2001,acetyl-CoA acetyltransferase,+,-0.0852240309422536,0.123104733284177,0.298203401823707
PA2002,PA2002,conserved hypothetical protein,+,-0.379709025118829,0.0362651243533535,0.121982691006735
bdhA,PA2003,3-hydroxybutyrate dehydrogenase,-,-1.16099698085825,2.31941116140424e-13,4.81992702993182e-12
PA2004,PA2004,conserved hypothetical protein,-,-1.47886395020086,3.95990452920792e-11,6.92469760323736e-10
PA2005,PA2005,HbcR,-,-0.646849090434185,0.00594239471626006,0.0280610514694678
PA2006,PA2006,probable major facilitator superfamily (MFS) transporter,-,-1.55102621585735,9.44758315555993e-08,1.16757504252419e-06
maiA,PA2007,maleylacetoacetate isomerase,-,-1.06329935614139,2.72586447114268e-10,4.41081216290501e-09
fahA,PA2008,fumarylacetoacetase,-,-1.55033436021401,3.39949693294534e-10,5.40003858353725e-09
hmgA,PA2009,"homogentisate 1,2-dioxygenase",-,-0.627879931222285,0.00019723991845917,0.0014163926925565
PA2010,PA2010,HmgR,+,0.251693331514125,0.36506459000588,0.585220899754468
liuE,PA2011,3-hydroxy-3-methylglutaryl-CoA lyase,-,-0.102454039671817,0.849462751084529,0.925245014105353
liuD,PA2012,"methylcrotonyl-CoA carboxylase, alpha-subunit (biotin-containing)",-,-0.00381038410684922,0.73696866335817,0.860629011071344
liuC,PA2013,putative 3-methylglutaconyl-CoA hydratase,-,-0.131719040430135,0.870735683568877,0.934492579048162
liuB,PA2014,"methylcrotonyl-CoA carboxylase, beta-subunit",-,-0.115638584177251,0.871380948605493,0.934854949812258
liuA,PA2015,putative isovaleryl-CoA dehydrogenase,-,0.106193336619698,0.183403748583504,0.384307242255108
liuR,PA2016,regulator of liu genes,-,0.307338233470653,0.0115897301695025,0.0490947271630891
PA2017,PA2017,hypothetical protein,+,0.486898728694765,0.129024074263765,0.308235465603357
PA2018,PA2018,Resistance-Nodulation-Cell Division (RND) multidrug efflux transporter MexY,-,0.846820915753833,0.00230673524784001,0.0123979357696131
PA2019,PA2019,Resistance-Nodulation-Cell Division (RND) multidrug efflux membrane fusion protein MexX precursor,-,1.60479082642554,0.000257268045206068,0.00181102377994248
PA2020,PA2020,MexZ,+,0.0812208119972259,0.769527075038147,0.880494602700814
PA2021,PA2021,hypothetical protein,-,4.05153732405535,2.06457347519815e-36,1.71614134897293e-34
PA2022,PA2022,probable nucleotide sugar dehydrogenase,+,2.98572009866035,5.30031149289808e-49,1.0050715668408e-46
galU,PA2023,UTP--glucose-1-phosphate uridylyltransferase,+,2.56283922769818,2.11053621349155e-37,1.85604836861836e-35
PA2024,PA2024,probable ring-cleaving dioxygenase,-,0.756304583699787,1.77466385720477e-08,2.37195160473977e-07
gor,PA2025,glutathione reductase,+,0.23219317549153,0.334272885679885,0.555448121844967
PA2026,PA2026,conserved hypothetical protein,-,-0.954023773802193,0.00691776699255523,0.0316568703701547
PA2027,PA2027,hypothetical protein,-,0.0544945938881732,0.943927791736276,0.973114821654047
PA2028,PA2028,probable transcriptional regulator,+,0.228621060235975,0.605888903835776,0.7767872107491
PA2029,PA2029,hypothetical protein,+,-0.520974872853045,0.00829136902680015,0.0369398144307073
PA2030,PA2030,hypothetical protein,-,-0.763676446827446,7.60159458989315e-06,7.0101027312267e-05
PA2031,PA2031,hypothetical protein,-,-0.770752380343768,2.17644230440439e-06,2.15092050539509e-05
PA2032,PA2032,probable transcriptional regulator,+,-0.324885663191839,0.230104233674588,0.441160344372006
PA2033,PA2033,hypothetical protein,+,-0.188134281233036,0.054287119993075,0.163643439700933
PA2034,PA2034,hypothetical protein,+,0.103946586216676,0.139834475903644,0.322058143264708
PA2035,PA2035,probable decarboxylase,-,0.0633431704778004,0.850112659930604,0.925620602989217
PA2036,PA2036,hypothetical protein,+,0.0719998518021336,0.693828808955802,0.836794947186482
PA2037,PA2037,hypothetical protein,+,-0.0627607892035135,0.508111209085468,0.708623033033928
PA2038,PA2038,hypothetical protein,-,-0.908809305034056,0.00475020117291597,0.0232453392881082
PA2039,PA2039,hypothetical protein,-,-0.0622114661185048,0.803599750281593,0.898846688425568
PA2040,PA2040,Glutamylpolyamine synthetase,+,-1.97412132808531,9.42913663230911e-09,1.29447966255321e-07
PA2041,PA2041,Amino acid permease,+,-2.32790446586287,2.38220191098514e-15,5.69102409285741e-14
PA2042,PA2042,probable transporter (membrane subunit),+,-0.616389081083931,0.00175586740161618,0.00987293698757216
PA2043,PA2043,hypothetical protein,+,-0.447420201300149,0.0114360230311645,0.0486632452686577
PA2044,PA2044,hypothetical protein,-,0.367787737555813,0.085436228370568,0.229901123615347
PA2045,PA2045,conserved hypothetical protein,-,1.09592725764239,1.0246485778303e-07,1.25861691705956e-06
PA2046,PA2046,"hypothetical protein, pseudogene",-,2.84595151162053,4.62532018527138e-70,2.80664428842267e-67
PA2047,PA2047,chloramphenicol resistance activator CmrA,-,0.389470398330028,0.10500530560065,0.265267358195148
PA2048,PA2048,hypothetical protein,+,0.78985525029526,2.69024226435179e-05,0.000227676290935658
PA2049,PA2049,hypothetical protein,-,0.858227163512896,6.32295145523472e-07,6.81486135530449e-06
PA2050,PA2050,"probable sigma-70 factor, ECF subfamily",+,-1.98243462691831,0.460256552844365,NA
PA2051,PA2051,probable transmembrane sensor,+,0.124542039528305,0.461427573823281,0.671288064723009
cynS,PA2052,cyanate lyase,-,0.219353580076754,0.0351531776246764,0.119167308282981
cynT,PA2053,carbonate dehydratase,-,-0.13807996841035,0.507601161149353,0.708211989600054
cynR,PA2054,transcriptional regulator CynR,+,0.563054599880118,0.0245605945926285,0.0892417293341734
PA2055,PA2055,probable major facilitator superfamily (MFS) transporter,-,0.180103766804232,0.945243761896882,0.973644397757644
PA2056,PA2056,probable transcriptional regulator,+,0.00383680706116323,0.966982833249005,0.98500114691203
PA2057,PA2057,"TonB-dependent receptor, SppR",+,0.217654835440654,0.7636722825558,0.876814301739769
PA2058,PA2058,"ABC transporter substrate-binding protein, SppA",+,0.290355784210098,0.712316813579948,0.846355673546725
PA2059,PA2059,"ABC transporter permease, SppB",+,0.0749683280433868,0.770972763675208,0.881334163916692
PA2060,PA2060,"ABC transporter permease, SppC",+,-0.586754443663033,0.604331429020958,0.776296111209725
PA2061,PA2061,"ABC transporter ATP-binding protein, SppD",+,0.120532013527466,0.525664822394082,0.722312985119404
PA2062,PA2062,probable pyridoxal-phosphate dependent enzyme,+,0.222010601528782,0.00206865912415409,0.0113393166805484
PA2063,PA2063,hypothetical protein,+,-0.735157848475956,0.124755253082047,0.30135942504055
pcoB,PA2064,copper resistance protein B precursor,-,1.55166675644092,0.00114624237434177,0.00672019200725202
pcoA,PA2065,copper resistance protein A precursor,-,0.302772830711289,0.273423946507227,0.493056911561917
PA2066,PA2066,hypothetical protein,-,0.175672829197736,2.14171953706782e-05,0.000184345992987527
PA2067,PA2067,probable hydrolase,-,0.329669842164927,0.0330835598371766,0.114127936948259
PA2068,PA2068,probable major facilitator superfamily (MFS) transporter,-,0.356077459156209,5.46483018758752e-07,6.00735318447121e-06
PA2069,PA2069,probable carbamoyl transferase,-,0.485434599489632,6.25184708630887e-08,7.9033766916088e-07
PA2070,PA2070,hypothetical protein,-,0.170268551348257,0.855156861237552,0.927533610643399
fusA2,PA2071,elongation factor G,+,0.665075080516276,0.000199854440762469,0.0014317789215427
PA2072,PA2072,conserved hypothetical protein,+,0.0255057756284043,0.98889015084516,0.99561729472846
PA2073,PA2073,probable transporter (membrane subunit),+,0.480021321107938,0.220479669594413,0.430256944038367
PA2074,PA2074,hypothetical protein,+,-0.274677199843382,0.634528670149621,0.796672867880798
PA2075,PA2075,hypothetical protein,-,-0.298902423403508,0.593238842655141,0.769182328468247
PA2076,PA2076,probable transcriptional regulator,+,0.120777045330645,0.816107313611042,0.904004961480797
PA2077,PA2077,oleate 10S-lipoxygenase,-,2.11316887801099,0.0341203674887455,0.116643599955892
PA2078,PA2078,"(7S,10S)-hydroperoxide diol synthase",-,-0.951765150471601,0.365929103372935,0.585872770255138
PA2079,PA2079,probable amino acid permease,-,-0.378397140168615,0.383678449145979,0.602838122583584
kynU,PA2080,kynureninase KynU,-,-0.403301505705466,0.529901782537329,0.725179074523345
kynB,PA2081,"kynurenine formamidase, KynB",-,-0.385163836609713,0.262231337062735,0.479716537020404
PA2082,PA2082,KynR,+,0.0741164898704464,0.949280557406992,0.976254236850054
PA2083,PA2083,probable ring-hydroxylating dioxygenase subunit,+,0.0194088225638645,0.624285169020415,0.789501643019904
PA2084,PA2084,probable asparagine synthetase,+,-0.0880110531201488,0.808453402436193,0.900707375828889
PA2085,PA2085,probable ring-hydroxylating dioxygenase small subunit,+,0.163884460467949,0.714183480802698,0.848075413211501
PA2086,PA2086,probable epoxide hydrolase,+,-0.0461932601590193,0.870424395225049,0.934489601950743
PA2087,PA2087,hypothetical protein,+,-0.602238235843692,0.386425766093987,0.604961699860246
PA2088,PA2088,hypothetical protein,+,0.27464610536769,0.403711699965884,0.61974253734242
PA2089,PA2089,hypothetical protein,+,0.0395140718594486,0.771792835883904,0.881334163916692
PA2090,PA2090,hypothetical protein,+,0.044472727549823,0.939756546514551,0.971786421992211
PA2091,PA2091,hypothetical protein,+,0.278113715119176,0.835643501006772,0.917664563256318
PA2092,PA2092,probable major facilitator superfamily (MFS) transporter,+,-0.0427792755475137,0.0526976334849078,0.15985359025849
PA2093,PA2093,"probable sigma-70 factor, ECF subfamily",+,-0.306043517839508,0.284371150946043,0.504550919280873
PA2094,PA2094,probable transmembrane sensor,+,1.14151580685685,0.00383207862631458,0.0195318057352896
PA2095,PA2095,hypothetical protein,-,0.277033491982913,0.652427840145541,0.810094563945804
PA2096,PA2096,probable transcriptional regulator,-,-0.18046077006389,0.856614240615891,0.927596090198881
PA2097,PA2097,probable flavin-binding monooxygenase,+,-0.0896613987643121,0.742214286999325,0.86382386461583
PA2098,PA2098,probable esterase/deacetylase,+,0.240569764428732,0.532776091203256,0.72812732464445
PA2099,PA2099,probable short-chain dehydrogenase,+,-0.337686596351018,0.202347007451815,0.410259081149929
PA2100,PA2100,probable transcriptional regulator,-,0.115663514846903,0.897426523235324,0.949514520593348
PA2101,PA2101,conserved hypothetical protein,+,0.378849052200421,0.515868927746777,0.714515556623475
PA2102,PA2102,hypothetical protein,+,0.527439805798335,0.133079116538335,0.313723418474987
PA2103,PA2103,probable molybdopterin biosynthesis protein MoeB,+,1.01924627033223,1.48325031374151e-06,1.51012800399052e-05
PA2104,PA2104,probable cysteine synthase,+,0.743796832507831,0.000380946292804263,0.00255705985037198
PA2105,PA2105,probable acetyltransferase,+,0.784133170735466,0.000759122305721808,0.00468601643043737
PA2106,PA2106,hypothetical protein,+,0.466847821940937,0.0573875197807597,0.171203279267281
PA2107,PA2107,hypothetical protein,-,3.81320953105304,1.05413354832384e-24,4.53651232002059e-23
PA2108,PA2108,probable decarboxylase,+,2.98195113023966,3.32514740881387e-25,1.48360253505019e-23
PA2109,PA2109,hypothetical protein,-,-1.1591556623639,1.60379735361217e-07,1.91195330878558e-06
PA2110,PA2110,hypothetical protein,-,-0.996634780634498,3.07867276004251e-05,0.000258387085863596
PA2111,PA2111,hypothetical protein,-,0.0439775896695878,0.71583758967854,0.849208698762342
PA2112,PA2112,conserved hypothetical protein,-,-1.22095228996274,7.78659809014525e-13,1.57496924036671e-11
opdO,PA2113,pyroglutamate porin OpdO,-,-1.25248239093903,9.25922270039446e-18,2.46425277833305e-16
PA2114,PA2114,probable major facilitator superfamily (MFS) transporter,-,-1.24617182361643,2.63061077661041e-20,8.35735402747223e-19
PA2115,PA2115,probable transcriptional regulator,+,-1.03926603278625,0.000364666825908435,0.00246964095938882
PA2116,PA2116,conserved hypothetical protein,+,-0.840717093128885,1.67973733160513e-08,2.25003225787636e-07
PA2117,PA2117,hypothetical protein,-,-0.751421311947614,0.0232824625318432,0.0853643399656947
ada,PA2118,O6-methylguanine-DNA methyltransferase,+,-0.714185386685574,8.16490370454574e-05,0.000627147287078273
PA2118a,PA2118a,–,-,0.216320309385018,0.339145227965286,0.559677248651986
PA2119,PA2119,alcohol dehydrogenase (Zn-dependent),-,-0.169497384031426,0.651444073544522,0.809486157014777
PA2120,PA2120,hypothetical protein,-,0.0793169205594969,0.493986711601451,0.696286031590617
PA2121,PA2121,probable transcriptional regulator,-,0.378568852104154,0.349339145503589,0.56998922692008
PA2122,PA2122,hypothetical protein,+,-0.35184307333506,0.332944546835603,0.55475507254055
PA2123,PA2123,probable transcriptional regulator,+,0.293742974723443,0.411396925387295,0.626124038939078
PA2124,PA2124,probable dehydrogenase,+,0.743912886078544,0.0241126366816088,0.0878771647951964
PA2125,PA2125,probable aldehyde dehydrogenase,+,-0.10752200349852,0.776785855266783,0.883677647123892
PA2126,PA2126,"cupA gene regulator C, CgrC",-,-0.0960323123345972,0.576816020155542,0.759904387821066
PA2127,PA2127,"cupA gene regulator A, CgrA",-,0.190670505615111,0.281215235722302,0.501160780775823
cupA1,PA2128,fimbrial subunit CupA1,+,0.357542728364376,0.0161734255139557,0.063935078839533
cupA2,PA2129,chaperone CupA2,+,0.247030438200556,0.286702167917919,0.507499636792863
cupA3,PA2130,usher CupA3,+,0.726452589110455,0.00619071047732458,0.0289631697582155
cupA4,PA2131,fimbrial subunit CupA4,+,0.550144338147051,0.0323183029841212,0.11218962386021
cupA5,PA2132,chaperone CupA5,+,0.308159264984724,0.108925453293873,0.272090126637016
PA2133,PA2133,Cyclic-guanylate-specific phosphodiesterase,+,0.235612586813876,0.806472236043366,0.900399913212722
PA2134,PA2134,hypothetical protein,+,3.34968379401803,8.56756300759879e-07,9.10472370054457e-06
PA2135,PA2135,probable transporter,+,2.17457126575571,6.91666390219259e-11,1.17894147636249e-09
PA2136,PA2136,hypothetical protein,-,2.65161664222362,1.01787865741633e-11,1.87735188243231e-10
PA2137,PA2137,hypothetical protein,+,2.40398075291506,0.000660763677713584,0.00415063560700417
PA2138,PA2138,Multifunctional non-homologous end joining protein LigD,+,3.19405353688145,2.78662896916809e-22,9.94662622641882e-21
PA2139,PA2139,"hypothetical protein, pseudogene",+,4.0924162108524,0.00272295783072949,0.0144178953899359
PA2140,PA2140,probable metallothionein,+,4.02027538446445,8.68798193316304e-11,1.46412229136322e-09
PA2141,PA2141,hypothetical protein,+,4.3128185477144,1.05574411720636e-23,4.27083686880545e-22
PA2142,PA2142,probable short-chain dehydrogenase,+,3.6301169050501,6.81111307348758e-23,2.53557264600752e-21
PA2142a,PA2142a,–,-,0.804334618430084,0.00102455285947438,0.0061084035032451
PA2143,PA2143,hypothetical protein,+,4.3860522999001,2.95654697998557e-10,4.74611827369112e-09
glgP,PA2144,glycogen phosphorylase,+,4.31473880031649,4.01457876876999e-27,1.98052552592653e-25
PA2145,PA2145,hypothetical protein,-,0.929767602713964,0.0135886280315686,0.0555632041075191
PA2146,PA2146,conserved hypothetical protein,+,1.49306905598859,0.279207836074195,0.499626407932237
katE,PA2147,catalase HPII,+,3.71580713018647,1.11795350954716e-07,1.36493800722982e-06
PA2148,PA2148,conserved hypothetical protein,+,4.65454058176987,1.91645574928648e-38,1.78908515179544e-36
PA2149,PA2149,hypothetical protein,+,3.70577402068498,8.98630885465671e-23,3.30478315939739e-21
PA2150,PA2150,conserved hypothetical protein,+,3.59660189345554,4.36703588225645e-22,1.53174414644694e-20
PA2151,PA2151,conserved hypothetical protein,+,4.68026681958826,2.08935146973416e-46,2.94841505077834e-44
PA2152,PA2152,probable trehalose synthase,+,4.49405505265975,5.62972085284905e-37,4.88016373358401e-35
glgB,PA2153,"1,4-alpha-glucan branching enzyme",+,4.49297660683,1.79824816708933e-31,1.23997384976114e-29
PA2154,PA2154,conserved hypothetical protein,-,3.18626559166495,0.000180212082073721,0.00130648376824771
PA2155,PA2155,probable phospholipase,-,3.59755314835315,6.23279843398896e-07,6.72964784652046e-06
PA2156,PA2156,conserved hypothetical protein,-,4.34881417323592,4.56691382169294e-20,1.39256447588104e-18
PA2157,PA2157,hypothetical protein,-,3.98664151211761,9.33141556062422e-10,1.41557574054669e-08
PA2158,PA2158,probable alcohol dehydrogenase (Zn-dependent),-,4.10578383498748,3.20567365738417e-31,2.11435084271817e-29
PA2159,PA2159,conserved hypothetical protein,-,3.98190206359976,2.41270618446091e-30,1.49390827829682e-28
PA2160,PA2160,probable glycosyl hydrolase,-,3.87838374097921,2.5241971140598e-06,2.46587442479409e-05
PA2161,PA2161,hypothetical protein,-,5.29181734079515,5.21513444107813e-10,8.11421430473387e-09
PA2162,PA2162,probable glycosyl hydrolase,-,4.61786551014799,4.79654804638609e-14,1.05073839514335e-12
PA2163,PA2163,hypothetical protein,-,5.29096743453546,2.94628368896887e-38,2.70879536737319e-36
PA2164,PA2164,probable glycosyl hydrolase,-,4.05650614926781,6.74912120668823e-40,6.60543023906197e-38
PA2165,PA2165,probable glycogen synthase,-,4.58353440422346,1.4454254112913e-33,1.09635517446445e-31
PA2166,PA2166,hypothetical protein,+,3.46992110637729,4.07005083131941e-05,0.00033329377118011
PA2167,PA2167,hypothetical protein,+,5.12508835975956,7.12332458200306e-81,7.20405559393243e-78
PA2168,PA2168,hypothetical protein,+,4.60458042680745,7.21088080282028e-42,7.81350441277026e-40
PA2169,PA2169,hypothetical protein,+,4.1012784684356,5.32963749449579e-09,7.53851755631711e-08
PA2170,PA2170,hypothetical protein,+,3.64589891907376,2.9099357877875e-15,6.89745717199005e-14
PA2171,PA2171,hypothetical protein,+,3.97890018838608,8.91621978377542e-08,1.1041555438357e-06
PA2172,PA2172,hypothetical protein,+,3.95816439035858,1.76950987223035e-23,6.92734574496371e-22
PA2173,PA2173,hypothetical protein,+,4.15458277753145,1.81010262064536e-23,6.99598898221404e-22
PA2173a,PA2173a,–,+,4.10363824592018,1.5886416776034e-16,3.96702785995779e-15
PA2174,PA2174,hypothetical protein,-,0.132109171886742,0.869044539052507,0.93416514844475
PA2175,PA2175,hypothetical protein,-,4.61378357890267,6.93493898741405e-45,8.95344888843158e-43
PA2176,PA2176,hypothetical protein,-,4.41016067858087,7.17257963776445e-67,3.62693443682956e-64
PA2177,PA2177,probable sensor/response regulator hybrid,+,2.38576125396914,1.44107737416121e-44,1.78458316457351e-42
PA2178,PA2178,hypothetical protein,-,3.89038946412313,1.83694253763445e-31,1.25242329419841e-29
PA2179,PA2179,hypothetical protein,-,3.54433488810727,3.31653309980074e-31,2.1639486935044e-29
PA2180,PA2180,hypothetical protein,-,4.54269098332182,1.92888666271747e-34,1.50057490632944e-32
PA2181,PA2181,hypothetical protein,+,3.32674052862376,1.53148721207376e-16,3.84010925738165e-15
PA2182,PA2182,hypothetical protein,-,0.695714008956982,0.0176536773259235,0.0685842151224962
PA2183,PA2183,hypothetical protein,-,2.64166087464538,4.23131793754765e-22,1.49276960726972e-20
PA2184,PA2184,conserved hypothetical protein,-,3.73494200204723,1.00862885774807e-08,1.37845943892236e-07
katN,PA2185,non-heme catalase KatN,+,2.56596040019107,7.59609464467878e-12,1.40527750926557e-10
PA2187,PA2187,hypothetical protein,+,4.41951725431631,2.23477731198949e-30,1.39800296176827e-28
PA2188,PA2188,probable alcohol dehydrogenase (Zn-dependent),-,1.25497917101428,0.000929440736149334,0.00562858920853708
PA2189,PA2189,hypothetical protein,+,1.94245467158184,5.9967951278086e-07,6.53295383043852e-06
PA2190,PA2190,conserved hypothetical protein,+,3.04868309710567,3.72068147847247e-05,0.000306754011024062
exoY,PA2191,adenylate cyclase ExoY,-,0.818376948415308,0.00555949498818113,0.0265212386700339
PA2192,PA2192,conserved hypothetical protein,+,4.16796829331743,4.05674008916499e-07,4.55014766378063e-06
hcnA,PA2193,hydrogen cyanide synthase HcnA,+,0.321605799036365,0.158128178049015,0.348207869284906
hcnB,PA2194,hydrogen cyanide synthase HcnB,+,-0.158978988044018,0.00027692556968371,0.00192263656389102
hcnC,PA2195,hydrogen cyanide synthase HcnC,+,0.331025508948723,0.000260548410254402,0.00182775462823551
PA2196,PA2196,TetR family transcriptional regulator,+,-0.05017875565533,0.251269599778064,0.46717541259837
PA2197,PA2197,conserved hypothetical protein,+,0.0516312247927577,0.60737835539048,0.777868059026868
PA2198,PA2198,hypothetical protein,+,0.266088095781277,0.296801281910589,0.518867812916582
PA2199,PA2199,probable dehydrogenase,+,-0.167159971129273,0.290191129533697,0.51158622138596
PA2200,PA2200,Cyclic-guanylate-specific phosphodiesterase,+,0.0780094524721567,0.0469396960239393,0.147574680359106
PA2201,PA2201,hypothetical protein,+,-0.270849007729596,0.0138727399471313,0.0565129485444671
PA2202,PA2202,probable amino acid permease,-,0.911051647612051,0.626143325084019,NA
PA2203,PA2203,probable amino acid permease,-,0.690738766909732,0.658317415701308,NA
PA2204,PA2204,putative binding protein component of ABC transporter,-,-0.506356358924946,0.343136500044426,0.563298726181774
PA2205,PA2205,hypothetical protein,-,0.19021396596949,0.749134535757846,0.86850369946095
PA2206,PA2206,LysR-type transcriptional regulator,-,0.00157434601515637,0.0949992974660245,0.248216870527369
PA2207,PA2207,hypothetical protein,-,0.256895910182544,0.582623629507997,0.761766900205673
PA2208,PA2208,hypothetical protein,-,-2.81212568331642,0.198069117837969,NA
PA2209,PA2209,hypothetical protein,-,-0.903318083519667,0.394322631009828,0.612426343733718
PA2210,PA2210,probable major facilitator superfamily (MFS) transporter,+,0.273711316584871,0.746844084995284,0.8673073332578
PA2211,PA2211,conserved hypothetical protein,+,0.793481530453776,0.252906687247621,0.468448650249868
PA2212,PA2212,conserved hypothetical protein,+,-1.6353316709583,0.129954956292387,0.309284010615147
PA2213,PA2213,probable porin,+,0.648394264802285,0.143480019118722,0.327348050376375
PA2214,PA2214,putative L-lyxonate transporter,+,0.421990086140276,0.785260010013704,NA
PA2215,PA2215,l-lyxonate dehydratase LyxD,+,0.747374364972584,0.315220723478905,0.537476259213494
PA2216,PA2216,2-keto-3-deoxy-D-arabinonate dehydratase,+,-0.0501784674030279,0.991335537985659,0.996426046794265
PA2217,PA2217,probable aldehyde dehydrogenase,+,0.349972394301187,0.0437929130609135,0.140741529768687
PA2218,PA2218,hypothetical protein,-,1.16413999717406,8.93571913226996e-06,8.1170574393135e-05
opdE,PA2219,membrane protein OpdE,-,0.291733436021738,0.493253610140238,0.696029687054807
PA2220,PA2220,probable transcriptional regulator,+,0.0132869314241147,0.699335286410977,0.838615420120668
PA2221,PA2221,conserved hypothetical protein,+,-0.303899501240381,0.226377534660622,0.437578427734844
PA2222,PA2222,hypothetical protein,-,0.373973031515854,0.113743983252555,0.281047490418691
PA2223,PA2223,hypothetical protein,-,0.264084429370352,0.196789995960986,0.403005341248569
PA2224,PA2224,hypothetical protein,-,0.242727292480371,0.485846337123624,0.689295200763655
PA2225,PA2225,hypothetical protein,-,0.615494499121287,0.00377889339718185,0.0193016204832487
PA2226,PA2226,QsrO,-,0.100418762753048,0.00127815910902786,0.00737249949960178
vqsM,PA2227,AraC-type transcriptional regulator VqsM,-,-0.028443789209973,0.161943929491695,0.353862356555854
PA2228,PA2228,hypothetical protein,-,0.0404837926655769,0.877030857304623,0.937978264771691
PA2229,PA2229,conserved hypothetical protein,+,0.379668913302019,0.146057664521508,0.329716483748702
PA2230,PA2230,hypothetical protein,+,-0.50056122170373,0.276174229947372,0.495671096502729
pslA,PA2231,PslA,+,-0.00456748852969121,0.731327681890369,0.857691606824654
pslB,PA2232,PslB,+,0.616142017759886,0.00132096194234831,0.00759052752478174
pslC,PA2233,PslC,+,0.843540661986422,3.38295307421534e-05,0.000280817500059353
pslD,PA2234,PslD,+,0.491280970098728,0.0195043531188969,0.0741092139796284
pslE,PA2235,PslE,+,0.307597170942766,0.00419945807528441,0.0210946288086306
pslF,PA2236,PslF,+,0.579350842720963,0.0003614927292717,0.00245362179107458
pslG,PA2237,PslG,+,0.261981613360249,0.0964333714105041,0.250495589776943
pslH,PA2238,PslH,+,0.517310220203188,0.0139344560584227,0.0566080735678016
pslI,PA2239,PslI,+,0.708277562638728,0.00478667121121221,0.0233860876889176
pslJ,PA2240,PslJ,+,0.301003007854918,0.261473631516421,0.478703331077631
pslK,PA2241,PslL,+,0.395755945582523,0.211713777780478,0.419856832820699
pslL,PA2242,hypothetical protein,+,-0.0425554281823416,0.39914898642011,0.616597909585091
pslM,PA2243,hypothetical protein,+,0.629009714761596,0.0653590097530801,0.189036449562293
pslN,PA2244,hypothetical protein,+,4.93155822725509,1.06770054107121e-143,3.23940344161005e-140
bkdR,PA2246,transcriptional regulator BkdR,-,0.102427352753067,0.915995986121717,0.958817257855197
bkdA1,PA2247,2-oxoisovalerate dehydrogenase (alpha subunit),+,-0.447325747536493,0.274922856767515,0.495024301146968
bkdA2,PA2248,2-oxoisovalerate dehydrogenase (beta subunit),+,-0.383559557487807,0.297277836647462,0.519401644911259
bkdB,PA2249,branched-chain alpha-keto acid dehydrogenase (lipoamide component),+,-0.370257082044626,0.0938217609654101,0.246561474897405
lpdV,PA2250,lipoamide dehydrogenase-Val,+,-0.764319334529868,6.85857055984305e-05,0.000539848772264514
bkdZ,PA2250.1,putative sRNA,+,-1.43527254805037,2.02146668301629e-09,2.94862015205357e-08
PA2251,PA2251,hypothetical protein,-,0.645356452987096,0.00663713166823505,0.0307201487130818
PA2252,PA2252,probable AGCS sodium/alanine/glycine symporter,+,0.814830709947381,0.0260480247096146,0.0940829844868697
ansA,PA2253,L-asparaginase I,+,0.416364555512852,0.0790082181001787,0.217043593545453
pvcA,PA2254,paerucumarin biosynthesis protein PvcA,+,-1.47966133991469,0.0738091461727528,0.20721364977159
pvcB,PA2255,paerucumarin biosynthesis protein PvcB,+,-0.864293181292535,0.178048240260288,0.375661074344911
pvcC,PA2256,paerucumarin biosynthesis protein PvcC,+,0.61705353151923,0.133824563965198,0.314503274260582
pvcD,PA2257,paerucumarin biosynthesis protein PvcD,+,0.952673594582625,0.280974355998051,0.501160780775823
ptxR,PA2258,transcriptional regulator PtxR,-,1.03315731333543,0.000183648626213497,0.00132980890675835
ptxS,PA2259,transcriptional regulator PtxS,+,0.215430481119968,0.141352113943725,0.32415896727533
PA2260,PA2260,hypothetical protein,+,-0.0249926080394573,0.783735320784416,0.887937489231828
PA2261,PA2261,probable 2-ketogluconate kinase,+,1.67463030356624,9.44102218393814e-10,1.42863148658695e-08
PA2262,PA2262,probable 2-ketogluconate transporter,+,0.883012245931298,0.00216087072201642,0.0117809196237158
PA2263,PA2263,probable 2-hydroxyacid dehydrogenase,+,0.929233216787436,0.0126515007941833,0.0525457267755674
PA2264,PA2264,conserved hypothetical protein,+,1.02817646995637,1.1806828327112e-05,0.000105203868265661
PA2265,PA2265,gluconate dehydrogenase,+,0.857745473275683,0.000591913971412412,0.00376492031292507
PA2266,PA2266,probable cytochrome c precursor,+,1.27507810991295,4.21739356384459e-10,6.61269874558372e-09
PA2267,PA2267,probable transcriptional regulator,-,-0.270414528330908,0.543804590315558,0.734759798270943
PA2268,PA2268,hypothetical protein,+,0.0368956739579286,0.352229436726357,0.573317656130777
PA2269,PA2269,conserved hypothetical protein,-,0.102891748836712,0.738059409443986,0.861066285248311
PA2270,PA2270,probable transcriptional regulator,+,0.462876754347856,0.432150093886092,0.645883440813007
PA2271,PA2271,probable acetyltransferase,+,0.279583076487627,0.318260681219356,0.54080252412183
pbpC,PA2272,penicillin-binding protein 3A,+,-1.24101664201144,3.41517385442353e-10,5.41077674899269e-09
soxR,PA2273,SoxR,-,-0.0652819306313495,0.213724653764344,0.42192043832015
PA2274,PA2274,hypothetical protein,+,-0.443501126586766,0.608926877156671,0.77889653514384
PA2275,PA2275,probable alcohol dehydrogenase (Zn-dependent),-,-0.0380000047866577,0.666254499291658,0.817724980117674
PA2276,PA2276,probable transcriptional regulator,+,0.0531195926336165,0.733365067138721,0.858642595639555
arsR,PA2277,ArsR protein,+,-0.237695061286605,0.808475617420801,0.900707375828889
arsB,PA2278,ArsB protein,+,-0.14974332692483,0.816737362463267,0.904537746929568
arsC,PA2279,ArsC protein,+,0.0195085634816001,0.998606983453424,0.99930501747528
PA2280,PA2280,oxidoreductase,+,-0.707056329730817,0.349078012662914,0.569716347724196
PA2281,PA2281,probable transcriptional regulator,-,0.538338075231461,0.0248475238114425,0.0901066848217599
PA2282,PA2282,hypothetical protein,+,0.629534420272536,0.25542352843329,0.471406735328679
PA2283,PA2283,hypothetical protein,+,0.493813538812987,0.309403153484394,0.532476951421519
PA2284,PA2284,hypothetical protein,+,0.55316046230901,0.659455449918429,0.814678135865851
PA2285,PA2285,hypothetical protein,+,0.362809103416945,0.382174278656939,0.601409108633379
PA2286,PA2286,hypothetical protein,+,0.437557653778366,0.808413069934427,0.900707375828889
PA2287,PA2287,hypothetical protein,+,-0.227503300999567,0.934023344487687,0.968120241587267
PA2288,PA2288,hypothetical protein,-,0.0535867691570437,0.00482185086544561,0.0234635052538284
PA2289,PA2289,conserved hypothetical protein,-,-0.158119315155017,0.125283356776099,0.302405421852087
gcd,PA2290,glucose dehydrogenase,-,0.201357929769744,0.170546484624385,0.365551419534005
PA2291,PA2291,probable glucose-sensitive porin,-,-0.810438758680426,0.000445482832855098,0.00293824981496167
PA2292,PA2292,hypothetical protein,-,-1.56034065574811,0.164357990645227,NA
PA2293,PA2293,hypothetical protein,-,0.112361255042677,0.710011314310228,0.844602256448886
PA2294,PA2294,probable ATP-binding component of ABC transporter,-,1.40641110164955,0.00203576552047477,0.0112096417225417
PA2295,PA2295,probable permease of ABC transporter,-,-0.827538002007904,0.539108035180694,0.731381385857226
PA2296,PA2296,hypothetical protein,-,-0.345818813315645,0.394837806825549,0.612599287092159
PA2297,PA2297,probable ferredoxin,-,-1.96937371738921,0.0993953187686756,0.256106494389946
PA2298,PA2298,probable oxidoreductase,-,-0.193811302743561,0.539980141577228,0.731383816761299
PA2299,PA2299,probable transcriptional regulator,-,0.413557895581582,0.0170270065037939,0.0667010170852299
chiC,PA2300,chitinase,-,-0.190965396643705,0.000526094935483259,0.00339972744250524
PA2301,PA2301,hypothetical protein,-,-0.0585723274384195,0.681764026945093,0.829046916934434
ambE,PA2302,AmbE,-,-0.120629338954003,0.66409075969378,0.816224980721462
ambD,PA2303,AmbD,-,-0.55320264384349,0.00473649669996291,0.0231969830309725
ambC,PA2304,AmbC,-,-0.384678268953848,0.0757997481720231,0.211084383619934
ambB,PA2305,AmbB,-,-0.253164011410775,0.279731345479421,0.500114069020558
ambA,PA2306,AmbA,-,-0.0754220214457856,0.836761085076712,0.918160322888205
PA2307,PA2307,probable permease of ABC transporter,-,-0.170755726779872,0.130113587634928,0.309437791096093
PA2308,PA2308,probable ATP-binding component of ABC transporter,-,0.322103262387243,0.750950735126593,0.869297507422738
PA2309,PA2309,hypothetical protein,-,-0.43303369466462,0.758509176928795,0.873711544181664
PA2310,PA2310,hypothetical protein,-,0.544204054859805,0.428813033877031,0.642954655192938
PA2311,PA2311,hypothetical protein,+,0.223377054862464,0.950956017543387,0.976544443129679
PA2312,PA2312,probable transcriptional regulator,+,0.964778036851319,0.158143781669763,0.348207869284906
PA2312a,PA2312a,–,-,-0.546799093381513,0.00540964757427151,0.0259082411055087
PA2314,PA2314,probable major facilitator superfamily (MFS) transporter,-,0.238923060373166,0.0866602661587577,0.232027830865392
PA2315,PA2315,hypothetical protein,-,0.30212266635973,0.215539861921106,0.423953284323264
PA2316,PA2316,probable transcriptional regulator,+,0.0169093379163301,0.994791387434972,0.997685805674528
PA2317,PA2317,probable oxidoreductase,+,-0.426644422072317,0.455055890354866,0.666814572005151
PA2318,PA2318,hypothetical protein,+,-0.386362774989197,0.370756335888916,0.590175615470605
PA2319,PA2319,probable transposase,+,-1.39168234816995,0.615080669367307,NA
gntR,PA2320,transcriptional regulator GntR,-,0.157820370334192,0.0618818664210857,0.181663843949273
PA2321,PA2321,GntK,+,-0.316343290621521,0.197792508625559,0.404042510438789
PA2322,PA2322,GntP,+,0.745239121651024,0.20125421078799,0.408978751192741
PA2323,PA2323,GapN,+,0.147018698476492,0.23551576284594,0.447996755156477
PA2324,PA2324,hypothetical protein,+,2.42617194070565,0.193406278305416,NA
PA2325,PA2325,hypothetical protein,+,1.7965819014281,0.273324240298291,NA
PA2326,PA2326,hypothetical protein,-,-0.130455838597503,0.863742043817755,0.930608437834896
PA2327,PA2327,probable permease of ABC transporter,-,-0.136245551016163,0.621831385836826,0.787497186310663
PA2328,PA2328,hypothetical protein,-,-0.469545932915535,0.0586751043967682,0.174102950356767
PA2329,PA2329,probable ATP-binding component of ABC transporter,-,-0.0407926863582221,0.410376800783862,0.625669956571979
PA2330,PA2330,hypothetical protein,-,-0.191632675542159,0.0740937418655024,0.207476153963945
PA2331,PA2331,hypothetical protein,-,-0.348086277293038,0.165823234427112,0.359491027689787
PA2332,PA2332,probable transcriptional regulator,+,0.401647703771856,0.0987287415661105,0.254821779593007
PA2333,PA2333,probable sulfatase,-,-0.226107326396513,0.489528104715335,0.693222062873431
PA2334,PA2334,probable transcriptional regulator,-,0.194716587822051,0.848836974044293,0.924895449542247
PA2335,PA2335,probable TonB-dependent receptor,+,-0.0370155226418781,0.972694045393463,0.98828605554237
PA2336,PA2336,hypothetical protein,+,-0.774883512271661,0.13628665892768,0.31733977220766
mtlR,PA2337,transcriptional regulator MtlR,+,-0.463605272182736,0.177164094612706,0.374137891003798
PA2338,PA2338,probable binding protein component of ABC maltose/mannitol transporter,+,0.164815263421488,0.786621894202242,0.888604358586382
PA2339,PA2339,probable binding-protein-dependent maltose/mannitol transport protein,+,0.935776104881106,0.206998272427773,0.415365581048851
PA2340,PA2340,probable binding-protein-dependent maltose/mannitol transport protein,+,1.31283664099063,0.206901946374151,0.415365581048851
PA2341,PA2341,probable ATP-binding component of ABC maltose/mannitol transporter,+,0.485379219580975,0.724376183005511,0.854691345425686
mtlD,PA2342,mannitol dehydrogenase,+,-0.822860051795878,0.537236612643419,NA
mtlY,PA2343,xylulose kinase,+,-0.809622370031511,0.667153197481715,NA
mtlZ,PA2344,fructokinase,+,0.048049389534799,0.215194824356036,0.423680502608789
PA2345,PA2345,conserved hypothetical protein,-,0.444221224380588,0.0441540033091524,0.141460661077052
PA2346,PA2346,conserved hypothetical protein,+,-0.114189329323259,0.314870211527228,0.537476259213494
PA2347,PA2347,hypothetical protein,+,0.551277232112167,0.698284362621083,0.838615420120668
PA2348,PA2348,conserved hypothetical protein,+,-0.99432208666614,0.466908293217611,0.675214376369033
PA2349,PA2349,conserved hypothetical protein,+,0.701705581323948,0.683694530457687,NA
PA2350,PA2350,probable ATP-binding component of ABC transporter,+,-0.933744747806635,0.203139019067403,0.411019529076693
PA2351,PA2351,probable permease of ABC transporter,+,-0.0649444429903718,0.962644804050572,0.982231153687383
PA2352,PA2352,putative glycerophosphoryl diester phosphodiesterase,+,-0.142806152157216,0.249378998758643,0.465323420807947
PA2353,PA2353,conserved hypothetical protein,-,-0.0042789742958903,0.105535922650474,0.265943512725531
PA2354,PA2354,SfnR1,-,0.559373716996758,0.353463246003473,0.574247651070703
PA2355,PA2355,probable FMNH2-dependent monooxygenase,-,0.42097989644712,0.208715021961201,0.416884508148408
msuD,PA2356,methanesulfonate sulfonatase MsuD,-,0.0718580156363127,0.66899937262336,0.818970755660147
msuE,PA2357,NADH-dependent FMN reductase MsuE,-,0.244388195843272,0.760029776472256,NA
PA2358,PA2358,hypothetical protein,-,0.404590585032017,0.851575816662402,0.925723554127839
PA2359,PA2359,probable transcriptional regulator,-,6.09109249652102e-05,0.877588004793787,0.938024872461551
PA2360,PA2360,hypothetical protein,-,-0.778307198257001,2.48379788556405e-05,0.000212277261543699
PA2361,PA2361,IcmF3,-,-1.0905472060691,1.99226617261175e-07,2.35195936486539e-06
PA2362,PA2362,DotU3,-,-0.984209496624209,1.96422314365188e-05,0.00017051367719141
PA2363,PA2363,HsiJ3,-,-0.21469481084618,7.26434683181246e-06,6.72611934576477e-05
PA2364,PA2364,Lip3,-,-0.241959832399105,0.000508947730878895,0.00329812323041401
PA2365,PA2365,HsiB3,+,-1.32586536264228,0.000400006840811386,0.0026614490241705
PA2366,PA2366,HsiC3,+,-2.04701401414057,6.08157895806867e-13,1.23835641334096e-11
PA2367,PA2367,Hcp3,+,-1.95196165054359,5.93349257250797e-15,1.36898984524632e-13
PA2368,PA2368,HsiF3,+,-1.1478081132793,0.000503070786961882,0.00326484870083925
PA2369,PA2369,HsiG3,+,-1.53874628368965,1.81111225622161e-11,3.26107690526787e-10
PA2370,PA2370,HsiH3,+,-0.879458849912474,0.00115280042830391,0.00675211679435148
PA2371,PA2371,ClpV3,+,-1.08849398072951,3.06306723248063e-10,4.90414036060488e-09
PA2372,PA2372,hypothetical protein,+,-0.508988197109348,0.00655360015747201,0.0303798668873492
PA2373,PA2373,VgrG3,+,-0.644045815704736,4.85571229295462e-07,5.38655615971638e-06
PA2374,PA2374,TseF,+,-0.0677283148508752,0.869930240460956,0.934489601950743
PA2375,PA2375,hypothetical protein,-,-0.0307270515104521,0.979330968598992,0.99136589024051
PA2376,PA2376,probable transcriptional regulator,+,0.372460584020561,0.287428072166628,0.508487913092448
PA2377,PA2377,hypothetical protein,+,1.57624823761054,4.89507499885283e-09,6.95627988127376e-08
PA2378,PA2378,probable aldehyde dehydrogenase,-,-1.4643143932605,1.56834138883134e-23,6.2200624492997e-22
PA2379,PA2379,probable oxidoreductase,-,-0.911162395490936,2.34314210776613e-09,3.40147997845092e-08
PA2380,PA2380,hypothetical protein,-,-1.15559808262354,5.53879237014662e-08,7.07566149516835e-07
PA2381,PA2381,hypothetical protein,+,-0.12027647963028,0.136241839409458,0.31733977220766
lldA,PA2382,L-lactate dehydrogenase,-,0.145245546753858,0.889414837701306,0.946172727063732
PA2383,PA2383,probable transcriptional regulator,-,0.0552736691774105,0.255072983109392,0.471310250154625
PA2384,PA2384,hypothetical protein,-,-0.331227157649651,0.708951972462509,0.844602256448886
pvdQ,PA2385,3-oxo-C12-homoserine lactone acylase PvdQ,-,0.720280587957147,0.345967101576518,0.566314640508851
pvdA,PA2386,L-ornithine N5-oxygenase,-,-0.114333711102391,0.638063014085308,0.79912618564905
fpvI,PA2387,FpvI,-,0.0112730468528962,0.689057059251025,0.83373843181161
fpvR,PA2388,FpvR,+,-0.183871717811623,0.62062152512528,0.786907829028153
pvdR,PA2389,PvdR,+,-0.730400080310562,0.0134150936045971,0.0550763112264513
pvdT,PA2390,PvdT,+,-0.234643768025683,0.723860500336227,0.854435286330749
opmQ,PA2391,probable outer membrane protein precursor,+,-0.450398583101648,0.622383027666895,0.787849146247726
pvdP,PA2392,PvdP,-,0.201931490162636,0.131105472883787,0.310760941194852
PA2393,PA2393,putative dipeptidase,+,0.497261718575101,0.510976004019085,0.710408764277945
pvdN,PA2394,PvdN,+,0.139513719983374,0.963406043113125,0.982677402859379
pvdO,PA2395,PvdO,+,0.644816795506382,0.472779579521922,0.678851511722438
pvdF,PA2396,pyoverdine synthetase F,-,-0.513356705868614,0.103896529440926,0.263563603949639
pvdE,PA2397,pyoverdine biosynthesis protein PvdE,+,0.495027423641279,0.592384476182451,0.768428559738768
fpvA,PA2398,ferripyoverdine receptor,+,-0.172500349484122,0.479417061096922,0.683690417564307
pvdD,PA2399,pyoverdine synthetase D,-,0.352358278566927,0.0911643796865567,0.241059872264734
pvdJ,PA2400,PvdJ,-,0.771227422930143,0.000178323445997955,0.00129744205073812
PA2402,PA2402,pyoverdine peptide synthetase,-,0.370528977913443,0.0682659830540559,0.195758513397518
PA2403,PA2403,FpvG,+,0.50301831974984,0.00445227613388087,0.0222174437338726
PA2404,PA2404,FpvH,+,0.41828775748145,0.00379886224646232,0.0193872969819456
PA2405,PA2405,FpvJ,+,0.704295313707503,0.234428567220267,0.446628742823417
PA2406,PA2406,FpvK,+,1.51202844064457,0.0968391936547358,0.251227117185522
PA2407,PA2407,FpvC,+,0.611025067934308,0.00383361579280322,0.0195318057352896
PA2408,PA2408,FpvD,+,2.15460421571474,0.000166819614263155,0.0012181244516833
PA2409,PA2409,FpvE,+,0.3349646236859,0.312684719489118,0.535375529870194
PA2410,PA2410,FpvF,+,0.103797401839585,0.237502647835413,0.450505178826286
PA2411,PA2411,probable thioesterase,-,2.41059319939445,2.01296372514972e-18,5.68123901591093e-17
PA2412,PA2412,conserved hypothetical protein,-,3.1487507877557,1.1328504517118e-22,4.14104610902845e-21
pvdH,PA2413,"L-2,4-diaminobutyrate:2-ketoglutarate 4-aminotransferase, PvdH",-,3.42055849551951,9.1910629685812e-37,7.85512254835926e-35
PA2414,PA2414,L-sorbosone dehydrogenase,-,3.41363360766576,2.43076495611238e-36,1.99322726401215e-34
PA2415,PA2415,hypothetical protein,-,3.91745346708394,3.77832213691251e-63,1.43292867042407e-60
treA,PA2416,periplasmic trehalase precursor,+,4.61050140946883,3.13261413146019e-88,4.7521756374251e-85
PA2417,PA2417,probable transcriptional regulator,-,1.73524717201977,8.65458719453378e-15,1.95955354837429e-13
PA2418,PA2418,hypothetical protein,+,1.31302812362344,0.0325282015148484,0.112724801137693
PA2419,PA2419,probable hydrolase,+,0.516348273672969,0.495126128907651,0.697313231238673
PA2420,PA2420,probable porin,+,1.02524494868307,0.201906276565776,0.409754945217769
PA2421,PA2421,hypothetical protein,+,-0.0726053407585593,0.74074646138082,NA
PA2422,PA2422,hypothetical protein,+,-0.099480103397071,0.960915992429045,0.981389600722848
PA2423,PA2423,hypothetical protein,+,-0.617767143207499,0.00106640474889363,0.00630696297883679
pvdL,PA2424,PvdL,-,0.755131385212687,0.000430670068701128,0.00285295412322974
pvdG,PA2425,PvdG,-,0.581712735617668,0.763672311254891,0.876814301739769
pvdS,PA2426,sigma factor PvdS,+,0.0349198837050786,0.908235613894826,0.953325325222937
PA2427,PA2427,hypothetical protein,-,0.28388280366402,0.539351710703399,0.731381385857226
PA2428,PA2428,hypothetical protein,-,-0.0285067524752009,0.599400806712244,0.772518956662539
PA2429,PA2429,hypothetical protein,+,1.29059522987495,0.0231709638677962,0.0851098115918811
PA2430,PA2430,conserved hypothetical protein,-,0.621166466926582,0.0455496940810392,0.144544233303809
PA2431,PA2431,hypothetical protein,-,0.17096155408587,0.684718476581268,0.831168331007384
bexR,PA2432,"bistable expression regulator, BexR",+,-0.0105189565417326,0.301649908731234,0.52402280165506
PA2433,PA2433,hypothetical protein,+,2.12261893566332,5.12702951381769e-17,1.32952201238657e-15
PA2434,PA2434,hypothetical protein,-,1.83125520612025,3.19732662042219e-11,5.65637840604135e-10
PA2435,PA2435,probable cation-transporting P-type ATPase,-,2.07586327127855,5.97990609050114e-21,1.97206903028048e-19
PA2436,PA2436,hypothetical protein,-,0.418488108815209,0.0386026867653359,0.127526561477266
PA2437,PA2437,hypothetical protein,-,-0.359010555837461,0.131329954716999,0.311002336884435
PA2438,PA2438,hypothetical protein,-,-0.32318838946708,0.0742520890904386,0.20777677883117
PA2439,PA2439,hypothetical protein,-,-0.498367586614458,0.352983773817361,0.57408350027439
PA2440,PA2440,hypothetical protein,+,0.142513543631695,0.749379257361702,0.868621458198817
PA2441,PA2441,hypothetical protein,+,0.500205169662333,0.276180615899098,0.495671096502729
gcvT2,PA2442,glycine cleavage system protein T2,-,1.24799733729314,1.05327321176732e-06,1.10384487892989e-05
sdaA,PA2443,L-serine dehydratase,-,0.955910853110676,8.80396307379116e-08,1.0924835977866e-06
glyA2,PA2444,serine hydroxymethyltransferase,-,0.827193425074269,0.00555317522145189,0.0265119333153187
gcvP2,PA2445,glycine cleavage system protein P2,-,0.989069833998746,0.049951307177015,0.154143262036234
gcvH2,PA2446,glycine cleavage system protein H2,-,0.828691242389324,0.000103733536212664,0.000784878101898389
PA2447,PA2447,probable transcriptional regulator,-,-0.344353614519127,0.389375689315703,0.607022013965808
PA2448,PA2448,putative hydrolase,+,0.287499371454311,0.15978204138296,0.350907501669129
PA2449,PA2449,GcsR,-,-0.269531344509438,0.415664948135673,0.629933792529287
PA2450,PA2450,hypothetical protein,-,-0.0815002626461974,0.657323430809482,0.813637943310892
PA2451,PA2451,"hypothetical protein, pseudogene",-,0.330408570163032,0.273768771219423,0.493532056969537
PA2453,PA2453,hypothetical protein,+,-0.128321551411197,0.836259684273561,0.917791848644779
PA2454,PA2454,hypothetical protein,+,0.106427961313428,0.927059872758975,0.964325008475059
PA2455,PA2455,hypothetical protein,+,-0.0688576526136259,0.940473441230505,0.972196395466219
PA2457,PA2457,hypothetical protein,+,0.172192571176102,0.730110633763921,0.856623395638934
PA2458,PA2458,hypothetical protein,+,-0.0338694877870612,0.164903180811292,0.358906922942225
PA2459,PA2459,hypothetical protein,-,0.379653224802201,0.115095332606885,0.283440940851696
PA2460,PA2460,hypothetical protein,-,0.573740056375014,0.000316749870255884,0.00217179459063582
PA2461,PA2461,hypothetical protein,-,0.314529387459213,0.115473399725112,0.28425662861338
PA2462,PA2462,hypothetical protein,-,-0.539175518146291,0.000267966596679745,0.00187329643853997
PA2463,PA2463,hypothetical protein,-,-0.143044091026039,0.509639819024807,0.709613222084105
PA2464,PA2464,hypothetical protein,-,-0.220838209071924,0.667377732032944,0.818276031112529
PA2465,PA2465,hypothetical protein,-,0.289527876981137,0.870013123477396,0.934489601950743
foxA,PA2466,Ferrioxamine receptor FoxA,-,0.158449906464101,0.878895595578751,0.938729615595874
foxR,PA2467,Anti-sigma factor FoxR,-,-0.25006232635994,0.308785488082993,0.532001800592731
foxI,PA2468,ECF sigma factor FoxI,-,0.148440889064856,0.549683440116075,0.740559306088886
PA2469,PA2469,probable transcriptional regulator,-,0.160247825906517,0.58152532750792,0.761355000089885
gtdA,PA2470,"gentisate 1,2-dioxygenase",+,0.203875784264604,0.389353717940969,0.607022013965808
PA2471,PA2471,conserved hypothetical protein,+,0.154995829429933,0.863142447186829,0.930474448467788
PA2472,PA2472,probable major facilitator superfamily (MFS) transporter,+,-0.994357288104457,0.606582803818127,NA
PA2473,PA2473,maleylpyruvate isomerase,+,-0.297644618563355,0.919589328670285,0.960590126763864
PA2474,PA2474,hypothetical protein,+,-1.82587987837528,0.20963650499403,NA
PA2475,PA2475,probable cytochrome P450,-,-0.0121561994579963,0.990342346239662,0.99638984545836
dsbG,PA2476,thiol:disulfide interchange protein DsbG,-,-0.363288102933274,0.179533661778,0.378398839759952
dsbE,PA2477,thiol:disulfide interchange protein DsbE,-,-0.122928139075995,0.778633069113363,0.884645390020137
PA2478,PA2478,probable thiol:disulfide interchange protein,-,-0.234361769558461,0.545744868620657,0.736725219753091
PA2479,PA2479,probable two-component response regulator,+,0.0565225294135167,0.976096052539935,0.990128861051876
PA2480,PA2480,probable two-component sensor,+,0.202983584246484,0.720126557637694,0.852131035831811
PA2481,PA2481,hypothetical protein,-,0.108280795128817,0.733412091825941,0.858642595639555
PA2482,PA2482,probable cytochrome c,-,0.707575457476159,0.000366919697055114,0.00247936383266195
PA2483,PA2483,conserved hypothetical protein,-,0.182641436902739,0.566593281330231,0.754382092036588
PA2484,PA2484,conserved hypothetical protein,-,-0.192109405790276,0.493819345126473,0.696274176764011
PA2485,PA2485,hypothetical protein,+,1.02674665898851,1.5677208095289e-08,2.10929708918434e-07
PA2486,PA2486,"Pseudomonas type III repressor gene C, PtrC",+,-0.185852885660395,0.676064429694658,0.824760546720383
PA2487,PA2487,hypothetical protein,-,-0.747786287299623,0.414485862235594,0.628932286082917
PA2488,PA2488,probable transcriptional regulator,+,0.455560310668323,0.279996069683324,0.500114069020558
PA2489,PA2489,probable transcriptional regulator,+,0.143273035505826,0.0841985935928383,0.227175218284279
PA2490,PA2490,conserved hypothetical protein,+,-0.543466846926126,0.18448887947831,0.385229155802018
mexS,PA2491,mexS,-,-0.140023911399598,0.4703323724489,0.6774215134156
mexT,PA2492,transcriptional regulator MexT,+,-0.260880405426448,0.382464078291687,0.601553143357687
mexE,PA2493,Resistance-Nodulation-Cell Division (RND) multidrug efflux membrane fusion protein MexE precursor,+,-0.508637582452464,0.00731253873170432,0.0332378164973647
mexF,PA2494,Resistance-Nodulation-Cell Division (RND) multidrug efflux transporter MexF,+,-0.400495998660536,0.0219134721430057,0.0811293160242577
oprN,PA2495,Multidrug efflux outer membrane protein OprN precursor,+,-0.404655773048481,0.0353543806120745,0.119563767377608
oprN-3',PA2495.1,putative sRNA,+,-1.09076031925217,3.3226783507532e-08,4.36407191176848e-07
PA2496,PA2496,hypothetical protein,-,-0.0705795106255459,0.448807518802943,0.661492354650536
PA2497,PA2497,probable transcriptional regulator,-,0.602820131459159,0.0606134330723214,0.178458181408465
PA2498,PA2498,conserved hypothetical protein,+,-1.39807147147147,0.292891386599332,0.514697862227537
PA2499,PA2499,probable deaminase,+,1.46552692703487,0.0552544605527422,0.166229086085295
PA2500,PA2500,probable major facilitator superfamily (MFS) transporter,+,0.195276737888156,0.817251594080201,0.904776988301161
PA2501,PA2501,hypothetical protein,-,0.299264964834409,0.193607733064768,0.398544128733801
PA2502,PA2502,hypothetical protein,-,-0.065103860096981,0.529348152679864,0.724584838813763
PA2503,PA2503,hypothetical protein,+,-0.931199880137045,0.017832582786333,0.0690031739212543
PA2504,PA2504,hypothetical protein,-,-0.0435453458358203,0.803976996525549,0.899102914654815
opdT,PA2505,tyrosine porin OpdT,-,-0.184417663568632,0.835697820790114,0.917664563256318
PA2506,PA2506,hypothetical protein,+,-0.0211394751612257,0.512773149670189,0.711526977406519
catA,PA2507,"catechol 1,2-dioxygenase",-,-1.23364752665887,0.0338248326950598,0.115895832162397
catC,PA2508,muconolactone delta-isomerase,-,-0.114182993453522,0.987459307936719,0.995465945954522
catB,PA2509,muconate cycloisomerase I,-,-0.0940031778060363,0.697798269422248,0.838615420120668
catR,PA2510,transcriptional regulator CatR,+,0.226261131131041,0.465541855386589,0.673720004408734
antR,PA2511,anthranilate regulatory protein,-,-0.508078553183124,0.00513190136971525,0.0247342156564195
antA,PA2512,anthranilate dioxygenase large subunit,+,-1.15507639600698,0.00355321119893898,0.018271936911154
antB,PA2513,anthranilate dioxygenase small subunit,+,-1.50406932545528,0.125487286127811,0.302405421852087
antC,PA2514,anthranilate dioxygenase reductase,+,-1.21043652129253,0.00217836630803706,0.0118337750735621
xylL,PA2515,"cis-1,2-dihydroxycyclohexa-3,4-diene carboxylate dehydrogenase",-,0.803377111738409,0.0205172369806584,0.0771366753399226
xylZ,PA2516,"toluate 1,2-dioxygenase electron transfer component",-,1.27604065024144,0.0724341137671889,0.204813700996879
xylY,PA2517,"toluate 1,2-dioxygenase beta subunit",-,-1.00808375204499,0.39564403499618,NA
xylX,PA2518,"toluate 1,2-dioxygenase alpha subunit",-,-0.816504207877163,0.261451751016705,0.478703331077631
xylS,PA2519,transcriptional regulator XylS,-,-1.08090584028285,6.53383292190429e-05,0.000517588748957118
czcA,PA2520,Resistance-Nodulation-Cell Division (RND) divalent metal cation efflux transporter CzcA,-,0.295305333024773,0.328036625829466,0.549680323984957
czcB,PA2521,Resistance-Nodulation-Cell Division (RND) divalent metal cation efflux membrane fusion protein CzcB precursor,-,-0.242975364926249,0.568654918624466,0.755433249123366
czcC,PA2522,outer membrane protein precursor CzcC,-,0.741392710555075,0.181958616892128,0.382447137963779
PA2523,PA2523,CzcR,+,1.82648784673379,5.83064968210147e-24,2.4068287259178e-22
PA2524,PA2524,CzcS,+,1.32271620949003,5.05826208325435e-12,9.53215351589671e-11
PA2525,PA2525,OpmB,-,1.26061625347394,9.80680157314483e-09,1.34328830577523e-07
PA2526,PA2526,MuxC,-,1.31295170647138,2.30863620545009e-12,4.43316597932631e-11
PA2527,PA2527,MuxB,-,1.34836488236544,6.15353741068126e-12,1.14538849717834e-10
PA2528,PA2528,MuxA,-,1.37799651337162,6.91079441001684e-11,1.17894147636249e-09
PA2529,PA2529,hypothetical protein,+,-0.3036776177408,0.335373430323679,0.556784124542841
PA2530,PA2530,hypothetical protein,+,0.0202616576755436,0.777465260444918,0.88411904055093
PA2531,PA2531,probable aminotransferase,+,-0.610846684681117,0.554606110719998,0.744420882378155
tpx,PA2532,thiol peroxidase,-,-0.435607791765792,0.192365887839541,0.396762816930772
PA2533,PA2533,probable sodium:alanine symporter,-,0.0132618283304364,0.44671711133977,0.659051648823177
PA2534,PA2534,probable transcriptional regulator,-,0.526589129732649,0.014405476443292,0.0580042674571307
PA2535,PA2535,probable oxidoreductase,+,-0.334856077493408,0.453749807643867,0.665382753210001
PA2536,PA2536,probable phosphatidate cytidylyltransferase,-,-1.30287877126795,5.85977358901589e-09,8.23081160605287e-08
PA2537,PA2537,probable acyltransferase,-,-0.803981450014874,0.0505580508472975,0.155195598729608
PA2538,PA2538,hypothetical protein,-,-0.47755358855861,0.18026665236202,0.379811821712756
PA2539,PA2539,conserved hypothetical protein,-,-0.67671975946742,0.15430349665769,0.343853697289337
PA2540,PA2540,conserved hypothetical protein,-,-1.00642140549302,1.29297913077254e-06,1.33659239617169e-05
PA2541,PA2541,probable CDP-alcohol phosphatidyltransferase,-,-0.689830932740961,0.0306213577194923,0.107280830624642
PA2542,PA2542,conserved hypothetical protein,-,-0.630618051717498,0.000466165784282542,0.00306799780805473
PA2543,PA2543,conserved hypothetical protein,-,-0.301404602832441,0.00165327053770336,0.00936698937701588
PA2544,PA2544,hypothetical protein,-,-0.15861515456808,0.725098768259658,0.854847352982243
xthA,PA2545,exodeoxyribonuclease III,+,-0.19851281248225,0.589602087982075,0.766458525560284
PA2546,PA2546,probable ring-cleaving dioxygenase,-,0.989385995316271,0.000566717884503401,0.00361983591912277
PA2547,PA2547,probable transcriptional regulator,+,-0.243969451944321,0.727378233252374,0.85537424794097
PA2548,PA2548,hypothetical protein,+,0.763152900845612,0.080971440874108,0.221023258310431
PA2549,PA2549,conserved hypothetical protein,+,1.70316603913,3.13188216217878e-18,8.67774473063966e-17
PA2550,PA2550,probable acyl-CoA dehydrogenase,-,-0.0587356390696686,0.921778494502154,0.961883388587975
PA2551,PA2551,probable transcriptional regulator,+,-0.594787092469457,0.0628161811179958,0.183780194512218
PA2552,PA2552,probable acyl-CoA dehydrogenase,-,-0.119969676311177,0.478397090313429,0.682920037297529
PA2553,PA2553,probable acyl-CoA thiolase,-,-0.105946716617999,0.624837989685994,0.789501643019904
PA2554,PA2554,probable short-chain dehydrogenase,-,-0.137473048159499,0.509927025831646,0.709850239216891
PA2555,PA2555,probable AMP-binding enzyme,-,-0.187399562457237,0.539959467028987,0.731383816761299
PA2556,PA2556,probable transcriptional regulator,-,-0.102933254615358,0.250983381520671,0.466881409891916
PA2557,PA2557,probable AMP-binding enzyme,-,0.0885466962479402,0.89411794071309,0.949013060039711
PA2558,PA2558,probable transport protein,+,-0.101204601014191,0.746162471396841,0.867045935740336
PA2559,PA2559,hypothetical protein,-,0.161233064772883,0.519499912715041,0.718069583224344
PA2559a,PA2559a,–,+,1.78874341438104,3.49549346267224e-10,5.52360789882686e-09
PA2560,PA2560,hypothetical protein,-,-0.712236862569388,0.0404067744915203,0.132128747471917
PA2561,PA2561,CtpH,+,0.357558128254908,0.460064547603474,0.670409804705102
PA2562,PA2562,hypothetical protein,-,1.36417950176638,5.35237028420087e-12,1.00551649797309e-10
PA2563,PA2563,probable sulfate transporter,+,-0.0413015126322181,0.0386278543169439,0.127526561477266
PA2564,PA2564,hypothetical protein,-,-0.450436709838306,0.000240952197442055,0.00170606526730267
PA2565,PA2565,hypothetical protein,-,-0.2685163221475,0.00883338797568178,0.0390383093804898
PA2566,PA2566,conserved hypothetical protein,-,-0.212263676966249,0.0047156452946171,0.0231623705326889
PA2567,PA2567,hypothetical protein,+,-0.241033280175796,0.515593815983406,0.714297551458289
PA2568,PA2568,hypothetical protein,-,0.374621389529639,0.11161669200049,0.277577904532367
PA2569,PA2569,hypothetical protein,-,0.75671501928884,0.00731906869664614,0.0332425964455455
lecA,PA2570,LecA,-,0.154123918165824,0.037132724410639,0.124079308107624
PA2570.1,PA2570.1,tRNA-Leu,-,0.0463903758932561,0.663091975332883,0.815989070436003
PA2571,PA2571,probable two-component sensor,-,-0.351707392108632,0.000770807382151977,0.00475331218993719
PA2572,PA2572,probable two-component response regulator,+,0.0655534441646205,0.651782185361848,0.80962421714958
PA2573,PA2573,probable chemotaxis transducer,-,0.2500356307491,0.16361977485187,0.357009994175171
alkB1,PA2574,alkane-1-monooxygenase,-,-0.198498584859508,0.404302196004689,0.620148059999104
PA2575,PA2575,hypothetical protein,+,-0.272551939080277,0.470457173224088,0.677440466806779
PA2576,PA2576,hypothetical protein,-,0.0763689098374147,0.925646674478899,0.963764237432859
PA2577,PA2577,probable transcriptional regulator,+,0.342176018076254,0.173262162227544,0.369285142394358
PA2578,PA2578,probable acetyltransferase,+,-0.0256843284073871,0.93898570617793,0.9713203656815
kynA,PA2579,"L-Tryptophan:oxygen 2,3-oxidoreductase (decyclizing) KynA",-,-0.672775117038843,0.0062104454416428,0.0289884484152988
PA2580,PA2580,conserved hypothetical protein,-,-0.222821169140371,0.47830299644432,0.682920037297529
PA2581,PA2581,hypothetical protein,+,-0.65031602082177,0.000469367786256634,0.00308572451463191
PA2581.1,PA2581.1,tRNA-Cys,-,-0.172403151182289,0.270243318336281,0.489649583656182
PA2582,PA2582,hypothetical protein,-,-0.368854627360954,0.0431136669287351,0.139008358620385
PA2583,PA2583,probable sensor/response regulator hybrid,-,-0.301333506190418,0.261091816952158,0.478554016589453
PA2583.1,PA2583.1,tRNA-Gly,-,0.40879036247021,0.597724561981029,0.772350546448083
pgsA,PA2584,CDP-diacylglycerol--glycerol-3-phosphate 3-phosphatidyltransferase,-,-0.345702918260053,0.188545523067367,0.391601731781072
uvrC,PA2585,excinuclease ABC subunit C,-,-0.322128426597766,0.0766838878335369,0.212473895604521
gacA,PA2586,response regulator GacA,-,-0.207277141980567,0.357291261067896,0.577932191837077
pqsH,PA2587,probable FAD-dependent monooxygenase,-,-0.733890619152795,1.71011080624782e-07,2.02674851021715e-06
PA2588,PA2588,probable transcriptional regulator,+,-0.446824612981264,0.0759727045636782,0.211468977657064
PA2589,PA2589,hypothetical protein,-,0.147527563732539,0.632484472272454,0.795258138779372
PA2590,PA2590,hypothetical protein,-,0.19393108512668,0.411918447002341,0.626446400102808
PA2591,PA2591,VqsR,-,-0.310268130126372,0.165695265396743,0.359470457785998
PA2592,PA2592,probable periplasmic spermidine/putrescine-binding protein,+,-0.580452602440654,0.000284395374396006,0.00196998987652393
qteE,PA2593,"quorum threshold expression element, QteE",+,-0.576995687555484,0.301386723882064,0.524015656308415
PA2594,PA2594,putative periplasmic aliphatic sulfonate binding protein,-,0.119828043909505,0.750918401402507,0.869297507422738
PA2595,PA2595,conserved hypothetical protein,-,-0.145728096403732,0.587700526704251,0.765600428518977
PA2596,PA2596,conserved hypothetical protein,-,0.384449734114027,0.589622346294562,0.766458525560284
PA2597,PA2597,hypothetical protein,-,0.222635679700462,0.883476856463713,0.941506421675766
PA2598,PA2598,hypothetical protein,-,0.235070790693847,0.854531669652411,0.927370398446642
PA2599,PA2599,putative periplasmic aliphatic sulfonate-binding protein,-,0.190378822633988,0.760658741310037,0.875507822888715
PA2600,PA2600,hypothetical protein,-,0.380901253947365,0.296489738105097,0.518472544905397
PA2601,PA2601,probable transcriptional regulator,-,0.351743364295791,0.207272597092649,0.415778551787833
PA2602,PA2602,3-mercaptopropionate dioxygenase,+,0.944468610493979,0.301169699221827,0.524015656308415
PA2603,PA2603,probable thiosulfate sulfurtransferase,+,-0.132291659441292,0.523793569450735,0.721865641245949
PA2603.1,PA2603.1,tRNA-Ser,-,0.18022141871313,0.902709715480338,0.951616913283097
PA2604,PA2604,conserved hypothetical protein,+,1.09540760516419,1.89761253840073e-05,0.000164967233281026
PA2605,PA2605,conserved hypothetical protein,+,0.363562027555398,0.0976328045741718,0.253069567772778
PA2606,PA2606,conserved hypothetical protein,+,0.2539204292686,0.456723737803662,0.667733462036164
PA2607,PA2607,conserved hypothetical protein,+,-0.0238114367578663,0.436065312730836,0.65013373898052
PA2608,PA2608,conserved hypothetical protein,+,-0.237696362397883,0.59820329113246,0.772350546448083
PA2609,PA2609,hypothetical protein,+,-0.510963044126062,0.00434329593978749,0.021745148319002
PA2610,PA2610,conserved hypothetical protein,+,-0.468385701964032,0.0250399536162202,0.0907119036078949
cysG,PA2611,siroheme synthase,-,-0.0671594928495916,0.379917948140975,0.599412924940051
serS,PA2612,seryl-tRNA synthetase,-,-0.149465563222177,0.525078456916024,0.722051064582542
PA2613,PA2613,conserved hypothetical protein,-,-0.275169464193969,0.197786780482523,0.404042510438789
lolA,PA2614,lipoprotein localization protein LolA,-,-0.434305047029674,0.0428896880670093,0.138580738653148
ftsK,PA2615,cell division protein FtsK,-,-0.270228222377794,0.0979874787875414,0.253555659395651
trxB1,PA2616,thioredoxin reductase 1,+,-0.588863235998169,0.00175884062023163,0.00987293698757216
aat,PA2617,leucyl/phenylalanyl-tRNA-protein transferase,+,-0.342670654042779,0.538596241467603,0.730977855787389
PA2618,PA2618,hypothetical protein,+,0.0167687953000945,0.967346486207363,0.985040858920336
infA,PA2619,initiation factor,+,-0.40083345852457,0.158060238885234,0.348207869284906
clpA,PA2620,ATP-binding protease component ClpA,-,0.865899442483987,3.61372997527493e-06,3.47513684468594e-05
PA2621,PA2621,ClpS,-,0.722955751561329,0.0207995807344978,0.0778604909913218
cspD,PA2622,cold-shock protein CspD,+,-0.999300719019122,5.05471847698293e-14,1.1033104934652e-12
icd,PA2623,isocitrate dehydrogenase,-,-0.3055834971461,0.25666616359882,0.472265369197107
idh,PA2624,isocitrate dehydrogenase,+,-0.563038903199222,0.0887313472723929,0.235736346431208
PA2625,PA2625,conserved hypothetical protein,+,-0.267173916695411,0.812071829236324,0.901837559547445
trmU,PA2626,tRNA methyltransferase,+,-0.458380717240455,0.000368002910223861,0.00248391730727296
PA2627,PA2627,conserved hypothetical protein,+,-0.287783850124111,0.0473040916492222,0.148265097173285
PA2628,PA2628,hypothetical protein,+,-0.653608201821246,0.145947580039088,0.329713296975869
purB,PA2629,adenylosuccinate lyase,+,-0.591931939499196,0.0373048038613296,0.124582030726774
PA2630,PA2630,conserved hypothetical protein,+,0.144661103014106,0.158086358407696,0.348207869284906
PA2631,PA2631,probable acetyl transferase,+,0.33443324381221,0.160510395189193,0.351870331650296
PA2632,PA2632,hypothetical protein,+,0.209277725897196,0.490512551553926,0.693644875979777
PA2633,PA2633,hypothetical protein,+,0.257764249163026,0.267965927069596,0.487269177542197
aceA,PA2634,isocitrate lyase AceA,+,-0.209866989026516,0.762269641044666,0.876032610200574
PA2635,PA2635,hypothetical protein,+,0.837827875725669,0.00108964144537237,0.00641936338885393
PA2636,PA2636,hypothetical protein,+,-0.784962580379171,0.718430058466412,NA
nuoA,PA2637,NADH dehydrogenase I chain A,+,-0.24983080069625,0.307892681057845,0.53091582513754
nuoB,PA2638,NADH dehydrogenase I chain B,+,-0.340759419458901,0.0280615505756981,0.0996357454027712
nuoD,PA2639,"NADH dehydrogenase I chain C,D",+,-0.573117415181374,0.0886592394610959,0.235647947897473
nuoE,PA2640,NADH dehydrogenase I chain E,+,-0.306257022075544,0.202529175769071,0.410332901023947
nuoF,PA2641,NADH dehydrogenase I chain F,+,-0.317876662722738,0.137025464169776,0.318571079150268
nuoG,PA2642,NADH dehydrogenase I chain G,+,-0.317554750681751,0.309587785862742,0.532476951421519
nuoH,PA2643,NADH dehydrogenase I chain H,+,-0.510678753912121,0.0856574403705627,0.230292134766759
nuoI,PA2644,NADH Dehydrogenase I chain I,+,-0.4921974606269,0.209429829884743,0.417758122202703
nuoJ,PA2645,NADH dehydrogenase I chain J,+,-0.38064933775677,0.271079824331034,0.49028684770215
nuoK,PA2646,NADH dehydrogenase I chain K,+,-0.627566751148934,0.0275505460254198,0.0982236858297575
nuoL,PA2647,NADH dehydrogenase I chain L,+,-0.451611654806587,0.0387573149640599,0.12767610597281
nuoM,PA2648,NADH dehydrogenase I chain M,+,-0.500878035447436,0.0346070888757251,0.117842769527441
nuoN,PA2649,NADH dehydrogenase I chain N,+,-0.542311945228352,0.00270605770659011,0.0143409241603396
PA2650,PA2650,conserved hypothetical protein,+,-0.399091373108963,0.75659386362384,0.872815886781266
PA2651,PA2651,conserved hypothetical protein,-,2.24271099887748,1.25134254493577e-26,6.07451725013619e-25
PA2652,PA2652,methyl-accepting chemotaxis protein,-,0.624363919742568,0.00384787164237211,0.0195879908774446
PA2653,PA2653,probable transporter,-,-0.280942689261346,0.490334987210928,0.693644875979777
PA2654,PA2654,TlpQ,+,0.649358402132818,0.00011838060159377,0.000885737966055479
PA2655,PA2655,hypothetical protein,-,-0.235127907080749,0.0152037877379022,0.0605755640141764
PA2656,PA2656,two-component sensor BqsS,-,-0.435120708183031,0.000679261787510975,0.00425801707295103
PA2657,PA2657,two-component response regulator BqsR,-,-0.125939639102085,0.667251938038264,0.818276031112529
PA2658,PA2658,hypothetical protein,-,-0.487324197167701,0.0313614131287061,0.109683605109503
PA2659,PA2659,hypothetical protein,-,-0.53475207832498,0.101899730213866,0.261007835769413
PA2660,PA2660,hypothetical protein,+,-0.171658062038017,0.629866052102765,0.793101138600392
PA2661,PA2661,hypothetical protein,+,-0.512067907827772,0.00316672897898555,0.0165083431653645
PA2662,PA2662,conserved hypothetical protein,-,0.3568548881794,0.372770084230334,0.591983478437494
ppyR,PA2663,"psl and pyoverdine operon regulator, PpyR",-,0.681886278296362,0.0171666462003259,0.0670483434724599
fhp,PA2664,flavohemoprotein,-,0.0137376361736494,0.957677924942472,0.980129810853587
PA2665,PA2665,"Transcriptional activator of P. aeruginosa flavohemoglobin, FhpR",+,0.460282282591582,0.00163228633477348,0.00925674156953785
PA2666,PA2666,probable 6-pyruvoyl tetrahydrobiopterin synthase,+,-0.332606028678491,0.556658070971085,0.74614560959853
PA2667,PA2667,MvaU,+,1.17928066201803,5.72038995287975e-07,6.25429301514853e-06
PA2668,PA2668,"hypothetical protein, pseudogene",-,0.569041305532327,0.0738967221290644,0.207307124308443
PA2669,PA2669,hypothetical protein,-,-0.106342819835282,0.912195340784416,0.956158460507832
PA2670,PA2670,hypothetical protein,-,-0.0323629228958241,0.982998005698291,0.992814896567448
PA2671,PA2671,hypothetical protein,-,1.05434490770566,0.00197279283098443,0.0109024652991016
PA2672,PA2672,probable type II secretion system protein,-,0.112071054733526,0.598611061473017,0.772350546448083
PA2673,PA2673,probable type II secretion system protein,-,0.178165603801681,0.839195071317263,0.919176117825479
PA2674,PA2674,probable type II secretion system protein,-,0.214388025567796,0.436697746480906,0.650756857968108
PA2675,PA2675,probable type II secretion system protein,-,-0.572521795221018,0.357289253936082,0.577932191837077
PA2676,PA2676,probable type II secretion system protein,-,0.171449901161503,0.799159167954886,0.896131976310061
PA2677,PA2677,probable type II secretion protein,-,0.576874728540629,0.238545201926472,0.451635658436765
PA2678,PA2678,probable permease of ABC-2 transporter,-,0.166670777219687,0.169533292237596,0.364151510547869
PA2679,PA2679,hypothetical protein,-,0.628734967655959,0.130711325957965,0.310190193943266
PA2680,PA2680,probable quinone oxidoreductase,+,0.861974738083243,0.072077321024351,0.203994955212576
PA2681,PA2681,probable transcriptional regulator,+,0.0892969111879209,0.253081138765486,0.468628730555072
PA2682,PA2682,conserved hypothetical protein,+,-0.662006045073271,0.0776389114081473,0.214130394817045
PA2683,PA2683,"probable serine/threonine dehydratase, degradative",-,0.0203147724940618,0.783216332604768,0.887889525835321
PA2684,PA2684,Tse5,-,0.336900443113837,0.0129626402924486,0.0536177922935093
PA2685,PA2685,VgrG4,-,0.171294060339756,0.586078227254967,0.764307475388596
pfeR,PA2686,two-component response regulator PfeR,+,-0.1361251777735,0.106042868811538,0.266888481106767
pfeS,PA2687,two-component sensor PfeS,+,-0.0573087783300738,0.950012905018453,0.976544443129679
pfeA,PA2688,"Ferric enterobactin receptor, outer membrane protein PfeA precursor",+,0.0586497584858198,0.978761718162386,0.991341363012745
PA2689,PA2689,"esterase, PfeE",+,-0.283614206208857,0.48303093502332,0.686102929241926
PA2690,PA2690,probable transposase,-,-1.62582096866315,0.34857322022027,NA
PA2691,PA2691,conserved hypothetical protein,-,0.434178092511835,0.253477017623085,0.469187030326559
PA2692,PA2692,probable transcriptional regulator,+,0.166054421150552,0.29781814166388,0.5198965718114
PA2693,PA2693,conserved hypothetical protein,+,0.211807287016933,0.874426332706532,0.936371556046882
PA2694,PA2694,Trx2,-,0.925503700790235,0.000338478040779234,0.00230773567578471
PA2695,PA2695,conserved hypothetical protein,-,-0.296602099573893,0.222726056782931,0.432757512827033
PA2696,PA2696,probable transcriptional regulator,-,0.457471056601334,0.167255723357086,0.361509706479882
PA2697,PA2697,hypothetical protein,-,0.0341252625324673,0.836267490302733,0.917791848644779
PA2698,PA2698,probable hydrolase,-,-0.010796905150695,0.300533616858295,0.523282062294444
PA2699,PA2699,hypothetical protein,+,0.0900364080241664,0.381302644023552,0.600660551384973
opdB,PA2700,proline porin OpdB,+,-0.240984963072889,0.0683223217181074,0.195758513397518
PA2701,PA2701,probable major facilitator superfamily (MFS) transporter,+,0.0403901582294784,0.0438129361129799,0.140741529768687
PA2702,PA2702,Tse2,+,-0.839021675118337,0.0473552178073135,0.148348715361269
PA2703,PA2703,Tsi2,+,-0.59269788499911,0.165466798905357,0.359293915858342
PA2704,PA2704,probable transcriptional regulator,-,1.69057099369258,6.76820480659019e-13,1.3735607614177e-11
PA2705,PA2705,hypothetical protein,-,1.98071918848979,1.06102621521293e-12,2.10402191957911e-11
PA2706,PA2706,hypothetical protein,-,1.64132336985961,1.3171857284756e-11,2.4002051052222e-10
PA2707,PA2707,hypothetical protein,-,2.07342887185395,1.77104742854385e-18,5.02182981140377e-17
PA2708,PA2708,hypothetical protein,-,3.62991706950955,9.99564296047181e-48,1.63928544551738e-45
cysK,PA2709,cysteine synthase A,+,-0.186226923450201,0.145151361362299,0.328641439420159
PA2710,PA2710,hypothetical protein,+,-0.0181512647410672,0.99612641349959,0.998100243909431
PA2711,PA2711,probable periplasmic spermidine/putrescine-binding protein,+,-0.279832028753153,0.637744902711557,0.798892665081282
PA2712,PA2712,hypothetical protein,+,-0.0549294760368267,0.978052641639902,0.991298479884284
PA2713,PA2713,conserved hypothetical protein,-,-0.0970814324989449,0.825596985134741,0.909700836353297
PA2714,PA2714,probable molybdopterin oxidoreductase,+,0.299206308485852,0.466504083571051,0.674849830117134
PA2715,PA2715,probable ferredoxin,+,-1.20617793412634,0.386819475443823,0.605385678123412
PA2716,PA2716,probable FMN oxidoreductase,-,1.29494523649515,4.25224052645482e-07,4.75185921077861e-06
cpo,PA2717,chloroperoxidase precursor,-,1.16990540346489,2.90723896928976e-05,0.000245015639800698
PA2718,PA2718,probable transcriptional regulator,+,0.0847021679508478,0.896846758240938,0.949514520593348
PA2719,PA2719,hypothetical protein,+,0.162195153664847,0.707362038254626,0.844104788225972
PA2720,PA2720,hypothetical protein,-,-0.463059781735634,0.0977822480164553,0.253348710915393
PA2721,PA2721,hypothetical protein,+,-0.302414683562265,0.452506853927204,0.66436283320355
PA2722,PA2722,hypothetical protein,+,-0.452278322918491,0.208893567725464,0.417099759446567
PA2723,PA2723,hypothetical protein,+,-0.183589793941527,0.825360357945962,0.909614624847822
PA2724,PA2724,hypothetical protein,+,0.924924330191051,0.121369309440897,0.29494151769618
PA2725,PA2725,probable chaperone,+,0.178682440832903,0.409262595218454,0.624598950650296
PA2726,PA2726,probable radical activating enzyme,+,-0.537169930228702,0.124496643378489,0.300974355386722
PA2727,PA2727,"hypothetical protein, pseudogene",+,0.34495297457337,0.0108214454182567,0.0464717132328248
PA2729,PA2729,hypothetical protein,+,0.357241091191198,0.166764315510575,0.3606293180749
PA2730,PA2730,hypothetical protein,-,-0.134809136802434,0.0596258553572412,0.176406479916011
PA2732,PA2732,hypothetical protein,-,-0.122883866838888,0.0526118006087329,0.159783987033929
PA2733,PA2733,conserved hypothetical protein,-,-0.0875691562152892,0.579389003600247,0.760505698841326
PA2734,PA2734,hypothetical protein,-,-0.279232488300435,0.0110870014178647,0.0474777167280191
PA2735,PA2735,type I HsdM methyltransferase,-,-0.258729441495356,0.0850781537042139,0.22914080633696
PA2736,PA2736,hypothetical protein,-,-0.141964362411995,0.742197450266623,0.86382386461583
PA2736.1,PA2736.1,tRNA-Pro,-,0.119398080838045,0.861707822095275,0.930233599799703
PA2737,PA2737,conserved hypothetical protein,-,0.506341182462191,0.0218584347816551,0.0811235365474514
himA,PA2738,"integration host factor, alpha subunit",-,0.229330367950773,0.511898015477302,0.710800264969398
pheT,PA2739,"phenylalanyl-tRNA synthetase, beta subunit",-,0.066348215188527,0.572379066364922,0.758066684037958
pheS,PA2740,"phenylalanyl-tRNA synthetase, alpha-subunit",-,-0.256879102830827,0.303823182842434,0.526090285205117
rplT,PA2741,50S ribosomal protein L20,-,-0.82988958100119,1.24352429686054e-07,1.50312857238043e-06
rpmI,PA2742,50S ribosomal protein L35,-,-0.72798809621988,0.000111528100413448,0.000839643316760299
infC,PA2743,translation initiation factor IF-3,-,-0.608185133497664,0.0017997126676211,0.010074406334986
thrS,PA2744,threonyl-tRNA synthetase,-,-0.474931360658224,0.0377700663785944,0.125651733983175
P13,PA2744.1,sRNA,-,-0.0649612298379906,0.217765670433743,0.426671646171118
PA2744.1,PA2744.1,P13,-,-0.0649612298379906,0.217765670433743,0.426671646171118
PA2745,PA2745,probable hydrolase,-,0.501146159040283,0.038621704432892,0.127526561477266
PA2746,PA2746,hypothetical protein,+,-0.183552487457539,0.680004021849096,0.827902167853193
PA2746a,PA2746a,–,+,1.25771990371918,5.97547501171193e-18,1.61871349870839e-16
PA2747,PA2747,hypothetical protein,-,3.36034445541321,1.01414057597443e-09,1.52321906312199e-08
PA2747a,PA2747a,–,-,-0.252611047214811,0.0431701945103642,0.139116696913909
PA2748,PA2748,probable methionine aminopeptidase,-,0.10991042276179,0.841153696270271,0.920664470577528
endA,PA2749,DNA-specific endonuclease I,+,0.583457336183352,0.390530285719963,0.608314122199411
PA2750,PA2750,hypothetical protein,+,-0.0992545977713521,0.897130581443001,0.949514520593348
PA2750a,PA2750a,–,-,0.755886966106414,0.00427609720730753,0.0214440973999521
PA2751,PA2751,conserved hypothetical protein,+,3.44929498601519,5.50509484121999e-64,2.38606539260878e-61
PA2752,PA2752,conserved hypothetical protein,-,-1.21568400471891,0.0641496768039905,0.186785143400487
PA2753,PA2753,hypothetical protein,+,-0.0373701089702422,0.564503140988139,0.753167339383472
PA2754,PA2754,conserved hypothetical protein,+,2.38233483887771,6.34873055769206e-21,2.08238362292299e-19
PA2754a,PA2754a,–,-,-0.714760624988503,0.00244318919640185,0.0130504155314845
eco,PA2755,ecotin precursor,+,-0.478776065268848,0.00768236816279539,0.0346077282938697
PA2755a,PA2755a,–,+,0.300927482828894,0.227951502076913,0.438696389027183
PA2756,PA2756,hypothetical protein,-,-0.543797870877153,0.0126505323256834,0.0525457267755674
PA2757,PA2757,hypothetical protein,-,-0.228364401955972,0.748712564033893,0.86850369946095
PA2758,PA2758,probable transcriptional regulator,+,-0.329778172171456,0.443967365566434,0.657976944872237
PA2759,PA2759,hypothetical protein,-,-0.0608233985596572,0.76460290565217,0.877374291884542
PA2760,PA2760,OprQ,+,-0.870157674792665,1.55264557958823e-05,0.000136542802564368
PA2761,PA2761,hypothetical protein,+,-1.44304062074002,0.0215032870662596,0.0801146905096536
PA2762,PA2762,hypothetical protein,-,-1.70274537241739,2.16100898774785e-06,2.13915212686036e-05
PA2763,PA2763,hypothetical protein,-,-0.37778017212057,0.851183213928079,0.925723554127839
PA2763a,PA2763a,–,+,-2.19298343294684,0.421074496449586,NA
PA2764,PA2764,hypothetical protein,+,-0.453191950350087,0.016613510501762,0.0653342720185949
PA2765,PA2765,hypothetical protein,-,-0.481469586370155,0.0506929283450778,0.155512987461037
PA2766,PA2766,probable transcriptional regulator,-,-0.152041258005381,0.763003889006137,0.876710395472304
PA2767,PA2767,probable enoyl-CoA hydratase/isomerase,+,0.144172325341727,0.592404219258068,0.768428559738768
PA2768,PA2768,hypothetical protein,+,-1.16519556218972,0.36936422079236,0.588886519119297
AS2779,PA2768.1,sRNA,+,-1.06283031711729,0.0527137498528738,0.15985359025849
PA2769,PA2769,hypothetical protein,-,-0.801114745468221,0.0074115641803028,0.0335615013307524
PA2770,PA2770,hypothetical protein,-,0.24584793244237,0.000982765805306243,0.00589853897784202
IGR2780,PA2770.1,sRNA,+,-0.906085978536916,0.0387505732178874,0.12767610597281
PA2771,PA2771,"diguanylate cyclase with a self-blocked I-site, Dcsbis",+,-0.554648561570865,0.023552092002557,0.0862486990172093
PA2772,PA2772,hypothetical protein,-,0.0267717543635532,0.709182113754776,0.844602256448886
PA2772a,PA2772a,–,+,0.424388112808376,0.333237020337888,0.55475507254055
PA2773,PA2773,hypothetical protein,-,0.496884631152226,0.193504980642601,0.398544128733801
PA2774,PA2774,Tse4,-,-0.799572232773588,0.0029895406659279,0.015692502388279
PA2775,PA2775,Tsi4,-,-0.572385574008461,0.0522470674679685,0.158914889922623
PA2775.1,PA2775.1,tRNA-Val,-,2.13022535685761,0.000514127805381985,0.00332593552564807
PA2776,PA2776,FAD-dependent oxidoreductase,+,-0.363781190593012,0.222373083504055,0.432210080301923
PA2777,PA2777,conserved hypothetical protein,-,3.61837606918258,2.35871356934503e-56,7.15633696939283e-54
PA2778,PA2778,hypothetical protein,-,0.433653239750109,0.0336980565651692,0.115590620258591
PA2779,PA2779,hypothetical protein,-,-0.0457251616082422,0.983361425359001,0.992851435786758
PA2780,PA2780,bacterial swarming regulator BswR,+,-0.477871621594513,0.142691808140136,0.326252889027971
PA2781,PA2781,hypothetical protein,+,0.0571271311044429,0.585371679176275,0.763999534489252
PA2782,PA2782,"biofilm-associated metzincin Inhibitor, BamI",+,0.0946966726266292,0.603411823304516,0.776070992753668
PA2783,PA2783,Mep72,+,0.394996735443664,0.189821454733078,0.393252505059856
PA2784,PA2784,hypothetical protein,+,-0.240338058580041,0.742645437249202,0.863959843183624
PA2785,PA2785,conserved hypothetical protein,+,0.459348993868029,0.851217113873073,0.925723554127839
PA2786,PA2786,hypothetical protein,+,0.0521075024551657,0.810174486316474,0.900992463558044
cpg2,PA2787,carboxypeptidase G2 precursor,+,0.853865962977169,0.0145060834102917,0.0582547413194242
PA2788,PA2788,probable chemotaxis transducer,-,1.00103076576315,7.11084205707552e-09,9.90304557958886e-08
PA2789,PA2789,hypothetical protein,+,-0.243768270368795,0.482179186051573,0.685695641190754
PA2790,PA2790,hypothetical protein,+,-0.364686338835254,0.283644918703927,0.503999228900566
PA2791,PA2791,hypothetical protein,-,1.75297826993471,0.00232630284056388,0.01249204038632
PA2792,PA2792,hypothetical protein,-,-0.706852811303443,0.191110688077929,0.395114022234029
PA2793,PA2793,hypothetical protein,-,-0.247630543657025,0.288086973813422,0.509208201893342
PA2795,PA2795,dihydrouridine synthase A,+,-0.308585664113642,0.226604100037958,0.437769397972088
tal,PA2796,transaldolase,+,0.348477528431681,0.133670654872481,0.314385090607059
PA2797,PA2797,hypothetical protein,-,0.768467757809074,0.000257985103625313,0.00181396710173627
PA2798,PA2798,probable two-component response regulator,-,2.42629023081881,1.73240467096066e-38,1.64253617865458e-36
PA2799,PA2799,hypothetical protein,+,0.387372637389644,0.0134000069860245,0.0550516197638432
PA2800,PA2800,VacJ,-,-0.111186644935423,0.742878884637661,0.864057709791322
PA2801,PA2801,hypothetical protein,+,-0.199863293489657,0.663724369512531,0.816104188947622
PA2802,PA2802,probable transcriptional regulator,-,0.18851204628344,0.533400051724419,0.728160070610522
PA2803,PA2803,hypothetical protein,+,0.247415637994318,0.302302629556788,NA
PA2804,PA2804,hypothetical protein,+,-0.405713580241397,0.946706660274854,NA
PA2805,PA2805,hypothetical protein,+,1.1989738779885,4.20834542686999e-05,0.000344154178574759
PA2806,PA2806,conserved hypothetical protein,-,-0.0602263566611338,0.0572627393534823,0.170915052826823
PA2807,PA2807,hypothetical protein,-,0.63031432051154,0.0877889555470766,0.234361364830471
ptrA,PA2808,Pseudomonas type III repressor A,-,0.505952243121637,0.571124426085798,0.757619065328891
copR,PA2809,"two-component response regulator, CopR",+,0.577114872781355,0.0677517764892199,0.19447387877795
copS,PA2810,"two-component sensor, CopS",+,0.277341221252059,0.464097288822027,0.673044626230605
PA2811,PA2811,probable permease of ABC-2 transporter,-,-0.851911518666014,2.14213001607236e-06,2.12392891136063e-05
PA2812,PA2812,probable ATP-binding component of ABC transporter,-,-0.534565145275461,0.0762839582791161,0.211752542926659
PA2813,PA2813,probable glutathione S-transferase,-,-0.181312266476312,0.017335462016602,0.0676038454477771
PA2814,PA2814,hypothetical protein,-,0.363757906516053,0.129569115584806,0.309091230033093
PA2815,PA2815,probable acyl-CoA dehydrogenase,+,2.37000897112713,2.01819612424802e-46,2.91581287665166e-44
PA2816,PA2816,hypothetical protein,+,1.18921113787632,1.30163934797794e-08,1.75909745290204e-07
PA2817,PA2817,hypothetical protein,+,0.317522986241991,0.112742594400444,0.279575832783773
arr,PA2818,aminoglycoside response regulator,-,-0.138710380741383,0.312884744778245,0.535566891767106
PA2819.1,PA2819.1,tRNA-Gly,-,-0.688401588984395,0.181302865342907,0.381465252046034
PA2819.2,PA2819.2,tRNA-Gly,-,-0.238337576465657,0.290598363653262,0.511858017604643
PA2819.3,PA2819.3,tRNA-Glu,-,-0.133968141087493,0.481459882125584,0.684856260581281
PA2820,PA2820,hypothetical protein,+,0.103807783285675,0.267515849382052,0.486596574955123
PA2821,PA2821,probable glutathione S-transferase,+,-0.0760292845007024,0.873107570980659,0.936121431587728
PA2822,PA2822,conserved hypothetical protein,-,-0.0786981635149375,0.053126452983588,0.160783699104445
PA2823,PA2823,conserved hypothetical protein,-,-0.069389596617111,0.324795292458245,0.546748439552919
PA2824,PA2824,"surface attachment and growth sensor hybrid, SagS",+,-0.138209128976923,0.607465765148509,0.777868059026868
ospR,PA2825,OspR,-,-0.158337409618369,0.876972031890302,0.937978264771691
PA2826,PA2826,probable glutathione peroxidase,-,-0.283723310392331,0.240073292450724,0.453464628969165
PA2827,PA2827,conserved hypothetical protein,-,0.0278001169232467,0.854623478594862,0.927370398446642
PA2828,PA2828,probable aminotransferase,+,-0.0911663572210289,0.699583265763155,0.838615420120668
PA2829,PA2829,hypothetical protein,+,0.336678801602887,0.324565866680493,0.54662565907629
htpX,PA2830,heat shock protein HtpX,+,1.28201609437956,3.94855116349032e-22,1.40115838947715e-20
PA2831,PA2831,conserved hypothetical protein,+,-0.651276588268355,0.0361490606160375,0.12165973367616
tpm,PA2832,thiopurine methyltransferase,-,-0.431864016834051,0.102526794012425,0.261510124450354
PA2833,PA2833,conserved hypothetical protein,-,-0.0623372808094673,0.282279962902227,0.502309329879975
PA2834,PA2834,probable transcriptional regulator,+,-0.245221247381851,0.328105163723387,0.549680323984957
PA2835,PA2835,probable major facilitator superfamily (MFS) transporter,+,-0.442199533155341,0.61354814739244,0.78214499125574
PA2836,PA2836,probable secretion protein,+,-0.534027984827539,0.199590918450473,NA
PA2837,PA2837,probable outer membrane protein precursor,+,-0.643515974132757,0.263032052120635,0.480891380617057
PA2838,PA2838,probable transcriptional regulator,+,-0.822909833700424,0.170497672523443,0.365551419534005
PA2839,PA2839,conserved hypothetical protein,+,0.111321139791532,0.943463270762102,0.972896655022324
PA2840,PA2840,probable ATP-dependent RNA helicase,-,-0.484091186024579,0.0983321830498743,0.25390624967942
PA2841,PA2841,probable enoyl-CoA hydratase/isomerase,+,0.121017129826535,0.91617339095983,0.958837553698559
PA2842,PA2842,hypothetical protein,-,-0.0115152613368013,0.896227164577852,0.949514520593348
PA2843,PA2843,probable aldolase,+,0.0947860618668677,0.785307680710475,0.887952028153206
PA2844,PA2844,conserved hypothetical protein,-,0.385600219584643,0.235056025518971,0.447543132365585
PA2845,PA2845,hypothetical protein,-,-0.343154747050026,0.457179807414008,0.667733462036164
PA2846,PA2846,probable transcriptional regulator,+,-0.32328030648131,0.404880393820951,0.620721129283864
PA2847,PA2847,conserved hypothetical protein,-,0.671411362200224,0.158860872640799,0.349137187679961
PA2848,PA2848,probable transcriptional regulator,+,-0.023628901631132,0.982522038878467,0.992506699188823
ohrR,PA2849,OhrR,+,0.243958310710923,0.539375692437556,0.731381385857226
ohr,PA2850,organic hydroperoxide resistance protein,+,-0.387454233561696,0.477103544458102,0.682545570717459
efp,PA2851,translation elongation factor P,-,-0.602567462608084,0.00225053114644016,0.0121280843664289
PA2852,PA2852,EarP,-,-0.0314426725349158,0.437844383389552,0.652145242613598
PA2852.1,PA2852.1,tRNA-Ser,+,-0.64541103069212,0.0325742515155778,0.11281995330852
P14,PA2852.2,sRNA,+,-0.0326166558643488,0.578950372534494,0.760505698841326
oprI,PA2853,Outer membrane lipoprotein OprI precursor,+,0.168416676968096,0.359811703881626,0.580057762793228
PA2854,PA2854,"putative L,D-transpeptidase",-,0.322417589346016,0.0206876448807376,0.0776244518564839
PA2855,PA2855,hypothetical protein,-,0.226562274278177,0.0705706031986458,0.200854793719223
tesA,PA2856,lysophospholipase A,-,-0.0811169396103565,0.880039235408953,0.939327718638791
PA2857,PA2857,probable ATP-binding component of ABC transporter,+,0.696885871636602,0.00354051499429515,0.0182375594103421
PA2858,PA2858,conserved hypothetical protein,+,0.811108414089381,1.05911889977627e-06,1.10805749721421e-05
greB,PA2859,transcription elongation factor GreB,+,0.161689467349171,0.24818054100535,0.463657488553099
PA2860,PA2860,hypothetical protein,-,-0.385718016766601,0.180603807341047,0.380258120383578
ligT,PA2861,2'-5' RNA ligase,+,0.498469440393613,0.104184366790316,0.26407298984279
lipA,PA2862,lactonizing lipase precursor,+,-0.847251980320273,0.170609276294784,0.365556881552523
lipH,PA2863,lipase modulator protein,+,-0.0769674336407377,0.754804035775418,0.871722672697024
PA2864,PA2864,conserved hypothetical protein,-,1.12662252387913,1.09993211550675e-15,2.691285514877e-14
PA2865,PA2865,probable glycosylase,-,0.242492645307093,0.317545486402526,0.53988960815089
mttC,PA2866,secretion protein MttC,+,-0.186087623842033,0.581387008398356,0.761355000089885
PA2867,PA2867,probable chemotaxis transducer,+,-0.90533113831046,6.152302046235e-08,7.79377219552275e-07
PA2868,PA2868,hypothetical protein,+,-1.2566819547818,1.74911945139838e-09,2.56989269517805e-08
PA2869,PA2869,hypothetical protein,+,0.238799743753396,0.460459633464953,0.670529899805946
PA2870,PA2870,diguanylate cyclase,+,0.416739793591076,0.0605092425062769,0.178324469901937
PA2871,PA2871,hypothetical protein,-,-0.0800886030550755,0.0498066195152917,0.153883180864964
PA2872,PA2872,hypothetical protein,-,0.595197046957062,0.008164658585086,0.0364824361519159
PA2873,PA2873,"transglutaminase protein A, TgpA",-,0.401223532010243,0.1990374163408,0.405085809086678
PA2874,PA2874,hypothetical protein,-,0.736871266511367,0.0113613255727457,0.0484473110157559
PA2875,PA2875,conserved hypothetical protein,-,0.19317740042626,0.126482998818471,0.303719365583886
pyrF,PA2876,orotidine 5'-phosphate decarboxylase,-,-0.102721911091272,0.467193669445027,0.675305189659939
PA2877,PA2877,probable transcriptional regulator,-,0.176521419057153,0.538435126084593,0.730922672277698
PA2878,PA2878,hypothetical protein,+,0.70225217360689,0.057728250296012,0.171983216048939
PA2879,PA2879,probable transcriptional regulator,-,0.427628060956477,0.342266618276732,0.562533542714846
PA2880,PA2880,hypothetical protein,+,-0.655064307777983,0.172909966853618,0.368903790003032
PA2881,PA2881,probable two-component response regulator,-,1.15562751243332,0.102709671051455,0.261866505857239
PA2882,PA2882,probable two-component sensor,-,0.182231554061895,0.881654304955231,0.940059448685352
PA2883,PA2883,hypothetical protein,+,2.40966513160483,4.89110611884211e-17,1.27378677807442e-15
PA2884,PA2884,hypothetical protein,+,2.62205672104622,3.27338760758048e-47,5.09305538533292e-45
atuR,PA2885,putative repressor of atu genes,-,0.372416609690459,0.137558165452083,0.319320179021897
atuA,PA2886,expressed protein with apparent function in citronellol catabolism,+,-0.187715498935028,0.787538981140691,0.888911186302402
atuB,PA2887,AtuB,+,-0.603901871528371,0.157495755894247,0.347774471166772
atuC,PA2888,"geranyl-CoA carboxylase, beta-subunit",+,-0.677682373367075,0.0232067303062253,0.0851896185711889
atuD,PA2889,"citronellyl-CoA dehydrogenase, AtuD",+,-0.596012789364843,0.0438135711491514,0.140741529768687
atuE,PA2890,putative isohexenylglutaconyl-CoA hydratase,+,0.0569420420542637,0.989540598000657,0.99597526411307
atuF,PA2891,"geranyl-CoA carboxylase, alpha-subunit (biotin-containing)",+,-0.0733719916032494,0.725090629114705,0.854847352982243
atuG,PA2892,"GCase, alpha-subunit (biotin-containing)",+,-0.347817572826667,0.468505092396514,0.675912720081323
atuH,PA2893,putative very-long chain acyl-CoA synthetase,+,-0.271073032962857,0.105603450084507,0.266003210922702
PA2894,PA2894,hypothetical protein,-,1.12785267784658,2.51878834139282e-07,2.91123955344221e-06
PA2895,PA2895,SbrR,-,2.58080324422826,1.21798948315962e-46,1.80262443507624e-44
PA2896,PA2896,SbrI,-,2.67980678388172,2.17035269906173e-43,2.48484909017105e-41
PA2897,PA2897,probable transcriptional regulator,-,0.0254904523944851,0.981415321056282,0.992372632589489
PA2898,PA2898,hypothetical protein,-,-0.358735001333053,0.775001754169844,0.883677647123892
PA2899,PA2899,atypical virulence-related response regulator AtvR,-,-0.28374641457008,0.349508194844917,0.570111754386817
PA2900,PA2900,probable outer membrane protein precursor,-,-0.0608325114117402,0.933749208253743,0.968048897263576
PA2901,PA2901,hypothetical protein,-,-0.281526650252789,0.368273797985777,0.5879203909965
PA2902,PA2902,hypothetical protein,-,-0.515127605279875,0.0728171627094199,0.205418197731641
cobJ,PA2903,precorrin-3 methylase CobJ,-,0.155466177514225,0.82375564592832,0.909157740904519
cobI,PA2904,precorrin-2 methyltransferase CobI,-,-0.00582198502956466,0.518670729515512,0.717086804898638
cobH,PA2905,precorrin isomerase CobH,-,0.0980898135774801,0.965656381387737,0.984361017127237
PA2906,PA2906,probable oxidoreductase,-,-0.0106528855419845,0.934137115110984,0.968120241587267
cobL,PA2907,precorrin-6y-dependent methyltransferase CobL,+,0.404708143095088,0.335679755201631,0.55704803607859
cbiD,PA2908,cobalamin biosynthetic protein CbiD,+,0.268417713830973,0.689851301815449,0.834034209885664
PA2909,PA2909,hypothetical protein,+,-0.762498540920227,0.200807901424005,0.408208491068965
PA2910,PA2910,conserved hypothetical protein,-,0.592106475965387,0.218565828161358,0.427549144191851
PA2911,PA2911,probable TonB-dependent receptor,+,0.126912759252731,0.386349813809465,0.604961699860246
PA2912,PA2912,probable ATP-binding component of ABC transporter,+,-0.0633652471157981,0.626800933907756,NA
PA2913,PA2913,hypothetical protein,+,0.179727182263257,0.393969415185342,0.612191142469822
PA2914,PA2914,probable permease of ABC transporter,+,0.242129665708482,0.824773093257129,0.909453594382021
PA2915,PA2915,hypothetical protein,-,1.00219402721396,1.53791928957011e-06,1.56055087777783e-05
PA2916,PA2916,hypothetical protein,-,-0.0100428166484757,0.625517219055251,0.789770804250367
PA2917,PA2917,probable transcriptional regulator,-,-0.0236699997996099,0.0449971421444503,0.143329479544632
PA2918,PA2918,probable short-chain dehydrogenase,+,-0.185485132004381,0.805141291506926,0.899741686346967
PA2919,PA2919,hypothetical protein,+,-0.395900742961716,0.658810628869166,0.814519742456826
PA2920,PA2920,probable chemotaxis transducer,-,0.349217617286874,0.0871636608679499,0.23310228917881
PA2921,PA2921,probable transcriptional regulator,-,1.04692622906124,0.0223528469343631,0.0826047961009229
PA2922,PA2922,probable hydrolase,+,0.657753248097628,0.672449132905626,0.821771245649395
hisJ,PA2923,periplasmic histidine-binding protein HisJ,+,-1.4572153882194,0.0332739866874333,0.114459496156091
hisQ,PA2924,histidine transport system permease HisQ,+,1.76224804676095,0.437242607483466,NA
hisM,PA2925,histidine transport system permease HisM,+,-0.339739718497207,0.631204273120273,0.794142137527227
hisP,PA2926,histidine transport protein HisP,+,1.5347718909654,0.000185655072266599,0.00134113687918301
PA2927,PA2927,hypothetical protein,+,0.114978202554068,0.190845664513226,0.394969813187672
PA2928,PA2928,hypothetical protein,-,-0.0580544008142056,0.893619956203127,0.948650436361192
PA2929,PA2929,hypothetical protein,-,0.503002735625156,0.140106701772175,0.322399494256184
PA2930,PA2930,probable transcriptional regulator,+,0.861761633132852,1.0309187745559e-06,1.08416206655203e-05
cifR,PA2931,CifR,-,1.16209599489944,5.7052888593031e-07,6.24904202134499e-06
morB,PA2932,morphinone reductase,+,0.398976245131148,0.292974030345074,0.514697862227537
PA2933,PA2933,probable major facilitator superfamily (MFS) transporter,+,-0.268133003398537,0.934468647850442,0.968298455457049
cif,PA2934,"CFTR inhibitory factor, Cif",+,-0.264587385490562,0.803103224619394,0.898788337696511
PA2935,PA2935,hypothetical protein,-,0.971566056188912,0.0602207906140772,0.177560620722167
PA2936,PA2936,hypothetical protein,+,0.672734727156263,0.160214756504382,0.351349166052978
PA2937,PA2937,hypothetical protein,+,-0.199812136960926,0.657695140398802,0.813637943310892
PA2938,PA2938,probable transporter,-,0.589015179646765,0.106596244394971,0.268058852461121
PA2939,PA2939,probable aminopeptidase,+,-1.22637975611193,3.14195152945201e-08,4.14464388711191e-07
PA2940,PA2940,probable acyl-CoA thiolase,-,0.17542486142748,0.65848259980671,0.814446069226889
PA2941,PA2941,hypothetical protein,-,0.0842541687478453,0.393743203055112,0.611996351469882
PA2942,PA2942,probable magnesium chelatase,-,-0.251229947297201,0.412870723112901,0.627580047056384
P15,PA2942.1,sRNA,+,-0.0208154756820329,0.686840330376118,0.831885653637182
PA2942.1,PA2942.1,P15,+,-0.0208154756820329,0.686840330376118,0.831885653637182
PA2943,PA2943,phospho-2-dehydro-3-deoxyheptonate aldolase,+,-0.190556822757055,0.124333766750172,0.300820293716126
cobN,PA2944,cobalamin biosynthetic protein CobN,-,0.249543283396807,0.30203456510782,0.524525218755116
PA2945,PA2945,conserved hypothetical protein,-,-0.410904911277466,0.0176898938295736,0.0686770798194836
PA2946,PA2946,hypothetical protein,+,0.00594554381142135,0.970519305016726,0.986781357714728
PA2947,PA2947,CobE,+,0.0473693049940131,0.883808370069413,0.941694326528744
cobM,PA2948,precorrin-3 methylase,+,-0.372221808026793,0.285534798667027,0.506319450120256
PA2949,PA2949,esterase,+,-0.0290159043393899,0.376368286926312,0.595671039402416
PA2950,PA2950,FabV,-,-1.08441918611815,6.7050625183594e-10,1.03264769952804e-08
etfA,PA2951,electron transfer flavoprotein alpha-subunit,-,-0.641437450948353,0.00223888634869213,0.0120867992561066
etfB,PA2952,electron transfer flavoprotein beta-subunit,-,-0.558152665842514,0.0599912155216007,0.177055785887682
PA2953,PA2953,electron transfer flavoprotein-ubiquinone oxidoreductase,+,-0.575357847596262,0.00385230025097828,0.0195940971692676
PA2954,PA2954,hypothetical protein,-,0.265373531142984,0.356840601673915,0.577723791610811
PA2955,PA2955,hypothetical protein,-,0.161072613963483,0.59482419733731,0.770086031457819
PA2956,PA2956,conserved hypothetical protein,-,-0.267375484079174,0.388845968629785,0.606715694946139
PA2957,PA2957,probable transcriptional regulator,-,-0.291599181393425,0.0790993365363011,0.217183155702387
PA2958,PA2958,hypothetical protein,+,0.396043081268666,0.0490522623541686,0.152328110524614
rgsA,PA2958.1,–,+,-1.51291958953233,7.84551953502421e-09,1.08443308743797e-07
PA2959,PA2959,conserved hypothetical protein,-,-0.0372434428122476,0.513220990159001,0.711764754580928
pilZ,PA2960,type 4 fimbrial biogenesis protein PilZ,-,0.113879688848286,0.525635593336369,0.722312985119404
holB,PA2961,"DNA polymerase III, delta prime subunit",-,0.945620377351405,7.1128814944531e-05,0.000556915676236664
tmk,PA2962,thymidylate kinase,-,1.11438673701592,1.37851110764944e-07,1.65968361135254e-06
PA2963,PA2963,conserved hypothetical protein,-,0.662122826633334,0.000641630877701069,0.00405142160862652
pabC,PA2964,4-amino-4-deoxychorismate lyase,-,0.279663520240936,0.241007894440491,0.454454910958639
fabF1,PA2965,beta-ketoacyl-acyl carrier protein synthase II,-,-0.4406995453172,0.0941955162446384,0.247186023945068
acpP,PA2966,acyl carrier protein,-,-1.0394386680157,9.95794592884693e-05,0.00075531019870304
fabG,PA2967,3-oxoacyl-[acyl-carrier-protein] reductase,-,-0.462198593095332,0.00746206271478569,0.0337405339443514
fabD,PA2968,malonyl-CoA-[acyl-carrier-protein] transacylase,-,-0.603723615790521,0.00167144615786398,0.00946113366223751
plsX,PA2969,fatty acid biosynthesis protein PlsX,-,-0.290354205841854,0.359606501142556,0.579881012206493
rpmF,PA2970,50S ribosomal protein L32,-,-0.753889639301966,9.6636655606692e-05,0.000734826098021813
PA2971,PA2971,conserved hypothetical protein,-,-0.681700404531872,2.5868173661006e-05,0.000220151581732096
PA2972,PA2972,conserved hypothetical protein,+,-0.28442147522262,0.554439597432114,0.744420882378155
PA2973,PA2973,probable peptidase,-,-0.596937281378676,6.10508445222375e-07,6.62712924080388e-06
PA2974,PA2974,probable hydrolase,-,-0.181225849806732,0.0111493536137513,0.0476774332122925
rluC,PA2975,ribosomal large subunit pseudouridine synthase C,-,0.175992794057018,0.472696459225623,0.678851511722438
rne,PA2976,ribonuclease E,+,-0.310039758045641,0.295022472670692,0.517397793111492
murB,PA2977,UDP-N-acetylpyruvoylglucosamine reductase,-,-0.509935308574019,7.09883033796525e-05,0.000556533623911798
ptpA,PA2978,phosphotyrosine protein phosphatase,-,-0.334819985464874,0.157259355569685,0.347650764527754
kdsB,PA2979,3-deoxy-manno-octulosonate cytidylyltransferase,-,0.213677224176869,0.574580917533861,0.758969763351339
kdsB,PA2979,3-deoxy-manno-octulosonate cytidylyltransferase,-,-0.598774455943159,0.0503110954635648,0.154811220726628
lpxK,PA2981,tetraacyldisaccharide 4*-kinase,-,-0.451037719670228,0.0786525907085817,0.21644622241255
PA2982,PA2982,conserved hypothetical protein,-,-0.420802820820832,0.0136965413043707,0.0559667425150987
PA2983,PA2983,probable tolQ-type transport protein,-,-0.490543987751277,0.166750345928632,0.3606293180749
PA2984,PA2984,hypothetical protein,-,0.206335099696508,0.577844201184683,0.760433444543192
PA2985,PA2985,hypothetical protein,+,0.703078792368846,9.81299433986403e-06,8.8741057606997e-05
PA2986,PA2986,lipoprotein localization protein LolC,-,1.75157288374064,1.9956134266131e-12,3.85649116964596e-11
PA2987,PA2987,lipoprotein localization protein LolD,-,1.91219356658304,1.73063604512991e-22,6.25089257252874e-21
PA2988,PA2988,lipoprotein localization protein LolE,-,1.38889200493514,3.10532937571732e-20,9.71295806796532e-19
PA2989,PA2989,hypothetical protein,+,-0.260494574003797,0.315317272642684,0.537476259213494
PA2990,PA2990,probable phosphodiesterase,+,-0.33155450315713,0.214336642188204,0.422545401168947
sth,PA2991,soluble pyridine nucleotide transhydrogenase,-,-0.0997461203936008,0.400514668543994,0.617303278822696
PA2992,PA2992,hypothetical protein,-,0.0029689684188077,0.362632854965325,0.582980721076929
PA2993,PA2993,conserved hypothetical protein,-,0.0108754095953226,0.867764749215301,0.933450894919065
nqrF,PA2994,"Na+-translocating NADH:quinone oxidoreductase, subunit Nqr6",-,0.0816157089599738,0.685589138465416,0.831532059206105
nqrE,PA2995,Na+-translocating NADH:quinone oxidoreductase subunit Nqr5,-,0.188253161058634,0.378716584389038,0.598275086761383
nqrD,PA2996,Na+-translocating NADH:uniquinone oxidoreductase subunit Nqr4,-,0.236137202089407,0.186868107001218,0.388859970261794
nqrC,PA2997,Na+-translocating NADH:ubiquinone oxidoreductase subunit Nrq3,-,0.216432122015895,0.428101099070748,0.642522253069824
nqrB,PA2998,Na+-translocating NADH:ubiquinone oxidoreductase subunit Nrq2,-,0.149006087120703,0.557592152381706,0.747232592900219
nqrA,PA2999,Na+-translocating NADH:ubiquinone oxidoreductase subunit Nrq1,-,0.00486929174767581,0.979942599658256,0.991544387981707
aroP1,PA3000,aromatic amino acid transport protein AroP1,-,0.0943592849057859,0.465331822810447,0.673720004408734
PA3001,PA3001,probable glyceraldehyde-3-phosphate dehydrogenase,-,-0.0884983609096742,0.522229056588454,0.720365063736927
mfd,PA3002,transcription-repair coupling protein Mfd,+,-0.155710430024806,0.574002559935828,0.758774869889752
PA3003,PA3003,hypothetical protein,+,-0.494330734546372,0.0501753246060472,0.154471775600961
PA3004,PA3004,5-methylthioadenosine phosphorylase MtnP,-,-0.288725601074301,0.0338252338100865,0.115895832162397
nagZ,PA3005,beta-N-acetyl-D-glucosaminidase,-,0.0967349125298963,0.817522000989729,0.904911255382283
psrA,PA3006,transcriptional regulator PsrA,-,1.26509877725626,3.01335274304776e-15,7.11479550381859e-14
lexA,PA3007,repressor protein LexA,+,-0.00134551848790516,0.227812238912201,0.438567470088589
PA3008,PA3008,SulA,+,0.152504999793984,0.465446609034253,0.673720004408734
PA3009,PA3009,hypothetical protein,-,-0.570252837102483,0.0106103192657984,0.0457268588812961
PA3010,PA3010,hypothetical protein,-,-0.176237149801145,0.292389322275392,0.514117185617815
topA,PA3011,DNA topoisomerase I,-,0.175485186323021,0.566616551756806,0.754382092036588
PA3012,PA3012,hypothetical protein,-,0.598212408353002,0.00278782765927445,0.0147485076168068
foaB,PA3013,fatty-acid oxidation complex beta-subunit,-,-0.321494697416369,0.288356904442357,0.509536894629068
faoA,PA3014,fatty-acid oxidation complex alpha-subunit,-,0.198926965035151,0.235172999749081,0.44762539600923
PA3015,PA3015,hypothetical protein,+,0.00477884770878299,0.31859713731303,0.541168695801938
PA3016,PA3016,hypothetical protein,-,-0.0992130723472021,0.735765721831048,0.859904930676195
PA3017,PA3017,conserved hypothetical protein,+,0.519495510050946,0.037955975415048,0.126131905158002
PA3018,PA3018,hypothetical protein,-,-0.37884073864912,0.0190793712231978,0.0729053051526222
PA3019,PA3019,probable ATP-binding component of ABC transporter,-,-0.388187764507832,0.0321730730650716,0.111858890962232
PA3020,PA3020,probable soluble lytic transglycosylase,+,-0.112653972506657,0.856830161284138,0.927596090198881
PA3021,PA3021,hypothetical protein,+,-1.07091563471782,0.000179162756740564,0.00130069415852074
PA3022,PA3022,hypothetical protein,-,0.120835206100248,0.482962423852708,0.686102929241926
PA3023,PA3023,conserved hypothetical protein,-,3.24509821532696,2.26667386442505e-61,7.23904053122694e-59
PA3024,PA3024,probable carbohydrate kinase,-,0.244970070686401,0.330893349296357,0.552825122117371
PA3025,PA3025,probable FAD-dependent glycerol-3-phosphate dehydrogenase,-,0.619627741089595,0.0383110933803187,0.1270337238425
PA3026,PA3026,conserved hypothetical protein,-,0.528087026363918,0.0247058921715312,0.0897159507461706
PA3027,PA3027,probable transcriptional regulator,+,-0.445550411242714,0.269710441428933,0.489268448009198
moeA2,PA3028,molybdenum cofactor biosynthesis protein A2,-,0.286600017092462,0.438316080543266,0.652687601653138
moaB2,PA3029,molybdopterin biosynthetic protein B2,-,0.233897401333245,0.599504246361882,0.772518956662539
mobA,PA3030,molybdopterin-guanine dinucleotide biosynthesis protein MobA,+,0.0529944603832828,0.0429672608669479,0.138683690925872
PA3031,PA3031,hypothetical protein,+,1.84439910476387,1.13393362677572e-11,2.08506340826518e-10
PA3031.1,PA3031.1,tRNA-Pro,+,0.938046657239825,0.21627277070144,0.42489795084199
snr1,PA3032,cytochrome c Snr1,-,-0.226310939087249,0.397669342998372,0.615619301714027
PA3033,PA3033,hypothetical protein,-,-0.0750149137251839,0.732339742374566,0.858546668610678
PA3034,PA3034,probable transcriptional regulator,-,-0.10447239878966,0.196818509573441,0.403005341248569
PA3035,PA3035,probable glutathione S-transferase,+,0.275088659237816,0.590951671620599,0.767048474918131
PA3036,PA3036,hypothetical protein,+,0.246354894582637,0.90517073177968,0.951954932999099
PA3037,PA3037,hypothetical protein,+,2.11268866469529,0.126776673139756,NA
PA3038,PA3038,OpdQ,+,-0.633240070690849,0.0229714395151816,0.0844792090776496
PA3039,PA3039,probable transporter,-,0.428119474915791,0.171476231354828,0.366943025481263
PA3040,PA3040,conserved hypothetical protein,+,2.33936133277376,6.71595336081654e-22,2.3287088567677e-20
PA3041,PA3041,hypothetical protein,+,2.49851505349629,7.83887503033834e-20,2.36648227284045e-18
PA3042,PA3042,hypothetical protein,+,3.06080900655859,4.61159944997561e-96,9.327728487484e-93
PA3043,PA3043,conserved hypothetical protein,+,1.83747815034962,1.20673261722505e-15,2.92898140852865e-14
PA3044,PA3044,Two-component sensor RocS2,-,-0.118251643773104,0.150984315013902,0.338696053051518
PA3045,PA3045,"Two-component response regulator, RocA2",-,0.282601096151919,0.3557662038299,0.576886410378412
PA3046,PA3046,conserved hypothetical protein,-,-0.667392014734036,0.000587117292964715,0.00374225602280451
PA3047,PA3047,probable D-alanyl-D-alanine carboxypeptidase,+,0.0946392270810952,0.701671773173388,0.840034931163336
PA3048,PA3048,conserved hypothetical protein,-,0.977904967959782,3.67088659970647e-08,4.81100213542525e-07
rmf,PA3049,ribosome modulation factor,+,-0.929865185106764,0.00254170333129132,0.0135527731232652
pyrD,PA3050,dihydroorotate dehydrogenase,-,-0.487792460069682,0.046552859607701,0.147126433385172
PA3051,PA3051,hypothetical protein,-,-0.235622046266546,0.565923839138538,0.7542430464445
PA3052,PA3052,hypothetical protein,+,0.0239698900219482,0.167536929791224,0.361668334202378
PA3053,PA3053,probable hydrolytic enzyme,+,0.00616332264966952,0.237913080487529,0.450720128753769
PA3054,PA3054,putative carboxypeptidase,+,-0.226953436357258,0.696316048345141,0.837843700447812
PA3055,PA3055,hypothetical protein,-,0.847371405749132,0.000509285014320687,0.00329812323041401
PA3056,PA3056,hypothetical protein,-,0.00407525765758587,0.589831867488983,0.766566667792493
PA3057,PA3057,hypothetical protein,+,0.0491024118573761,0.609531742022327,0.779362986523519
pelG,PA3058,PelG,-,-0.420538725158384,0.589150399759658,0.766458525560284
pelF,PA3059,PelF,-,0.455562109554955,0.781662307754155,0.887395113835774
pelE,PA3060,PelE,-,-0.169869952506533,0.738183869612574,0.861066285248311
pelD,PA3061,PelD,-,0.0291011063100356,0.952654608089726,0.977792314257182
pelC,PA3062,PelC,-,3.33245265410317,2.23705177924249e-17,5.9019261723667e-16
pelB,PA3063,PelB,-,0.964401844430865,0.000915383051293388,0.00554899535988839
pelA,PA3064,PelA,-,-0.110440523220851,0.73376171845469,0.85888620902451
PA3065,PA3065,hypothetical protein,-,0.475826611415322,0.382606787631516,0.601598846479565
PA3066,PA3066,hypothetical protein,-,0.436239357384831,0.168062841682184,0.362275425693603
PA3067,PA3067,probable transcriptional regulator,-,0.517603877916538,0.0886484197728622,0.235647947897473
gdhB,PA3068,NAD-dependent glutamate dehydrogenase,-,0.372097091060486,0.0107314530343625,0.0461178874026284
PA3069,PA3069,hypothetical protein,-,1.28960123665686,9.42676080257874e-09,1.29447966255321e-07
PA3070,PA3070,conserved hypothetical protein,+,0.227210999268684,0.0243531248088746,0.0885434732287625
PA3071,PA3071,hypothetical protein,+,0.326753271166932,0.144128315145029,0.327738777098015
PA3072,PA3072,hypothetical protein,+,0.470078496967285,0.102169114967571,0.261133197895054
PA3073,PA3073,hypothetical protein,+,0.127747989356403,0.859200964501262,0.928730127771647
PA3074,PA3074,hypothetical protein,+,0.0559936315132264,0.789745786332185,0.890077531846898
PA3075,PA3075,hypothetical protein,+,0.0416195188362624,0.938007595758308,0.970805064141466
PA3076,PA3076,hypothetical protein,+,0.107920217049494,0.785372204202086,0.887952028153206
PA3077,PA3077,CprR,+,0.301165138265536,0.426327439953466,0.64049391077931
PA3078,PA3078,CprS,+,0.0255094302889084,0.787440013652729,0.888911186302402
PA3079,PA3079,hypothetical protein,-,-0.335425041913503,0.206983274577791,0.415365581048851
PA3080,PA3080,hypothetical protein,-,-1.20218430144941,1.66691545919946e-11,3.01935612132009e-10
PA3081,PA3081,conserved hypothetical protein,-,0.251450279320798,0.484341404208589,0.687377981582637
gbt,PA3082,glycine betaine transmethylase,-,0.0122843161489409,0.988626666061808,0.995517193770835
pepN,PA3083,aminopeptidase N,-,0.627389762899817,0.000441696753292059,0.00291962516228346
PA3084,PA3084,hypothetical protein,-,0.333426304305656,0.00267162396247554,0.0141708166121517
PA3085,PA3085,hypothetical protein,-,-0.140445483657161,0.758666138149833,0.873711544181664
PA3086,PA3086,hypothetical protein,-,0.149750948024621,0.216682597977063,0.425412748684098
PA3087,PA3087,hypothetical protein,-,-0.0750184208333692,0.334050960616746,0.555448121844967
PA3088,PA3088,conserved hypothetical protein,-,0.0382472008762418,0.599259349925419,0.772518956662539
PA3089,PA3089,hypothetical protein,+,0.443623487860365,0.0630211152027749,0.184048427328987
PA3089a,PA3089a,–,-,-0.364731253129956,0.0916491881395344,0.242004905844515
PA3091,PA3091,hypothetical protein,-,0.059088387511268,0.470293103331282,0.6774215134156
fadH1,PA3092,"2,4-dienoyl-CoA reductase FadH1",-,0.250906107532829,0.498702313380958,0.700654234219879
PA3093,PA3093,hypothetical protein,+,0.279690620657348,0.320327794705181,0.542795045593699
PA3094,PA3094,probable transcriptional regulator,+,-0.0664276459510764,0.25641693287557,0.472211820542932
PA3094.1,PA3094.1,tRNA-Asp,-,-0.0692401978358654,0.922766743158834,0.962418115759334
PA3094.2,PA3094.2,tRNA-Asp,-,-0.237045578310642,0.321319799788205,0.543565248150217
PA3094.3,PA3094.3,tRNA-Val,-,-0.336132567713566,0.194669974371172,0.400019439378351
xcpZ,PA3095,general secretion pathway protein M,-,0.275948468371772,0.118842045336387,0.290662447037966
xcpY,PA3096,general secretion pathway protein L,-,0.395447670381822,0.093088258566731,0.244845926737288
xcpX,PA3097,general secretion pathway protein K,-,-0.0364403070779746,0.141335871310468,0.32415896727533
xcpW,PA3098,general secretion pathway protein J,-,0.193759991900627,0.471199675779085,0.677651689374106
xcpV,PA3099,general secretion pathway protein I,-,0.287036760609497,0.345447017169957,0.565768556055951
xcpU,PA3100,General secretion pathway outer membrane protein H precursor,-,0.353923844147818,0.303138489173498,0.525555529229939
xcpT,PA3101,general secretion pathway protein G,-,0.0254975320955512,0.572939225711928,0.758088796689921
xcpS,PA3102,general secretion pathway protein F,-,0.121162219301922,0.74952699172488,0.868626773450453
xcpR,PA3103,general secretion pathway protein E,-,-0.303572935523801,0.113407389890424,0.280536502998407
xcpP,PA3104,secretion protein XcpP,+,0.18880399103289,0.118155450764349,0.289683747570938
xcpQ,PA3105,general secretion pathway protein D,+,-0.512144265230262,0.0141092169585603,0.0570764856696958
PA3106,PA3106,probable short-chain dehydrogenase,-,-0.229709801976877,0.101990692863816,0.261094900225395
metZ,PA3107,o-succinylhomoserine sulfhydrylase,-,-0.00794866572849699,0.23210016814259,0.443725211181234
purF,PA3108,amidophosphoribosyltransferase,-,-0.142590385366889,0.640376832246258,0.800409214150675
PA3109,PA3109,hypothetical protein,-,-0.193931929891283,0.456445195260171,0.667733462036164
PA3110,PA3110,hypothetical protein,-,-0.429593141908063,0.00820525481884518,0.0366099163534945
folC,PA3111,folylpolyglutamate synthetase,-,-0.33579865689739,0.0562519033921332,0.16864454040685
accD,PA3112,acetyl-CoA carboxylase beta subunit,-,-0.433693610821326,0.00715663701006481,0.0326514837421603
trpF,PA3113,N-(5'phosphoribosyl)anthranilate (PRA) isomerase,-,-0.128003407215211,0.508620162847691,0.708681319898919
truA,PA3114,tRNA-pseudouridine synthase I,-,0.118514591161877,0.421263907544497,0.635928867254223
fimV,PA3115,Motility protein FimV,-,0.338703288801656,0.00603510398623226,0.02834443574958
PA3116,PA3116,probable aspartate-semialdehyde dehydrogenase,-,-0.391649169838609,3.17164987003657e-05,0.00026509051530829
asd,PA3117,aspartate semialdehyde dehydrogenase,-,-0.241809295013063,0.245418720440733,0.460198020900609
leuB,PA3118,3-isopropylmalate dehydrogenase,-,-0.218858060063383,0.394148067485207,0.612311949180807
PA3119,PA3119,conserved hypothetical protein,-,0.0829069842372507,0.938795450601577,0.971289137979603
leuD,PA3120,3-isopropylmalate dehydratase small subunit,-,-0.2138210231333,0.211942486482537,0.419981605541798
leuC,PA3121,3-isopropylmalate dehydratase large subunit,-,-0.0475650044107713,0.8371603159883,0.918255320330917
PA3122,PA3122,probable transcriptional regulator,+,-0.459775932142073,0.203418290344187,0.411447395269508
PA3123,PA3123,RidA subfamily protein,-,-0.126814975925911,0.0549226027122734,0.16531267522722
PA3124,PA3124,probable transcriptional regulator,-,0.225695038539999,0.481261561135509,0.684856260581281
PA3125,PA3125,putative transferase,+,-0.0490148384607354,0.710640070543115,0.844814111599381
ibpA,PA3126,heat-shock protein IbpA,-,0.743273544761719,0.000605225580596291,0.0038415364257932
PA3127,PA3127,hypothetical protein,+,-0.10475626611497,0.700487823881659,0.839202391967208
PA3128,PA3128,probable short-chain dehydrogenase,+,-0.0634466607179977,0.445416316862793,0.658511449930637
PA3129,PA3129,conserved hypothetical protein,-,-0.020748158042255,0.830799233035734,0.913939402839165
PA3130,PA3130,hypothetical protein,-,-0.645352535555933,0.0489307009449635,0.152106297814569
PA3131,PA3131,probable aldolase,-,-0.502006529444419,0.0825732467420567,0.224085179441324
PA3132,PA3132,probable hydrolase,-,0.205712970648332,0.320515774992509,0.542925585145177
PA3133,PA3133,SawR,-,0.125228590629574,0.9305425993843,0.966179315892919
PA3133.01,PA3133.01,putative sRNA,-,0.660019879464934,0.807397752610003,NA
PA3133.1,PA3133.1,tRNA-Glu,-,-0.0707323781145748,0.414033099361801,0.628681738054374
PA3133.2,PA3133.2,tRNA-Ala,-,-0.56193917912655,0.0580194847308234,0.1726641654471
PA3133.3,PA3133.3,tRNA-Glu,-,-0.443249264742437,0.220546834843387,0.430256944038367
PA3133.4,PA3133.4,tRNA-Ala,-,-0.390898158573348,0.275891565419085,0.495671096502729
gltX,PA3134,glutamyl-tRNA synthetase,-,-0.174774587845076,0.481476072452166,0.684856260581281
PA3135,PA3135,probable transcriptional regulator,-,-0.0801015091476776,0.957094254464315,0.979862989048332
PA3136,PA3136,probable secretion protein,+,0.251424776819763,0.688243300196361,0.832919893416737
PA3137,PA3137,probable major facilitator superfamily (MFS) transporter,+,0.462463393698882,0.0324747563517721,0.112603898024316
uvrB,PA3138,excinuclease ABC subunit B,-,-0.106001563057795,0.0960241635406779,0.249967663820177
PA3139,PA3139,probable amino acid aminotransferase,+,-0.702646131476374,0.000422219780035228,0.00280003237732652
PA3139.1,PA3139.1,tRNA-Asn,+,-1.3357307026015799,0.2900295925203,0.51158622138596
PA3140,PA3140,hypothetical protein,-,-0.287236098624172,0.126598990846939,0.303817846531841
wbpM,PA3141,nucleotide sugar epimerase/dehydratase WbpM,-,-0.0309191342338948,0.255768788089565,0.471406735328679
PA3142,PA3142,integrase,-,0.243838477346831,0.468958186456177,0.675923580858927
PA3143,PA3143,transposase,-,0.135791548420282,0.428353394126886,0.642583039693929
wbpL,PA3145,glycosyltransferase WbpL,-,0.179568419686408,0.467991029375785,0.675666106210609
wbpK,PA3146,probable NAD-dependent epimerase/dehydratase WbpK,-,0.0618415967666851,0.41171971405404,0.626301134339412
wbpJ,PA3147,probable glycosyl transferase WbpJ,-,0.163312921936732,0.288530860254769,0.509695854447143
wbpI,PA3148,UDP-N-acetylglucosamine 2-epimerase WbpI,-,0.108442836130818,0.12112724184275,0.294589219840404
wbpH,PA3149,probable glycosyltransferase WbpH,-,0.226161359998252,0.158370007612628,0.348207869284906
wbpG,PA3150,LPS biosynthesis protein WbpG,-,0.184407601397736,0.148744601939437,0.334413577090961
hisF2,PA3151,"imidazoleglycerol-phosphate synthase, cyclase subunit",-,0.18171454590923,0.339836917874512,0.560209295751845
hisH2,PA3152,glutamine amidotransferase,-,-0.0298897376654779,0.683735485674672,0.830681987594432
wzx,PA3153,O-antigen translocase,-,-0.157316799379841,0.00913381491030056,0.0400751907994966
wzy,PA3154,B-band O-antigen polymerase,-,0.174449993854025,0.0812178024955341,0.221596054650585
wbpE,PA3155,"UDP-2-acetamido-2-dideoxy-d-ribo-hex-3-uluronic acid transaminase, wbpE",-,0.255784541154229,0.318832908288057,0.541168695801938
wbpD,PA3156,"UDP-2-acetamido-3-amino-2,3-dideoxy-d-glucuronic acid N-acetyltransferase, WbpD",-,0.377930468285106,0.0482181678588731,0.150276241688568
PA3157,PA3157,probable acetyltransferase,-,-0.00767723153887002,0.162947674293134,0.355754207195884
wbpB,PA3158,"UDP-2-acetamido-2-deoxy-d-glucuronic acid 3-dehydrogenase, WbpB",-,-0.275426150578975,0.0651208970908018,0.18864926722382
wbpA,PA3159,UDP-N-acetyl-d-glucosamine 6-Dehydrogenase,-,0.121524116664999,0.710145140474986,0.844602256448886
wzz,PA3160,O-antigen chain length regulator,-,1.64229025025378,1.76299428609646e-16,4.38436447870219e-15
himD,PA3161,integration host factor beta subunit,-,-0.166890683326608,0.782233009004301,0.887458343542019
rpsA,PA3162,30S ribosomal protein S1,-,-0.466514481730167,0.0613759428539393,0.180265837965975
cmk,PA3163,cytidylate kinase,-,-0.142894668081178,0.0299244246183805,0.105078087924271
PA3164,PA3164,3-phosphoshikimate 1-carboxyvinyltransferase prephenate dehydrogenase (pseudogene),-,-0.508762134986642,0.000198962027070631,0.00142707042584467
hisC2,PA3165,histidinol-phosphate aminotransferase,-,-0.55659453599494,0.00352224026592158,0.0181742805557927
pheA,PA3166,chorismate mutase,-,-0.38393484151633,0.050503714900891,0.15516786937651
serC,PA3167,3-phosphoserine aminotransferase,-,-0.107229700531354,0.813356204058645,0.902269939659082
gyrA,PA3168,DNA gyrase subunit A,-,-0.343473877182979,0.125359304261556,0.302405421852087
PA3169,PA3169,5-methylthioribose-1-phosphate isomerase MtnA,-,-0.540203991950267,0.000556730668688767,0.00357864586610534
PA3170,PA3170,conserved hypothetical protein,+,-0.177042089443363,0.634670739593847,0.796686397984167
ubiG,PA3171,3-demethylubiquinone-9 3-methyltransferase,+,0.224976380925306,0.364545912673132,0.584892807535845
PA3172,PA3172,probable hydrolase,+,-0.0185021094672242,0.636631108708209,0.798156522239962
PA3173,PA3173,probable short-chain dehydrogenase,+,-0.251905833271532,0.314961407875286,0.537476259213494
PA3174,PA3174,HutR,+,0.958621723823719,0.00672528587978052,0.0310120724942402
PA3175,PA3175,HutE,+,0.56737925588657,0.0739676262716707,0.207410146125923
gltS,PA3176,"glutamate/sodium ion symporter, GltS",+,-0.298982681203927,0.772071146914578,0.881334163916692
PA3177,PA3177,diguanylate cyclase,+,1.00947731256716,3.31608380728326e-08,4.36407191176848e-07
PA3178,PA3178,hypothetical protein,-,-0.336106781119742,0.434112952687886,0.647700368062477
PA3179,PA3179,conserved hypothetical protein,-,-0.311409131064946,0.00347561810345647,0.0179795828233366
PA3180,PA3180,hypothetical protein,+,-0.171630827595706,0.722840018981281,0.85392353749906
PA3181-3',PA3180.1,putative sRNA,-,-1.61763306960783,7.74356585874456e-05,0.00060010163002378
PA3181,PA3181,2-keto-3-deoxy-6-phosphogluconate aldolase,-,-0.631442797504243,0.0115059145148329,0.0488236987944099
pgl,PA3182,6-phosphogluconolactonase,-,-0.686988955695966,0.0895729311512762,0.237608977726474
zwf,PA3183,glucose-6-phosphate 1-dehydrogenase,-,-0.619216660820819,0.00605193541321581,0.0284015035478682
PA3184,PA3184,probable transcriptional regulator,+,-0.298081286884732,0.430211457430291,0.643778822117634
PA3185,PA3185,hypothetical protein,-,0.257896275945805,0.526729289035598,0.723448014003623
oprB-3',PA3185.1,putative sRNA,-,-0.580682405692668,0.0492803799664706,0.152759942720904
oprB,PA3186,Glucose/carbohydrate outer membrane porin OprB precursor,-,-0.811298414966008,0.00488304840697533,0.0237422577992999
PA3187,PA3187,probable ATP-binding component of ABC transporter,-,-1.71421307723412,0.0728712359543674,0.205475213648281
PA3188,PA3188,probable permease of ABC sugar transporter,-,-2.61653582453155,0.00543362404910711,0.0260025478943075
PA3189,PA3189,probable permease of ABC sugar transporter,-,-1.73109636949143,0.0437001676796479,0.140600539491041
PA3190,PA3190,probable binding protein component of ABC sugar transporter,-,-1.60623817030586,0.0967261539897846,0.251041190081272
PA3191,PA3191,"glucose transport sensor, GtrS",-,-0.6261560703428,0.114494611879908,0.282420042637108
gltR,PA3192,two-component response regulator GltR,-,-0.456301844999684,0.143593112108154,0.327349301679295
glk,PA3193,glucokinase,-,0.21323764498145,0.450271433782635,0.662264892188452
edd,PA3194,phosphogluconate dehydratase,-,0.354443690207653,0.195101089327142,0.400633979707985
gapA,PA3195,glyceraldehyde 3-phosphate dehydrogenase,+,-1.19709315748152,6.91297461016647e-05,0.000543366968063344
PA3196,PA3196,hypothetical protein,-,-0.136345678316472,0.669828362331645,0.819294195248623
PA3197,PA3197,hypothetical protein,-,-0.128606381135479,0.664641396501426,0.816405666795678
PA3198,PA3198,conserved hypothetical protein,-,-1.41486355515005,7.72947621896063e-08,9.63089562559612e-07
PA3199,PA3199,conserved hypothetical protein,-,-0.828446028466309,2.2074699322333e-05,0.000189729851965888
PA3200,PA3200,conserved hypothetical protein,-,0.238848243474719,0.0963894508042021,0.250495589776943
PA3201,PA3201,conserved hypothetical protein,+,0.190261139510175,0.218535896868117,0.427549144191851
PA3202,PA3202,conserved hypothetical protein,+,0.348629338146642,0.000894197932918916,0.0054369744687496
PA3203,PA3203,hypothetical protein,+,0.507177522826645,0.0109967628932285,0.0471245460706995
PA3204,PA3204,two-component response regulator CpxR,+,0.903696938425199,2.09412508848534e-06,2.07973012061032e-05
PA3205,PA3205,hypothetical protein,+,-0.0609608060323101,0.838576648285073,0.919144957036417
PA3206,PA3206,CpxS,+,-0.0308266391201196,0.497580609935727,0.699575602922033
PA3207,PA3207,hypothetical protein,+,0.0747045534815069,0.544584793105593,0.735650161301144
PA3208,PA3208,conserved hypothetical protein,-,0.125005825753081,0.825773668608536,0.909730323369026
PA3209,PA3209,conserved hypothetical protein,-,-0.485776476446747,0.311236753491023,0.533950981109281
trkH,PA3210,potassium uptake protein TrkH,+,-0.179835493469909,0.659741347152216,0.814678135865851
PA3211,PA3211,probable permease of ABC transporter,+,-0.582483862263479,0.00732565552515155,0.0332476273198351
PA3212,PA3212,probable ATP-binding component of ABC transporter,+,-0.236783647855864,0.515070131648282,0.713734998593691
PA3213,PA3213,hypothetical protein,+,-0.461869771973214,0.00224647845860421,0.0121170055882759
PA3214,PA3214,hypothetical protein,+,-0.0720265635678453,0.568660465275376,0.755433249123366
PA3215,PA3215,probable transcriptional regulator,-,-0.627321454806006,0.0203692781468448,0.0767706706801578
PA3216,PA3216,hypothetical protein,+,-0.298242457570751,0.474739556346047,0.681021188630689
cyaB,PA3217,CyaB,+,-0.31916977444571,0.0538439988369951,0.162630853630108
PA3219,PA3219,hypothetical protein,-,-0.217942983348273,0.841464263978736,0.920664470577528
PA3220,PA3220,probable transcriptional regulator,+,-0.603664120304873,0.0231491429933755,0.0850811627400378
csaA,PA3221,CsaA protein,+,-1.71468632323554,5.81356660668245e-05,0.000466006897877795
PA3222,PA3222,hypothetical protein,+,-1.30657794967966,0.0117124875398734,0.0495616278883903
azoR3-3',PA3222.1,putative sRNA,-,-0.718242449673933,0.45307315376296,0.664711773944303
azoR3,PA3223,"AzoR3, azoreductase 3",-,-0.215575194780365,0.4631184949382,0.672780231574095
PA3224,PA3224,hypothetical protein,-,-0.529512204997384,0.160116079803108,0.351349166052978
PA3225,PA3225,transcriptional regulator,+,0.342003833102175,0.0123469064162534,0.0515699615623044
PA3226,PA3226,probable hydrolase,+,0.395534805197747,0.157391874120016,0.347671602533766
ppiA,PA3227,peptidyl-prolyl cis-trans isomerase A,+,-0.277816548426239,0.513296401787433,0.711764754580928
PA3228,PA3228,probable ATP-binding/permease fusion ABC transporter,+,0.188735151602523,0.416963735227908,0.631113979885993
PA3229,PA3229,hypothetical protein,+,-1.81359384342844,4.51813582621352e-19,1.32444677263109e-17
PA3230,PA3230,conserved hypothetical protein,-,0.061843434439436,0.95662388404383,0.979786528634849
PA3231,PA3231,hypothetical protein,-,3.57005111737342,2.72024006827666e-06,2.64102667748844e-05
PA3232,PA3232,probable nuclease,-,-0.355319486592245,0.30682058578956,0.529368016653696
PA3233,PA3233,hypothetical protein,-,-0.423237496665831,0.0335667210223065,0.115218532138749
PA3234,PA3234,probable sodium:solute symporter,-,-0.402313134916416,0.0233956368868177,0.085727490718122
PA3235,PA3235,conserved hypothetical protein,-,0.127212409809742,0.018277082620617,0.0703267833493367
PA3236,PA3236,BetX,-,-1.25993966925323,0.000878527584590979,0.00536308388661777
PA3237,PA3237,hypothetical protein,+,-0.0287371257557804,0.98315209196694,NA
PA3238,PA3238,putative lipase,+,0.661481378443175,0.00216513287155769,0.0117935603811598
PA3239,PA3239,conserved hypothetical protein,+,0.350160723945123,0.0839293180900612,0.226953254086672
PA3240,PA3240,conserved hypothetical protein,+,-0.830579734334066,1.30641394582053e-06,1.34818364340799e-05
PA3241,PA3241,hypothetical protein,-,-0.261013832733108,0.141610075119334,0.324382761730509
PA3242,PA3242,temperature-regulated acyltransferase HtrB1,-,-0.504954137456001,0.029720550665311,0.104547421122961
minC,PA3243,cell division inhibitor MinC,+,-0.328266493690093,0.173442414273145,0.369539525916237
minD,PA3244,cell division inhibitor MinD,+,-0.734733691387393,8.89287940646739e-06,8.11458529901416e-05
minE,PA3245,cell division topological specificity factor MinE,+,-0.833480086154061,3.92971590287296e-06,3.76706415460239e-05
rluA,PA3246,pseudouridine synthase RluA,+,-0.626219300222512,0.430196784097521,0.643778822117634
PA3247,PA3247,hypothetical protein,+,-0.0641488279709093,0.450155653180842,0.662264892188452
PA3248,PA3248,Uncharacterized protein,-,0.404016553638735,0.181911568837064,0.382447137963779
PA3249,PA3249,probable transcriptional regulator,-,-0.0418451986458715,0.974800643937056,0.989310972973751
PA3250,PA3250,hypothetical protein,+,-0.0965851972971008,0.379809116589569,0.599397066180885
PA3251,PA3251,hypothetical protein,+,0.471265039118962,0.444036847272876,0.657976944872237
PA3252,PA3252,probable permease of ABC transporter,+,-0.184948774399518,0.726892797484997,0.85537424794097
PA3253,PA3253,probable permease of ABC transporter,+,0.177007265212522,0.403731418937803,0.61974253734242
PA3254,PA3254,probable ATP-binding component of ABC transporter,+,0.142276954022837,0.898614954816605,0.949798910612639
PA3255,PA3255,hypothetical protein,+,-0.236358816960421,0.634159015230813,0.796538378062632
PA3256,PA3256,probable oxidoreductase,-,0.173093862865674,0.385063916231891,0.603608329551825
prc,PA3257,AlgO,+,0.995505142037266,7.52427008649514e-05,0.000585849908031567
PA3258,PA3258,hypothetical protein,+,1.18561004197064,1.86809224094935e-06,1.87675227120541e-05
PA3259,PA3259,hypothetical protein,-,0.604673712176317,0.00585573654258961,0.0277165439472962
PA3260,PA3260,probable transcriptional regulator,-,0.314555682322629,0.139961316446586,0.322187127540927
PA3261,PA3261,hypothetical protein,+,-0.398418095494013,0.170032060098783,0.365093609582242
PA3262,PA3262,"probable peptidyl-prolyl cis-trans isomerase, FkbP-type",-,0.0466352751470075,0.897527443297415,0.949514520593348
PA3262.1,PA3262.1,tRNA-Asp,-,-0.232672643640138,0.598271413940848,0.772350546448083
PA3262.2,PA3262.2,tRNA-Val,-,-0.247871864675946,0.548417734380759,0.739232209041126
PA3263,PA3263,conserved hypothetical protein,+,-0.259693905167964,0.512737648755652,0.711526977406519
PA3264,PA3264,probable transporter,+,-1.49915249510328,0.000490773022605326,0.00319872255764675
PA3265,PA3265,probable transporter,+,-0.554437626100028,0.118697798290692,0.290426709688677
capB,PA3266,cold acclimation protein B,+,-0.241141129485444,0.22065913148441,0.430256944038367
PA3267,PA3267,hypothetical protein,-,-0.602096832714062,1.65004907457561e-06,1.66597300907234e-05
PA3268,PA3268,probable TonB-dependent receptor,-,-0.305962845882026,0.353862317030187,0.574742114491214
PA3269,PA3269,probable transcriptional regulator,-,0.0113943851878619,0.303880430066568,0.526090285205117
PA3270,PA3270,hypothetical protein,-,0.575867571726824,0.0203428071129324,0.0767443298354537
PA3271,PA3271,probable two-component sensor,+,0.232924557417011,0.315255563795672,0.537476259213494
PA3272,PA3272,probable ATP-dependent DNA helicase,-,2.26440699329293,3.75161240602893e-20,1.1555727959281e-18
PA3273,PA3273,hypothetical protein,-,4.12108683149018,5.42957771857442e-41,5.5841826434423e-39
PA3274,PA3274,hypothetical protein,+,4.26493797710315,3.30761377036638e-29,1.89345286401728e-27
PA3275,PA3275,conserved hypothetical protein,-,0.645319854677947,0.0259079709561205,0.0936886577841115
PA3276,PA3276,hypothetical protein,-,0.793023789340495,0.0497324142202678,0.153793045458366
PA3277,PA3277,probable short-chain dehydrogenase,-,0.183722285052953,0.566055180209007,0.7542430464445
PA3278,PA3278,hypothetical protein,-,0.22812682089532,0.302747779940361,0.525178252909695
oprP,PA3279,Phosphate-specific outer membrane porin OprP precursor,-,0.63942345265062,0.268763170367769,0.48798770729851
oprO,PA3280,Pyrophosphate-specific outer membrane porin OprO precursor,-,0.173128876322151,0.139852209542272,0.322058143264708
PA3281,PA3281,hypothetical protein,-,0.17092615938652,0.784679642966239,0.887937489231828
PA3282,PA3282,hypothetical protein,-,0.00287237698351653,0.255498396980165,0.471406735328679
PA3283,PA3283,conserved hypothetical protein,-,0.980617116050006,0.0461100121352886,0.146031082273972
PA3284,PA3284,hypothetical protein,-,0.501435878702712,0.0912134609252601,0.241064146731045
PA3285,PA3285,"probable sigma-70 factor, ECF subfamily",-,-0.10601245915886,0.141098473361878,0.324033671455934
PA3286,PA3286,beta-acetoacetyl-acyl carrier protein synthase,-,-0.286182671152015,0.319644315074092,0.542091029589042
PA3287,PA3287,conserved hypothetical protein,+,0.109429620365983,0.584021410978257,0.76318707232932
PA3288,PA3288,hypothetical protein,-,0.00972877463752857,0.235468237598569,0.447996755156477
PA3289,PA3289,hypothetical protein,+,-0.102129221301528,0.467033772656835,0.675234913624416
PA3290,PA3290,Tle1,-,0.291538529970981,0.0665798279619207,0.191880384154613
PA3291,PA3291,Tli1,-,-0.307619164549583,0.241851512782908,0.455573230008123
PA3292,PA3292,hypothetical protein,-,-0.106425541977604,0.574730728839717,0.758969763351339
PA3293,PA3293,hypothetical protein,-,-0.864045457387326,0.205050172167017,0.413507625360405
PA3294,PA3294,VgrG4a,-,-2.76511294745596,0.0425401759659274,NA
PA3295,PA3295,probable HIT family protein,-,-0.282909936058738,0.360448672821397,0.580621860015991
phoA,PA3296,alkaline phosphatase,+,0.68146684927723,0.129820212778922,0.309226272258195
PA3297,PA3297,probable ATP-dependent helicase,-,-0.33224585238815,0.132187632077668,0.311985434246321
PA3298,PA3298,hypothetical protein,-,0.424964450725118,0.80743914280398,0.900707375828889
fadD1,PA3299,long-chain-fatty-acid--CoA ligase,-,-0.391466351519034,0.0340086636781119,0.116334923847401
fadD2,PA3300,long-chain-fatty-acid--CoA ligase,-,-0.912873337053531,1.60024926526566e-07,1.91147884677795e-06
PA3301,PA3301,hypothetical protein,+,-0.159771070296497,0.795923554527193,0.893979973036569
PA3302,PA3302,conserved hypothetical protein,+,-0.62673977232519,0.0460868078717959,0.146031082273972
PA3303,PA3303,probable major facilitator superfamily (MFS) transporter,+,-0.230196513558028,0.566440888202591,0.754382092036588
PA3303a,PA3303a,–,-,-0.311859271911523,0.144598692667913,0.328254720205347
PA3304,PA3304,conserved hypothetical protein,-,-0.00233885032748692,0.725318919288208,0.854867601691492
P18,PA3304.1,sRNA,-,-0.355883675399294,0.18059559207057,0.380258120383578
PA3304.1,PA3304.1,P18,-,-0.352203897014123,0.175794297006376,0.372309078824899
PA3305,PA3305,hypothetical protein,-,-0.0352225430764887,0.918362494723999,0.960210245292026
phrS,PA3305.1,PhrS,-,9.83896417281688,1.12979583754878e-240,6.85560114224597e-237
PA3306,PA3306,hypothetical protein,-,0.805434214925458,1.98129911574727e-07,2.34357174158955e-06
PA3307,PA3307,hypothetical protein,-,0.538541782166431,0.0386026257650597,0.127526561477266
hepA,PA3308,RNA helicase HepA,+,-0.276476823030602,0.328739690632689,0.550439415772395
PA3309,PA3309,conserved hypothetical protein,+,-0.0492095767672375,0.929741345206014,0.965837758250772
PA3310,PA3310,conserved hypothetical protein,-,-0.0907946757337747,0.784710368111539,0.887937489231828
PA3311,PA3311,NbdA,+,-0.249119392510458,0.167290582695371,0.361509706479882
PA3312,PA3312,probable 3-hydroxyisobutyrate dehydrogenase,-,0.232899993511054,0.500038439025242,0.701858416798488
PA3313,PA3313,putative periplasmic organophosphorous compound-binding protein,+,-0.699548702456651,0.00460361990622695,0.0228225209076676
PA3314,PA3314,probable ATP-binding component of ABC transporter,+,-0.355240220269677,0.446301132561021,0.659002175790397
PA3315,PA3315,probable permease of ABC transporter,+,0.393768634235716,0.0727208051574858,0.205319058483945
PA3316,PA3316,probable permease of ABC transporter,+,0.0990142310415725,0.857466024853639,0.927800256564173
PA3317,PA3317,hypothetical protein,+,-0.250622755689843,0.694463893960895,0.837109040237328
PA3318,PA3318,hypothetical protein,+,-0.507471576523303,0.527707036845772,0.724279644974537
plcN,PA3319,non-hemolytic phospholipase C precursor,-,-0.0566972391702729,0.980696884263701,0.991976778415092
PA3320,PA3320,hypothetical protein,-,0.382116828830546,0.478285381704573,0.682920037297529
PA3321,PA3321,probable transcriptional regulator,+,0.767452848131085,0.00465253468040651,0.0229728023364621
PA3322,PA3322,hypothetical protein,-,-0.161991479718485,0.685860845746802,0.831695366105434
PA3323,PA3323,conserved hypothetical protein,+,0.626145813119374,0.0821874970744237,0.223538203607173
PA3324,PA3324,probable short-chain dehydrogenase,+,1.20676790238161,1.24309238128754e-08,1.6874909551796e-07
PA3325,PA3325,conserved hypothetical protein,+,-0.263075082229867,0.657612960935663,0.813637943310892
PA3326,PA3326,ClpP2,-,-1.11424816284703,1.57121946847152e-13,3.2763435514382e-12
PA3327,PA3327,probable non-ribosomal peptide synthetase,+,-0.861084058871695,0.000464718028245853,0.0030617904401692
PA3328,PA3328,probable FAD-dependent monooxygenase,+,-0.376483696036516,0.172886467011081,0.368903790003032
PA3329,PA3329,hypothetical protein,+,-0.526127847847742,0.072243266905575,0.204369297707706
PA3330,PA3330,probable short chain dehydrogenase,+,-0.395309512573043,0.329513277834698,0.551379160193175
PA3331,PA3331,cytochrome P450,+,-0.504949236870939,0.0907564117350062,0.240274828275749
PA3332,PA3332,conserved hypothetical protein,+,-0.638826688024289,0.0648114668283329,0.188080335109672
fabH2,PA3333,3-oxoacyl-[acyl-carrier-protein] synthase III,+,-0.157169088392135,0.784598083643472,0.887937489231828
PA3334,PA3334,Acp3,+,-1.20698355709797,1.42646772543485e-07,1.70725959722656e-06
PA3335,PA3335,hypothetical protein,+,-0.624763077789474,0.00683791241649714,0.0313623979919158
PA3336,PA3336,probable major facilitator superfamily (MFS) transporter,+,-0.376530701371452,0.296141404124827,0.518162064656704
rfaD,PA3337,ADP-L-glycero-D-mannoheptose 6-epimerase,-,-0.153986061756652,0.476100058261972,0.68179766128784
PA3338,PA3338,hypothetical protein,-,0.0936031960854575,0.117916033040395,0.28933056550308
plpD,PA3339,"patatin-like protein, PlpD",+,0.00858888488644093,0.605504584068342,0.7767872107491
PA3340,PA3340,hypothetical protein,-,-0.554172553606851,0.000414387346587133,0.00275410998805118
PA3341,PA3341,probable transcriptional regulator,-,0.255671350971917,0.34100840397148,0.560987184529344
PA3342,PA3342,hypothetical protein,-,-0.773165493466915,8.39786274341355e-05,0.000644225425120524
PA3343,PA3343,diguanylate cyclase HsbD,-,-0.668314841474961,0.00074150451311468,0.00460537296374604
recQ,PA3344,ATP-dependent DNA helicase RecQ,-,-0.435755463806579,0.00726093151157657,0.0330279853165267
PA3345,PA3345,Histidine phosphotransfer protein HptB,-,-0.488695643241304,0.0198977360307354,0.0753209371394276
PA3346,PA3346,HptB-dependent secretion and biofilm regulator HsbR,-,-0.29200881076165,0.0199561002350494,0.075494773208404
PA3347,PA3347,HptB-dependent secretion and biofilm anti anti-sigma factor HsbA,-,-0.13795007433603,0.077214832782466,0.21337921431062
PA3348,PA3348,CheR1,-,-0.0484820304830889,0.950929395803436,0.976544443129679
PA3349,PA3349,probable chemotaxis protein,-,0.0672019559310465,0.880607688548051,0.939438722593104
PA3350,PA3350,hypothetical protein,+,0.137613002392946,0.183242521270173,0.38421410472267
flgM,PA3351,FlgM,+,0.51264467768415,0.0146145531150761,0.0584967732864655
PA3352,PA3352,hypothetical protein,+,0.45610609170398,0.000386713417500043,0.00258718524519323
PA3353,PA3353,FlgZ,+,-0.11013605091995,0.152806132566253,0.34139455537998
PA3354,PA3354,hypothetical protein,-,0.2136423668827,0.451565147074259,0.6633641220181
PA3355,PA3355,hypothetical protein,-,0.158932759787285,0.536931203295465,0.730024320321954
PA3356,PA3356,Glutamylpolyamine synthetase,-,-0.13385081968799,0.336946136190214,0.557812792614667
dsdA,PA3357,D-serine dehydratase,+,0.116309390612696,0.699180162750133,0.838615420120668
PA3358,PA3358,hypothetical protein,+,-1.03091877758352,0.0353686490512207,0.119563767377608
PA3359,PA3359,hypothetical protein,-,-0.241387262414852,0.327271117715983,0.549192793777816
PA3360,PA3360,probable secretion protein,-,0.227286175482444,0.756201007192823,0.872528562777344
lecB,PA3361,fucose-binding lectin PA-IIL,+,-0.222828257098549,0.00258087303888117,0.0137374891227464
PA3362,PA3362,hypothetical protein,-,-0.937234709860625,0.17432125741656,0.370761090081909
amiR,PA3363,aliphatic amidase regulator,-,-1.10785056189523,0.109600676020296,0.273460897241429
amiC,PA3364,aliphatic amidase expression-regulating protein,-,-0.582713192359768,0.165040951671502,0.359077983055818
PA3365,PA3365,probable chaperone,-,-0.15035498214635,0.847455921082385,0.924233687641803
amiE,PA3366,aliphatic amidase,-,-0.313308458577702,0.184615422721205,0.385229155802018
amiL,PA3366.1,sRNA,-,-0.267171507947671,0.514456458280644,0.713197078330406
PA3367,PA3367,hypothetical protein,+,-0.750773981887773,0.0155165985024797,0.0617003405721146
PA3368,PA3368,probable acetyltransferase,+,1.19460708633968,1.46024942887884e-05,0.000128978071825863
PA3368.1,PA3368.1,tRNA-Arg,-,0.13842910647457,0.695583594442543,0.837843700447812
PA3369,PA3369,hypothetical protein,+,2.40422708475628,1.1620009671345e-12,2.28929281447148e-11
PA3370,PA3370,hypothetical protein,+,3.67475437799605,3.16658112079207e-28,1.67085341225794e-26
PA3371,PA3371,hypothetical protein,+,3.43717151564741,1.44008042599165e-24,6.15380846825162e-23
PA3372,PA3372,conserved hypothetical protein,-,0.427688726426718,0.250083794104703,0.466199503991827
PA3373,PA3373,conserved hypothetical protein,-,0.05663286185785,0.91295862293488,0.956793251117246
PA3374,PA3374,conserved hypothetical protein,-,0.506245113607434,0.203950624934428,0.411864188928974
PA3375,PA3375,probable ATP-binding component of ABC transporter,-,0.812714346842501,0.0948161758826156,0.2481002825596
PA3376,PA3376,probable ATP-binding component of ABC transporter,-,1.05566444707093,0.166044371277802,0.359585026735798
PA3377,PA3377,conserved hypothetical protein,-,1.00061608215289,0.121074824283794,0.294579805033706
PA3378,PA3378,conserved hypothetical protein,-,1.01363176792079,0.0612413052102868,0.179957501218412
PA3379,PA3379,conserved hypothetical protein,-,0.833432665925506,0.359592947154245,0.579881012206493
PA3380,PA3380,conserved hypothetical protein,-,1.294523217623,0.585974309210025,NA
PA3381,PA3381,probable transcriptional regulator,-,1.58827372477252,0.116732766032644,0.286891220853011
phnE,PA3382,phosphonate transport protein PhnE,-,0.345159685706156,0.651537638572869,0.809486157014777
PA3383,PA3383,binding protein component of ABC phosphonate transporter,-,0.157760737620511,0.930024723378257,0.965837758250772
phnC,PA3384,ATP-binding component of ABC phosphonate transporter,-,-0.299097683801682,0.841810254166698,0.920710998969633
amrZ,PA3385,alginate and motility regulator Z,+,-0.382286082314208,0.173041715370959,0.368944880137378
PA3386,PA3386,conserved hypothetical protein,+,0.0612411418112077,0.890801887143443,0.947150140386615
rhlG,PA3387,beta-ketoacyl reductase,+,-0.40833761295275,0.217294351078608,0.42616099623303
PA3388,PA3388,conserved hypothetical protein,+,-0.178580632667917,0.87737847756098,0.938024872461551
PA3389,PA3389,probable ring-cleaving dioxygenase,+,-0.976202617737046,0.302966539872427,0.525407534708742
PA3390,PA3390,hypothetical protein,-,2.70079051539526,7.18184979023687e-23,2.65728442238764e-21
nosR,PA3391,regulatory protein NosR,+,0.340907411666621,0.619132019248634,0.786022731945897
nosZ,PA3392,nitrous-oxide reductase precursor,+,0.625215015621243,0.125983602927613,0.303334621234902
nosD,PA3393,NosD protein,+,-0.12584849386061,0.903398285559223,0.951616913283097
nosF,PA3394,NosF protein,+,0.222742195441422,0.440976503607324,NA
nosY,PA3395,NosY protein,+,2.04948642533611,0.119591153779669,NA
nosL,PA3396,NosL protein,+,-0.378026368771173,0.629984754128855,0.793101138600392
fpr,PA3397,FprA,-,-0.0927532528496127,0.899316047593438,0.949922878911852
PA3398,PA3398,probable transcriptional regulator,+,-0.138495612892226,0.0161930491943421,0.06397097819744
PA3399,PA3399,hypothetical protein,-,-0.45061747061681,0.0915017743117661,0.241720838713015
PA3400,PA3400,hypothetical protein,-,0.00331586004824964,0.999418195455512,0.999559647429063
PA3401,PA3401,hypothetical protein,-,-0.381962529085772,0.102785850935556,0.261950669246936
PA3402,PA3402,hypothetical protein,-,-0.130431333034131,0.326399554793986,0.548512458051457
PA3403,PA3403,hypothetical protein,-,-0.849670533591924,0.163680248723996,0.35701356910755
PA3403a,PA3403a,–,+,2.78335810817132,4.09997656672834e-30,2.48786578069075e-28
PA3404,PA3404,probable outer membrane protein precursor,-,0.695289053931142,0.243477083589909,0.456698282294765
hasE,PA3405,metalloprotease secretion protein,-,0.594726788387859,0.704648600634702,0.842191788192115
hasD,PA3406,transport protein HasD,-,0.0553075009272411,0.749692356543269,NA
hasAp,PA3407,heme acquisition protein HasAp,-,-0.0282598671551906,0.828372513080739,0.912016373547053
hasR,PA3408,Heme uptake outer membrane receptor HasR precursor,-,0.872606591585099,0.00396409846259676,0.0200785888739876
PA3409,PA3409,HasS,-,-0.282298422149383,0.177203740729222,0.374137891003798
PA3410,PA3410,HasI,-,-0.550452987060611,0.27325312013465,0.49289534273991
PA3411,PA3411,hypothetical protein,-,-1.02179997136113,0.72381454666906,NA
PA3412,PA3412,hypothetical protein,-,0.242381597662385,0.531489250553511,0.726859763885216
PA3413,PA3413,conserved hypothetical protein,+,-0.1061897233179,0.663600896626236,0.816104188947622
PA3414,PA3414,hypothetical protein,+,0.176849397711195,0.525068055491024,0.722051064582542
PA3415,PA3415,probable dihydrolipoamide acetyltransferase,-,0.115845324142414,0.350919303746097,0.571952279111286
PA3416,PA3416,"probable pyruvate dehydrogenase E1 component, beta chain",-,0.17372531105894,0.575128610297727,0.758999653607352
PA3417,PA3417,"probable pyruvate dehydrogenase E1 component, alpha subunit",-,0.633784703491863,0.000392216189921421,0.00261247841980591
ldh,PA3418,leucine dehydrogenase,-,0.483892920428027,4.41601798773055e-05,0.000360651374825693
PA3419,PA3419,hypothetical protein,+,-0.0511585730488713,0.84829423125342,0.924636140694404
PA3420,PA3420,probable transcriptional regulator,-,1.05625632931064,0.0137909825853623,0.0562390338225663
PA3421,PA3421,conserved hypothetical protein,-,0.919104387804907,0.0130681744568822,0.0540174949620989
PA3422,PA3422,hypothetical protein,-,0.350753817305879,0.601722743085242,0.774555283207732
PA3423,PA3423,probable transcriptional regulator,+,0.312030364356088,0.500546309127524,0.701858416798488
PA3424,PA3424,hypothetical protein,+,-0.41048438446562,0.213084094672676,0.42134644587893
PA3425,PA3425,hypothetical protein,+,-0.310697034517313,0.6335677294265,0.796125281043695
PA3426,PA3426,probable enoyl CoA-hydratase/isomerase,-,-0.0729349530368137,0.171115434113776,0.366511985246168
PA3427,PA3427,probable short-chain dehydrogenases,-,-0.275822470157736,0.213311846034949,0.42134644587893
PA3428,PA3428,hypothetical protein,-,-0.696493904335761,0.0402558101846685,0.131754183495452
PA3429,PA3429,probable epoxide hydrolase,-,-0.319944288167067,0.035272526418092,0.119438443250548
PA3430,PA3430,probable aldolase,-,-0.306227568862683,0.373602355293618,0.592808567220939
PA3431,PA3431,conserved hypothetical protein,-,-0.192684336002403,0.590913446039592,0.767048474918131
PA3432,PA3432,hypothetical protein,-,-0.118194902622525,0.866066452590324,0.932119764866635
PA3433,PA3433,probable transcriptional regulator,+,0.378431386009123,0.475752275316966,0.681507272573973
PA3434,PA3434,probable transposase,-,0.609907506999066,0.683745807896148,0.830681987594432
PA3435,PA3435,conserved hypothetical protein,-,-0.549306383944323,0.0526433542389765,0.159799836679394
PA3436,PA3436,hypothetical protein,+,0.112237029297914,0.482638489615261,0.686102929241926
folM,PA3437,"dihydromonapterin reductase, FolM",+,-0.0761694282200478,0.347229950941108,0.56753767513342
folE1,PA3438,GTP cyclohydrolase I precursor,+,-0.29330103726564,0.669380751947687,0.819076911235847
folX,PA3439,"d-erythro-7,8-dihydroneopterin triphosphate epimerase",+,-0.6801303985647,0.149807337288897,0.336553470073686
PA3440,PA3440,conserved hypothetical protein,+,-0.334209378105724,0.417609417028007,0.631741349731525
PA3440a,PA3440a,–,+,-0.0575903077371889,0.960897782046937,0.981389600722848
PA3441,PA3441,probable molybdopterin-binding protein,-,0.21391952536265,0.795886884302352,0.893979973036569
PA3442,PA3442,probable ATP-binding component of ABC transporter,-,0.153346902438611,0.562584888816223,0.751713489954476
PA3443,PA3443,probable permease of ABC transporter,-,0.41618354057336,0.732972341970263,0.858642595639555
PA3444,PA3444,conserved hypothetical protein,-,0.795279040997329,0.204691881598673,0.412922319661153
PA3445,PA3445,conserved hypothetical protein,-,0.472232577241074,0.667769150943849,0.818590547056015
PA3446,PA3446,conserved hypothetical protein,-,0.555229099981686,0.406813126534157,0.622617747842846
PA3447,PA3447,probable ATP-binding component of ABC transporter,-,3.71150842069422,0.000937805160521909,0.00566792999407066
PA3448,PA3448,probable permease of ABC transporter,-,-0.634188985194964,0.409487617488745,0.624785230807569
PA3449,PA3449,conserved hypothetical protein,-,-0.0358183718396812,0.998631896171863,NA
PA3449.1,PA3449.1,putative sRNA,-,-1.30761651342354,0.516945109288063,NA
PA3450,PA3450,1-Cys peroxiredoxin LsfA,-,0.00620527723397453,0.875986901823583,0.937310618985276
PA3451,PA3451,hypothetical protein,+,0.012158726169227,0.25239772002985,0.467892134048859
mqoA,PA3452,malate:quinone oxidoreductase,+,-0.00323032800978357,0.84138890660007,0.920664470577528
PA3453,PA3453,conserved hypothetical protein,-,-0.123008737523237,0.0342123347978779,0.116826363282793
PA3454,PA3454,probable acyl-CoA thiolase,-,-0.0930897794113262,0.332425412327486,0.554316406156413
PA3455,PA3455,conserved hypothetical protein,-,-0.0287535585727404,0.980568991285057,0.991976778415092
PA3456,PA3456,hypothetical protein,+,0.28413259912702,0.617175002275812,0.784625584288629
PA3457,PA3457,hypothetical protein,+,-0.205961352360313,0.760932952603125,0.875657340488481
PA3458,PA3458,probable transcriptional regulator,-,0.0571622825719074,0.6212725770899,0.787196073873776
PA3459,PA3459,probable glutamine amidotransferase,+,3.45621743614031,5.50250285234702e-53,1.39121613783507e-50
PA3460,PA3460,probable acetyltransferase,+,3.62321612640091,1.80681828713061e-43,2.10841795505934e-41
PA3461,PA3461,conserved hypothetical protein,+,3.22703370458751,8.28375300734009e-26,3.95793805106612e-24
PA3462,PA3462,probable sensor/response regulator hybrid,+,0.117880508437099,0.716802082871852,0.849979718668876
PA3463,PA3463,conserved hypothetical protein,+,0.0766725641657299,0.789593832752505,0.890071591518149
PA3464,PA3464,hypothetical protein,-,0.343771099616469,0.340804609122028,0.560890254448729
PA3465,PA3465,conserved hypothetical protein,+,0.632433698042634,0.000272730056399171,0.0018994999644068
PA3466,PA3466,probable ATP-dependent RNA helicase,-,-0.318810839214784,0.388673134242012,0.606602000663717
PA3467,PA3467,probable major facilitator superfamily (MFS) transporter,+,-0.419529512381567,0.471005695293322,0.677651689374106
PA3468,PA3468,conserved hypothetical protein,+,0.0207724073018628,0.761108448136631,0.875693223984277
PA3469,PA3469,conserved hypothetical protein,+,0.317140536138434,0.132041978586666,0.311832609546491
PA3470,PA3470,hypothetical protein,+,0.812508583526743,0.0142887347027077,0.0577136248449899
PA3471,PA3471,probable malic enzyme,-,-0.556702434276396,0.000179199129288619,0.00130069415852074
PA3472,PA3472,hypothetical protein,+,-0.177365391439224,0.137365300277779,0.319135022423581
PA3473,PA3473,hypothetical protein,-,-0.318591585043845,0.0157916747499543,0.0626299884854397
PA3474,PA3474,conserved hypothetical protein,-,-0.424203831441428,0.00493822891272196,0.0239721384339175
pheC,PA3475,cyclohexadienyl dehydratase precursor,-,-0.639427383939958,0.012771528163905,0.0530079568389711
rhlI,PA3476,autoinducer synthesis protein RhlI,-,-0.389866889288831,0.0329653501205647,0.113849598481267
rhlR,PA3477,transcriptional regulator RhlR,-,-0.0312922728945561,0.521104431176309,0.719304296719255
rhlB,PA3478,rhamnosyltransferase chain B,-,1.10934124141409,1.14370888045055e-09,1.7135865398948e-08
rhlA,PA3479,rhamnosyltransferase chain A,-,0.881919047468085,3.66444223521197e-07,4.14847676926608e-06
PA3480,PA3480,probable deoxycytidine triphosphate deaminase,-,-0.278837225315365,0.0992376676769955,0.255834480562644
PA3481,PA3481,conserved hypothetical protein,-,-0.101817627173738,0.30132940457065,0.524015656308415
metG,PA3482,methionyl-tRNA synthetase,+,-0.565214748000244,0.00387273197353599,0.0196815222909685
PA3483,PA3483,hypothetical protein,+,-0.583773847676419,0.000559471912371508,0.00359072975991934
PA3484,PA3484,Tse3,+,-1.30585805554345,0.000135898126430181,0.00100442123164232
PA3485,PA3485,Tsi3,+,-0.985939211348133,0.00883138657964421,0.0390383093804898
PA3486,PA3486,VgrG4b,+,-0.37615308974289,0.735182230515536,0.859719748461799
pldA,PA3487,Tle5,+,-0.494754227335875,0.012311716515663,0.0515224109083057
PA3488,PA3488,Tli5,+,-0.462632579727267,0.269813820843257,0.489309702593211
PA3489,PA3489,conserved hypothetical protein,+,0.12942080056539,0.234586461463828,0.446789280653644
PA3490,PA3490,probable ferredoxin,+,0.00917037604091644,0.96288520795234,0.982311271327303
PA3491,PA3491,probable ferredoxin,+,-0.300571847594771,0.263756199242304,0.481452474612094
PA3492,PA3492,conserved hypothetical protein,+,-0.179921453424418,0.705344452723331,0.842718319787145
PA3493,PA3493,conserved hypothetical protein,+,-0.18722615636401,0.673670383042389,0.822666911712863
PA3494,PA3494,conserved hypothetical protein,+,-0.146327816248993,0.0596607126922216,0.176423588994347
nth,PA3495,endonuclease III,+,-0.426639634118788,0.279847968179332,0.500114069020558
PA3496,PA3496,hypothetical protein,+,-0.746006997212153,0.000746874458009684,0.00462452470530894
PA3497,PA3497,hypothetical protein,-,0.0950797231144073,0.919875587805423,0.960723763649451
PA3498,PA3498,probable oxidoreductase,-,-0.0338957962682208,0.182774083461687,0.383629587840027
PA3499,PA3499,hypothetical protein,-,0.771184168727196,0.1573520629354,0.347671602533766
PA3500,PA3500,conserved hypothetical protein,-,0.511111998788434,0.192121037027511,0.396527364858141
PA3501,PA3501,hypothetical protein,-,0.866044426039205,0.406439971166182,0.622325951308703
PA3502,PA3502,hypothetical protein,-,-0.0154215310094824,0.154209160909137,0.343769723878268
PA3503,PA3503,"hypothetical protein, pseudogene",-,0.461512524648107,0.535291356079186,0.729408927495141
PA3504,PA3504,probable aldehyde dehydrogenase,-,0.449210528824773,0.140325180206042,0.322657519321812
PA3505,PA3505,hypothetical protein,-,0.732890334526346,0.174103136891551,0.370686959529098
PA3506,PA3506,probable decarboxylase,-,0.489166849153051,0.372641461541944,0.591983478437494
PA3507,PA3507,probable short-chain dehydrogenase,-,0.179522448259009,0.783957112064547,0.887937489231828
PA3508,PA3508,probable transcriptional regulator,-,0.471319245170656,0.613089042643044,0.781888253627153
PA3509,PA3509,probable hydrolase,-,0.561405682155402,0.0468079888171112,0.147471898308531
PA3510,PA3510,hypothetical protein,-,0.343890426609602,0.204348731902279,0.412504359674993
PA3511,PA3511,probable short-chain dehydrogenase,-,0.735742743162021,0.610965216999339,0.779835283288177
PA3512,PA3512,probable permease of ABC transporter,-,-0.231695317134801,0.50226834878964,0.703765764163319
PA3513,PA3513,hypothetical protein,-,0.735697459278919,0.188660729524087,0.391601731781072
PA3514,PA3514,probable ATP-binding component of ABC transporter,-,0.185238049437664,0.809881242797548,0.900913564772153
PA3515,PA3515,hypothetical protein,-,-0.238876418767857,0.63221438388613,0.795169322567609
PA3516,PA3516,probable lyase,-,1.1296145320477,0.000561310424751717,0.00359665433726865
PA3517,PA3517,probable lyase,-,0.202492804625432,0.468386182180831,0.675901867651197
PA3518,PA3518,hypothetical protein,-,0.269274290321698,0.64329450080683,NA
PA3519,PA3519,hypothetical protein,-,0.732426191454951,0.208717062583201,0.416884508148408
PA3520,PA3520,putative periplasmic substrate binding protein,-,0.317940790919244,0.699042758894159,0.838615420120668
PA3521,PA3521,OpmE,-,-0.218958359852042,0.138169831811335,0.320005549401214
PA3522,PA3522,MexQ,-,0.181743479942865,0.755997155317245,0.872459250373724
PA3523,PA3523,MexP,-,0.19998613912917,0.321662830291591,0.543802109254858
gloA1,PA3524,lactoylglutathione lyase,+,-0.649200219162207,0.00236150081393077,0.0126474730264183
argG,PA3525,argininosuccinate synthase,-,-0.359443329904702,0.0205110204328744,0.0771366753399226
PA3526,PA3526,MotY,-,0.77590523467835,0.00505367769789449,0.0243888892899559
pyrC,PA3527,dihydroorotase,+,-0.361815770342384,0.166317036404417,0.36004701280842
rnt,PA3528,ribonuclease T,+,-0.515466367421526,0.0183251273057254,0.070466966090711
PA3529,PA3529,alkylhydroperoxide reductase C,-,-0.120500471490135,0.748571903215129,0.86850369946095
PA3530,PA3530,bacterioferritin-associated ferredoxin Bfd,+,-0.418002861926807,0.441783655817806,0.656722984689478
bfrB,PA3531,bacterioferritin,+,-0.0727465755984301,0.326092966868813,0.548512458051457
PA3532,PA3532,hypothetical protein,-,-0.196641216995705,0.589461290180076,0.766458525560284
PA3533,PA3533,GrxD,-,-0.453414175939813,0.134654119161956,0.315475364893726
PA3534,PA3534,probable oxidoreductase,-,-0.59676668121045,0.0816808585800167,0.222459358107514
PA3535,PA3535,probable serine protease,+,-0.633063956287641,0.00353548624233958,0.0182271287328093
ReaL,PA3535.1,sRNA,+,-0.0520824047985917,0.5289316840674,0.724584838813763
PA3536,PA3536,hypothetical protein,-,-0.0644817984269996,0.901202249561344,0.95125016029119
argF,PA3537,"ornithine carbamoyltransferase, anabolic",+,0.0405759863765058,0.786459016546515,0.888604358586382
PA3538,PA3538,probable ATP-binding component of ABC transporter,+,-0.0441462542688602,0.577066675642348,0.759904641449168
PA3539,PA3539,conserved hypothetical protein,+,-0.676606317378012,0.00129344049320407,0.00744648663449935
algD,PA3540,GDP-mannose 6-dehydrogenase AlgD,+,0.181452809618515,0.856264338910036,0.927596090198881
alg8,PA3541,alginate biosynthesis protein Alg8,+,0.479941577125208,0.037009759306464,0.123869398495104
alg44,PA3542,alginate biosynthesis protein Alg44,+,0.487505807253327,0.285711420929881,0.506423557619282
algK,PA3543,alginate biosynthetic protein AlgK precursor,+,2.2482667350324,0.0342931781276433,0.116970772837853
algE,PA3544,Alginate production outer membrane protein AlgE precursor,+,0.833833647401299,0.0297199169548005,0.104547421122961
algG,PA3545,alginate-c5-mannuronan-epimerase AlgG,+,0.523587757406428,0.246521154099513,0.46126745700766
algX,PA3546,alginate biosynthesis protein AlgX,+,0.3881768176727,0.508313402339054,0.708666672222364
algL,PA3547,poly(beta-d-mannuronate) lyase precursor AlgL,+,0.92734103427846,0.0463807681709065,0.146658937603471
algI,PA3548,alginate o-acetyltransferase AlgI,+,0.322072561662635,0.0584553201366627,0.173620598428423
algJ,PA3549,alginate o-acetyltransferase AlgJ,+,0.538350279177387,0.210288891549593,0.418883988514772
algF,PA3550,alginate o-acetyltransferase AlgF,+,0.742156736683129,0.464140369930543,0.673044626230605
algA,PA3551,phosphomannose isomerase / guanosine 5'-diphospho-D-mannose pyrophosphorylase,+,0.192434608873944,0.629916498464876,0.793101138600392
arnB,PA3552,ArnB,+,0.499332426810059,0.193186032011409,0.398048503309077
arnC,PA3553,ArnC,+,0.140117336813667,0.114257055379516,0.282026245628692
arnA,PA3554,ArnA,+,0.93693865403635,7.13667792544542e-05,0.000558058784170139
arnD,PA3555,ArnD,+,0.423699258100304,0.687034695828004,0.831955005844009
arnT,PA3556,inner membrane L-Ara4N transferase ArnT,+,0.205915346399618,0.372628463906529,0.591983478437494
arnE,PA3557,ArnE,+,1.12252804955538,0.0565746724009463,0.1694539194635
arnF,PA3558,ArnF,+,0.755251192736962,0.427225042783301,0.641366046414911
PA3559,PA3559,probable nucleotide sugar dehydrogenase,+,0.245700239536682,0.600465008158728,0.773428501275135
fruA,PA3560,"phosphotransferase system transporter fructose-specific IIBC component, FruA",-,0.650294637863136,0.157165296146011,0.347650764527754
fruK,PA3561,1-phosphofructokinase,-,0.0942114476561329,0.475626339650858,0.681497264982523
fruI,PA3562,"phosphotransferase system transporter enzyme I, FruI",-,0.0271263733892585,0.987638896052222,0.995465945954522
fruR,PA3563,fructose transport system repressor FruR,+,0.060012528252788,0.328589365813168,0.550339572661966
PA3564,PA3564,conserved hypothetical protein,+,0.190074626787633,0.508376075178634,0.708666672222364
PA3565,PA3565,probable transcriptional regulator,-,0.118173873001958,0.75708513384774,0.872884779059108
PA3566,PA3566,conserved hypothetical protein,+,-0.303808776374824,0.262124695980603,0.479666060075483
PA3567,PA3567,probable oxidoreductase,+,0.242416546344257,0.72715798492454,0.85537424794097
PA3568,PA3568,probable acetyl-coa synthetase,-,-0.764307430429323,1.14027892339291e-05,0.00010175312510512
mmsB,PA3569,3-hydroxyisobutyrate dehydrogenase,-,-0.140618048432142,0.306357368045068,0.528869561677802
mmsA,PA3570,methylmalonate-semialdehyde dehydrogenase,-,-0.112651517108988,0.276552934300282,0.496045878017768
mmsR,PA3571,transcriptional regulator MmsR,+,-0.027369533820082,0.214203379162515,0.422545401168947
PA3572,PA3572,hypothetical protein,+,0.0142134957832677,0.0187607012818065,0.0718233030776037
PA3573,PA3573,probable major facilitator superfamily (MFS) transporter,-,-0.0957407372855325,0.310407427962526,0.533282070463365
nalD,PA3574,NalD,+,0.0173150234796023,0.975651163043894,0.989843045870314
PA3574a,PA3574a,–,-,0.410655057052423,0.083005697933042,0.224894742556459
PA3575,PA3575,hypothetical protein,+,0.92807695834955,4.7606303450888e-06,4.49961136043595e-05
PA3576,PA3576,hypothetical protein,+,0.310251906464014,0.0806891069161787,0.220649617290389
PA3577,PA3577,hypothetical protein,-,0.563339588881078,0.129972680795752,0.309284010615147
PA3578,PA3578,conserved hypothetical protein,-,1.61215703910971,5.6898489667182e-13,1.16249170134835e-11
PA3579,PA3579,probable carbohydrate kinase,-,-0.234279411047961,0.425211789461049,0.639451087595946
PA3580,PA3580,conserved hypothetical protein,-,-0.323741823526458,0.265775461256916,0.484301951623713
glpF,PA3581,glycerol uptake facilitator protein,+,0.396439028074595,0.0219042910697542,0.0811293160242577
glpK,PA3582,glycerol kinase,+,0.361033830578117,0.0413491797581627,0.13475124746108
glpR,PA3583,glycerol-3-phosphate regulon repressor,+,-0.675468083915951,0.0439819437524478,0.141089353819091
glpD,PA3584,glycerol-3-phosphate dehydrogenase,+,0.116170213256851,0.0839742579194938,0.226973628977946
glpM,PA3585,membrane protein GlpM,+,0.041009526724119,0.602266864286515,0.775091268820906
PA3586,PA3586,probable hydrolase,-,1.1567734335883,0.000974486132871955,0.00586043791304957
metR,PA3587,transcriptional regulator MetR,+,-0.0177798652303913,0.842697513763042,0.921183302740792
PA3588,PA3588,probable porin,-,0.448964056143852,0.327127061933779,0.549102907832412
PA3589,PA3589,probable acyl-CoA thiolase,-,1.69337333729369,5.12120652282442e-06,4.81790405899203e-05
PA3590,PA3590,probable hydroxyacyl-CoA dehydrogenase,-,0.00708151254127415,0.503851854694193,0.705276367770326
PA3591,PA3591,probable enoyl-CoA hydratase/isomerase,-,-0.41126516946835,0.768056643100009,0.879518345033186
PA3592,PA3592,conserved hypothetical protein,-,-0.500251848191514,0.0115029833916499,0.0488236987944099
PA3593,PA3593,probable acyl-CoA dehydrogenase,-,0.39071075788986,0.369834785964563,0.589299335340561
PA3594,PA3594,probable transcriptional regulator,+,-0.717163449182427,0.0823380667595455,0.22374715140928
PA3595,PA3595,probable major facilitator superfamily (MFS) transporter,+,0.411339552542607,0.303494616755773,0.526022660518147
PA3596,PA3596,probable methylated-DNA--protein-cysteine methyltransferase,-,0.743691320471789,0.062118417373272,0.182093988705804
PA3597,PA3597,probable amino acid permease,-,1.80887882165015,6.31212226783627e-08,7.96298501480884e-07
PA3598,PA3598,conserved hypothetical protein,-,2.34843692598148,3.96313407513078e-21,1.32133503120294e-19
PA3599,PA3599,probable transcriptional regulator,+,0.175931620770623,0.18600039011241,0.387319961291044
PA3600,PA3600,conserved hypothetical protein,-,0.121475440103598,0.74225076303674,0.86382386461583
PA3601,PA3601,conserved hypothetical protein,-,-0.0284638960947794,0.958634210632477,0.980777674948216
PA3602,PA3602,conserved hypothetical protein,+,-1.24034360897209,1.35632550399379e-09,2.02215802413619e-08
dgkA,PA3603,diacylglycerol kinase,-,-0.253934630964461,0.72735651687464,0.85537424794097
erdR,PA3604,response regulator ErdR,-,-0.206413270138347,0.307047659785385,0.529609209658249
PA3605,PA3605,hypothetical protein,+,-0.32325059177354,0.719374668381597,0.851573446691286
PA3606,PA3606,conserved hypothetical protein,-,-0.347916814096321,0.3948310376412,0.612599287092159
potA,PA3607,polyamine transport protein PotA,+,0.0584484737473759,0.813432500696993,0.902269939659082
potB,PA3608,polyamine transport protein PotB,+,0.00682510813620388,0.950794374543669,0.976544443129679
potC,PA3609,polyamine transport protein PotC,+,0.0239914926348784,0.998153721141433,NA
potD,PA3610,polyamine transport protein PotD,+,-0.0753320641838576,0.949319819357429,0.976254236850054
PA3611,PA3611,hypothetical protein,+,0.712212410531786,0.00190007397984031,0.0105582865473178
PA3612,PA3612,conserved hypothetical protein,+,0.7712035655962,0.00186426146783787,0.0103782922815048
PA3613,PA3613,hypothetical protein,-,-0.083927749941417,0.759635007930002,0.874661333608966
PA3614,PA3614,hypothetical protein,+,-0.0741820938082796,0.648553254865888,0.807500579739824
PA3615,PA3615,hypothetical protein,+,-0.129872486498688,0.658689673860943,0.814519742456826
PA3616,PA3616,conserved hypothetical protein,-,-0.00952958204345512,0.715419083476587,0.848878177265532
recA,PA3617,RecA protein,-,-0.175290023902657,0.430727645589398,0.644233510829793
PA3618,PA3618,conserved hypothetical protein,-,-0.103119021340513,0.654528814643099,0.811872617999657
PA3619,PA3619,hypothetical protein,+,-0.251409778780193,0.496912943093922,0.699273594316772
mutS,PA3620,DNA mismatch repair protein MutS,+,-0.344710092568268,0.155075366525176,0.344687664496252
fdxA,PA3621,ferredoxin I,+,-0.525136118605843,0.0481103432516091,0.150017247097001
rsmZ,PA3621.1,regulatory RNA RsmZ,-,-0.187386666178043,0.00443605244527069,0.0221547047225535
rpoS,PA3622,sigma factor RpoS,-,-0.507492731728174,0.00677174402431084,0.0311531029109311
PA3623,PA3623,conserved hypothetical protein,-,-0.519300692668479,0.00104622319636748,0.00621182226571219
pcm,PA3624,L-isoaspartate protein carboxylmethyltransferase type II,-,-0.526565656586537,0.00126863686104422,0.00732813404928225
surE,PA3625,survival protein SurE,-,-0.436109653535041,0.124722565038682,0.30135942504055
PA3626,PA3626,conserved hypothetical protein,-,-0.27965740097762,0.0447242172841582,0.142835026568564
ygbB,PA3627,"2C-methyl-D-erythritol 2,4-cyclodiphosphate synthase",-,-0.361729841167489,0.138850498908891,0.320481105887848
PA3628,PA3628,putative esterase,-,0.00674699311785863,0.918507579174715,0.960210245292026
adhC,PA3629,alcohol dehydrogenase class III,-,-0.166943016245141,0.528230639679918,0.724467845648348
PA3630,PA3630,glutathione-dependent formaldehyde neutralization regulator GfnR,+,0.0479943681278609,0.944526042531893,0.973231138177818
PA3631,PA3631,conserved hypothetical protein,+,-0.139370729288796,0.677098211101203,0.825855667329066
PA3632,PA3632,conserved hypothetical protein,+,-0.977594755253754,1.19820294333371e-05,0.000106608437832096
ygbP,PA3633,4-diphosphocytidyl-2-C-methylerythritol synthase,-,-0.0415535516995162,0.851112013579408,0.925723554127839
PA3634,PA3634,conserved hypothetical protein,-,-0.0923411891932706,0.409980903058951,0.62522345306904
eno,PA3635,enolase,-,-0.373257351561151,0.000853996128830273,0.00521857855965972
kdsA,PA3636,2-dehydro-3-deoxyphosphooctonate aldolase,-,-0.44531891656423,0.000732493648798956,0.00455406911978696
pyrG,PA3637,CTP synthase,-,-0.474181443996451,0.0290111865747221,0.102587342736255
PA3638,PA3638,conserved hypothetical protein,-,-0.418386913422545,0.126105148822953,0.303360485092065
accA,PA3639,acetyl-coenzyme A carboxylase carboxyl transferase (alpha subunit),-,-0.649084814509613,1.84874569327223e-06,1.86039616364443e-05
dnaE,PA3640,"DNA polymerase III, alpha chain",-,-0.340381107901777,0.00636150950821428,0.0296024844293284
PA3641,PA3641,probable amino acid permease,-,-0.369833100093868,0.231158813637904,0.442622808821332
rnhB,PA3642,ribonuclease HII,-,-0.242844522465221,0.155299829031588,0.344933880879824
lpxB,PA3643,lipid A-disaccharide synthase,-,-0.383085073564935,0.0272513160558057,0.0972139834371716
lpxA,PA3644,UDP-N-acetylglucosamine acyltransferase,-,-0.291040995205195,0.00261624370786896,0.0139013719959272
fabZ,PA3645,(3R)-hydroxymyristoyl-[acyl carrier protein] dehydratase,-,-0.145302994925686,0.0734242257871767,0.206650372020681
lpxD,PA3646,UDP-3-O-[3-hydroxylauroyl] glucosamine N-acyltransferase,-,0.44226846807795,0.00783466430418517,0.0351632714480737
PA3647,PA3647,probable outer membrane protein precursor,-,0.732420430340163,0.00120938728601882,0.00705630966496365
opr86,PA3648,outer membrane protein Opr86,-,0.201156709395204,0.194396549177424,0.399592906642483
PA3649,PA3649,MucP,-,-0.138208494197693,0.267347150201871,0.486581435940298
dxr,PA3650,1-deoxy-d-xylulose 5-phosphate reductoisomerase,-,0.197507975075731,0.630868605542099,0.793884425223861
cdsA,PA3651,phosphatidate cytidylyltransferase,-,-0.0442093793679144,0.928061324260137,0.964954783346557
uppS,PA3652,undecaprenyl pyrophosphate synthetase,-,0.0855402309967304,0.839768551325386,0.919638254727025
frr,PA3653,ribosome recycling factor,-,-0.24523372409297,0.529273242356636,0.724584838813763
pyrH,PA3654,uridylate kinase,-,-0.258976800857926,0.40270665865008,0.618952382139991
tsf,PA3655,elongation factor Ts,-,-0.0675100335906808,0.899002290600055,0.949877398460932
rpsB,PA3656,30S ribosomal protein S2,-,-0.583779402173806,0.00463830152621462,0.0229382344426001
map,PA3657,methionine aminopeptidase,+,-0.30064512507323,0.251453051065688,0.467325302868789
glnD,PA3658,protein-PII uridylyltransferase,+,-0.538769610524313,0.0188378075490383,0.0720730240905196
PA3659,PA3659,probable aminotransferase,+,-0.64268284568431,0.0143833023251648,0.0579534385850599
PA3660,PA3660,probable sodium/hydrogen antiporter,-,-0.118151445857357,0.535242698139258,0.729408927495141
PA3661,PA3661,hypothetical protein,+,-2.08616349418498,0.265184029540484,NA
PA3662,PA3662,hypothetical protein,+,-0.0722936779808759,0.564499823853009,0.753167339383472
PA3663,PA3663,hypothetical protein,-,-0.529811488404015,0.068040458042449,0.195210165201693
PA3664,PA3664,conserved hypothetical protein,+,-0.0702001304085994,0.487198825037235,0.69105247085693
PA3665,PA3665,hypothetical protein,+,0.226188251890658,0.359147673958876,0.579579387763131
dapD,PA3666,tetrahydrodipicolinate succinylase,+,-0.459913684816332,0.10285635899869,0.262020313351825
PA3667,PA3667,probable pyridoxal-phosphate dependent enzyme,+,0.0973196339436746,0.138787279638876,0.320457082514725
PA3668,PA3668,conserved hypothetical protein,+,0.201342775763073,0.194140226007244,0.399375224413927
PA3669,PA3669,hypothetical protein,-,1.32802400874542,2.47742393986617e-12,4.74227396438735e-11
PA3670,PA3670,hypothetical protein,-,1.36394654078761,8.55496088330049e-17,2.19035876117584e-15
PA3671,PA3671,probable permease of ABC transporter,-,1.18646720491209,1.40894678090186e-05,0.000124628120503098
PA3672,PA3672,probable ATP-binding component of ABC transporter,-,1.09220854248575,4.6960647116593e-07,5.22857260006397e-06
plsB,PA3673,glycerol-3-phosphate acyltransferase,+,1.57668569037288,9.9115953931523e-17,2.52704037166589e-15
PA3674,PA3674,hypothetical protein,+,-0.378799437162353,0.421297634535593,0.635928867254223
PA3675,PA3675,hypothetical protein,+,-0.0976068834340372,0.902722214172479,0.951616913283097
PA3676,PA3676,MexK,-,1.39364094946824,1.36011428290376e-19,4.06560269392118e-18
PA3677,PA3677,MexJ,-,2.4439132083223,2.23017378479484e-27,1.11840450629216e-25
PA3678,PA3678,MexL,+,1.01830494292777,1.41050446278217e-06,1.44576707435172e-05
PA3679,PA3679,hypothetical protein,-,0.117898727170028,0.931519038204553,0.96623205535474
PA3680,PA3680,conserved hypothetical protein,-,-0.261292101121271,0.622828077064549,0.788179514416618
PA3681,PA3681,hypothetical protein,-,0.188571473492019,0.308425266605418,0.531561359204119
PA3682,PA3682,hypothetical protein,-,0.0253978253060467,0.419397397467476,0.633608692523653
PA3683,PA3683,conserved hypothetical protein,-,0.312860365721625,0.0882626247007688,0.235108694769212
PA3684,PA3684,hypothetical protein,-,0.456542243233442,0.112039036136939,0.278400029188759
PA3685,PA3685,YeaZ,-,0.0470520365613367,0.436536982012244,0.650677083480789
adk,PA3686,adenylate kinase,-,0.332250455122587,0.144808723759082,0.328394018833141
ppc,PA3687,phosphoenolpyruvate carboxylase,-,0.493978161603574,0.000882390534318045,0.00537800255111421
PA3688,PA3688,hypothetical protein,+,0.184204956029131,0.329573535599975,0.551379160193175
PA3689,PA3689,probable transcriptional regulator,-,1.07078801529275,7.77393315596689e-05,0.000600920081406459
PA3690,PA3690,probable metal-transporting P-type ATPase,+,0.671646156990772,7.57460254350562e-05,0.000588510732829605
PA3691,PA3691,hypothetical protein,+,4.0289933199107,3.99276889874427e-29,2.26431043715703e-27
lptF,PA3692,"Lipotoxon F, LptF",+,4.27191430196575,4.23806839754886e-28,2.21694819278677e-26
PA3693,PA3693,conserved hypothetical protein,-,-0.809893910073435,0.000646387890110042,0.00407298205315445
PA3694,PA3694,hypothetical protein,-,-0.709734364089909,0.00776038703078655,0.034898752808096
PA3695,PA3695,hypothetical protein,-,-0.259599929511539,0.303819581198181,0.526090285205117
PA3696,PA3696,conserved hypothetical protein,-,-0.269931285725359,0.00737501591872513,0.0334216554106229
PA3697,PA3697,hypothetical protein,-,-0.739481672551448,9.15709550388684e-10,1.39261292024023e-08
PA3698,PA3698,hypothetical protein,-,-0.418088487284536,0.000645788393238775,0.00407298205315445
PA3699,PA3699,probable transcriptional regulator,-,-0.346911639267386,0.327723544277803,0.549629266648894
lysS,PA3700,lysyl-tRNA synthetase,-,-0.714298304982599,0.00615670665141753,0.0288263086117296
prfB,PA3701,–,-,-0.502743479195394,0.00892854691549428,0.0392881962894991
wspR,PA3702,WspR,-,0.250943016995357,0.232753094685122,0.444553282514737
wspF,PA3703,probable methylesterase,-,-0.0863566345614075,0.236211761193771,0.448617517034053
wspE,PA3704,probable chemotaxis sensor/effector fusion protein,-,0.238014317115969,0.302614951120418,0.525097947783441
wspD,PA3705,hypothetical protein,-,0.149602623746494,0.455668376018593,0.66738974310423
wspC,PA3706,probable protein methyltransferase,-,0.278511216522604,0.168492351194946,0.362814615702956
wspB,PA3707,hypothetical protein,-,0.396755460329826,0.0589729102859856,0.174901084855993
wspA,PA3708,probable chemotaxis transducer,-,0.581035594812203,0.000479857940344107,0.00314107657174546
PA3709,PA3709,probable major facilitator superfamily (MFS) transporter,-,-1.21888109545776,2.74468503156915e-07,3.16029388454679e-06
PA3710,PA3710,probable GMC-type oxidoreductase,-,0.0479584016818061,0.206339423259591,0.414866673405963
PA3711,PA3711,probable transcriptional regulator,+,1.31542582726307,0.000711615763453399,0.00443790796776488
PA3712,PA3712,hypothetical protein,-,3.40624417742787,3.86507843116914e-40,3.84480260989088e-38
spdH,PA3713,"spermidine dehydrogenase, SpdH",+,0.296022451148295,0.0204093161335268,0.0768738238971078
PA3714,PA3714,probable two-component response regulator,+,0.884832920724293,0.00126523379072109,0.00731881662735518
PA3715,PA3715,hypothetical protein,+,-0.470361478109938,0.0475766153757766,0.148852620337305
PA3716,PA3716,hypothetical protein,-,-0.421689439001753,0.0348931955525688,0.118550901798985
PA3717,PA3717,"probable peptidyl-prolyl cis-trans isomerase, FkbP-type",+,-0.222659486562846,0.369795880425374,0.589299335340561
PA3718,PA3718,probable major facilitator superfamily (MFS) transporter,-,-0.251291533683934,0.477151995877301,0.682545570717459
armR,PA3719,"antirepressor for MexR, ArmR",-,-0.211414373741545,0.874067462746286,0.936371556046882
PA3720,PA3720,hypothetical protein,-,0.0407675689680799,0.981947679430267,0.99241480992386
nalC,PA3721,NalC,+,0.0754092191779956,0.8770746002496,0.937978264771691
PA3722,PA3722,hypothetical protein,-,-0.220253441859207,0.301606367704962,0.52402280165506
PA3723,PA3723,probable FMN oxidoreductase,-,0.096062603391616,0.607502421534436,0.777868059026868
lasB,PA3724,elastase LasB,-,-0.0295345298460589,0.000165763098373529,0.00121186804931394
recJ,PA3725,single-stranded-DNA-specific exonuclease RecJ,-,-0.205059165980024,0.361932809061585,0.582394135610103
PA3726,PA3726,conserved hypothetical protein,-,-0.29985198618122,0.0859340384820133,0.230567538222303
PA3727,PA3727,hypothetical protein,-,-1.10435047636416,0.00304604162216216,0.0159476967759103
PA3728,PA3728,hypothetical protein,-,-0.402900465357893,0.0455391846998956,0.144544233303809
PA3729,PA3729,conserved hypothetical protein,-,-0.799012877778363,9.24290752155017e-07,9.77107366563875e-06
PA3730,PA3730,hypothetical protein,-,-0.829629069160845,0.00397126144212723,0.0200980937704988
PA3731,PA3731,conserved hypothetical protein,-,0.0131747804208563,0.273011209894318,0.492605418269021
PA3732,PA3732,Uncharacterized protein,-,-0.0917318440461831,0.897013156304555,0.949514520593348
PA3733,PA3733,hypothetical protein,+,-0.26174018274569,0.30952632080524,0.532476951421519
PA3733a,PA3733a,–,-,2.36517877238032,3.51559341161054e-24,1.4712152290795e-22
PA3734,PA3734,hypothetical protein,+,0.180651392642524,0.434420193909624,0.64799944361937
thrC,PA3735,threonine synthase,-,-0.0629181601195046,0.90453909285505,0.951616913283097
hom,PA3736,homoserine dehydrogenase,-,0.0375776100677464,0.209118592726912,0.417411717324639
dsbC,PA3737,thiol:disulfide interchange protein DsbC,-,-0.559696607745133,0.0371338206202118,0.124079308107624
xerD,PA3738,integrase/recombinase XerD,-,-0.636593767183892,0.0268349760442515,0.0963828563830987
PA3739,PA3739,probable sodium/hydrogen antiporter,+,0.66064522719705,0.00792389700055111,0.0354588547192804
PA3740,PA3740,hypothetical protein,+,-0.177520251472799,0.337004234958037,0.557812792614667
PA3741,PA3741,hypothetical protein,-,-0.57146378960134,0.529177328420248,0.724584838813763
rplS,PA3742,50S ribosomal protein L19,-,-0.561071347326433,0.0333797110992876,0.11469314096856
trmD,PA3743,tRNA (guanine-N1)-methyltransferase,-,-0.764863721212277,5.88123126695633e-06,5.47351400734524e-05
rimM,PA3744,16S rRNA processing protein,-,-0.536006534666427,0.016557727035677,0.0651621866542468
rpsP,PA3745,30S ribosomal protein S16,-,-0.409195610920059,0.138514529062591,0.320255868730899
ffh,PA3746,signal recognition particle protein Ffh,-,-0.491769603927873,0.0100561201246592,0.04362259553971
rhlS,PA3746.1,sRNA,-,-0.461599602845524,0.133567310766503,0.314385090607059
PA3747,PA3747,conserved hypothetical protein,+,-0.304603556565612,0.230617401464798,0.441925960512183
PA3748,PA3748,conserved hypothetical protein,+,-0.913171770419123,8.86273872354582e-06,8.09926183350543e-05
PA3749,PA3749,probable major facilitator superfamily (MFS) transporter,+,-0.133716563423549,0.707334549195526,0.844104788225972
PA3750,PA3750,hypothetical protein,-,-0.588730063543885,0.0401031156282002,0.13132525938042
purT,PA3751,phosphoribosylglycinamide formyltransferase 2,-,-0.0856802487942106,0.136716582416052,0.317974788079955
PA3752,PA3752,hypothetical protein,-,-0.158105680627078,0.217371067707507,0.426173712067577
PA3753,PA3753,conserved hypothetical protein,-,-0.321989454972129,0.000911945505980174,0.0055336853302877
PA3754,PA3754,hypothetical protein,-,-0.292364543486918,0.334385627735607,0.555448121844967
PA3755,PA3755,conserved hypothetical protein,+,-0.580528418519485,0.0101466571479575,0.0439471203239159
PA3756,PA3756,hypothetical protein,+,-0.689186167056186,0.000185497055063804,0.00134113687918301
PA3757,PA3757,Transcriptional regulator of N-Acetylglucosamine catabolism operon,+,0.0159182773174688,0.580737769612571,0.761180605892241
PA3758,PA3758,probable N-acetylglucosamine-6-phosphate deacetylase,+,0.0846524521694031,0.514564404899558,0.713197078330406
PA3759,PA3759,probable aminotransferase,+,-0.104417616339392,0.852096868397098,0.925953402119196
PA3760,PA3760,N-Acetyl-D-Glucosamine phosphotransferase system transporter,+,0.0984044061075462,0.879797398073237,0.939234801461717
PA3761,PA3761,N-Acetyl-D-Glucosamine phosphotransferase system transporter,+,-0.427553761030122,0.103506160750076,0.262925189100745
PA3762,PA3762,hypothetical protein,-,0.748717778153257,1.7869921869496e-09,2.61919531169328e-08
purL,PA3763,phosphoribosylformylglycinamidine synthase,-,-0.25726550177079,0.125452622159113,0.302405421852087
PA3764,PA3764,conserved hypothetical protein,+,-0.624231858989448,0.00158221399185411,0.00899800796866986
PA3765,PA3765,hypothetical protein,-,-0.179935531059905,0.455170745411682,0.66682184528201
PA3766,PA3766,probable aromatic amino acid transporter,-,0.468418731969891,0.105148770427917,0.265298436156591
PA3767,PA3767,conserved hypothetical protein,-,0.208171053796934,0.551870326629978,0.742456211526011
PA3768,PA3768,probable metallo-oxidoreductase,-,-0.287300086255142,0.339029934292425,0.559639184245494
guaA,PA3769,GMP synthase,-,-0.641584880544777,3.9601420318104e-06,3.79024319385261e-05
guaB,PA3770,inosine-5'-monophosphate dehydrogenase,-,-0.430999718594148,0.0217135204198718,0.0807338492081998
PA3771,PA3771,probable transcriptional regulator,+,0.260414566853351,0.38699588751495,0.605385678123412
PA3772,PA3772,hypothetical protein,+,0.849494698468327,0.178340397652964,0.3760764998892
PA3773,PA3773,hypothetical protein,+,1.85716065315483,0.20818370561632699,NA
PA3774,PA3774,histone deacetylase-like amidohydrolase,+,1.73194352107776,0.0135173427997136,0.0553836840706699
PA3775,PA3775,hypothetical protein,-,-0.00116340782927241,0.894868413047771,0.949477448920069
PA3776,PA3776,probable transcriptional regulator,+,0.668993542231069,0.278553606752329,0.498897073722884
xseA,PA3777,exodeoxyribonuclease VII large subunit,+,-0.142209016528185,0.724769214660338,0.854790980477927
PA3778,PA3778,probable transcriptional regulator,+,-0.119400751673808,0.881595622187125,0.940059448685352
PA3779,PA3779,putative periplasmic substrate binding protein,+,-0.889313986251038,0.00751761401116577,0.0339664049290796
PA3780,PA3780,hypothetical protein,+,-1.44497331035394,0.360028775180544,NA
PA3781,PA3781,probable transporter,+,-0.704657405877967,0.227266021827808,0.437932747047043
PA3782,PA3782,probable transcriptional regulator,-,-0.560855443537612,0.0321861607811563,0.111858890962232
PA3783,PA3783,hypothetical protein,+,-1.76512479712835,0.0225192923884169,0.083118653414181
PA3784,PA3784,hypothetical protein,-,-0.24628085263105,0.00451039104185683,0.022466635732711
PA3785,PA3785,putative copper binding protein,-,0.390759364413302,0.313241113950489,0.535874564266019
PA3786,PA3786,hypothetical protein,-,0.292322835279115,0.0768712274468254,0.212798635103712
PA3787,PA3787,conserved hypothetical protein,+,0.358673176791278,0.0350587251679873,0.119046639238583
PA3788,PA3788,hypothetical protein,+,3.21602158222253,9.18526494355099e-39,8.84701391705831e-37
PA3789,PA3789,hypothetical protein,-,-0.360839749300628,0.113059456233455,0.27990403118099
oprC,PA3790,Putative copper transport outer membrane porin OprC precursor,-,0.412384585160366,0.217032448963475,0.425922671510468
PA3791,PA3791,hypothetical protein,-,-0.499446044263135,0.0297964070581912,0.104753533041196
leuA,PA3792,2-isopropylmalate synthase,+,-0.196413791870056,0.617839716744894,0.785306116717222
PA3793,PA3793,hypothetical protein,-,-0.030110129204388,0.692531435074576,0.835775805097957
PA3794,PA3794,hypothetical protein,-,-0.16739143478265,0.766081158064236,0.877753109353055
PA3795,PA3795,probable oxidoreductase,+,2.28716515386082,5.46899629281213e-18,1.48815558317417e-16
PA3796,PA3796,hypothetical protein,-,0.444673111554806,0.0292733264796023,0.103300196344515
PA3797,PA3797,conserved hypothetical protein,-,0.0303286024132375,0.928969336388761,0.96556799129959
PA3798,PA3798,probable aminotransferase,-,-0.222745653836338,0.0201273839477959,0.0760006009926729
PA3799,PA3799,conserved hypothetical protein,-,0.116307537431133,0.301315774291768,0.524015656308415
PA3800,PA3800,conserved hypothetical protein,-,0.372436354537974,0.0924044160662254,0.243469386317784
PA3801,PA3801,conserved hypothetical protein,-,0.405111178337362,0.0348930123554619,0.118550901798985
hisS,PA3802,histidyl-tRNA synthetase,-,0.634375503814944,8.84265291215638e-05,0.000677490124633395
gcpE,PA3803,probable isoprenoid biosynthetic protein GcpE,-,0.653972844635038,0.00010373636086396,0.000784878101898389
PA3804,PA3804,hypothetical protein,-,0.697289646998544,4.4540093882876e-05,0.000362291273031222
pilF,PA3805,type 4 fimbrial biogenesis protein PilF,-,0.619499599250336,0.0128804592422997,0.0533870400835209
PA3806,PA3806,conserved hypothetical protein,-,0.626207562290979,0.0017300910357233,0.00976576037652926
ndk,PA3807,nucleoside diphosphate kinase,-,0.314946496769856,0.117166637904124,0.287724467342058
PA3808,PA3808,conserved hypothetical protein,-,-1.14114515555055,1.34124086910689e-12,2.61692912982014e-11
fdx2,PA3809,ferredoxin [2Fe-2S],-,-1.06478917759858,3.93545275181581e-11,6.90182869884924e-10
hscA,PA3810,heat shock protein HscA,-,-0.262373662969952,0.0469953303130711,0.147574680359106
hscB,PA3811,heat shock protein HscB,-,-0.313393594190423,0.0413891988961048,0.134808733605078
iscA,PA3812,probable iron-binding protein IscA,-,-0.0845852561632331,0.353180773031602,0.574157351054106
iscU,PA3813,probable iron-binding protein IscU,-,-0.39835427828702,0.165212798443166,0.359263353058466
iscS,PA3814,L-cysteine desulfurase (pyridoxal phosphate-dependent),-,-0.487142221116968,0.182496572258972,0.383179654140983
iscR,PA3815,IscR,-,-0.265091357842937,0.245761018473088,0.460270944473672
cysE,PA3816,O-acetylserine synthase,-,-0.250235748989482,0.0944943020354403,0.247364721635484
PA3817,PA3817,probable methyltransferase,-,-0.259320117573974,0.369914497085069,0.589299335340561
PA3818,PA3818,extragenic suppressor protein SuhB,+,-0.0464935820062863,0.532508476046281,0.72793108391441
PA3819,PA3819,conserved hypothetical protein,-,2.41132083638292,5.50804441041042e-19,1.60532868335416e-17
secF,PA3820,secretion protein SecF,-,-0.240056302955926,0.39113536299722,0.608878753891003
secD,PA3821,secretion protein SecD,-,-0.207557234749963,0.359228424089838,0.579579387763131
PA3822,PA3822,conserved hypothetical protein,-,-0.0582767830168975,0.20224181715527,0.410259081149929
tgt,PA3823,queuine tRNA-ribosyltransferase,-,-0.0609165712415377,0.649691904443785,0.808185829472097
queA,PA3824,S-adenosylmethionine:trna ribosyltransferase-isomerase,-,-0.365149847139007,0.188745496299987,0.391601731781072
PA3824.1,PA3824.1,tRNA-Leu,+,-0.384216996851467,0.406054038242462,0.621959943996326
PA3825,PA3825,Cyclic-guanylate-specific phosphodiesterase,-,-0.335466140239955,0.0366152422524956,0.122955888205945
PA3826,PA3826,hypothetical protein,+,-0.694740252279461,0.126367476326858,0.303609063739244
PA3827,PA3827,Lipopolysaccharide export system permease protein LptG,-,-0.108556204750598,0.384135672741559,0.603220980618672
PA3828,PA3828,Lipopolysaccharide export system permease protein LptF,-,-0.154846238912013,0.585560395949731,0.763999534489252
PA3829,PA3829,hypothetical protein,-,-0.0955824887454733,0.464298748418147,0.673044626230605
PA3830,PA3830,probable transcriptional regulator,-,-0.0133639225078218,0.818859484177987,0.90589085504708
pepA,PA3831,leucine aminopeptidase,+,-0.449291427172026,0.00657812176810945,0.0304702617472429
holC,PA3832,"DNA polymerase III, chi subunit",+,-0.247655541622077,0.324445989460188,0.54662565907629
PA3833,PA3833,hypothetical protein,+,-0.0371728225486985,0.192778826271284,0.397344401431437
valS,PA3834,valyl-tRNA synthetase,+,-0.371499907594128,0.0696516623152769,0.198798817934666
PA3835,PA3835,hypothetical protein,-,0.579901771193221,0.00579521258681916,0.0275159232995451
PA3836,PA3836,hypothetical protein,+,-0.746446670055529,0.00193075842377593,0.0106993991922122
PA3837,PA3837,probable permease of ABC transporter,+,-1.11219020122468,0.0267487247774869,0.0961803277526251
PA3838,PA3838,probable ATP-binding component of ABC transporter,+,-1.08525206672084,2.84732279333341e-06,2.75999276516727e-05
PA3839,PA3839,probable sodium:sulfate symporter,+,-0.0580598448565171,0.283544990325727,0.503969244667989
PA3840,PA3840,conserved hypothetical protein,+,-0.521183301848753,0.196853630761496,0.403005341248569
exoS,PA3841,exoenzyme S,-,0.660900501832495,0.00883959081885184,0.0390383093804898
PA3842,PA3842,"specific Pseudomonas chaperone for ExoS, SpcS",+,0.0716900189314244,0.837726567141923,0.918562488149112
PA3844,PA3844,hypothetical protein,-,0.0914775637241689,0.845695109038523,0.923129685491232
PA3845,PA3845,probable transcriptional regulator,+,0.0438319767020957,0.400224007588083,0.617303278822696
PA3846,PA3846,hypothetical protein,-,0.130597002684697,0.36760797018338,0.587513990839602
PA3847,PA3847,conserved hypothetical protein,+,-0.251156430846062,0.537257804895413,0.730304740166973
PA3848,PA3848,hypothetical protein,+,-0.134852480154483,0.774279254906777,0.883144082476376
PA3849,PA3849,conserved hypothetical protein,+,-0.444228496919968,0.184512671420019,0.385229155802018
PA3850,PA3850,hypothetical protein,-,-0.274899612180168,0.000803461506751683,0.00493202589468366
PA3851,PA3851,hypothetical protein,-,0.0614854251867877,0.748172906373272,0.86850369946095
PA3852,PA3852,hypothetical protein,-,0.103550966703145,0.553919532559048,0.744118601631238
PA3853,PA3853,probable transferase,-,0.384031776710346,0.255824386855197,0.471406735328679
PA3854,PA3854,hypothetical protein,-,0.209891263823596,0.478651766418324,0.682920037297529
PA3855,PA3855,hypothetical protein,-,0.388227603939525,0.103173858771292,0.262498522022725
PA3856,PA3856,hypothetical protein,-,1.10989090745519,1.60399165604931e-09,2.38554445316354e-08
pcs,PA3857,phosphatidylcholine synthase,-,1.14538434495615,3.63426126964315e-10,5.72797334654407e-09
PA3858,PA3858,probable amino acid-binding protein,-,-0.117028038739722,0.785131299195672,0.887952028153206
PA3859,PA3859,carboxylesterase,+,-0.310950533446318,0.331369747741167,0.55301199925561
PA3860,PA3860,probable AMP-binding enzyme,-,-0.307027983725886,0.00466205096733037,0.0229807678877016
rhl,PA3861,ATP-dependent RNA helicase RhlB,+,-0.569236860783267,5.21659947298475e-07,5.74488667914183e-06
dauB,PA3862,"NAD(P)H-dependent anabolic L-arginine dehydrogenase, DauB",+,0.668479493524805,0.25086288017979,0.466800354777971
dauA,PA3863,"FAD-dependent catabolic D-arginine dehydrogenase, DauA",+,-0.158878566938579,0.108359603005214,0.270809749190955
dauR,PA3864,"Transcriptional regulator of the dauBAR operon, DauR",+,-0.389552351477359,0.13365231279212,0.314385090607059
PA3865,PA3865,"putative periplasmic lysine-, arginine-, ornithine-binding protein",-,0.481989159025579,0.118113265437919,0.289683747570938
PaiI,PA3865.2,sRNA,+,-3.13795764474713,0.000691809132572104,0.00432327272548664
PA3865a,PA3865a,–,+,0.211520997620753,0.45692102955127,0.667733462036164
PA3866,PA3866,Pyocin S4,-,-0.155010666691877,0.0815620499195754,0.22227514881951
PA3867,PA3867,probable DNA invertase,+,-0.367900451416226,0.345885318886129,0.566314640508851
PA3868,PA3868,hypothetical protein,+,0.0495022429153981,0.851580237169017,0.925723554127839
PA3869,PA3869,hypothetical protein,+,1.22987238240244,0.00397820764171597,0.0201164699749438
moaA1,PA3870,molybdopterin biosynthetic protein A1,-,0.630829203258514,0.115759543044759,0.284845461149878
PA3871,PA3871,"probable peptidyl-prolyl cis-trans isomerase, PpiC-type",-,0.360500673438473,0.661387439396232,0.815379720084587
narI,PA3872,respiratory nitrate reductase gamma chain,-,0.527123910058103,0.315417428981419,0.537476259213494
narJ,PA3873,respiratory nitrate reductase delta chain,-,0.912603702637462,0.241380690230488,0.454875164074099
narH,PA3874,respiratory nitrate reductase beta chain,-,0.230577516947845,0.763196258892415,0.876765410632179
narG,PA3875,respiratory nitrate reductase alpha chain,-,0.00989660314230174,0.897661523138446,0.949514520593348
narK2,PA3876,nitrite extrusion protein 2,-,-0.361216908666473,0.609946110159244,0.779473946606171
narK1,PA3877,nitrite extrusion protein 1,-,-1.96527027984858,0.0036699430224197,0.0188243569400192
narX,PA3878,two-component sensor NarX,+,0.330909103222658,0.0539112606126204,0.162752999700189
narL,PA3879,two-component response regulator NarL,+,0.188493809132468,0.251295409809011,0.46717541259837
PA3880,PA3880,conserved hypothetical protein,+,0.420566160240832,0.0124053591997648,0.0517358897760637
PA3881,PA3881,hypothetical protein,+,0.0930882245064172,0.723904384809885,0.854435286330749
PA3882,PA3882,hypothetical protein,+,-0.0225705665827387,0.700377092146777,0.839202391967208
PA3883,PA3883,probable short-chain dehydrogenase,+,0.247867094436908,0.721270885512507,0.852963526340402
PA3884,PA3884,hypothetical protein,+,1.01600944752728,0.363466688351568,0.58377868314381
tpbA,PA3885,protein tyrosine phosphatase TpbA,+,0.634364673476752,0.35667626696108,0.577722259467832
PA3886,PA3886,hypothetical protein,+,0.0997271647051455,0.495175134048689,0.697313231238673
PA3886a,PA3886a,–,+,4.15758165603628,2.68752566166245e-71,1.8119895238853e-68
nhaP,PA3887,Na+/H+ antiporter NhaP,-,1.02702603113444,3.47449038092342e-07,3.97047224697614e-06
PA3888,PA3888,"OpuC ABC transporter, permease protein, OpuCD",+,3.79221778346839,2.09300882118671e-47,3.34220461235815e-45
PA3889,PA3889,"OpuC ABC transporter, periplasmic substrate-binding protein, OpuCC",+,4.03158428549331,1.32115034409717e-37,1.19652840119128e-35
PA3890,PA3890,"OpuC ABC transporter, permease protein, OpuCB",+,4.03903843308013,5.11696757858606e-48,8.6249331296834e-46
PA3891,PA3891,"OpuC ABC transporter, ATP-binding protein, OpuCA",+,4.25130184270206,4.51001576469377e-53,1.18985981131138e-50
PA3892,PA3892,conserved hypothetical protein,-,-0.265984786127295,0.0906962740611177,0.240220423833637
PA3893,PA3893,conserved hypothetical protein,-,-1.20034562055293,0.000365117229827658,0.00246993461604708
PA3894,PA3894,probable outer membrane protein precursor,-,-0.0671401078736866,0.22044085927894,0.430256944038367
PA3895,PA3895,probable transcriptional regulator,+,-0.141078628162167,0.201496339875992,0.409278190092874
PA3896,PA3896,probable 2-hydroxyacid dehydrogenase,+,0.331025616734804,0.249223249640425,0.46517584706801
PA3897,PA3897,hypothetical protein,-,0.739394392845108,0.452976037194516,0.664711773944303
PA3898,PA3898,probable transcriptional regulator,+,0.118787588912545,0.794555447232418,0.893010271125452
PA3899,PA3899,FecI,+,0.543122706328183,0.556161035282032,0.745644092375468
PA3900,PA3900,FecR,+,0.620192691802663,0.0180515287097161,0.0696475401987629
fecA,PA3901,Fe(III) dicitrate transport protein FecA,+,-0.0447674272719104,0.362856485419824,0.583107297014696
PA3902,PA3902,hypothetical protein,-,1.25597410453469,2.39791209318728e-16,5.93899207406548e-15
prfC,PA3903,peptide chain release factor 3,+,-0.417136751566808,0.00240827758609356,0.0128752673060931
PA3904,PA3904,PAAR4,+,-0.18879544032192,0.188766490682208,0.391601731781072
PA3905,PA3905,"type VI effector chaperone for Tox-Rease, TecT",+,-0.992205871041347,7.95058506057873e-05,0.000613013343679692
PA3906,PA3906,"co-chaperone, co-TecT",+,-0.995396653908158,0.000894215642684921,0.0054369744687496
PA3907,PA3907,"TOX-REase-5 domain-containing effector, TseT",+,-1.24739305651803,1.25669315797267e-08,1.70214600057548e-07
PA3908,PA3908,"immunity protein, TsiT",+,-1.28098402803837,1.4701211272439e-05,0.00012947307692476
eddB,PA3909,"Extracelullar DNA degradation protein, EddB",-,-0.0928742421345955,0.697113472143885,0.8383045083173
eddA,PA3910,"Extracelullar DNA degradation protein, EddA",-,0.312238227798888,0.327627114854144,0.549629266648894
PA3911,PA3911,conserved hypothetical protein,-,0.234381549972051,0.498026319494854,0.699866536983504
PA3912,PA3912,conserved hypothetical protein,-,0.0431303332289807,0.887248369055658,0.944524674449633
PA3913,PA3913,probable protease,-,-0.171643061784845,0.85271157258676,0.926123827180322
moeA1,PA3914,molybdenum cofactor biosynthetic protein A1,-,-1.00216645793392,0.182917362576275,0.38379756435437
moaB1,PA3915,molybdopterin biosynthetic protein B1,-,-0.984808787187843,0.0367094034975029,0.123067768189419
moaE,PA3916,"molybdopterin converting factor, large subunit",-,-0.141676803787698,0.804773521011223,0.899496357615785
moaD,PA3917,"molybdopterin converting factor, small subunit",-,-0.303230114129932,0.450138145258896,0.662264892188452
moaC,PA3918,molybdopterin biosynthetic protein C,-,-0.17018259852448,0.750639856278375,0.869297507422738
PA3919,PA3919,conserved hypothetical protein,-,-0.00792971492884598,0.987874165553529,0.995465945954522
PA3920,PA3920,CopA1,+,0.0286790113186176,0.99254681141792,0.996940861885501
PA3921,PA3921,probable transcriptional regulator,-,0.868391424852482,7.80257593628117e-09,1.08095960688023e-07
PA3922,PA3922,conserved hypothetical protein,-,0.301166214717574,0.306660320955034,0.529241987359256
PA3923,PA3923,hypothetical protein,-,-0.0210750447953759,0.860188184109553,0.929254388673094
PA3924,PA3924,probable medium-chain acyl-CoA ligase,-,0.0507340537196618,0.903320538544819,0.951616913283097
PA3925,PA3925,probable acyl-CoA thiolase,+,-0.305572578885835,0.545250801977203,0.736385903938943
PA3926,PA3926,probable major facilitator superfamily (MFS) transporter,-,-0.118642808772095,0.927748058822841,0.964794382337103
PA3927,PA3927,probable transcriptional regulator,+,0.278318179515558,0.662149781648292,0.815643917627055
PA3928,PA3928,hypothetical protein,-,1.44052859674091,2.26865587546682e-06,2.2347733526514e-05
cioB,PA3929,cyanide insensitive terminal oxidase,-,1.42476265557023,6.65802909064962e-15,1.52456303856837e-13
cioA,PA3930,cyanide insensitive terminal oxidase,-,1.32129295547271,1.29456248053968e-21,4.46329837040614e-20
PA3931,PA3931,putative methionine-binding protein,+,0.198873693818246,0.355745847637953,0.576886410378412
PA3932,PA3932,probable transcriptional regulator,+,0.120292808719733,0.919465934161773,0.960590126763864
PA3933,PA3933,BetT3,+,0.12732285673767,0.862206976840414,0.93029291684081
PA3934,PA3934,conserved hypothetical protein,-,-0.495972154882915,0.00696912535025713,0.0318678618126302
tauD,PA3935,taurine dioxygenase,-,1.29617158028638,0.00150234569502962,0.00855984382858188
PA3936,PA3936,probable permease of ABC taurine transporter,-,0.633371662507542,0.634443728750573,NA
PA3937,PA3937,probable ATP-binding component of ABC taurine transporter,-,0.496313820274794,0.758576543275463,0.873711544181664
PA3938,PA3938,probable periplasmic taurine-binding protein precursor,-,0.198519660811187,0.904339738699019,0.951616913283097
PA3939,PA3939,hypothetical protein,-,-0.143323932824269,0.944682169391455,0.973231138177818
PA3940,PA3940,probable DNA binding protein,+,1.0768844186352,2.49077877263966e-06,2.43774928909314e-05
PA3941,PA3941,hypothetical protein,-,0.587532853563181,0.00899266084575944,0.0395369545093584
tesB,PA3942,acyl-CoA thioesterase II,-,0.144300707650593,0.625017281752776,0.789501643019904
PA3943,PA3943,conserved hypothetical protein,-,0.7525640139745,0.00237800075529882,0.0127246107435214
PA3944,PA3944,conserved hypothetical protein,-,1.00091542287094,9.41492667954715e-05,0.000717710742355428
PA3945,PA3945,conserved hypothetical protein,-,0.526610204448924,0.00527478096041914,0.0253222870789742
rocS1,PA3946,two-component sensor RocS1,-,0.2497804750513,0.264550054533581,0.482213797209302
rocR,PA3947,RocR,-,0.510609303365568,0.0600504861066728,0.17714455502931
rocA1,PA3948,Two-component response regulator RocA1,+,-0.147664083130656,0.422009289497691,0.636844657714994
PA3949,PA3949,hypothetical protein,+,0.360517779384888,0.138957851059185,0.32060693544758
PA3950,PA3950,probable ATP-dependent RNA helicase,-,-0.0755116824684257,0.813536798434216,0.902269939659082
PA3951,PA3951,conserved hypothetical protein,-,0.331504302410758,8.91634761273392e-06,8.1170574393135e-05
PA3952,PA3952,hypothetical protein,-,1.1182877280162,1.3686189443883e-10,2.24453506879681e-09
PA3953,PA3953,conserved hypothetical protein,+,-0.326881720355974,0.840916589015441,0.920664470577528
PA3954,PA3954,"FMNH2-dependent monooxygenase, SfnG",+,-0.403741400404003,0.668921478189963,0.818970755660147
PA3955,PA3955,hypothetical protein,+,0.184269671298964,0.63936793111296,0.799934970307926
PA3956,PA3956,hypothetical protein,+,-0.00875720411418317,0.468000106196966,0.675666106210609
PA3957,PA3957,probable short-chain dehydrogenase,-,0.759721464558843,0.000678911074831199,0.00425801707295103
PA3958,PA3958,hypothetical protein,+,0.102500352533349,0.113944036797414,0.281405134426824
PA3959,PA3959,hypothetical protein,+,0.747980490836632,0.317476611894517,0.53988960815089
PA3960,PA3960,hypothetical protein,+,0.372921492269168,0.83843573519452,0.919144957036417
PA3961,PA3961,probable ATP-dependent helicase,-,-0.128651997784126,0.0944092725115296,0.247342173633079
PA3962,PA3962,hypothetical protein,+,2.12202573061867,2.82728524099897e-31,1.88527108158041e-29
PA3963,PA3963,probable transporter,+,1.58246923025551,1.09883662325852e-06,1.14369479072602e-05
PA3963a,PA3963a,–,-,0.283514687614065,0.568809346052086,0.755433249123366
PA3965,PA3965,probable transcriptional regulator,+,-0.103508015583235,0.584472538646703,0.763197625243855
PA3966,PA3966,hypothetical protein,+,-1.42497465437576,1.01718447941894e-12,2.03705459442711e-11
PA3967,PA3967,hypothetical protein,+,-2.55121635556221,7.07719825908963e-08,8.83630432842713e-07
PA3968,PA3968,probable pseudouridine synthase,-,-0.0771387285939759,0.74902718699836,0.86850369946095
PA3969,PA3969,conserved hypothetical protein,+,1.72364076593664,9.02429389499154e-11,1.50852383897545e-09
PA3969a,PA3969a,–,-,0.664656758095772,0.0740516840376647,0.207454117608749
amn,PA3970,AMP nucleosidase,-,0.609068190323463,0.00520389558900891,0.0250414261967534
PA3971,PA3971,hypothetical protein,-,0.593524149201479,0.0651988401391948,0.188753130708318
PA3972,PA3972,probable acyl-CoA dehydrogenase,-,0.396702003151324,0.0123295709891982,0.0515615690988662
PA3973,PA3973,probable transcriptional regulator,-,0.286854540825222,0.291667822963665,0.513141424985063
ladS,PA3974,"Lost Adherence Sensor, LadS",-,0.870788548157189,1.94001275591253e-06,1.93300449965144e-05
thiD,PA3975,phosphomethylpyrimidine kinase,+,-0.477386694152487,0.162985612393632,0.355754207195884
thiE,PA3976,thiamin-phosphate pyrophosphorylase,+,-0.322493499085594,0.412741420243644,0.627540701087053
hemL,PA3977,"glutamate-1-semialdehyde 2,1-aminomutase",+,-0.691762597878583,0.00068777653770183,0.00430250312451001
PA3978,PA3978,hypothetical protein,+,-0.419734537006891,0.242572379141903,0.456553721040033
PA3979,PA3979,hypothetical protein,-,-0.500283415570962,0.207745226515411,0.416451283282297
PA3980,PA3980,conserved hypothetical protein,+,-0.697961521821007,0.011463947910654,0.048713750645552
PA3981,PA3981,conserved hypothetical protein,+,0.510037997345963,0.031404020873778,0.109714586331341
PA3982,PA3982,conserved hypothetical protein,+,0.555119737046513,0.0425571416528381,0.1376528441095
PA3983,PA3983,conserved hypothetical protein,+,0.0922558307649202,0.67058553005261,0.819889783671013
lnt,PA3984,apolipoprotein N-acyltransferase,+,-0.277504856886189,0.271660543257547,0.490782433490731
PA3985,PA3985,conserved hypothetical protein,-,0.154593729561214,0.790253214621137,0.89048403088599
PA3986,PA3986,hypothetical protein,-,-0.0618017712292855,0.941951655629217,0.972730198495251
leuS,PA3987,leucyl-tRNA synthetase,+,-0.30825706784996,0.145176232819114,0.328641439420159
PA3988,PA3988,LPS-assembly lipoprotein LptE,+,-0.67216417493224,0.00671089023398162,0.0309906255249623
holA,PA3989,"DNA polymerase III, delta subunit",+,-0.611584431707615,0.0269316455974838,0.0966417655148028
PA3990,PA3990,conserved hypothetical protein,+,-0.697130955789176,0.52761121507087,0.724279644974537
PA3992,PA3992,SltB3,+,1.52916902808323,2.34948469658924e-15,5.63504867150336e-14
PA3993,PA3993,probable transposase,+,1.21721160703429,0.372225302636771,0.591983478437494
PA3994,PA3994,probable epoxide hydrolase,-,0.2912875066663,0.55498891211441,0.744566154921565
PA3995,PA3995,probable transcriptional regulator,+,0.402612072318599,0.0276406552084559,0.0984292815756518
lis,PA3996,lipoate synthase,-,-0.0760355862385338,0.315699962458163,0.537724532093676
lipB,PA3997,lipoate-protein ligase B,-,-0.107889381745913,0.792580314281179,0.891946837362425
PA3998,PA3998,conserved hypothetical protein,-,0.158323432438654,0.228202082117767,0.439039389439001
dacC,PA3999,D-ala-D-ala-carboxypeptidase,-,0.132375670377363,0.615399810022347,0.783409547550633
PA4000,PA4000,RlpA,-,0.199670212580901,0.0926069127511259,0.243791213264135
sltB1,PA4001,soluble lytic transglycosylase B,-,0.289239485198101,0.0259579044070103,0.0938133197985341
rodA,PA4002,rod shape-determining protein,-,-0.463587004792045,0.0119522811728505,0.0503474116657455
pbpA,PA4003,penicillin-binding protein 2,-,-0.133079486206876,0.615638968486364,0.783409547550633
PA4004,PA4004,conserved hypothetical protein,-,0.25927165836173,0.321722936921059,0.543802109254858
PA4005,PA4005,conserved hypothetical protein,-,0.0556820733696853,0.447098919493147,0.659454604638895
nadD,PA4006,nicotinate mononucleotide adenylyltransferase NadD1,-,0.0882310997590506,0.765316764493224,0.877374291884542
proA,PA4007,gamma-glutamyl phosphate reductase,-,0.0081770666494686,0.853091019545573,0.926370133608185
PA4008,PA4008,probable hydrolase,+,0.224455377325044,0.52652195098373,0.723326963678803
PA4009,PA4009,hypothetical protein,-,0.356246667301803,0.160183866653752,0.351349166052978
PA4010,PA4010,hypothetical protein,+,-0.0409683251953239,0.635731797222624,0.79768828485254
PA4011,PA4011,hypothetical protein,+,0.182795131858441,0.753682917370499,0.871263583661014
PA4012,PA4012,hypothetical protein,-,0.337747228148548,0.126766587459827,0.304039388421435
PA4013,PA4013,conserved hypothetical protein,-,-0.0108969543610398,0.76644025007052,0.877998761077575
PA4014,PA4014,hypothetical protein,-,0.067901843577331,0.971209428571539,0.987317609745703
PA4015,PA4015,conserved hypothetical protein,+,-1.17179075177261,0.000474320305664424,0.0031081810094727
PA4016,PA4016,hypothetical protein,+,1.79469680735682,2.6555259589559e-09,3.81841979121905e-08
PA4017,PA4017,conserved hypothetical protein,+,2.35416377398067,3.0196263720189e-25,1.35726613521561e-23
PA4018,PA4018,hypothetical protein,-,0.208056060728039,0.478595388781111,0.682920037297529
PA4019,PA4019,UbiX,-,0.217954464103765,0.538379315492847,0.730922672277698
mpl,PA4020,UDP-N-acetylmuramate:L-alanyl-gamma-D-glutamyl-meso-diaminopimelate ligase,-,0.146948397926919,0.707144030790112,0.844104788225972
PA4021,PA4021,"regulator of ethanolamine catabolism, EatR",-,0.223502165796834,0.368488127387491,0.588092200260749
PA4022,PA4022,"hydrazone dehydrogenase, HdhA",+,-0.197519946851995,0.771786118350227,0.881334163916692
PA4023,PA4023,"ethanolamine transporter, Eat",+,-0.109678387948966,0.392777762698641,0.611278651976239
eutB,PA4024,"ethanolamine-ammonia lyase, large subunit, EutB",+,0.172969983832171,0.208270620372927,0.416541240745854
PA4025,PA4025,"ethanolamine-ammonia lyase, small subunit, EutC",+,0.207108696616927,0.641921494019269,0.801624199131341
PA4026,PA4026,probable acetyltransferase,+,-0.0843325619366383,0.823737055444695,0.909157740904519
PA4027,PA4027,hypothetical protein,+,0.328203282293193,0.423022346612109,0.637580625743238
PA4027a,PA4027a,–,-,1.20240369277368,4.95880470731232e-05,0.000401200359519615
PA4029,PA4029,conserved hypothetical protein,+,0.676266355082234,7.22164563971212e-05,0.000563976135672756
PA4030,PA4030,conserved hypothetical protein,+,0.667131397524533,0.00316243126958954,0.0165001143111516
ppa,PA4031,inorganic pyrophosphatase,+,-0.835249767754506,0.000111956331110216,0.000841822821780408
PA4032,PA4032,probable two-component response regulator,-,-0.153678017856892,0.675597995647008,0.824523056634361
PA4033,PA4033,MucE,+,0.0821525076996894,0.42719991716277,0.641366046414911
aqpZ,PA4034,aquaporin Z,+,-0.199365118871563,0.534811346577923,0.729266348547154
PA4035,PA4035,hypothetical protein,+,0.158632756685987,0.338606435342004,0.559092203987831
PA4036,PA4036,probable two-component sensor,+,-0.0974571542870117,0.690789876368598,0.834360911301557
PA4037,PA4037,probable ATP-binding component of ABC transporter,+,0.247610866164946,0.787405683818586,0.888911186302402
PA4038,PA4038,hypothetical protein,+,-1.3286517899377,0.233856440694313,NA
PA4039,PA4039,hypothetical protein,+,0.2184748420041,0.668340956479316,0.818820483591589
PA4040,PA4040,hypothetical protein,+,0.159550706701447,0.792339831904912,0.891841606380821
PA4041,PA4041,hypothetical protein,-,0.238826650801231,0.531027991188921,0.726392662428848
xseB,PA4042,exodeoxyribonuclease VII small subunit,+,-0.563044785012,0.0648706474812166,0.188103573191602
ispA,PA4043,geranyltranstransferase,+,-0.322260883832888,0.407975960553409,0.623576354820676
dxs,PA4044,1-deoxyxylulose-5-phosphate synthase,+,-0.455087205208941,0.0237186683150209,0.0868063204677604
PA4045,PA4045,conserved hypothetical protein,-,-0.246159042209897,0.272484682190663,0.49209436057528
PA4046,PA4046,hypothetical protein,-,0.208784743391225,0.395531027957825,0.613276802821572
ribA,PA4047,GTP cyclohydrolase II,-,-0.293727199722431,0.389442435789204,0.607022013965808
PA4048,PA4048,hypothetical protein,-,-0.212677088852188,0.494225747275422,0.696461178464297
PA4049,PA4049,hypothetical protein,-,-0.0457254742124025,0.699945797680692,0.838884278160466
pgpA,PA4050,phosphatidylglycerophosphatase A,-,-0.255935657477348,0.0775470163777586,0.21398603700784
thiL,PA4051,thiamine monophosphate kinase,-,-0.245379630371779,0.174175409974155,0.370710763845377
nusB,PA4052,NusB protein,-,-0.211757266168965,0.207996484706676,0.416541240745854
ribE,PA4053,"6,7-dimethyl-8-ribityllumazine synthase",-,-0.294843530953349,0.257454043645598,0.473259962690545
ribB,PA4054,"GTP cyclohydrolase II / 3,4-dihydroxy-2-butanone 4-phosphate synthase",-,-0.113200942972607,0.238693483994795,0.45177544007499
ribC,PA4055,riboflavin synthase alpha chain,-,0.0156352444265512,0.572666529989437,0.758066684037958
ribD,PA4056,riboflavin-specific deaminase/reductase,-,-0.0889434077896746,0.924237815421386,0.963290117481445
nrdR,PA4057,NrdR,-,-0.485864862007302,0.0638933969329634,0.186211967339575
PA4058,PA4058,"hypothetical protein, pseudogene",+,-0.0936357407425512,0.93784470842676,0.97080206256117
PA4060,PA4060,hypothetical protein,+,0.0512602224312591,0.937180210972458,0.970279733864677
PA4061,PA4061,probable thioredoxin,+,0.221702409542751,0.0232771642617805,0.0853643399656947
PA4062,PA4062,hypothetical protein,-,-0.369459112480587,0.123025239043344,0.298129852442097
PA4063,PA4063,hypothetical protein,+,-0.616307134573411,0.2615197004816,0.478703331077631
PA4064,PA4064,probable ATP-binding component of ABC transporter,+,0.00852823415951536,0.596405319134445,0.771431365568704
PA4065,PA4065,hypothetical protein,+,-0.269328160057172,0.594766868086056,0.770086031457819
PA4066,PA4066,hypothetical protein,+,-0.62468851240523,0.00724767564204044,0.032992419951914
oprG,PA4067,Outer membrane protein OprG precursor,+,-0.0968747095392457,0.501341317513757,0.702734838224411
PA4068,PA4068,probable epimerase,-,0.103335731890098,0.0343597891595801,0.117132135179962
PA4069,PA4069,hypothetical protein,-,0.266451926706985,0.160578588656182,0.351892696267863
PA4070,PA4070,probable transcriptional regulator,-,-0.116572204226461,0.496013520978399,0.698169808697965
PA4071,PA4071,hypothetical protein,-,-1.918773737251,0.00103877724390999,0.00617970619220178
PA4072,PA4072,probable amino acid permease,-,-0.453526741882147,0.183684003085258,0.38474094950685
PA4073,PA4073,probable aldehyde dehydrogenase,-,-0.641516153199519,0.0392671969388535,0.129075488095863
PA4074,PA4074,probable transcriptional regulator,+,0.438728771891524,0.320583779099402,0.542925585145177
PA4075,PA4075,hypothetical protein,-,-0.609433563335687,0.00960927157300052,0.041918806545627
PA4076,PA4076,hypothetical protein,+,-1.03733583792589,0.0357601476076482,0.120484495104503
PA4077,PA4077,probable transcriptional regulator,+,-1.45340095931545,0.0133242049496792,0.054885440813954
PA4078,PA4078,probable nonribosomal peptide synthetase,+,0.329596953493785,0.00118570346859787,0.00692478214384202
PA4079,PA4079,NAD(P)H-dependent carbonyl reductase,+,-0.16930726606607,0.0165590131543916,0.0651621866542468
PA4080,PA4080,probable response regulator,-,-0.00661377252004599,0.960532401228132,0.981389600722848
cupB6,PA4081,fimbrial subunit CupB6,-,0.0388747458554399,0.770313481579521,0.881048822171445
cupB5,PA4082,adhesive protein CupB5,-,0.469316605432894,0.341233305553363,0.560987184529344
cupB4,PA4083,chaperone CupB4,-,0.425434445912558,0.696240566176395,0.837843700447812
cupB3,PA4084,usher CupB3,-,0.0728027347276783,0.656662646545606,0.813521629081
cupB2,PA4085,chaperone CupB2,-,-0.158586976417383,0.961496568275763,0.981389600722848
cupB1,PA4086,probable fimbrial subunit CupB1,-,0.302100085674153,0.574082964348031,0.758774869889752
PA4087,PA4087,conserved hypothetical protein,+,1.14988664064817,0.125295940500153,0.302405421852087
PA4088,PA4088,glutamate-1-semialdehyde aminomutase,+,0.576712120023777,0.641673046046315,0.801624199131341
PA4089,PA4089,probable short-chain dehydrogenase,+,-0.103366211048258,0.583845404556936,NA
PA4090,PA4090,hypothetical protein,+,-0.552427679693986,0.337795587801821,0.558726812877561
hpaA,PA4091,4-hydroxyphenylacetate 3-monooxygenase large chain,+,-1.6677646894226,0.000117823006883167,0.000883745371776336
hpaC,PA4092,4-hydroxyphenylacetate 3-monooxygenase small chain,+,-1.7340572926014,0.000535283221805466,0.00345542403182507
PA4093,PA4093,hypothetical protein,-,-2.1981029889898,2.13452097386924e-05,0.000184242863007661
PA4094,PA4094,probable transcriptional regulator,-,-0.432968478119276,0.00057651435043984,0.00367853741163928
PA4095,PA4095,hypothetical protein,+,2.69678613314078,0.25936658550013,NA
PA4096,PA4096,probable major facilitator superfamily (MFS) transporter,+,0.939264536913716,0.755665587381893,NA
PA4097,PA4097,probable alcohol dehydrogenase (Zn-dependent),+,-0.676139054182293,0.899735430235911,NA
PA4098,PA4098,probable short-chain dehydrogenase,+,1.05248795625844,0.618954079948033,NA
PA4099,PA4099,hypothetical protein,+,0.585232875993058,0.408527252609441,0.624104574228119
PA4100,PA4100,probable dehydrogenase,+,-0.567991033926683,0.0226320052485522,0.08338251842636
bfmR,PA4101,BfmR,+,0.252411770345397,0.551504058606872,0.742352845524955
bfmS,PA4102,BfmS,+,0.203668042209245,0.80743197271171,0.900707375828889
PA4103,PA4103,hypothetical protein,+,0.520089362453618,0.792334281942275,NA
PA4104,PA4104,conserved hypothetical protein,+,-0.245979974844917,0.752266359986058,0.869973751171222
PA4105,PA4105,hypothetical protein,-,-0.304577348260737,0.477127896454786,0.682545570717459
PA4106,PA4106,conserved hypothetical protein,-,-0.186934220769415,0.899514973999259,0.949922878911852
PA4107,PA4107,EfhP,-,-0.688243296400141,0.449522856827772,0.661943941250512
PA4108,PA4108,cyclic di-GMP phosphodiesterase,+,0.737379145023867,3.57224537800644e-06,3.44069602440366e-05
PA4108a,PA4108a,–,+,-0.139014451166293,0.864893904804924,0.931518674894618
ampR,PA4109,transcriptional regulator AmpR,-,-0.488922252641068,0.268959344223395,0.488197816556256
ampC,PA4110,beta-lactamase precursor,+,0.315444819797346,0.399306540103132,0.616597909585091
PA4111,PA4111,hypothetical protein,+,0.351507027657901,0.157267855739731,0.347650764527754
PA4112,PA4112,probable sensor/response regulator hybrid,-,0.041605684339441,0.286010799598101,0.506423557619282
PA4113,PA4113,probable major facilitator superfamily (MFS) transporter,-,0.129881870295878,0.884577968171355,0.942183449335402
PA4114,PA4114,lysine decarboxylase,-,-0.437001717526222,0.0783657942980341,0.215754827495677
PA4115,PA4115,conserved hypothetical protein,+,0.463409072879302,0.0569023221844357,0.170090291140471
bphO,PA4116,"heme oxygenase, BphO",+,-0.11814402217754,0.105255690278536,0.265457825690007
bphP,PA4117,"bacterial phytochrome, BphP",+,-0.122399149005638,0.135324153758798,0.3164157828915
PA4118,PA4118,hypothetical protein,+,-0.429502530575092,0.0269702370425221,0.0966659175274804
aph,PA4119,aminoglycoside 3'-phosphotransferase type IIb,-,0.0252725635737032,0.985188269346408,0.994365006386228
PA4120,PA4120,probable transcriptional regulator,-,-0.271093090770663,0.732775731893822,0.858642595639555
PA4121,PA4121,conserved hypothetical protein,+,0.91567813035879,0.62509452074633,NA
PA4122,PA4122,conserved hypothetical protein,+,-1.33544264428823,0.172868379217619,0.368903790003032
hpcC,PA4123,5-carboxy-2-hydroxymuconate semialdehyde dehydrogenase,+,0.420462552953817,0.120157025122963,0.293051779922081
hpcB,PA4124,"homoprotocatechuate 2,3-dioxygenase",+,0.911358459654886,0.0858979138552751,0.230567538222303
hpcD,PA4125,5-carboxymethyl-2-hydroxymuconate isomerase,+,-0.144249805079252,0.184816741602386,0.3854476417961
PA4126,PA4126,probable major facilitator superfamily (MFS) transporter,+,-0.796184127206765,0.0295663049231955,0.104186026872213
hpcG,PA4127,"2-oxo-hept-3-ene-1,7-dioate hydratase",+,-0.2281679801321,0.497228856824459,0.699555924695298
PA4128,PA4128,conserved hypothetical protein,+,-0.233793477067724,0.444927462526589,0.658511449930637
PA4129,PA4129,hypothetical protein,-,-0.306025287549409,0.0447637205664109,0.14288598442766
PA4130,PA4130,probable sulfite or nitrite reductase,-,-0.607092880693157,0.000317206219350707,0.00217246877993238
PA4131,PA4131,probable iron-sulfur protein,+,-0.288615211804902,0.294208899783547,0.51656817242088
PA4132,PA4132,MpaR,+,-0.0114771824357383,0.185122450270766,0.385756534424109
PA4133,PA4133,cytochrome c oxidase subunit (cbb3-type),+,-0.302868190038979,0.0172051311383778,0.067138736815226
PA4134,PA4134,hypothetical protein,+,-0.232797920684458,0.242127936002912,0.455858614851278
PA4135,PA4135,probable transcriptional regulator,-,-0.0262539246103802,0.846550690258579,0.923897408001629
PA4136,PA4136,probable major facilitator superfamily (MFS) transporter,-,0.0523426263458529,0.985720722162857,0.994736960266792
PA4137,PA4137,probable porin,+,-0.113943879887101,0.730098623968793,0.856623395638934
tyrS,PA4138,tyrosyl-tRNA synthetase,-,-0.596683782144985,0.130419178486561,0.309617987111289
PA4139,PA4139,hypothetical protein,+,0.464222944465,0.0559826029167009,0.168085988422834
PA4140,PA4140,hypothetical protein,+,0.754664154458786,0.0747807037863885,0.208917730467682
PA4141,PA4141,hypothetical protein,+,0.231499846229286,0.298278294832071,0.520400429281485
PA4142,PA4142,probable secretion protein,+,0.658544680776125,0.000373579859017307,0.00251875842724114
PA4143,PA4143,probable toxin transporter,+,0.200032281489035,0.698480499673242,0.838615420120668
PA4144,PA4144,probable outer membrane protein precursor,+,0.764702373282849,0.240220544493866,0.453533996262844
PA4145,PA4145,probable transcriptional regulator,+,0.300918572193308,0.668681697025412,0.818970755660147
PA4145a,PA4145a,–,-,-0.323013569642811,0.305526153027066,0.527769773182738
acoR,PA4147,transcriptional regulator AcoR,-,-0.329004830791173,0.18493837995033,0.385505355389421
PA4148,PA4148,probable short-chain dehydrogenase,+,-0.534478620928358,0.678582443559048,NA
PA4149,PA4149,conserved hypothetical protein,+,0.18959317916941,0.674298177040922,NA
PA4150,PA4150,probable dehydrogenase E1 component,+,0.872375111972044,0.0332269949171878,0.114427585219918
acoB,PA4151,acetoin catabolism protein AcoB,+,0.694110186853449,0.347088127878172,0.567537256794596
PA4152,PA4152,probable hydrolase,+,1.22813422027838,0.0422341697137506,0.136681035638954
PA4153,PA4153,"2,3-butanediol dehydrogenase",+,1.13953416196062,0.00234896427380244,0.012592630760566
PA4154,PA4154,conserved hypothetical protein,-,2.19836934882369,3.91752214464968e-15,9.1428939898978e-14
PA4155,PA4155,hypothetical protein,-,0.390846780232078,0.653451202394792,0.81093666888637
PA4156,PA4156,FvbA,-,1.15041819911804,0.0059990628570594,0.0282407396560407
PA4157,PA4157,probable transcriptional regulator,+,0.0703972032815827,0.824205897318932,0.909267949583548
fepC,PA4158,ferric enterobactin transport protein FepC,-,-0.124497147404221,0.968954265380154,0.985622917337648
fepB,PA4159,ferrienterobactin-binding periplasmic protein precursor FepB,+,1.11064709760494,0.13747278563389,0.319244111452906
fepD,PA4160,ferric enterobactin transport protein FepD,+,0.368890450455441,0.904508520530563,0.951616913283097
fepG,PA4161,ferric enterobactin transport protein FepG,+,-0.650454179314907,0.426275799195167,0.64049391077931
PA4162,PA4162,probable short-chain dehydrogenase,-,0.377165805796166,0.323058593064655,0.545537442595029
PA4163,PA4163,hypothetical protein,+,0.0147511089987331,0.993309690774262,0.997254004569527
PA4164,PA4164,hypothetical protein,+,-0.261758998662115,0.186372178007067,0.387961020976632
PA4165,PA4165,probable transcriptional regulator,-,-0.137744137368915,0.812099091856989,0.901837559547445
PA4166,PA4166,probable acetyltransferase,+,0.735315797286276,0.0872648989281929,0.233167506251112
PA4167,PA4167,probable oxidoreductase,-,0.147294950258468,0.808841813609718,0.900707375828889
fpvB,PA4168,second ferric pyoverdine receptor FpvB,+,0.582821088723159,0.210281606837501,0.418883988514772
PA4169,PA4169,conserved hypothetical protein,-,-0.147725496965468,0.423958458018112,0.638213680964913
PA4170,PA4170,hypothetical protein,+,1.57775818414049,1.72440374475165e-09,2.53972862212452e-08
PA4171,PA4171,probable protease,+,3.15027660352373,3.47715348993306e-15,8.17804937089682e-14
PA4172,PA4172,probable nuclease,+,2.80314140076422,3.97013565914189e-05,0.000325551124049635
PA4173,PA4173,conserved hypothetical protein,-,0.624679035534381,0.559882302087231,0.749639410649894
PA4174,PA4174,probable transcriptional regulator,+,0.236575881214185,0.728631371091648,0.855852721599714
piv,PA4175,protease IV,+,0.0382773169262177,0.974626170185767,0.989299364450859
ppiC2,PA4176,peptidyl-prolyl cis-trans isomerase C2,-,-0.353744668850206,0.385645254195682,0.604207436731061
PA4177,PA4177,hypothetical protein,+,0.186887194208727,0.931383806347901,0.96623205535474
PA4178,PA4178,"SAM-dependent methyltransferase , EftM",+,-0.708626118664618,0.33177423879882,0.553534803692945
PA4179,PA4179,probable porin,+,0.258552148464018,0.794882168102061,0.893212036304316
PA4180,PA4180,probable acetolactate synthase large subunit,-,-0.00812790312053537,0.953106567372441,0.977796012508107
PA4181,PA4181,hypothetical protein,+,0.520146396139873,0.53634875910679,0.729761016081242
PA4182,PA4182,hypothetical protein,+,-0.00457880303148468,0.998748026599672,0.99930501747528
PA4183,PA4183,hypothetical protein,-,-0.0377752319089793,0.992959485521783,0.997067376823793
PA4184,PA4184,sarcosine oxidation and utilization regulator SouR,-,0.158909891042444,0.460160981640862,0.670409804705102
PA4185,PA4185,probable transcriptional regulator,+,0.00239219936869002,0.999559647429063,0.999559647429063
PA4186,PA4186,hypothetical protein,+,-0.0130423965515942,0.765077166798227,0.877374291884542
PA4187,PA4187,probable major facilitator superfamily (MFS) transporter,+,0.542835258726482,0.211853802709804,0.41997023026563
PA4188,PA4188,conserved hypothetical protein,+,-0.150188026611442,0.505441005726894,0.706685719527833
PA4189,PA4189,probable aldehyde dehydrogenase,+,1.24017943609827,0.0384683813976863,0.127416014367446
pqsL,PA4190,probable FAD-dependent monooxygenase,+,-0.0151405777595572,0.276140462745963,0.495671096502729
PA4191,PA4191,isopenicillin-N synthase,-,0.831571114538207,0.594205810328582,0.769778150528146
PA4192,PA4192,probable ATP-binding component of ABC transporter,-,0.414187667220734,0.879259116126123,NA
PA4193,PA4193,probable permease of ABC transporter,-,0.583570643464878,0.199071503410757,0.405085809086678
PA4194,PA4194,probable permease of ABC transporter,-,0.373477457709494,0.502693171468595,0.704141773885373
PA4195,PA4195,putative amino acid ABC transporter substrate-binding protein,-,-0.00563567277539064,0.957471193767935,0.980083536400781
bfiR,PA4196,BfiR,-,0.0312494935791078,0.769634702163005,0.880494602700814
bfiS,PA4197,BfiS,-,0.434525613267303,0.130292280199492,0.309437791096093
PA4198,PA4198,probable AMP-binding enzyme,+,-0.14647706302688,0.141518143383774,0.324294597451942
PA4199,PA4199,probable acyl-CoA dehydrogenase,+,0.156170694650598,0.59753193530656,0.772350546448083
PA4200,PA4200,hypothetical protein,+,-0.357515816421953,0.467994232144716,0.675666106210609
ddlA,PA4201,D-alanine-D-alanine ligase A,-,0.258065269878332,0.201536458799853,0.409278190092874
PA4202,PA4202,nitronate monooxygenase NmoA,-,0.534210322271662,0.129100201719022,0.308295955935074
PA4203,PA4203,NmoR,+,0.797814658445856,0.0288196068684002,0.102073772744648
ppgL,PA4204,"periplasmic gluconolactonase, PpgL",+,2.39989975605919,4.77224670943033e-42,5.2650896423315e-40
mexG,PA4205,hypothetical protein,+,0.00456062080686804,0.406098434099117,0.621959943996326
mexH,PA4206,probable Resistance-Nodulation-Cell Division (RND) efflux membrane fusion protein precursor,+,-0.0244352976988682,0.0429428652134791,0.138678715335493
mexI,PA4207,probable Resistance-Nodulation-Cell Division (RND) efflux transporter,+,-0.14771540552553,0.111225847583739,0.277060116230758
opmD,PA4208,probable outer membrane protein precursor,+,0.156600328262915,0.892493168408253,0.948117742629776
phzM,PA4209,probable phenazine-specific methyltransferase,-,0.912597009303372,0.000388165609761394,0.00259118693072843
phzA1,PA4210,probable phenazine biosynthesis protein,+,0.827983936408035,0.0143047613327068,0.0577136248449899
phzB1,PA4211,probable phenazine biosynthesis protein,+,0.613170076660579,0.0142055998246194,0.0574281010898004
phzC1,PA4212,phenazine biosynthesis protein PhzC,+,1.19424697080147,0.00461722894103996,0.0228713022156983
phzD1,PA4213,phenazine biosynthesis protein PhzD,+,NA,NA,NA
phzE1,PA4214,phenazine biosynthesis protein PhzE,+,NA,NA,NA
phzF1,PA4215,probable phenazine biosynthesis protein,+,NA,NA,NA
phzG1,PA4216,probable pyridoxamine 5'-phosphate oxidase,+,1.10615367153308,0.110979059622568,0.276672528262015
phzS,PA4217,flavin-containing monooxygenase,+,1.27820980646478,6.2419149957326e-11,1.06994181339281e-09
PA4218,PA4218,AmpP,-,0.614092824189497,0.163940606864488,0.357242632419748
PA4219,PA4219,AmpO,-,-0.00967883291144155,0.878372705269488,0.938374221051982
PA4220,PA4220,hypothetical protein,-,0.159521404543213,0.451607974300721,0.6633641220181
fptA,PA4221,Fe(III)-pyochelin outer membrane receptor precursor,-,0.196999795725735,0.764943092900198,0.877374291884542
PA4222,PA4222,probable ATP-binding component of ABC transporter,-,1.09132039973166,0.138694628398453,0.320365057145722
PA4223,PA4223,probable ATP-binding component of ABC transporter,-,0.389637334014233,0.575099272076465,0.758999653607352
pchG,PA4224,pyochelin biosynthetic protein PchG,-,2.05372687411333,2.61986393104769e-06,2.55173905836234e-05
pchF,PA4225,pyochelin synthetase,-,0.872005497138994,0.00789845984371393,0.0353711102078643
pchE,PA4226,dihydroaeruginoic acid synthetase,-,1.91605701338573,2.27313188073895e-15,5.47355724298569e-14
pchR,PA4227,transcriptional regulator PchR,-,-0.513506986797716,0.274025537724336,0.49384822183287
pchD,PA4228,pyochelin biosynthesis protein PchD,+,-0.215321080538244,0.371159194610949,0.590661944112049
pchC,PA4229,pyochelin biosynthetic protein PchC,+,-1.39169360063333,0.43100582098422,NA
pchB,PA4230,salicylate biosynthesis protein PchB,+,0.0713616496254787,0.973139285080037,0.98828605554237
pchA,PA4231,salicylate biosynthesis isochorismate synthase,+,0.0584578035817618,0.8892024732377,0.946112678871886
ssb,PA4232,single-stranded DNA-binding protein,-,-0.586243762227867,0.0131845233286875,0.0543872791016151
PA4233,PA4233,probable major facilitator superfamily (MFS) transporter,-,-0.271881443997918,0.491563903529612,0.694484229713082
uvrA,PA4234,excinuclease ABC subunit A,+,-0.195964906361318,0.111385934125481,0.277345034170462
bfrA,PA4235,bacterial ferritin,-,-0.460060202235935,0.0944449268800006,0.247342173633079
katA,PA4236,catalase,-,-0.306860784766806,0.140553750980531,0.323060667026462
rplQ,PA4237,50S ribosomal protein L17,-,-0.514908274745354,0.0846538067898801,0.228099156128327
rpoA,PA4238,DNA-directed RNA polymerase alpha chain,-,-0.359682577591844,0.335899598551675,0.55704803607859
rpsD,PA4239,30S ribosomal protein S4,-,-0.326550739843249,0.477914479877154,0.682920037297529
rpsK,PA4240,30S ribosomal protein S11,-,-0.348002183672504,0.372307272312651,0.591983478437494
rpsM,PA4241,30S ribosomal protein S13,-,-0.330433467084938,0.253537289459589,0.469187030326559
rpmJ,PA4242,50S ribosomal protein L36,-,-0.378399423496556,0.0328144222619636,0.113457501017433
secY,PA4243,secretion protein SecY,-,-0.42720103521915,0.00578894623045574,0.0275076943824632
rplO,PA4244,50S ribosomal protein L15,-,-0.54770834527788,0.121190182898299,0.294624210667819
rpmD,PA4245,50S ribosomal protein L30,-,-0.456217104052768,0.210899960439513,0.419440969137029
rpsE,PA4246,30S ribosomal protein S5,-,-0.435459465903743,0.207563277244772,0.416224047032809
rplR,PA4247,50S ribosomal protein L18,-,-0.430019249374806,0.235714639824137,0.448234545425529
rplF,PA4248,50S ribosomal protein L6,-,-0.300824655307645,0.493863555832614,0.696274176764011
rpsH,PA4249,30S ribosomal protein S8,-,-0.305152893788683,0.250793000970348,0.466800354777971
rpsN,PA4250,30S ribosomal protein S14,-,-0.18455350216678,0.44390608915681,0.657976944872237
rplE,PA4251,50S ribosomal protein L5,-,-0.200486339273744,0.598476323047741,0.772350546448083
rplX,PA4252,50S ribosomal protein L24,-,-0.287364067617111,0.362681645033851,0.582980721076929
rplN,PA4253,50S ribosomal protein L14,-,-0.203551841262538,0.578319806289971,0.760505698841326
rpsQ,PA4254,30S ribosomal protein S17,-,-0.403623876499757,0.22594673067767,0.437146506460384
rpmC,PA4255,50S ribosomal protein L29,-,-0.438651824534597,0.217282212788563,0.42616099623303
rplP,PA4256,50S ribosomal protein L16,-,-0.406658716668482,0.247436699060855,0.462695189491917
rpsC,PA4257,30S ribosomal protein S3,-,-0.180337560293178,0.724543882806481,0.854691345425686
rplV,PA4258,50S ribosomal protein L22,-,-0.227482277507751,0.5488901419576,0.739654759360141
rpsS,PA4259,30S ribosomal protein S19,-,-0.232722382699391,0.600445688788192,0.773428501275135
rplB,PA4260,50S ribosomal protein L2,-,-0.366676607546043,0.28459489644636,0.504800301559927
rplW,PA4261,50S ribosomal protein L23,-,-0.341130479605589,0.461926522673067,0.671569465897996
rplD,PA4262,50S ribosomal protein L4,-,-0.246186066756602,0.621673185308165,0.787497186310663
rplC,PA4263,50S ribosomal protein L3,-,0.192199584843821,0.484381715432986,0.687377981582637
rpsJ,PA4264,30S ribosomal protein S10,-,0.297292588008285,0.157834348202384,0.348164572864093
tufA,PA4265,elongation factor Tu,-,-0.397832601785034,0.183413608037375,0.384307242255108
fusA1,PA4266,elongation factor G,-,-0.317213752014616,0.339403447980031,0.559799726601048
rpsG,PA4267,30S ribosomal protein S7,-,-0.259947628816901,0.657206753172821,0.813637943310892
rpsL,PA4268,30S ribosomal protein S12,-,-0.370321790924048,0.289123095659818,0.510296377098248
rpoC,PA4269,DNA-directed RNA polymerase beta* chain,-,-0.143013081077001,0.831746436598916,0.91481554781262
rpoB,PA4270,DNA-directed RNA polymerase beta chain,-,-0.156260173459022,0.594652544042737,0.770086031457819
P26,PA4270.1,sRNA,-,-0.773148781326413,0.000237972529727032,0.00168693611026125
rplL,PA4271,50S ribosomal protein L7 / L12,-,-0.994086882595198,3.04627972202825e-08,4.02719506607133e-07
rplJ,PA4272,50S ribosomal protein L10,-,-0.46235889061534,0.257130884150493,0.472809153037937
P27,PA4272.1,sRNA,+,-0.199849668881345,0.0555488957496378,0.166866682875645
rplA,PA4273,50S ribosomal protein L1,-,-0.33845950489768,0.432635946246085,0.646291216598042
rplK,PA4274,50S ribosomal protein L11,-,-0.458358141044139,0.309071439336512,0.532281967771471
nusG,PA4275,transcription antitermination protein NusG,-,-0.610860927599685,0.000553752391578753,0.00356327625885458
secE,PA4276,secretion protein SecE,-,-0.330704205233201,0.215729945962532,0.424155748504397
PA4276.1,PA4276.1,tRNA-Trp,-,-0.0459433809286433,0.890136223068746,0.946774163292051
tufB,PA4277,elongation factor Tu,-,-0.451828154633023,0.143015036199908,0.326656971452448
PA4277.1,PA4277.1,tRNA-Thr,-,-0.314511458101553,0.323351282836214,0.545537442595029
PA4277.2,PA4277.2,tRNA-Gly,-,-0.40442026913904,0.206607203308989,0.415267475879081
PA4277.3,PA4277.3,tRNA-Tyr,-,-0.495343589081918,0.104512218239002,0.264443751678221
PA4278,PA4278,hypothetical protein,-,-0.345801166589663,0.00504461782767946,0.024371609059203
PA4279,PA4279,hypothetical protein,-,-0.249087729351428,0.00454304388677675,0.0225775514373148
birA,PA4280,BirA bifunctional protein,-,-0.439394839258514,0.000141975610851622,0.00104678980151597
PA4280.1,PA4280.1,5S ribosomal RNA,-,1.19660416648484,0.874586657991922,NA
PA4280.2,PA4280.2,23S ribosomal RNA,-,NA,NA,NA
PA4280.3,PA4280.3,tRNA-Ala,-,NA,NA,NA
PA4280.4,PA4280.4,tRNA-Ile,-,NA,NA,NA
PA4280.5,PA4280.5,16S ribosomal RNA,-,NA,NA,NA
sbcD,PA4281,exonuclease SbcD,+,0.0169474997732777,0.973098320514653,0.98828605554237
PA4282,PA4282,probable exonuclease,+,-0.139104335999239,0.60730887839002,0.777868059026868
recD,PA4283,exodeoxyribonuclease V alpha chain,-,-0.0187020344682168,0.97425570299798,0.989099931010713
recB,PA4284,exodeoxyribonuclease V beta chain,-,-0.0291770696193686,0.97920317244993,0.99136589024051
recC,PA4285,exodeoxyribonuclease V gamma chain,-,-0.212677628731862,0.172357446768065,0.368392034867424
PA4286,PA4286,hypothetical protein,-,-0.354154140452358,0.138100776941445,0.319967741306105
PA4287,PA4287,hypothetical protein,-,-0.0780536422181642,0.979150999893631,0.99136589024051
PA4288,PA4288,probable transcriptional regulator,+,0.0303343969181931,0.904542909128409,0.951616913283097
PA4289,PA4289,probable transporter,+,0.0819721318866707,0.523369160276338,0.721445721162385
PA4290,PA4290,probable chemotaxis transducer,-,0.050009183436469,0.727370157096986,0.85537424794097
PA4291,PA4291,hypothetical protein,+,-0.188649008331604,0.756837902562246,0.872884779059108
PA4292,PA4292,probable phosphate transporter,+,-0.330380104406748,0.225213304685296,0.436472159958599
pprA,PA4293,two-component sensor PprA,-,-0.48921131386026,0.146949542137511,0.331152380640071
PA4294,PA4294,hypothetical protein,-,-0.414564208865551,0.423735273102258,0.638213680964913
fppA,PA4295,"Flp prepilin peptidase A, FppA",+,-0.566865174780171,0.178048986456157,0.375661074344911
pprB,PA4296,"two-component response regulator, PprB",+,-0.44216488455634,0.0581270073286039,0.17273001002447
tadG,PA4297,TadG,-,-1.0288469951029,0.000205137490489647,0.00146616524415922
PA4298,PA4298,hypothetical protein,-,-0.911029903491279,0.00531800690946862,0.0255096173333246
tadD,PA4299,TadD,-,-0.619066349185078,0.0398703111394893,0.130703969743069
tadC,PA4300,TadC,-,-0.796303298891315,0.202363145293068,0.410259081149929
tadB,PA4301,TadB,-,-0.701086738786055,0.0346606493996845,0.117958957126913
tadA,PA4302,TadA ATPase,-,-0.988663682974483,0.00571164573046314,0.027182953954863
tadZ,PA4303,TadZ,-,-0.806193778831815,0.102019777263417,0.261094900225395
rcpA,PA4304,RcpA,-,-0.951366112094815,0.0434447944182678,0.139853057045119
rcpC,PA4305,RcpC,-,-0.592972846837739,0.0825135454527354,0.22402335293387
flp,PA4306,"Type IVb pilin, Flp",+,-1.9963537751538,0.00115880515848359,0.00678074223884128
pctC,PA4307,chemotactic transducer PctC,+,-0.8527817402461,4.42902230923181e-05,0.000361227249629283
PA4308,PA4308,conserved hypothetical protein,-,0.570051151268074,0.00643714558514456,0.0298856919744891
pctA,PA4309,chemotactic transducer PctA,+,0.364074907341182,0.0620899793876036,0.182093988705804
pctB,PA4310,chemotactic transducer PctB,+,0.206002114779688,0.413679514485058,0.62833724503012
PA4311,PA4311,conserved hypothetical protein,+,2.60216439619286,8.82207850686219e-63,2.97402068775777e-60
PA4312,PA4312,conserved hypothetical protein,+,2.4761210344534,1.15380811256859e-41,1.22829958369582e-39
PA4313,PA4313,hypothetical protein,+,2.00830221538964,1.1332085131563e-10,1.86856229832403e-09
PA4313a,PA4313a,–,-,-0.435880259622252,0.00500946468551939,0.0242210611248858
purU1,PA4314,formyltetrahydrofolate deformylase,-,-0.336221595614945,0.069723720653396,0.198900135445361
mvaT,PA4315,"transcriptional regulator MvaT, P16 subunit",+,-0.502920719329317,0.239901140055829,0.453443413111579
sbcB,PA4316,exodeoxyribonuclease I,-,-0.616521734113945,0.00639802704383255,0.0297496000781425
PA4317,PA4317,hypothetical protein,+,-0.621729704398049,0.00963017562413555,0.0419798173040622
PA4318,PA4318,hypothetical protein,+,-0.968907842814965,0.00455275056428094,0.0226072753061021
PA4319,PA4319,conserved hypothetical protein,+,-0.525513888124091,0.0518544491715056,0.15808529122175
PA4320,PA4320,hypothetical protein,+,-0.662724656368939,0.00117670405472675,0.00687884412724654
PA4321,PA4321,hypothetical protein,+,-0.973976216436364,2.71098369274477e-07,3.12742377330328e-06
PA4322,PA4322,conserved hypothetical protein,+,-0.277337946665733,0.605566925126215,0.7767872107491
PA4323,PA4323,hypothetical protein,+,-0.520040266837954,0.00202831728165808,0.0111787731744789
PA4324,PA4324,hypothetical protein,-,-0.18690172592433,0.658966096682975,0.814545991988652
PA4325,PA4325,hypothetical protein,-,-0.164538594139543,0.210408437210452,0.418883988514772
PA4326,PA4326,hypothetical protein,-,0.334723935725993,0.284302569892634,0.504550919280873
PA4327,PA4327,hypothetical protein,+,-0.274067638346642,0.133381834969741,0.314192924920958
PA4328,PA4328,hypothetical protein,+,-0.285595417820199,0.16653429287592,0.36038876218655
pykA,PA4329,pyruvate kinase II,+,-0.279137824143561,0.0177507741172543,0.0687880615641356
PA4330,PA4330,probable enoyl-CoA hydratase/isomerase,-,-0.193644038272321,0.82752169742541,0.911325165150161
PA4331,PA4331,probable ferredoxin reductase,-,-0.375821075573236,0.171498091671862,0.366943025481263
PA4332,PA4332,SadC,-,-0.470907052308603,0.0135460150941709,0.0554614117024825
PA4333,PA4333,probable fumarase,+,-0.839883115534998,1.0890100840139e-06,1.13541463742205e-05
PA4334,PA4334,probable transport protein,-,0.13290257230368,0.131776945892956,0.311622177583186
PA4335,PA4335,hypothetical protein,-,0.0299047233368166,0.615476332894073,0.783409547550633
PA4336,PA4336,conserved hypothetical protein,-,-0.38955860523306,0.174828319644122,0.371406968826638
PA4337,PA4337,hypothetical protein,-,1.83076397780682,1.6339628960296e-09,2.42417771469624e-08
PA4338,PA4338,hypothetical protein,-,1.95306675543794,5.41309856497445e-21,1.7949006607795e-19
PA4339,PA4339,probable phospholipase,-,0.314945531644397,0.222152905317985,0.431920483649323
PA4340,PA4340,hypothetical protein,-,0.137122710044193,0.247621878831359,0.462898817236194
PA4341,PA4341,probable transcriptional regulator,-,0.764704660441798,0.0153172124742347,0.0609874312950498
PA4342,PA4342,probable amidase,-,0.134100042945281,0.875803269951479,0.937310618985276
PA4343,PA4343,probable major facilitator superfamily (MFS) transporter,-,1.68439212614921,6.42966749311544e-09,9.01044396032898e-08
PA4344,PA4344,probable hydrolase,-,3.71058909592044,1.39991577342052e-51,3.14618107893174e-49
PA4345,PA4345,hypothetical protein,-,3.45056600344168,6.68094373611623e-52,1.55922948425974e-49
PA4346,PA4346,hypothetical protein,-,1.88744427575766,1.17406154364033e-18,3.34469739286832e-17
PA4347,PA4347,hypothetical protein,-,0.0971776276451924,0.794048894266679,0.892771667669114
PA4348,PA4348,conserved hypothetical protein,-,0.216234013499382,0.384475507748057,0.603309382212363
PA4349,PA4349,hypothetical protein,-,0.185386142589045,0.568190861393374,0.755433249123366
PA4350,PA4350,OlsB,+,-0.0845935361508574,0.909924526797089,0.954450811715047
PA4351,PA4351,OlsA,+,0.0504054958140738,0.994819784150555,0.997685805674528
PA4352,PA4352,conserved hypothetical protein,-,-0.220647416165291,0.136178375264676,0.317331175539959
PA4353,PA4353,conserved hypothetical protein,-,-0.0961944885891999,0.761781501490378,0.875969329362064
PA4354,PA4354,conserved hypothetical protein,+,-0.0521041412691551,0.00958653425833922,0.0418497049493543
PA4355,PA4355,PyeM,+,0.128975510132274,0.568518112638294,0.755433249123366
xenB,PA4356,xenobiotic reductase,+,-0.156299585438177,0.619752066191512,0.786090204358298
PA4357,PA4357,conserved hypothetical protein,-,-0.481863435774078,0.000349685278720678,0.00237880075255277
PA4358,PA4358,FeoB,-,-0.570300974993704,2.63844951828395e-05,0.000223917645831427
PA4359,PA4359,conserved hypothetical protein,-,-0.0747025953413661,0.818902494673188,0.90589085504708
PA4360,PA4360,"hypothetical protein, pseudogene",-,0.187813226755191,0.108236176418508,0.270612739393286
PA4360a,PA4360a,–,+,0.644113402590583,0.249996998104589,0.466189853871742
PA4361,PA4361,probable oxidoreductase,-,0.0856437704072407,0.352694531847149,0.573920734579914
PA4362,PA4362,hypothetical protein,+,0.366878687732466,0.0790127386522586,0.217043593545453
iciA,PA4363,inhibitor of chromosome initiation IciA,-,0.60803254464084,0.0880066014114455,0.234735849391055
PA4364,PA4364,hypothetical protein,+,-0.0920729975159419,0.730271208869963,0.856623395638934
PA4365,PA4365,Lysine efflux permease,+,-0.601388114936438,0.613422876742438,0.78214499125574
sodB,PA4366,superoxide dismutase,+,0.190382333053937,0.436990218537636,0.651032812690002
bifA,PA4367,BifA,+,-0.197620743845165,0.493282131542372,0.696029687054807
PA4368,PA4368,hypothetical protein,-,0.367518466691197,0.103428706226202,0.262925189100745
PA4369,PA4369,hypothetical protein,-,0.456806961955022,0.028197240898648,0.100000501328461
icmP,PA4370,Insulin-cleaving metalloproteinase outer membrane protein precursor,+,-1.20940263253436,8.7361419846333e-10,1.33193240107424e-08
PA4371,PA4371,hypothetical protein,+,-0.236763223432638,0.507699761826011,0.708211989600054
PA4372,PA4372,hypothetical protein,+,-0.318434862382955,0.33796734160689,0.558797228575097
PA4373,PA4373,hypothetical protein,+,-0.658565640261948,0.000785003740072584,0.00483103721578138
PA4374,PA4374,Resistance-Nodulation-Cell Division (RND) multidrug efflux membrane fusion protein MexV,+,0.119256207005741,0.650830229006783,0.809104247001262
PA4375,PA4375,Resistance-Nodulation-Cell Division (RND) multidrug efflux transporter MexW,+,0.06423552174177,0.90165688651197,0.951492152895301
pncB2,PA4376,nicotinate phosphoribosyltransferase,+,-0.252413303570285,0.494392036489622,0.696533753754127
PA4377,PA4377,hypothetical protein,-,0.165166513639352,0.604825486282286,0.77657237637768
inaA,PA4378,WarB,-,0.0779468853228889,0.830195888211274,0.91360693682735
PA4379,PA4379,WarA,-,-0.149689286546987,0.43979646537812,0.654410238331151
PA4380,PA4380,two-component sensor ColS,-,-0.252827088956746,0.197826351106401,0.404042510438789
PA4381,PA4381,two-component response regulator ColR,-,-0.433263509927963,0.135539649575014,0.316450401547206
PA4382,PA4382,hypothetical protein,+,0.112018377307918,0.598843197749547,0.772350546448083
PA4383,PA4383,conserved hypothetical protein,-,0.2889602900878,0.414133269312785,0.628681738054374
PA4384,PA4384,hypothetical protein,+,0.190959285855633,0.049257680494774,0.152759942720904
groEL,PA4385,GroEL protein,-,-0.0280871949429128,0.940178982487444,0.972057601931131
groES,PA4386,GroES protein,-,-0.0476985300007169,0.683793099544197,0.830681987594432
PA4387,PA4387,conserved hypothetical protein,-,1.5770049389619,5.82478914891159e-14,1.2578227955728e-12
PA4388,PA4388,hypothetical protein,-,0.148334972789674,0.329209478677302,0.551073963203827
speA,PA4389,3-oxacyl-acyl carrier protein reductase,+,0.283727909889023,0.247336626208638,0.462650631268192
speA,PA4389,3-oxacyl-acyl carrier protein reductase,+,0.644544883413202,0.000308141307764242,0.00211755544225755
PA4390,PA4390,hypothetical protein,-,1.9606012104915,4.54226026871683e-23,1.70138489571443e-21
PA4391,PA4391,hypothetical protein,-,-0.951948277067411,0.00345051218498104,0.0178801946528309
PA4392,PA4392,conserved hypothetical protein,+,0.123756344829133,0.868396470505738,0.93396486760525
ampG,PA4393,AmpG,+,0.307464131594019,0.252060673560777,0.467595281921979
PA4394,PA4394,conserved hypothetical protein,-,2.90580726010354,1.05970501712155e-20,3.4065878781781e-19
PA4395,PA4395,conserved hypothetical protein,-,-0.73861813506439,0.00309270041810988,0.0161640879733771
PA4396,PA4396,two-component response regulator,+,0.630750581203363,0.0145420645451606,0.0582671392812922
panE,PA4397,ketopantoate reductase,+,0.333699400381589,0.175960696982884,0.372420477604514
PA4398,PA4398,two-component sensor,+,-0.177752359187967,0.604204928128964,0.776296111209725
PA4399,PA4399,conserved hypothetical protein,+,0.598302468266865,0.00603323999681393,0.02834443574958
PA4400,PA4400,probable pyrophosphohydrolase,-,-0.404633386938311,0.00122741448780248,0.0071477457888536
PA4401,PA4401,probable glutathione S-transferase,-,-0.229493651425667,0.0266956866558456,0.0961361582360066
argJ,PA4402,glutamate N-acetyltransferase,-,-0.235111225513457,0.128999691876352,0.308235465603357
secA,PA4403,secretion protein SecA,-,-0.189533738918668,0.50768975818435,0.708211989600054
PA4404,PA4404,hypothetical protein,-,0.0174211717981688,0.799019460438071,0.896131976310061
PA4405,PA4405,hypothetical protein,+,-0.456600919548718,0.0761970908401291,0.211608213829704
lpxC,PA4406,UDP-3-O-acyl-N-acetylglucosamine deacetylase,-,-0.20827065189901,0.232292774624917,0.443813777211586
PA4406.1,PA4406.1,sRNA,-,0.145577314927823,0.627613423547107,0.791225220201986
ftsZ,PA4407,cell division protein FtsZ,-,0.645157165931727,0.0380168127681001,0.126264926040958
ftsA,PA4408,cell division protein FtsA,-,0.465942359038434,0.0389366655350158,0.128197333948169
ftsQ,PA4409,cell division protein FtsQ,-,0.142139450631692,0.655740766933643,0.812877420582911
ddlB,PA4410,D-alanine--D-alanine ligase,-,0.446676311812011,0.0978307993404321,0.253366321125797
murC,PA4411,UDP-N-acetylmuramate--alanine ligase,-,0.382893045621173,0.172729508053786,0.368903790003032
murG,PA4412,UDP-N-acetylglucosamine--N-acetylmuramyl-(pentapeptide) pyrophosphoryl-undecaprenol N-acetylglucosamine transferase,-,0.307461151475622,0.401803663819086,0.618268115034444
ftsW,PA4413,cell division protein FtsW,-,0.0667052696159824,0.538202729036086,0.730922672277698
murD,PA4414,UDP-N-acetylmuramoylalanine--D-glutamate ligase,-,0.240575328798376,0.231630787848539,0.443107068305464
mraY,PA4415,phospho-N-acetylmuramoyl-pentapeptide-transferase,-,0.263912317413118,0.479143294392026,0.683460627731738
murF,PA4416,"UDP-N-acetylmuramoylalanyl-D-glutamyl-2, 6-diaminopimelate--D-alanyl-D-alanyl ligase",-,0.136540924378037,0.788920595970403,0.889823057187767
murE,PA4417,"UDP-N-acetylmuramoylalanyl-D-glutamate-2, 6-diaminopimelate ligase",-,0.207760570009642,0.552939657342247,0.743460633891592
ftsI,PA4418,penicillin-binding protein 3,-,-0.00246393972010044,0.606223617270982,0.77705215665406
ftsL,PA4419,cell division protein FtsL,-,0.0427308797917078,0.982230658851954,0.992506699188823
PA4420,PA4420,conserved hypothetical protein,-,-0.0150335710714805,0.953983198789902,0.978163239313472
PA4421,PA4421,conserved hypothetical protein,-,-0.0140484226115827,0.841756545395279,0.920710998969633
rnpB,PA4421.1,–,+,0.0895813069389141,0.0548736323501961,0.165247246203965
rnpB_as,PA4421.1_as,antisense sRNA,-,-1.27278924455963,0.0414112523796745,0.134808733605078
PA4422,PA4422,conserved hypothetical protein,-,-0.0147240372218605,0.205501840096164,0.414056772914749
PA4423,PA4423,conserved hypothetical protein,+,-0.843996997778833,6.72957051871418e-08,8.45445836595396e-07
PA4424,PA4424,conserved hypothetical protein,+,-0.897242307324,2.49044604420593e-05,0.000212546084335325
PA4425,PA4425,sedoheptulose 7-phosphate isomerase GmhA,+,-0.501836238660613,0.104515068272131,0.264443751678221
PA4426,PA4426,conserved hypothetical protein,+,-0.751812657524595,0.0163772114065627,0.064572396890853
sspB,PA4427,stringent starvation protein B,-,-0.309291924986745,0.261122667918207,0.478554016589453
sspA,PA4428,stringent starvation protein A,-,-0.0531551002205997,0.522939955577789,0.721017871039769
PA4429,PA4429,probable cytochrome c1 precursor,-,-0.604534833916519,9.91180077322748e-06,8.93682126180451e-05
PA4430,PA4430,probable cytochrome b,-,-0.598752115520535,0.00391686738828453,0.0198850062543939
PA4431,PA4431,probable iron-sulfur protein,-,-0.330130211435759,0.141692262593197,0.324448546949252
rpsI,PA4432,30S ribosomal protein S9,-,-0.651261978478542,0.00212429361874362,0.0116232765361012
rplM,PA4433,50S ribosomal protein L13,-,-0.69361282806844,0.00505623314547867,0.0243888892899559
PA4434,PA4434,probable oxidoreductase,+,-0.105835146398978,0.319995061656459,0.542509630324668
PA4435,PA4435,probable acyl-CoA dehydrogenase,-,0.187974336165533,0.00350954132648082,0.0181241674630516
PA4436,PA4436,probable transcriptional regulator,+,-0.745245599821117,0.0788123172088803,0.216689234627769
PA4437,PA4437,hypothetical protein,+,-0.0719853501368702,0.0634392055141616,0.185071682240352
PA4438,PA4438,conserved hypothetical protein,-,-0.5888929447674,0.0134465087863766,0.0551679616739238
trpS,PA4439,tryptophanyl-tRNA synthetase,-,-0.620608023894866,0.00713566933821938,0.032580317189101
PA4440,PA4440,hypothetical protein,-,-0.511627536651516,0.015947851304464,0.0632080742753023
PA4441,PA4441,hypothetical protein,+,-0.726299646279628,0.000442350288051462,0.00292076338182402
cysN,PA4442,ATP sulfurylase GTP-binding subunit/APS kinase,-,-0.198004571598707,0.358569679077833,0.579132502700104
cysD,PA4443,ATP sulfurylase small subunit,-,-0.162648042366533,0.44544683340378,0.658511449930637
mltB1,PA4444,soluble and membrane-bound lytic transglycosylases,+,-0.436861749071737,0.00125126362892719,0.00725876453186445
PA4445,PA4445,conserved hypothetical protein,-,-0.294197399226801,0.00818636404064156,0.0365525069894135
algW,PA4446,AlgW protein,+,0.220814721462098,0.527371935830097,0.724166758682288
hisC1,PA4447,histidinol-phosphate aminotransferase,-,-0.408023389663209,0.0814594324207016,0.22215543187812
hisD,PA4448,histidinol dehydrogenase,-,-0.256546841781185,0.535987119593983,0.729721750436682
hisG,PA4449,ATP-phosphoribosyltransferase,-,-0.546600366355465,0.00101816133123633,0.00608090842317131
murA,PA4450,UDP-N-acetylglucosamine 1-carboxyvinyltransferase,-,-0.398176304486525,0.0149034425227834,0.059496111334375
PA4451,PA4451,conserved hypothetical protein,-,-0.490700729667493,0.00601683065204777,0.0283024251136635
P35,PA4451.1,sRNA,-,-0.189421501803568,0.191932943519607,0.396273937147662
PA4452,PA4452,conserved hypothetical protein,-,-0.0715395673902097,0.39513818458504,0.612908615557777
PA4453,PA4453,putative phospholipid binding protein,-,-0.142239504122885,0.218827571591916,0.427923204775942
PA4454,PA4454,conserved hypothetical protein,-,-0.382875660608265,0.0384526232814474,0.127416014367446
PA4455,PA4455,probable permease of ABC transporter,-,-0.151954265391776,0.62985026824189,0.793101138600392
PA4456,PA4456,probable ATP-binding component of ABC transporter,-,0.490598946925751,0.0111088847985332,0.0475378793776444
PA4457,PA4457,arabinose-5-phosphate isomerase KdsD,+,-0.135721133173205,0.370721645556133,0.590175615470605
PA4458,PA4458,conserved hypothetical protein,+,-0.21670030019766,0.347488074555714,0.567579444523304
PA4459,PA4459,Lipopolysaccharide export system protein LptC,+,-0.402321360841661,0.227185448152302,0.437916549996242
PA4460,PA4460,LptH,+,-0.143796955670906,0.686117323796693,0.831802971544014
PA4461,PA4461,Lipopolysaccharide export system ATP-binding protein LptB,+,-0.123666126722821,0.735585045214866,0.859859382462686
rpoN,PA4462,RNA polymerase sigma-54 factor,+,0.0472503889149682,0.895662851909971,0.949514520593348
PA4463,PA4463,conserved hypothetical protein,+,-0.0135769896757367,0.896405506681448,0.949514520593348
ptsN,PA4464,nitrogen regulatory IIA protein,+,0.179449799894547,0.626580340328147,0.790455198567817
PA4465,PA4465,conserved hypothetical protein,+,0.197038792344561,0.439137522030118,0.653590013166239
ptsO,PA4466,probable phosphoryl carrier protein,+,-0.0733022143273655,0.739974472334162,0.862332455948472
PA4467,PA4467,hypothetical protein,-,0.603444424401683,0.120710486696544,0.294047062735701
sodM,PA4468,superoxide dismutase,-,1.24696118470448,1.4090081146671e-06,1.44576707435172e-05
PA4469,PA4469,hypothetical protein,-,-0.519039761053497,0.784766358617811,0.887937489231828
fumC1,PA4470,fumarate hydratase,-,0.201211744637443,0.666870943169759,0.818150603144783
PA4471,PA4471,hypothetical protein,-,0.88292751359921,0.400512517713601,0.617303278822696
pmbA,PA4472,PmbA protein,-,0.366977333137661,0.0593157712987478,0.175660371030162
PA4473,PA4473,hypothetical protein,+,-0.36600091924508,0.279395922564533,0.499668275308455
PA4474,PA4474,conserved hypothetical protein,-,0.346252488769701,0.0707633702052996,0.201309015661396
PA4475,PA4475,conserved hypothetical protein,-,0.740902949519751,1.8834969558359e-06,1.88910074843178e-05
PA4476,PA4476,hypothetical protein,-,0.0540406521316789,0.5284947543799,0.724467845648348
cafA,PA4477,cytoplasmic axial filament protein,-,-0.102219504261504,0.154169645719844,0.343769723878268
PA4478,PA4478,conserved hypothetical protein,-,0.117444625924812,0.364890657722096,0.585220899754468
mreD,PA4479,rod shape-determining protein MreD,-,-0.00871469243168675,0.144097631682195,0.327738777098015
mreC,PA4480,rod shape-determining protein MreC,-,-0.136216261057826,0.61943979963172,0.786022731945897
mreB,PA4481,rod shape-determining protein MreB,-,-0.0470745410389243,0.662408244242935,0.815643917627055
gatC,PA4482,Glu-tRNA(Gln) amidotransferase subunit C,+,-0.596992104079318,0.135373423930659,0.3164157828915
gatA,PA4483,Glu-tRNA(Gln) amidotransferase subunit A,+,-0.242611896252183,0.379291055523839,0.598891003101393
gatB,PA4484,Glu-tRNA(Gln) amidotransferase subunit B,+,-0.404984056247982,0.14559375052408,0.329159045521654
PA4485,PA4485,conserved hypothetical protein,+,0.308476711465931,0.38075282402545,0.600106009399072
PA4486,PA4486,conserved hypothetical protein,+,0.326251735081021,0.414700175193419,0.629100165768417
PA4487,PA4487,MagF,-,-0.610721550940146,9.18089422430958e-05,0.000701633074976203
PA4488,PA4488,MagE,-,-0.136010768651385,0.817063555721912,0.904733878854117
PA4489,PA4489,MagD,-,-0.235338877772619,0.295621302272271,0.517925173640047
PA4490,PA4490,MagC,-,-0.553106747335315,0.00132941283777332,0.0076318610213893
PA4491,PA4491,MagB,-,-0.447279548055913,0.00185767779485422,0.0103511376117313
PA4492,PA4492,MagA,-,0.202813693950116,0.56061932043025,0.750295111683008
roxR,PA4493,RoxR,-,-0.155553712009642,0.0410324121807089,0.133979054621729
roxS,PA4494,RoxS,-,-0.136909470237982,0.0029449936957104,0.0154720534593686
PA4495,PA4495,hypothetical protein,+,0.459891258145877,0.0369437054624671,0.123716558910734
PA4496,PA4496,probable binding protein component of ABC transporter,+,-0.7623092317738,9.43842023058871e-05,0.000718598920441811
PA4497,PA4497,probable binding protein component of ABC transporter,+,-1.26128545884379,1.16899332444646e-07,1.42153336527878e-06
PA4498,PA4498,"metallo-dipeptidase aeruginosa, MdpA",-,0.150921076585729,0.446340720450166,0.659002175790397
PA4499,PA4499,"Pseudomonas dipeptide regulator, PdsR",+,-0.0477951509796335,0.0144409895734113,0.0581087034028249
PA4500,PA4500,probable binding protein component of ABC transporter,+,-0.677757415728758,0.000196932212723695,0.00141585860996135
opdP,PA4501,Glycine-glutamate dipeptide porin OpdP,+,0.196924997842077,0.574635532795942,0.758969763351339
PA4502,PA4502,probable binding protein component of ABC transporter,+,-0.308946827627656,0.213874390080675,0.422045463092533
PA4503,PA4503,dipeptide ABC transporter permease DppB,+,0.338419338055126,0.013978592302071,0.0566613881689826
PA4504,PA4504,dipeptide ABC transporter permease DppC,+,1.42738066345097,8.92850229785867e-06,8.1170574393135e-05
PA4505,PA4505,dipeptide ABC transporter ATP-binding protein DppD,+,1.71056384909207,2.26753713013817e-11,4.04688685461129e-10
PA4506,PA4506,dipeptide ABC transporter ATP-binding protein DppF,+,1.5216987500285,6.30630532465987e-10,9.73706379390231e-09
PA4507,PA4507,hypothetical protein,-,0.487375875116024,0.184252096152759,0.385229155802018
PA4508,PA4508,probable transcriptional regulator,+,-0.230256454958622,0.82445488770743,0.909267949583548
PA4509,PA4509,hypothetical protein,-,0.462861915098754,0.131536511615269,0.311174874261775
PA4510,PA4510,conserved hypothetical protein,-,0.36140263385377,0.0196323411366099,0.0745022176466221
PA4511,PA4511,conserved hypothetical protein,-,0.202026631958799,0.294984916959297,0.517397793111492
lpxO1,PA4512,lipopolysaccharide biosynthetic protein LpxO1,+,-0.337502143139616,0.0212273136360773,0.0792184781694294
PA4513,PA4513,probable oxidoreductase,-,0.189293010488347,0.70677853096458,0.844072451464884
PA4514,PA4514,probable outer membrane receptor for iron transport,-,-0.0925075386656366,0.855398599494587,0.927533610643399
PA4515,PA4515,conserved hypothetical protein,+,0.515967094781039,0.126022837859787,0.303334621234902
PA4516,PA4516,hypothetical protein,+,0.160873206038492,0.578562134639451,0.760505698841326
PA4517,PA4517,conserved hypothetical protein,+,0.372094570499779,0.43409357607408,0.647700368062477
PA4518,PA4518,hypothetical protein,-,-0.561560810270847,0.0400109020117562,0.131094035317136
speC,PA4519,ornithine decarboxylase,-,1.03899240136473,9.12334719204896e-05,0.000698114385389068
PA4520,PA4520,probable chemotaxis transducer,-,-0.341114151876736,0.0327822595800601,0.113410918547209
PA4521,PA4521,AmpE,-,-0.0766589758296057,0.901242117915961,0.95125016029119
ampD,PA4522,beta-lactamase expression regulator AmpD,-,-0.348672974780207,0.295835308476665,0.517925173640047
PA4523,PA4523,hypothetical protein,-,0.250160108205886,0.0194757890467488,0.0740934720599822
nadC,PA4524,nicotinate-nucleotide pyrophosphorylase,+,-0.389633817487388,0.114911395664258,0.283217850889812
PA4524.1,PA4524.1,tRNA-Thr,-,-0.499210617304929,0.0206981481713565,0.0776244518564839
pilA,PA4525,type 4 fimbrial precursor PilA,-,-0.735710100107686,4.95075974450988e-07,5.47198727316684e-06
pilB,PA4526,type 4 fimbrial biogenesis protein PilB,+,-0.067037362892731,0.713266427483386,0.847152218040554
pilC,PA4527,"pilC, pseudogene",+,0.380224015024057,0.0261851620346499,0.0944658520964657
pilD,PA4528,type 4 prepilin peptidase PilD,+,0.325518364719297,0.0540353199422745,0.162965368493897
coaE,PA4529,dephosphocoenzyme A kinase,+,0.115464550602854,0.796007546855073,0.893979973036569
PA4530,PA4530,conserved hypothetical protein,+,-0.298040775444959,0.554635268495655,0.744420882378155
PA4531,PA4531,hypothetical protein,-,0.866372157461528,0.000314092580614209,0.00215601106240613
PA4532,PA4532,hypothetical protein,-,1.25496612481137,1.059843225888e-10,1.75713898761977e-09
PA4533,PA4533,hypothetical protein,-,1.95236422426524,8.7122523082024e-19,2.50549511877593e-17
PA4534,PA4534,hypothetical protein,-,-0.396121290646305,0.0040496121106904,0.0203925695333356
PA4535,PA4535,hypothetical protein,+,0.30124059683659,0.326467358467937,0.548512458051457
PA4536,PA4536,hypothetical protein,+,0.316653259252554,0.268590016587259,0.487819281847197
PA4537,PA4537,hypothetical protein,+,0.583448919970264,0.048652563919203,0.151552237095341
ndh,PA4538,NADH dehydrogenase,+,-0.562846120438019,0.00892085887918879,0.0392828531777341
PA4539,PA4539,hypothetical protein,-,-0.402839805419898,0.0445619009619896,0.142466604340017
PA4540,PA4540,hypothetical protein,+,0.554467976785545,0.387237523768424,0.605451505855912
PA4541,PA4541,"Pseudomonas aeruginosa-derived large extracellular protease, LepA",+,0.0540045251330349,0.623777565622258,0.789051963351233
PA4541.1,PA4541.1,tRNA-Lys,-,-0.271149234303554,0.511451395567939,0.710667979918996
PA4541.2,PA4541.2,tRNA-Pro,-,-0.334915536276471,0.400114010676309,0.617303278822696
PA4541.3,PA4541.3,tRNA-Asn,-,-0.383158305198391,0.335792741412202,0.55704803607859
clpB,PA4542,ClpB protein,-,0.506979796871728,0.00285403101165118,0.0150593566771299
PA4543,PA4543,conserved hypothetical protein,-,-0.20719515190243,0.664994172662797,0.816673677336137
rluD,PA4544,pseudouridine synthase,-,-0.378367104605786,0.0377645706741471,0.125651733983175
comL,PA4545,competence protein ComL,+,-0.798007844521175,7.71367238337661e-05,0.000598549412050247
pilS,PA4546,two-component sensor PilS,+,0.0441664491178463,0.738977941895473,0.861502046382656
pilR,PA4547,two-component response regulator PilR,+,-0.34072939470404,0.0964116473164737,0.250495589776943
PA4548,PA4548,probable D-amino acid oxidase,-,-0.623726978389482,0.00354711311123407,0.0182560494987009
fimT,PA4549,type 4 fimbrial biogenesis protein FimT,+,2.58274247263005,9.68160258458427e-13,1.94529683719395e-11
fimU,PA4550,type 4 fimbrial biogenesis protein FimU,+,0.126335424881151,0.0452057754530876,0.143865694590861
pilV,PA4551,type 4 fimbrial biogenesis protein PilV,+,0.206597031055585,0.576973341630417,0.759904641449168
pilW,PA4552,type 4 fimbrial biogenesis protein PilW,+,-0.134740300174097,0.135023049964239,0.315973724328193
pilX,PA4553,type 4 fimbrial biogenesis protein PilX,+,-0.0554577728114416,0.942493148813214,0.972792724442691
pilY1,PA4554,type 4 fimbrial biogenesis protein PilY1,+,0.117173023465099,0.764644422352141,0.877374291884542
pilY2,PA4555,type 4 fimbrial biogenesis protein PilY2,+,-0.173294697683918,0.689791079210938,0.834034209885664
pilE,PA4556,type 4 fimbrial biogenesis protein PilE,+,-0.37720431516946,0.358157748882036,0.578621198140627
lytB,PA4557,LytB protein,-,-0.623735361512554,0.000378459862581207,0.00254318321831979
PA4558,PA4558,"probable peptidyl-prolyl cis-trans isomerase, FkbP-type",-,-0.423222200621973,0.0460979747687526,0.146031082273972
lspA,PA4559,prolipoprotein signal peptidase,-,-0.348719779761535,0.169461163504437,0.364125474555568
ileS,PA4560,isoleucyl-tRNA synthetase,-,-0.268583564877137,0.134183657040605,0.314981211188545
ribF,PA4561,riboflavin kinase/FAD synthase,-,-0.534046883311551,0.00986425049860146,0.0428769856916287
PA4562,PA4562,conserved hypothetical protein,-,-0.772103206734674,6.11638993807166e-05,0.000488345449266038
rpsT,PA4563,30S ribosomal protein S20,+,-0.5256018347474,0.0590261724509821,0.174973529278241
PA4564,PA4564,conserved hypothetical protein,-,-0.297979918049962,0.191206725296398,0.395124639874779
proB,PA4565,glutamate 5-kinase,-,-0.153084188203229,0.131938532273087,0.311761298221609
obg,PA4566,GTP-binding protein Obg,-,-0.389086124766753,0.0528699192054556,0.160247087781571
rpmA,PA4567,50S ribosomal protein L27,-,-0.79732037905039,0.000121786755866932,0.000908981592374592
rplU,PA4568,50S ribosomal protein L21,-,-0.622591402197384,0.0128033721550982,0.0531038019392591
ispB,PA4569,octaprenyl-diphosphate synthase,+,-0.551071031213671,0.0413260158905212,0.134748127041205
PA4570,PA4570,hypothetical protein,+,-0.387116136690281,0.206177525604372,0.414678563263948
RsmW,PA4570.1,sRNA,+,0.376089742863925,0.814027764358335,0.90236033506145
PA4571,PA4571,probable cytochrome c,+,-0.517309718796503,0.0280941524203478,0.0996931677699827
fklB,PA4572,peptidyl-prolyl cis-trans isomerase FklB,-,0.198122722350314,0.362967653693432,0.583131512473324
PA4573,PA4573,hypothetical protein,-,0.10453947978794,0.609696126734862,0.779362986523519
PA4574,PA4574,conserved hypothetical protein,-,0.860790534488192,1.46806497451935e-05,0.00012947307692476
PA4575,PA4575,hypothetical protein,-,1.51435915801796,6.81176642654091e-14,1.45541544634684e-12
PA4576,PA4576,probable ATP-dependent protease,-,-0.267139288207033,0.13135667955591,0.311002336884435
PA4577,PA4577,hypothetical protein,-,0.630901789762858,0.000903638373544932,0.00548876641708774
PA4578,PA4578,hypothetical protein,+,-0.348967922758974,0.0697527172425393,0.198900135445361
PA4579,PA4579,hypothetical protein,+,-1.19457849084516,7.11556999456286e-09,9.90304557958886e-08
PA4580,PA4580,conserved hypothetical protein,-,-0.0147967451386959,0.686459779420955,0.831802971544014
rtcR,PA4581,transcriptional regulator RtcR,-,-0.0982326972920964,0.859954534089158,0.929167399012288
PA4581.1,PA4581.1,tRNA-Arg,+,-0.166104643180801,0.281304156117741,0.501160780775823
PA4582,PA4582,conserved hypothetical protein,+,0.279765959676719,0.610755875932103,0.779835283288177
PA4583,PA4583,conserved hypothetical protein,+,0.3033669764681,0.143434601148028,0.327348050376375
PA4584,PA4584,conserved hypothetical protein,+,0.409256388901511,0.0455329286161788,0.144544233303809
rtcA,PA4585,RNA 3'-terminal phosphate cyclase,+,0.195042035201472,0.693712419908473,0.836794947186482
PA4586,PA4586,hypothetical protein,+,-2.27622592872511,0.377589921539558,NA
ccpR,PA4587,cytochrome c551 peroxidase precursor,+,0.212201757074378,0.520735923682343,0.719218235024626
gdhA,PA4588,glutamate dehydrogenase,-,1.35952194269245,1.45996225041225e-06,1.49393776315372e-05
PA4589,PA4589,probable outer membrane protein precursor,-,-0.3398076212986,0.56932110137751,0.755938827824668
pra,PA4590,protein activator,-,-1.95019906676856,2.33952713246676e-07,2.71438826764977e-06
PA4591,PA4591,hypothetical protein,-,-0.537697571333258,0.13103855000146,0.310723689491543
PA4592,PA4592,probable outer membrane protein precursor,-,-0.670528480909271,0.000485491042342461,0.0031745254794548
PA4593,PA4593,probable permease of ABC transporter,-,-0.547906679920783,0.0765707285431721,0.212354287385726
PA4594,PA4594,probable ATP-binding component of ABC transporter,-,0.00650052409935805,0.356160621585813,0.577084820235705
PA4595,PA4595,probable ATP-binding component of ABC transporter,-,-0.498112910113217,0.000176083255408615,0.00128268090494535
PA4596,PA4596,EsrC,+,-1.28873244083961,0.245572166891608,0.460201330666546
oprJ,PA4597,Multidrug efflux outer membrane protein OprJ precursor,-,-0.151150914955212,0.646790786933112,0.8060641805525
mexD,PA4598,Resistance-Nodulation-Cell Division (RND) multidrug efflux transporter MexD,-,-0.192876101353167,0.458835573227633,0.669282273640691
mexC,PA4599,Resistance-Nodulation-Cell Division (RND) multidrug efflux membrane fusion protein MexC precursor,-,0.238933667595223,0.382419849448819,0.601553143357687
nfxB,PA4600,transcriptional regulator NfxB,+,-0.600269458050139,0.192346299584863,0.396762816930772
morA,PA4601,motility regulator,+,-0.415916558062409,0.00341955055496013,0.0177500708019658
glyA3,PA4602,serine hydroxymethyltransferase,+,-0.526379178346642,0.000306859826747196,0.00211353624143245
PA4603,PA4603,hypothetical protein,-,-0.554939271170096,0.00955270118989094,0.0417320308281197
PA4604,PA4604,conserved hypothetical protein,-,-0.479063236571437,0.0712194523622783,0.202321927403701
PA4605,PA4605,conserved hypothetical protein,-,-0.176733225920895,0.271381096658337,0.490539319190584
PA4606,PA4606,conserved hypothetical protein,-,-0.0171926666896794,0.638371479852683,0.799347531932745
PA4607,PA4607,hypothetical protein,-,-0.418678813669741,0.0376804013580455,0.125559953564316
PA4608,PA4608,MapZ,+,-0.144641239256097,0.564394748540223,0.753167339383472
radA,PA4609,DNA repair protein RadA,-,-0.461209743143099,0.0122331672431336,0.0513094332598577
PA4610,PA4610,hypothetical protein,+,0.372872360078803,0.0112302474231493,0.0479895361715984
PA4611,PA4611,hypothetical protein,-,-0.83203445249361,0.000163256568033755,0.00119498293706734
PA4612,PA4612,conserved hypothetical protein,-,0.179358718160791,0.692281133964515,0.835639928565084
katB,PA4613,catalase,-,0.253127456238403,0.403560519248574,0.61974253734242
mscL,PA4614,conductance mechanosensitive channel,+,-0.171226530023263,0.619340325289882,0.786022731945897
PA4615,PA4615,FprB,-,0.142091808981835,0.845195794316611,0.922851767829908
PA4616,PA4616,probable c4-dicarboxylate-binding protein,-,0.676108101054645,0.0356855468318657,0.120315001687987
PA4617,PA4617,conserved hypothetical protein,+,-0.0807959765489132,0.763484321012481,0.876814301739769
PA4618,PA4618,hypothetical protein,-,-0.145703904392299,0.270756600979559,0.489994349759607
PA4619,PA4619,probable c-type cytochrome,-,-0.143534240792579,0.161657738117988,0.353491587351334
PA4620,PA4620,hypothetical protein,-,0.0602583569748021,0.586464673276422,0.76445531483113
PA4621,PA4621,probable oxidoreductase,-,0.322909529817476,0.143606433927205,0.327349301679295
PA4622,PA4622,probable major facilitator superfamily (MFS) transporter,+,-0.62263764058988,0.432286014032137,0.645927489078308
PA4623,PA4623,hypothetical protein,-,-0.395217423259155,0.0539624685330289,0.162826583320944
PA4624,PA4624,"cyclic diguanylate-regulated TPS partner B, CdrB",-,-0.122466008927227,0.592059030186571,0.768309280404643
PA4625,PA4625,"cyclic diguanylate-regulated TPS partner A, CdrA",-,0.0174214171483306,0.941066881039582,0.972478513989813
hprA,PA4626,glycerate dehydrogenase,+,-0.0479941156667239,0.882248573473835,0.940527818664658
PA4627,PA4627,conserved hypothetical protein,+,-0.350643974056951,0.521479726633353,0.719658626611596
lysP,PA4628,lysine-specific permease,+,-0.238626516138479,0.745149619445518,0.866200745363104
PA4629,PA4629,hypothetical protein,+,-0.0935386430842584,0.978138145047066,0.991298479884284
PA4630,PA4630,hypothetical protein,+,-0.21763469435011,0.22607124113346,0.437157517908806
PA4631,PA4631,hypothetical protein,-,-0.777913194813463,0.00183415378338861,0.0102388639904343
PA4632,PA4632,putative Zn-dependent peptidase,-,-1.36000005404387,2.09420332719609e-11,3.74856217977165e-10
PA4633,PA4633,probable chemotaxis transducer,+,0.677758593060386,7.73995697941403e-06,7.12686782262282e-05
PA4634,PA4634,hypothetical protein,-,0.577916407075692,0.0019171233436034,0.0106335506846302
PA4635,PA4635,conserved hypothetical protein,+,0.311766928937693,0.854890861640814,0.92749468057151
PA4635a,PA4635a,–,-,0.609980243204063,0.00482054496847574,0.0234635052538284
PA4636,PA4636,hypothetical protein,+,-0.766692596510765,0.00103496209324571,0.00616305199393032
PA4636a,PA4636a,–,-,0.464818965312936,0.0332571664045151,0.114459496156091
PA4637,PA4637,hypothetical protein,-,-0.520378163131284,0.0663844418348458,0.191454749550306
PA4637a,PA4637a,–,-,-1.64465407682353,0.000729106918558343,0.00453766234032002
PA4639,PA4639,hypothetical protein,-,0.564148033645923,0.00344792334529203,0.0178801946528309
mqoB,PA4640,malate:quinone oxidoreductase,+,0.234610171740119,0.14482241173327,0.328394018833141
PA4641,PA4641,"hypothetical protein, pseudogene",-,0.201329692420471,0.598864423374791,0.772350546448083
PA4642,PA4642,hypothetical protein,-,-0.0850072121696372,0.960046057788903,0.981389600722848
PA4643,PA4643,hypothetical protein,-,-0.66721055767956,0.0718621343641585,0.203530468915091
PA4644,PA4644,hypothetical protein,-,-0.344776132963073,0.319010262608546,0.541318309146716
PA4645,PA4645,probable purine/pyrimidine phosphoribosyl transferase,-,-0.450179072904605,0.113375794382105,0.280536502998407
upp,PA4646,uracil phosphoribosyltransferase,+,-0.114540699369317,0.865076407047906,0.931549891387169
uraA,PA4647,uracil permease,+,-0.489566211315387,0.00625563974037632,0.0291769576822471
PA4648,PA4648,Pilin subunit CupE1,+,-0.883880737839507,0.01251013788277,0.052137030681764
PA4649,PA4649,Pilin subunit CupE2,+,-0.695987416342227,0.183895044355892,0.384917257382391
PA4650,PA4650,Pilin subunit CupE3,+,-0.311874610283511,0.480925469354559,0.684715098086219
PA4651,PA4651,Pilin assembly chaperone CupE4,+,-0.411588146657188,0.280057285189825,0.500114069020558
PA4652,PA4652,Fimbrial usher protein CupE5,+,-0.990423469093266,0.0180546441550188,0.0696475401987629
PA4653,PA4653,Adhesin-like protein CupE6,+,-0.233004355230555,0.213099138360854,0.42134644587893
PA4654,PA4654,probable major facilitator superfamily (MFS) transporter,-,0.549704883311533,0.268475377324049,0.487757062755189
hemH,PA4655,ferrochelatase,-,1.50972722177016,2.86416311254819e-12,5.46532759966743e-11
PA4656,PA4656,conserved hypothetical protein,-,1.72143114638238,4.96003517955933e-25,2.16528729996878e-23
PA4657,PA4657,hypothetical protein,+,0.485261448846473,0.0160459842513467,0.0635140459472743
PA4658,PA4658,hypothetical protein,+,0.261228291007392,0.508591159424523,0.708681319898919
PA4659,PA4659,probable transcriptional regulator,+,0.27970025510302,0.632282791922991,0.795169322567609
phr,PA4660,deoxyribodipyrimidine photolyase,+,0.0437407349222095,0.832052563345386,0.914820611411452
pagL,PA4661,Lipid A 3-O-deacylase,-,1.36789824728471,1.08429326559178e-07,1.32919020921433e-06
murI,PA4662,glutamate racemase,-,-0.799034663011043,1.20738074390237e-05,0.000107110911608181
moeB,PA4663,molybdopterin biosynthesis MoeB protein,-,-0.0596530383407334,0.953472222646806,0.977804537269025
hemK,PA4664,"S-adenosylmethionine-dependent methyltransferase, PrmC",-,-0.280737828909711,0.473531760104827,0.679631456380801
prfA,PA4665,peptide chain release factor 1,-,-0.536434150858091,0.0164895101870822,0.0649729531267627
hemA,PA4666,glutamyl-tRNA reductase,-,-0.291464195157646,0.4070412082677,0.622775101303179
PA4667,PA4667,LbcA,+,-0.621082943469947,0.00211005576858772,0.0115557927832042
PA4668,PA4668,lipoprotein localization protein LolB,+,-1.17082214736741,5.20380645308489e-08,6.6758345787144e-07
ipk,PA4669,isopentenyl monophosphate kinase,+,-0.686103347552179,0.00225484518930689,0.0121349722826885
PA4669.1,PA4669.1,tRNA-Gln,+,-0.610139930446017,0.0150589568816307,0.0600379437304435
prs,PA4670,ribose-phosphate pyrophosphokinase,+,-0.552168756048178,0.0469866955484483,0.147574680359106
PA4671,PA4671,probable ribosomal protein L25,+,-0.861354195434977,6.05676532675238e-07,6.58646093238951e-06
PA4672,PA4672,peptidyl-tRNA hydrolase,+,-0.535421748868356,0.00398641794054305,0.020141202384026
PA4673,PA4673,conserved hypothetical protein,+,-0.386407557190192,0.000472818795570088,0.00310169129893977
PA4673.1,PA4673.1,tRNA-Met,+,2.14026472088534,0.406658665693331,NA
PA4674,PA4674,Antitoxin HigA,-,-0.253474061543114,0.500094534905766,0.701858416798488
PA4675,PA4675,ChtA,+,-0.247591742206254,0.46448069873961,0.673147571041784
PA4676,PA4676,probable carbonic anhydrase,-,-0.0970337709499425,0.89190766440323,0.947993642949518
PA4677,PA4677,hypothetical protein,-,-0.207474853903772,0.445468869142806,0.658511449930637
rimI,PA4678,peptide n-acetyltransferase RimI,-,-0.253423083716006,0.575623903134658,0.759157975270833
holD,PA4679,DNA polymerase III subunit psi,-,0.167532486871018,0.861992431272287,0.93029291684081
PA4680,PA4680,hypothetical protein,-,-0.493735801080943,0.15454989956771,0.344276354837322
PA4681,PA4681,hypothetical protein,-,-0.197994338532263,0.0598821846945873,0.17681999840718
PA4682,PA4682,hypothetical protein,-,0.166079982649273,0.49770400095821,0.699575602922033
PA4683,PA4683,hypothetical protein,-,0.135766532380854,0.782285291597945,0.887458343542019
PA4684,PA4684,hypothetical protein,+,-0.610510002259443,0.0622224318970031,0.182222836269795
PA4685,PA4685,hypothetical protein,+,0.28627293588394,0.446157214473646,NA
PA4686,PA4686,hypothetical protein,+,-0.680221037486955,0.00522915888297552,0.0251424056118708
hitA,PA4687,ferric iron-binding periplasmic protein HitA,+,-1.07127729978363,3.86047778630776e-12,7.3204310022861e-11
hitB,PA4688,iron (III)-transport system permease HitB,+,-1.23507136054044,9.1106494657931e-07,9.64806648489224e-06
PA4689,PA4689,hypothetical protein,-,-0.541340779020552,0.009322111273564221,0.0408422896808575
PA4690,PA4690,–,-,0.0742507580294772,0.784280087112443,0.887937489231828
PA4690.1,PA4690.1,5S ribosomal RNA,-,0.234830285041653,0.921269712662625,NA
PA4690.2,PA4690.2,23S ribosomal RNA,-,NA,NA,NA
PA4690.3,PA4690.3,tRNA-Ala,-,NA,NA,NA
PA4690.4,PA4690.4,tRNA-Ile,-,NA,NA,NA
PA4690.5,PA4690.5,16S ribosomal RNA,-,NA,NA,NA
PA4690a,PA4690a,–,-,-0.120652507807448,0.776672418897707,0.883677647123892
PA4691,PA4691,hypothetical protein,-,0.86970192250441,1.01958604858847e-05,9.17929991518526e-05
PA4692,PA4692,conserved hypothetical protein,-,0.709289414421909,0.000194704134730178,0.00140150022484308
pssA,PA4693,phosphatidylserine synthase,-,-0.350584715798052,0.0748445774793314,0.208999952206435
ilvC,PA4694,ketol-acid reductoisomerase,-,0.911770711249108,7.3803948166147e-09,1.02481088666403e-07
ilvH,PA4695,acetolactate synthase isozyme III small subunit,-,-0.62742715372512,0.009689908036012,0.0422098793700796
ilvI,PA4696,acetolactate synthase large subunit,-,-0.526508925850367,0.00347919681121842,0.0179827651196536
PA4697,PA4697,hypothetical protein,+,-0.351549005603162,0.262414155941309,0.479906298448422
PA4698,PA4698,hypothetical protein,-,0.326322030083162,0.0105606788239613,0.045559964096193
PA4699,PA4699,hypothetical protein,-,0.345074366444525,0.0734879125994643,0.206733729092976
mrcB,PA4700,penicillin-binding protein 1B,-,-0.26400418950497,0.0452129003930078,0.143865694590861
PA4701,PA4701,conserved hypothetical protein,+,-0.191580283268635,0.620817885980809,0.786948596643315
PA4702,PA4702,hypothetical protein,+,0.682156910841508,6.95967752817744e-07,7.47457048512932e-06
PA4703,PA4703,hypothetical protein,+,0.236920279640115,0.372685878032084,0.591983478437494
cbpA,PA4704,cAMP-binding protein A,+,-0.70066903256161,0.0504870315513578,0.15516786937651
prrF1,PA4704.1,regulatory RNA PrrF1,+,-1.41481004680854,1.4033856227903e-10,2.29534877603545e-09
prrF2,PA4704.2,regulatory RNA PrrF2,+,-1.67291283585174,0.005764210494412,0.0274116216928621
prrH,PA4704.3,sRNA,+,-1.46057377344289,5.99454142721914e-11,1.03337719830584e-09
PA4705,PA4705,PhuW,-,-0.523520259342753,0.00167574919305639,0.00947665060900853
PA4706,PA4706,PhuV,-,-0.142652134013748,0.335830283984694,0.55704803607859
PA4707,PA4707,PhuU,-,0.135331554555227,0.801610478235849,0.897945796923598
phuT,PA4708,"Heme-transport protein, PhuT",-,0.229566132956117,0.347964922065986,0.568052501236589
PA4709,PA4709,PhuS,-,0.0255265626897783,0.782113573784949,0.887458343542019
phuR,PA4710,Heme/Hemoglobin uptake outer membrane receptor PhuR precursor,+,1.55823343584941,1.14324303115235e-12,2.25967384789331e-11
PA4711,PA4711,hypothetical protein,+,-0.14258668437374,0.871558654783522,0.934880310628675
PA4712,PA4712,hypothetical protein,+,-0.0165831230934537,0.110317070789008,0.275135218063172
PA4713,PA4713,hypothetical protein,-,0.798048614267298,0.000268635201974739,0.00187580944255779
PA4714,PA4714,conserved hypothetical protein,+,2.0519117118808,1.71469091153438e-25,8.00364957783892e-24
PA4715,PA4715,probable aminotransferase,-,-0.120915933094629,0.730275679901154,0.856623395638934
PA4716,PA4716,hypothetical protein,+,0.940356322438109,2.04767063964415e-07,2.40799717855828e-06
PA4717,PA4717,conserved hypothetical protein,+,0.447355969678038,0.0191675950512789,0.0730583962130404
PA4718,PA4718,hypothetical protein,-,0.0429645552254327,0.539938013103712,0.731383816761299
PA4719,PA4719,probable transporter,+,-0.431323259753339,0.0760824122595444,0.211482395289744
trmA,PA4720,tRNA (uracil-5-)-methyltransferase,+,-0.351805682268167,0.175458626213196,0.371879459110141
PA4721,PA4721,conserved hypothetical protein,-,-0.16637290818702,0.22688938141692,0.437916549996242
PA4722,PA4722,probable aminotransferase,-,-0.26312283449575,0.364465298615632,0.584892807535845
dksA,PA4723,suppressor protein DksA,+,0.0751766743949741,0.316748358296104,0.539138580123636
PA4724,PA4724,probable aminoacyl-transfer RNA synthetase (class I),+,0.475159771733743,0.0504545529657332,0.15516786937651
PA4724.1,PA4724.1,conserved hypothetical protein,+,-0.58341068731612,0.134356293055508,0.315142630947361
cbrA,PA4725,two-component sensor CbrA,+,-0.513272455417508,0.0132659509038902,0.0546859986989168
cbrB,PA4726,two-component response regulator CbrB,+,-0.18804868623965,0.419053157782757,0.633608692523653
P36,PA4726.1,sRNA,+,-0.497486733214128,0.0226247426086434,0.08338251842636
crcZ,PA4726.11,sRNA,+,-0.384505482478433,0.0205647979872036,0.0772676124992887
P30,PA4726.2,sRNA,-,-1.96135276550346,0.0215912213292525,0.0803283452028842
pcnB,PA4727,poly(A) polymerase,+,-0.712485615671885,0.000803851946249529,0.00493202589468366
folK,PA4728,2-amino-4-hydroxy-6-hydroxymethyldihydropteridine pyrophosphokinase,+,-0.523794963087912,0.0646740538348686,0.187771367784681
panB,PA4729,3-methyl-2-oxobutanoate hydroxymethyltransferase,+,-0.184162418513431,0.509534879447175,0.709613222084105
panC,PA4730,pantoate--beta-alanine ligase,+,-0.115684265953595,0.782303012459832,0.887458343542019
panD,PA4731,aspartate 1-decarboxylase precursor,+,-0.872981012462338,0.00195761034049511,0.0108284225579985
pgi,PA4732,glucose-6-phosphate isomerase,+,-0.147986304588152,0.445482778834091,0.658511449930637
acsB,PA4733,acetyl-coenzyme A synthetase,+,-0.937834761237953,0.000104540019629646,0.000789973647711945
PA4734,PA4734,hypothetical protein,+,-0.375814874848631,0.107931697120618,0.270074036341407
PA4735,PA4735,hypothetical protein,+,0.107472629490344,0.811100873667926,0.901421263995783
PA4736,PA4736,hypothetical protein,+,0.463166770239894,0.0443634756366594,0.141906995341723
PA4737,PA4737,hypothetical protein,+,0.361264494222237,0.0856428371955287,0.230292134766759
PA4738,PA4738,conserved hypothetical protein,-,3.52257989292776,1.11496713639375e-07,1.36403640799138e-06
PA4739,PA4739,conserved hypothetical protein,-,3.56559203107865,5.11950862930172e-10,7.98590703408814e-09
pnp,PA4740,polyribonucleotide nucleotidyltransferase,-,-0.528150341921658,0.0185161245426689,0.0710663148165178
rpsO,PA4741,30S ribosomal protein S15,-,-0.423985397855521,0.0838422926294445,0.226819006542786
truB,PA4742,tRNA pseudouridine 55 synthase,-,-0.471418840869468,0.0356168400516686,0.120256425822651
rbfA,PA4743,ribosome-binding factor A,-,-0.235309910555499,0.522008416262242,0.720224436079873
infB,PA4744,translation initiation factor IF-2,-,-0.0688082122960848,0.467808351854309,0.675666106210609
nusA,PA4745,N utilization substance protein A,-,-0.522933434372846,0.0139374525231206,0.0566080735678016
PA4746,PA4746,conserved hypothetical protein,-,-0.578182588798052,0.0122370456034506,0.0513094332598577
PA4746.1,PA4746.1,tRNA-Met,-,-0.521055386487046,0.039771361974732,0.130579957179218
PA4746.2,PA4746.2,tRNA-Leu,-,-0.625148439440535,0.00172742794937493,0.00975980707337719
secG,PA4747,secretion protein SecG,-,-0.259777838602021,0.0840413927261763,0.227053949716134
tpiA,PA4748,triosephosphate isomerase,-,0.0160193901701062,0.991233433887254,0.996426046794265
glmM,PA4749,phosphoglucosamine mutase,-,0.873565474643091,3.10155942039617e-05,0.000259948377941491
folP,PA4750,dihydropteroate synthase,-,0.952468796308531,4.05649874455795e-08,5.29351277031777e-07
ftsH,PA4751,cell division protein FtsH,-,1.00727026675259,3.22723131040953e-12,6.13882118857838e-11
ftsJ,PA4752,cell division protein FtsJ,-,0.356719819773887,0.018660813558548,0.0715311539313136
PA4753,PA4753,conserved hypothetical protein,+,0.0230906017442444,0.339403954213127,0.559799726601048
PA4754,PA4754,hypothetical protein,-,-0.187807957489619,0.156531161781204,0.347105442803956
greA,PA4755,transcription elongation factor GreA,-,-0.161448053647716,0.581732735680964,0.761355000089885
carB,PA4756,carbamoylphosphate synthetase large subunit,-,-0.115017278786513,0.73827402834347,0.861066285248311
PA4757,PA4757,conserved hypothetical protein,-,-0.413042828128673,0.0240918888149923,0.0878543157027485
carA,PA4758,carbamoyl-phosphate synthase small chain,-,-0.184801675104836,0.461201508882787,0.671135973753476
PA4758.1,PA4758.1,P32,-,0.485007160060023,0.448276051562352,0.660869553177929
dapB,PA4759,dihydrodipicolinate reductase,-,0.176381271427506,0.284366542820842,0.504550919280873
dnaJ,PA4760,DnaJ protein,-,0.269633184655979,0.240327030889984,0.453553471716142
dnaK,PA4761,DnaK protein,-,0.29519986714408,0.0276708764485117,0.0984791075012137
grpE,PA4762,heat shock protein GrpE,-,0.276903689714193,0.0135545935324294,0.0554614117024825
recN,PA4763,DNA repair protein RecN,+,0.182979063155164,0.225936901149511,0.437146506460384
fur,PA4764,ferric uptake regulation protein,-,-0.307336655689965,0.283498585198818,0.503969244667989
omlA,PA4765,Outer membrane lipoprotein OmlA precursor,+,-0.248903114044618,0.487355201059364,0.691112727279323
PA4766,PA4766,conserved hypothetical protein,-,0.0299616947920957,0.211192787321246,0.419559265742805
PA4767,PA4767,conserved hypothetical protein,-,0.159251596830482,0.585788943272654,0.764094434174219
smpB,PA4768,SmpB protein,+,-0.443279939486819,0.0410459892125568,0.133979054621729
PA4769,PA4769,probable transcriptional regulator,-,-0.146928266257575,0.0709307965341846,0.201596287292474
lldP,PA4770,L-lactate permease,+,-0.358115705546619,0.099247588537321,0.255834480562644
lldD,PA4771,L-lactate dehydrogenase,+,0.0296853851213272,0.669024066547025,0.818970755660147
PA4772,PA4772,probable ferredoxin,+,-0.00165687873669241,0.989626708649704,0.99597526411307
PA4773,PA4773,SpeD2,+,-0.153638897020322,0.366118134221807,0.586020796216809
PA4774,PA4774,SpeE2,+,0.657415698718812,0.28414237869415,0.504550919280873
PA4775,PA4775,hypothetical protein,+,-0.450061680602817,0.242953221488709,0.456698282294765
pmrA,PA4776,PmrA: two-component regulator system response regulator PmrA,+,-0.104895665152464,0.675053350825788,0.824024086262499
pmrB,PA4777,PmrB: two-component regulator system signal sensor kinase PmrB,+,-0.105766008772325,0.866982167629716,0.932939846280745
cueR,PA4778,CueR,+,-0.456174087688782,0.0277286018916367,0.0986267035629846
PA4779,PA4779,hypothetical protein,-,0.321979583906001,0.576769262289696,0.759904387821066
PA4780,PA4780,conserved hypothetical protein,-,0.0463195995057054,0.856592054934501,0.927596090198881
PA4781,PA4781,cyclic di-GMP phosphodiesterase,-,0.46068856367333,0.0138780919308919,0.0565129485444671
PA4782,PA4782,hypothetical protein,-,0.327883120857267,0.256679496969687,0.472265369197107
PA4783,PA4783,conserved hypothetical protein,-,0.328984961528559,0.332932468406272,0.55475507254055
PA4784,PA4784,probable transcriptional regulator,+,0.550552325534469,0.466544996265883,0.674849830117134
PA4785,PA4785,probable acyl-CoA thiolase,-,2.41999123631785,2.53194793612982e-22,9.0910414653466e-21
PA4786,PA4786,probable short-chain dehydrogenase,+,3.6461287151303,1.57686506621476e-86,1.91368344435823e-83
PA4787,PA4787,probable transcriptional regulator,-,-0.991966059777438,2.10332260798807e-07,2.4544156894753e-06
PA4788,PA4788,hypothetical protein,+,2.58815580891307,3.44427114527066e-20,1.06631823007665e-18
PA4789,PA4789,conserved hypothetical protein,+,0.835570515594809,0.361172984217524,0.581479880135827
PA4790,PA4790,conserved hypothetical protein,+,0.539598684852333,0.268258494075765,0.487508997320078
PA4791,PA4791,hypothetical protein,+,0.305421194313408,0.134529667623525,0.315305532305735
PA4792,PA4792,conserved hypothetical protein,-,0.287743633933924,0.367011273645909,0.58698587466615
PA4793,PA4793,hypothetical protein,+,0.0437116870682197,0.960059647368099,0.981389600722848
PA4794,PA4794,hypothetical protein,+,0.0913772717318317,0.525034838822595,0.722051064582542
PA4795,PA4795,hypothetical protein,+,0.469822427359421,0.450510031000194,0.662264892188452
PA4796,PA4796,hypothetical protein,+,-0.287367109376229,0.593734572963167,0.769496238517834
PA4797,PA4797,probable transposase,-,0.198469654852271,0.897371154276558,NA
PA4798,PA4798,hypothetical protein,+,-0.386648320784928,0.393231907619954,0.611545025803843
PA4799,PA4799,hypothetical protein,-,0.0521051260676034,0.856159008271774,0.927596090198881
PA4800,PA4800,hypothetical protein,-,0.257849116726764,0.00651465332570812,0.03022241313486
PA4801,PA4801,hypothetical protein,-,0.318878586802525,0.559573195736189,0.749390896430633
PA4802,PA4802,hypothetical protein,+,-0.773968336031667,0.450532214066238,0.662264892188452
PA4802.1,PA4802.1,tRNA-Sec,-,-0.0407646807399605,0.77085181805406,0.881334163916692
PA4803,PA4803,hypothetical protein,-,0.25179783733094,0.572915642895538,0.758088796689921
PA4804,PA4804,"POTRA-like domain-containing usher, CupB3",-,0.0223634245367854,0.992669197019149,0.996940861885501
PA4805,PA4805,probable class III aminotransferase,-,0.363823586474457,0.687773569632876,0.832546255580306
PA4806,PA4806,probable transcriptional regulator,+,0.134610882366983,0.665458500296358,0.816913246975178
selB,PA4807,selenocysteine-specific elongation factor,-,0.0222902859866582,0.994599827965918,0.997685805674528
selA,PA4808,L-seryl-tRNA(ser) selenium transferase,-,0.086951094330001,0.259757652623744,0.476596396278694
fdhE,PA4809,FdhE protein,-,-0.997517188765108,0.00105245361244113,0.006242706275946
fdnI,PA4810,"nitrate-inducible formate dehydrogenase, gamma subunit",-,-1.39604796248488,1.31794011006788e-12,2.57976147996513e-11
fdnH,PA4811,"nitrate-inducible formate dehydrogenase, beta subunit",-,-1.41875565848866,1.06104994887222e-20,3.4065878781781e-19
fdnG,PA4812,"formate dehydrogenase-O, major subunit",-,-1.08773909785092,3.5599013392465e-15,8.34034028052037e-14
lipC,PA4813,lipase LipC,-,1.9990161044396,9.99071553595558e-10,1.50430922759748e-08
fadH2,PA4814,"2,4-dienoyl-CoA reductase FadH2",+,-0.300047370551453,0.699509507334431,0.838615420120668
PA4815,PA4815,hypothetical protein,+,-0.825880859468728,0.237838494391014,0.450719545273165
PA4816,PA4816,hypothetical protein,+,-0.257669699171477,0.158219089364429,0.348207869284906
PA4817,PA4817,hypothetical protein,+,-1.45703244612519,0.370952288296019,NA
PA4818,PA4818,conserved hypothetical protein,-,0.576791150440347,0.13827508614914,0.320127135731775
PA4819,PA4819,probable glycosyl transferase,-,0.311379510816471,0.865283326367729,0.931561772816131
PA4820,PA4820,hypothetical protein,-,1.18114444441465,0.686136146672094,NA
PA4821,PA4821,probable transporter,+,0.11782862769403,0.82612621115972,0.909953503234195
PA4822,PA4822,hypothetical protein,-,1.72638363748055,1.89158504640317e-06,1.89408218837862e-05
PA4823,PA4823,hypothetical protein,-,0.254952681701759,0.970438619367878,NA
PA4824,PA4824,hypothetical protein,-,0.706501144858801,0.140177661287911,0.32244050367515
mgtA,PA4825,"Mg(2+) transport ATPase, P-type 2",-,0.0812171935530975,0.934933517751701,0.968614749140741
PA4826,PA4826,hypothetical protein,-,-1.03968200604439,0.0238804300093401,0.0872930417449854
PA4827,PA4827,arylamine N-acetyltransferase,-,0.10220547574893,0.701335577787366,0.839886379714572
PA4828,PA4828,conserved hypothetical protein,+,0.319609939703196,0.642365906698013,0.801859998943901
lpd3,PA4829,dihydrolipoamide dehydrogenase 3,-,0.0194879721477882,0.74391343795084,0.865095197678362
PA4830,PA4830,hypothetical protein,+,0.723163283106272,0.0990615998832694,0.255572188814489
PA4831,PA4831,probable transcriptional regulator,+,0.20610677428958,0.709539238495757,0.844602256448886
PA4832,PA4832,probable short-chain dehydrogenase,-,0.24317120781498,0.687797359793024,0.832546255580306
PA4833,PA4833,conserved hypothetical protein,+,1.21296283781266,5.23476022726936e-10,8.12391945244769e-09
PA4834,PA4834,CntI,-,0.207427606865157,0.342791529593899,0.563243704732136
PA4835,PA4835,CntM,-,-0.247777294326838,0.575529063020335,0.759157975270833
PA4836,PA4836,CntL,-,0.141493514773528,0.618988260506119,0.786022731945897
PA4837,PA4837,CntO,-,0.247270162521459,0.800423083639596,0.897112536299422
PA4838,PA4838,hypothetical protein,+,-0.531365574418921,0.314420788438862,0.537438125140003
PA4840,PA4840,conserved hypothetical protein,-,0.627234729463721,0.0182262068852179,0.0701755224489229
PA4841,PA4841,conserved hypothetical protein,-,1.55830373897779,1.35416853590751e-16,3.40958285306506e-15
PA4842,PA4842,hypothetical protein,-,0.595338362559972,0.000832942791860255,0.00509505731956455
PA4843,PA4843,GcbA,+,0.0121876603025553,0.946242522459209,0.974342376766075
PA4844,PA4844,CtpL,+,0.0471144571386937,0.765489813856558,0.877406911689005
dipZ,PA4845,thiol:disulfide interchange protein DipZ,+,-0.0729938016156563,0.91948163560978,0.960590126763864
aroQ1,PA4846,3-dehydroquinate dehydratase,+,-0.507224325700973,0.0139570335446104,0.0566496853168535
accB,PA4847,biotin carboxyl carrier protein (BCCP),+,-0.817085118717052,3.3056772556651e-05,0.000275155687069628
accC,PA4848,biotin carboxylase,+,-0.698802568775032,2.52764319746527e-06,2.46587442479409e-05
PA4849,PA4849,hypothetical protein,+,0.368594037223036,0.584467920278868,0.763197625243855
prmA,PA4850,ribosomal protein L11 methyltransferase,+,0.272846539181036,0.443217775774866,0.657566127971122
PA4851,PA4851,hypothetical protein,+,-0.404146338959945,0.144943846643514,0.328546604943161
PA4852,PA4852,conserved hypothetical protein,+,-0.760699709538542,1.48098780019582e-06,1.51012800399052e-05
fis,PA4853,DNA-binding protein Fis,+,-0.818571344764345,0.00761143650126407,0.0343136676743465
purH,PA4854,phosphoribosylaminoimidazolecarboxamide formyltransferase,+,-0.598169432873612,0.00108349486748762,0.00639557087151256
purD,PA4855,phosphoribosylamine--glycine ligase,+,-0.485133579373508,0.170463099882275,0.365551419534005
retS,PA4856,RetS (Regulator of Exopolysaccharide and Type III Secretion),+,-0.710812375032321,4.54253525315111e-06,4.3068912368939e-05
PA4857,PA4857,TspR,+,0.129894729103968,0.579198784937602,0.760505698841326
PA4858,PA4858,conserved hypothetical protein,+,-0.610860267925446,0.489811056440372,0.693460917050905
PA4859,PA4859,probable permease of ABC transporter,+,1.02207820308839,0.290445238045683,0.511736847985251
PA4860,PA4860,probable permease of ABC transporter,+,-0.00779430826493111,0.491423245947095,NA
PA4861,PA4861,probable ATP-binding component of ABC transporter,+,-0.347480316712891,0.399345712700957,0.616597909585091
PA4862,PA4862,probable ATP-binding component of ABC transporter,+,0.52311358295525,0.250536424103763,0.466622167422233
PA4863,PA4863,hypothetical protein,+,-0.129235243480057,0.416903275832526,0.631113979885993
ureD,PA4864,urease accessory protein,+,-0.555814683635318,0.3788023868387,0.598275086761383
ureA,PA4865,urease gamma subunit,+,-0.192803573572976,0.89805929993731,0.949677785796712
PA4866,PA4866,conserved hypothetical protein,+,0.0784330067589834,0.930893421121286,0.966179315892919
ureB,PA4867,urease beta subunit,+,-0.514697900484304,0.0726568864438088,0.205252321667147
ureC,PA4868,urease alpha subunit,+,-0.607617924044048,0.0327352883729998,0.113313023301405
PA4869,PA4869,hypothetical protein,+,-0.559105094614595,0.0365174561185402,0.122763392646705
PA4870,PA4870,conserved hypothetical protein,-,0.589415239153752,0.00946597034863157,0.0413829308901271
PA4871,PA4871,hypothetical protein,+,0.358661665903516,0.693927517179033,0.836794947186482
PA4872,PA4872,hypothetical protein,-,0.074526817447318,0.873615331656061,0.936229190516826
PA4873,PA4873,probable heat-shock protein,+,0.139778972024753,0.554394268748972,0.744420882378155
PA4874,PA4874,conserved hypothetical protein,-,-0.238779160391593,0.259551549098918,0.476394071364862
PA4875,PA4875,hypothetical protein,+,-0.0177546581307903,0.884148801187874,0.941891665310396
osmE,PA4876,osmotically inducible lipoprotein OsmE,+,3.76306033118172,1.73242550050549e-23,6.82620645264113e-22
PA4877,PA4877,hypothetical protein,-,4.05044871819562,4.43146317407608e-10,6.93044292275609e-09
PA4878,PA4878,BrlR,+,0.350610168898621,0.330722195731477,0.552691347755054
PA4879,PA4879,conserved hypothetical protein,-,3.04317703779139,1.88297548015485e-50,3.93996386675159e-48
PA4880,PA4880,probable bacterioferritin,+,4.05870736506658,5.5754394853083e-28,2.86709888108905e-26
PA4881,PA4881,hypothetical protein,+,0.360459153027765,0.24805592677053,0.463567404879451
PA4882,PA4882,hypothetical protein,-,0.0561575754888379,0.10024655497441,0.257752582874882
PA4883,PA4883,hypothetical protein,-,1.39642436050967,0.18871374652335,NA
PA4884,PA4884,hypothetical protein,-,-0.337809155385027,0.925877549857506,NA
irlR,PA4885,two-component response regulator,+,0.681685187487386,0.105137295724464,0.265298436156591
PA4886,PA4886,probable two-component sensor,+,0.562721778487579,0.0468357494397875,0.147482785469969
PA4887,PA4887,probable major facilitator superfamily (MFS) transporter,-,-0.474234110445902,0.0897108273381365,0.237817955564794
desB,PA4888,"acyl-CoA delta-9-desaturase, DesB",-,-0.583059989561054,0.0358013821272481,0.120556485431821
PA4889,PA4889,probable oxidoreductase,-,-0.195796431767186,0.645214725234849,0.804830204502929
desT,PA4890,DesT,+,-0.150645514190266,0.0747329401752083,0.208880461070089
ureE,PA4891,urease accessory protein UreE,+,-2.62033530085945,3.97212349668771e-07,4.47177094209666e-06
ureF,PA4892,urease accessory protein UreF,+,-1.35651108298586,0.0733751245467386,0.206650372020681
ureG,PA4893,urease accessory protein UreG,+,-1.07386632699251,0.126203350976334,0.303408056150712
PA4894,PA4894,hypothetical protein,+,-2.84039693368716,0.0754935433993354,NA
PA4895,PA4895,probable transmembrane sensor,-,0.322837774212098,0.869392604063616,0.93434310470463
PA4896,PA4896,"probable sigma-70 factor, ECF subfamily",-,0.184643670135314,0.686497904003365,0.831802971544014
PA4897,PA4897,TonB-dependent receptor,+,0.212923074233842,0.639025131406765,0.799704853827957
opdK,PA4898,histidine porin OpdK,-,-0.360654028911726,0.236432349347181,0.448895962402596
PA4899,PA4899,probable aldehyde dehydrogenase,-,0.399352036226888,0.432849815779691,0.646366697207731
PA4900,PA4900,probable major facilitator superfamily (MFS) transporter,-,0.562003526642681,0.263495755832417,0.481304107884138
mdlC,PA4901,benzoylformate decarboxylase,-,0.922068433176049,0.064485630285386,0.187403642036265
PA4902,PA4902,probable transcriptional regulator,+,0.0967532627220839,0.320069953289768,0.542509630324668
PA4903,PA4903,probable major facilitator superfamily (MFS) transporter,-,1.18352822000049,0.00583384191869761,0.0276344674181554
vanA,PA4904,vanillate O-demethylase oxygenase subunit,+,-0.0469638083671674,0.988488228816183,0.995517193770835
vanB,PA4905,vanillate O-demethylase oxidoreductase,+,0.136717660948311,0.839153732668046,0.919176117825479
PA4906,PA4906,probable transcriptional regulator,-,-0.546163497067753,0.0191476243468614,0.0730522066296098
PA4907,PA4907,probable short-chain dehydrogenase,-,-0.613579373057771,0.0267408117886499,0.0961803277526251
PA4908,PA4908,hypothetical protein,-,0.295732623846852,0.3437344073811,0.563876827247503
PA4909,PA4909,probable ATP-binding component of ABC transporter,-,-0.17875428453221,0.384230808076454,0.603220980618672
PA4910,PA4910,branched chain amino acid ABC transporter ATP binding protein,-,0.398914153504246,0.411255242736984,0.626065432244863
PA4911,PA4911,probable permease of ABC branched-chain amino acid transporter,-,0.47985554144412,0.343196339929799,0.563298726181774
PA4912,PA4912,branched chain amino acid ABC transporter membrane protein,-,-0.17516382032345,0.892652647054355,0.948121173170983
PA4913,PA4913,probable binding protein component of ABC transporter,-,-0.373186630303359,0.154621482786828,0.344309415614853
PA4914,PA4914,"transcriptional regulator, AmaR",+,-0.478722968368006,0.0880913266815002,0.234858598551557
PA4915,PA4915,probable chemotaxis transducer,+,-0.0868633568339313,0.511014843231341,0.710408764277945
PA4916,PA4916,Nudix-related transcriptional regulator NrtR,-,0.381973244283245,0.119773530358538,0.292233929318701
PA4917,PA4917,nicotinate mononucleotide adenylyltransferase NadD2,-,0.224442651029391,0.513057402917462,0.711758646754266
PA4918,PA4918,"nicotinamidase, PcnA",+,0.583848076377937,0.000354097953166396,0.00240612136597278
pncB1,PA4919,nicotinate phosphoribosyltransferase,+,0.421481352542492,0.00843084192985133,0.0374786438317494
nadE,PA4920,NH3-dependent NAD synthetase,+,0.465712331798791,0.0580899292448336,0.17273001002447
PA4921,PA4921,"cholinesterase, ChoE",+,-0.602995013438607,0.00326363681852593,0.0169843466679377
azu,PA4922,azurin precursor,-,0.274850197760892,0.585590282615279,0.763999534489252
PA4923,PA4923,type-I LOG protein,+,0.304897380622995,0.0712657105517184,0.202358601604037
PA4924,PA4924,conserved hypothetical protein,-,0.0793113903278439,0.858596296332661,0.928361070232821
PA4925,PA4925,conserved hypothetical protein,-,-0.24433766732242,0.344668451092453,0.564798315211722
PA4926,PA4926,conserved hypothetical protein,-,-0.156707698546041,0.535396730893764,0.729408927495141
PA4927,PA4927,conserved hypothetical protein,-,-0.164280407088429,0.614909011281329,0.783221637375126
PA4928,PA4928,conserved hypothetical protein,-,-0.519933041812267,0.0180162993214109,0.069588099479517
PA4929,PA4929,hypothetical protein,+,-0.117100917204161,0.489054277658854,0.692712735021925
alr,PA4930,biosynthetic alanine racemase,-,-0.188807691416777,0.238881685134756,0.451990665855222
dnaB,PA4931,replicative DNA helicase,-,-0.121803024421292,0.784052116441129,0.887937489231828
rplI,PA4932,50S ribosomal protein L9,-,-0.5707703435877,0.0535054164911867,0.161849883982314
PA4933,PA4933,hypothetical protein,-,-0.514325337845188,0.069647695152318,0.198798817934666
rpsR,PA4934,30S ribosomal protein S18,-,-0.524168604831935,0.0981728559907342,0.253710770933465
rpsF,PA4935,30S ribosomal protein S6,-,-0.666562006168987,0.0130815775831479,0.0540360876613624
PA4936,PA4936,probable rRNA methylase,-,1.18702107119932,1.25672700980306e-07,1.5160674941322e-06
rnr,PA4937,exoribonuclease RNase R,-,0.812047167176287,5.4886934215971e-09,7.72746906780771e-08
PA4937.1,PA4937.1,tRNA-Leu,+,-0.169831397741352,0.657584072292696,0.813637943310892
PA4937.2,PA4937.2,tRNA-Leu,+,-0.0574149766910933,0.22679520887977,0.437916549996242
purA,PA4938,adenylosuccinate synthetase,-,-0.251556394275392,0.15294175881357,0.341571804372744
PA4939,PA4939,conserved hypothetical protein,-,-0.0574215651435266,0.595707075472066,0.770900092549477
PA4940,PA4940,conserved hypothetical protein,-,-0.210569680675804,0.427126760890876,0.641366046414911
hflC,PA4941,protease subunit HflC,-,0.511271264368374,0.0177531774050635,0.0687880615641356
hflK,PA4942,protease subunit HflK,-,0.245756960362935,0.469481286644654,0.676516848102532
PA4943,PA4943,probable GTP-binding protein,-,0.260390430462584,0.00213283684942673,0.0116385377718717
hfq,PA4944,Hfq,-,0.103792467601326,0.31247805648622,0.535375529870194
miaA,PA4945,delta 2-isopentenylpyrophosphate transferase,-,0.159168995251456,0.231497673307976,0.443107068305464
mutL,PA4946,DNA mismatch repair protein MutL,-,-0.171000403353018,0.314845609278194,0.537476259213494
amiB,PA4947,N-acetylmuramoyl-L-alanine amidase,-,-0.334617462514315,0.0840895394897405,0.227082921950932
PA4948,PA4948,conserved hypothetical protein,-,-0.441992173172799,0.00406725950271467,0.0204644532856324
PA4949,PA4949,conserved hypothetical protein,-,0.564443050392752,0.0185107861471177,0.0710663148165178
PA4950,PA4950,conserved hypothetical protein,+,-0.1290132636021,0.625043818897102,0.789501643019904
orn,PA4951,oligoribonuclease,-,0.0360899396606043,0.898860641449867,0.949877398460932
PA4952,PA4952,conserved hypothetical protein,+,-0.114192278473701,0.804266475766242,0.899260913018161
motB,PA4953,chemotaxis protein MotB,-,-0.2435525927616,0.047563011315365,0.148852620337305
motA,PA4954,chemotaxis protein MotA,-,0.132503731171962,0.318807383392472,0.541168695801938
PA4955,PA4955,hypothetical protein,+,0.256031472371154,0.33002218489624,0.551977568343546
rhdA,PA4956,thiosulfate:cyanide sulfurtransferase,+,0.202274637803064,0.397014731531861,0.614876312132551
psd,PA4957,phosphatidylserine decarboxylase,+,0.0931906033408603,0.821891120028847,0.907925599187156
PA4958,PA4958,FimW,+,0.0412244897382825,0.832032184167278,0.914820611411452
fimX,PA4959,FimX,+,0.00734043519389988,0.510872250695444,0.710408764277945
PA4960,PA4960,probable phosphoserine phosphatase,-,-0.472806735976153,0.100225746268866,0.257752582874882
PA4961,PA4961,hypothetical protein,+,-0.530887175661764,0.00337694809631381,0.0175439392537947
PA4962,PA4962,conserved hypothetical protein,+,-0.526544785916215,0.2781883454797,0.498389985347157
PA4963,PA4963,hypothetical protein,-,-0.209879808552994,0.128697823171252,0.307698341608809
parC,PA4964,topoisomerase IV subunit A,-,-0.239148946651935,0.252452018272242,0.467892134048859
PA4965,PA4965,hypothetical protein,-,-0.318747017637761,0.165983795143704,0.359585026735798
PA4966,PA4966,hypothetical protein,-,0.00107178556342252,0.942148690711639,0.972768122381865
parE,PA4967,topoisomerase IV subunit B,-,-0.228495551104333,0.0267555031717916,0.0961803277526251
PA4968,PA4968,conserved hypothetical protein,-,-0.461922530242651,0.0942223588307419,0.247186023945068
cpdA,PA4969,"Cyclic AMP (cAMP) Phosphodiesterase, CpdA",-,-0.123490871749646,0.874421534450673,0.936371556046882
PA4970,PA4970,conserved hypothetical protein,-,0.113566550709628,0.00550324264076195,0.0262942333418453
aspP,PA4971,adenosine diphosphate sugar pyrophosphatase,-,-0.0204617645356525,0.502308754876621,0.703765764163319
PA4972,PA4972,hypothetical protein,+,0.535214941302171,0.00105959878165374,0.00627895059284661
thiC,PA4973,thiamin biosynthesis protein ThiC,-,0.0274428488508329,0.574730711086902,0.758969763351339
PA4974,PA4974,probable outer membrane protein precursor,+,-0.616485594852187,0.00827811679688556,0.0369078712149167
PA4975,PA4975,NAD(P)H quinone oxidoreductase,-,0.0473120668751212,0.981920652106486,0.99241480992386
aruH,PA4976,"Arginine:Pyruvate Transaminas, AruH",-,0.644413674298581,0.00887116150524127,0.0391492421918575
aruI,PA4977,"2-ketoarginine decarboxylase, AruI",-,0.0644161501995531,0.972565761851179,0.98828605554237
PA4978,PA4978,hypothetical protein,-,0.328017427914908,0.281103905364698,0.501160780775823
PA4979,PA4979,probable acyl-CoA dehydrogenase,-,-0.0537546069805452,0.729180812980911,0.856332067608429
PA4980,PA4980,probable enoyl-CoA hydratase/isomerase,-,0.597963326032082,0.205641970676676,0.414057302451298
PA4981,PA4981,lysine-specific permease,-,0.790006877504898,0.0521785749260884,0.158786154790123
PA4982,PA4982,probable two-component sensor,-,-0.390502202183488,0.239948384888148,0.453443413111579
PA4983,PA4983,probable two-component response regulator,-,-0.228965052143161,0.595641247294103,0.770900092549477
PA4984,PA4984,probable transcriptional regulator,-,-0.165377668222941,0.410610326334376,0.625711567101204
PA4985,PA4985,Uncharacterized protein,-,0.273799494786526,0.29634963965304,0.518376942466027
PA4986,PA4986,probable oxidoreductase,+,0.354144406727911,0.334271837632643,0.555448121844967
PA4987,PA4987,probable transcriptional regulator,+,-0.173142205268043,0.819078249766029,0.90589085504708
waaA,PA4988,3-deoxy-D-manno-octulosonic-acid (KDO) transferase,-,0.0479018223674056,0.886507568425004,0.944072994946108
PA4989,PA4989,probable transcriptional regulator,-,0.354929119283459,0.500598514970735,0.701858416798488
PA4990,PA4990,SMR multidrug efflux transporter,+,-0.60123356153501,0.765295735694884,0.877374291884542
PA4991,PA4991,hypothetical protein,+,-0.51011935693959,0.0970317114274181,0.251618985017766
PA4992,PA4992,hypothetical protein,+,-0.303371950524395,0.293540758454163,0.515544232214143
PA4993,PA4993,hypothetical protein,+,-0.216230693021771,0.626548680111752,0.790455198567817
PA4994,PA4994,probable acyl-CoA dehydrogenase,-,0.815443666129043,0.00217710018863159,0.0118337750735621
PA4995,PA4995,probable acyl-CoA dehydrogenase,-,-0.126489237169761,0.379458360615315,0.598999305986923
rfaE,PA4996,LPS biosynthesis protein RfaE,-,-0.313596237916468,0.159427973117557,0.350256676639151
msbA,PA4997,transport protein MsbA,-,-0.483093150311718,0.00803475572830407,0.0359284434483044
PA4998,PA4998,conserved hypothetical protein,+,0.392992445873854,0.000237613642233247,0.00168636208312438
waaL,PA4999,"O-antigen ligase, WaaL",+,-0.181523175407768,0.2142822083622,0.422545401168947
wapR,PA5000,"alpha-1,3-rhamnosyltransferase WapR",-,0.933847823656065,3.19138664977975e-05,0.000266373235087531
PA5001,PA5001,"cell surface-sugar biosynthetic glycosyltransferase, Ssg",-,-0.0957476329225148,0.43098222524094,0.644455431927556
PA5002,PA5002,"de-N-acetylase involved in persistence, DnpA",-,-0.123533660553367,0.125408612832099,0.302405421852087
PA5003,PA5003,Mig-14-like protein,-,0.0759717848719596,0.879218651419792,0.938782118038941
PA5004,PA5004,WapH,-,0.188106740922942,0.444763550250603,0.658511449930637
PA5005,PA5005,probable carbamoyl transferase,-,-0.106421101080448,0.721780981366707,0.853256768933018
PA5006,PA5006,putative kinase,-,-0.166192570353551,0.662273960970895,0.815643917627055
PA5007,PA5007,WapG,-,-0.00870409608716093,0.927021818443838,0.964325008475059
PA5008,PA5008,WapP,-,0.0199152471319693,0.922201376481384,0.961993803075303
waaP,PA5009,lipopolysaccharide kinase WaaP,-,0.07451403558682,0.921318781505874,0.961734451432589
waaG,PA5010,"UDP-glucose:(heptosyl) LPS alpha 1,3-glucosyltransferase WaaG",-,0.00397144918705483,0.627001253456717,0.79065744097576
waaC,PA5011,heptosyltransferase I,-,0.225549555852472,0.130280221348482,0.309437791096093
waaF,PA5012,heptosyltransferase II,-,0.624635268672817,0.00223115671279453,0.012055796022473
ilvE,PA5013,branched-chain amino acid transferase,-,0.0821658263310931,0.820908769270481,0.907335958457792
glnE,PA5014,glutamate-ammonia-ligase adenylyltransferase,-,-0.240458316316815,0.176630839018869,0.373317983687389
aceE,PA5015,pyruvate dehydrogenase,+,-0.235846497289239,0.579794708686849,0.760855167022449
aceF,PA5016,dihydrolipoamide acetyltransferase,+,-0.287961994276716,0.257787172613618,0.473613170692464
aceF-3',PA5016.1,putative sRNA,+,-1.18985190079032,0.508382641051045,NA
PA5017,PA5017,DipA,+,-0.0265808238548277,0.946528420440732,0.974471404009902
msrA,PA5018,peptide methionine sulfoxide reductase,+,-0.317607066162205,0.228753344643806,0.439681753341341
PA5019,PA5019,conserved hypothetical protein,-,0.262637199493883,0.137794890082465,0.319575977412139
PA5020,PA5020,probable acyl-CoA dehydrogenase,+,1.25777977796002,6.57250564639896e-05,0.000519973458440012
PA5021,PA5021,probable sodium/hydrogen antiporter,+,0.144152755774889,0.674683710153436,0.82373858213502
PA5022,PA5022,conserved hypothetical protein,+,-0.121590054961349,0.136367406215095,0.317405991911468
PA5023,PA5023,conserved hypothetical protein,+,0.139536140978937,0.260424808543882,0.477563535280832
PA5024,PA5024,conserved hypothetical protein,+,-1.22344137103916,0.0659431620398327,0.19028829289914
metY,PA5025,homocysteine synthase,+,-0.792224199530273,0.0014057042860086,0.0080394096206411
PA5026,PA5026,hypothetical protein,+,-0.374764537155287,0.326504119723445,0.548512458051457
PA5027,PA5027,hypothetical protein,+,0.447715788424513,0.000191655914084179,0.00138119725256864
PA5028,PA5028,conserved hypothetical protein,-,-0.567571320033735,0.00303234705606361,0.0158897080623437
PA5029,PA5029,probable transcriptional regulator,-,0.219478049651405,0.717570438932943,0.850281849081612
PA5030,PA5030,probable major facilitator superfamily (MFS) transporter,+,0.130996265051914,0.038203801172254,0.126747220072847
PA5031,PA5031,probable short chain dehydrogenase,-,0.379591066973238,0.578140390070703,0.760505698841326
PA5032,PA5032,probable transcriptional regulator,+,-0.259654745306385,0.776649316132169,0.883677647123892
PA5033,PA5033,hypothetical protein,+,-0.12293872209027,0.905351880141066,0.951954932999099
hemE,PA5034,uroporphyrinogen decarboxylase,-,-0.0760096560270838,0.460574921290571,0.670529899805946
gltD,PA5035,glutamate synthase small chain,-,0.745305460839633,0.000882743991580381,0.00537800255111421
gltB,PA5036,glutamate synthase large chain precursor,-,0.324370800949972,0.143497991760244,0.327348050376375
PA5037,PA5037,hypothetical protein,-,0.54672569597891,0.000793803736508127,0.00488024424835999
aroB,PA5038,3-dehydroquinate synthase,-,0.314271391837754,0.0962759053365075,0.250408141269579
aroK,PA5039,shikimate kinase,-,0.174541297362114,0.562286590620107,0.751531945348636
pilQ,PA5040,Type 4 fimbrial biogenesis outer membrane protein PilQ precursor,-,-0.0402164604006831,0.69827497709955,0.838615420120668
pilP,PA5041,type 4 fimbrial biogenesis protein PilP,-,0.0388286849034161,0.965705526525781,0.984361017127237
pilO,PA5042,type 4 fimbrial biogenesis protein PilO,-,0.0964187770150556,0.767273005298661,0.878786824490803
pilN,PA5043,type 4 fimbrial biogenesis protein PilN,-,0.0499213431940066,0.739276042340591,0.861684023227565
pilM,PA5044,type 4 fimbrial biogenesis protein PilM,-,0.216572202048053,0.321818288453229,0.543802109254858
ponA,PA5045,penicillin-binding protein 1A,+,0.00394718448244678,0.950630317189502,0.976544443129679
PA5046,PA5046,malic enzyme,-,-0.929778716619749,2.54771546124566e-05,0.000217128334534251
PA5047,PA5047,hypothetical protein,-,0.118267712725683,0.188521932633466,0.391601731781072
PA5048,PA5048,probable nuclease,-,-0.0149644704960343,0.564671902656349,0.753226886198884
rpmE,PA5049,50S ribosomal protein L31,-,-0.309508896235526,0.0147358279760277,0.0589044823178761
priA,PA5050,primosomal protein N',+,-0.594184161870275,0.0470063160818803,0.147574680359106
argS,PA5051,arginyl-tRNA synthetase,+,-0.216895756123202,0.580383953616678,0.761180605892241
PA5052,PA5052,hypothetical protein,+,0.0507488690573295,0.340499187754808,0.560539628675033
hslV,PA5053,heat shock protein HslV,+,0.956636240328171,4.77875193849786e-08,6.19603990658226e-07
hslU,PA5054,heat shock protein HslU,+,0.528741199825783,0.000952825918137336,0.00575298275747
PA5055,PA5055,hypothetical protein,+,0.0876873053719571,0.331079907591686,0.552984552509317
phaC1,PA5056,poly(3-hydroxyalkanoic acid) synthase 1,+,0.10036782542681,0.824398712918745,0.909267949583548
phaD,PA5057,poly(3-hydroxyalkanoic acid) depolymerase,+,0.15323232068211,0.657088477209707,0.813637943310892
phaC2,PA5058,poly(3-hydroxyalkanoic acid) synthase 2,+,-0.263066898416164,0.227590171325206,0.438279009711631
PA5059,PA5059,probable transcriptional regulator,+,-0.46292281159684,0.055542354211531,0.166866682875645
phaF,PA5060,polyhydroxyalkanoate synthesis protein PhaF,-,0.33233168422894,0.252683600213675,0.468178346899718
PA5061,PA5061,conserved hypothetical protein,-,0.605152848979736,0.0911721171469289,0.241059872264734
PA5062,PA5062,conserved hypothetical protein,-,-0.365329917223806,0.0225404029434762,0.0831459969975767
ubiE,PA5063,ubiquinone biosynthesis methyltransferase UbiE,+,-0.421499390886342,0.0780082161353926,0.21496542030407
PA5064,PA5064,hypothetical protein,+,-0.154553335848945,0.746959150231586,0.8673073332578
ubiB,PA5065,ubiquinone biosynthetic protein UbiB,+,-0.878190618528274,2.88306850246081e-07,3.30708122361667e-06
hisI,PA5066,phosphoribosyl-AMP cyclohydrolase,+,-0.422717634863654,0.0290916216335553,0.102752014011882
hisE,PA5067,phosphoribosyl-ATP pyrophosphohydrolase,+,-0.302013283094697,0.387538804673891,0.605610473026312
tatA,PA5068,translocation protein TatA,+,-0.627241295965481,0.00285343039318139,0.0150593566771299
tatB,PA5069,translocation protein TatB,+,-0.153429907699286,0.637719146804743,0.798892665081282
tatC,PA5070,transport protein TatC,+,-0.629132717905701,0.000242719650459075,0.00171457839229996
PA5071,PA5071,conserved hypothetical protein,+,-0.690317947218313,0.000596858125921259,0.00379239278334053
PA5072,PA5072,McpK,+,0.454972974135669,0.310389284179895,0.533282070463365
PA5073,PA5073,hypothetical protein,+,0.213652122885536,0.457333597268012,0.667733462036164
PA5074,PA5074,probable ATP-binding component of ABC transporter,-,-0.492637192317518,0.240109072656218,0.453464628969165
PA5075,PA5075,probable permease of ABC transporter,-,-0.281539751504413,0.114754022046952,0.282944902795978
PA5076,PA5076,putative amino acid ABC transporter substrate-binding protein,-,0.427839892898754,0.045304071964495,0.144080245639704
opgH,PA5077,Osmoregulated periplasmic glucan biosynthesis,-,2.01081622305833,2.2646690762723e-28,1.22134727203399e-26
opgG,PA5078,Osmoregulated periplasmic glucan biosynthesis,-,1.87427272262498,7.0484409134996e-21,2.29945911092019e-19
PA5079,PA5079,conserved hypothetical protein,-,-0.376002441681767,0.0807549390147536,0.220730166640326
PA5080,PA5080,prolyl aminopeptidase,-,-0.0373714882984237,0.540809218154532,0.732016581700134
PA5081,PA5081,hypothetical protein,+,0.417614935252552,0.104800743181945,0.264971212345017
PA5082,PA5082,DguC,-,0.264881672977527,0.662044962884926,0.815643917627055
PA5083,PA5083,Rid2 subfamily protein,-,-0.228141883664136,0.471698040824686,0.677779709146151
PA5084,PA5084,DguA,-,0.482370561517487,0.323474574564422,0.545537442595029
PA5085,PA5085,DguR,+,-0.212962148108845,0.772171650173147,0.881334163916692
tli5b1,PA5086,"type VI secretion lipase immunity protein, Tli5b1",-,0.0848042019291107,0.0766163008873306,0.212383606114355
tli5b2,PA5087,"type VI secretion lipase immunity protein, Tli5b2",-,-0.092676337545011,0.92925905488872,0.965703706981462
tli5b3,PA5088,"type VI secretion lipase immunity protein, Tli5b3",-,-0.29881549628741,0.274163429791135,0.493950027307782
tle5b,PA5089,"type VI secretion phospholipase D effector, Tle5b",-,-0.39351734070647,0.0479908282951621,0.149875628458592
vgrG5,PA5090,VgrG5,-,0.152457145758816,0.842192887658648,0.920963496542201
hutG,PA5091,N-formylglutamate amidohydrolase,-,0.79414130166542,0.00880778236831039,0.0389829492420915
hutI,PA5092,imidazolone-5-propionate hydrolase HutI,-,0.86625961192291,0.00598449305587814,0.0281940247384072
PA5093,PA5093,probable histidine/phenylalanine ammonia-lyase,-,0.91658793124204,0.000230773613098769,0.00164165801205549
PA5094,PA5094,probable ATP-binding component of ABC transporter,-,0.723677410976629,0.00131742407672182,0.00757737374175168
PA5095,PA5095,probable permease of ABC transporter,-,0.374626584589791,0.304171480085984,0.526443964963421
PA5096,PA5096,probable binding protein component of ABC transporter,-,0.421160042600141,0.154958198296462,0.344679746064125
PA5097,PA5097,probable amino acid permease,-,0.736728218651004,0.0517606720879807,0.157989818023072
hutH,PA5098,histidine ammonia-lyase,-,0.913524578163801,0.0315016240461972,0.109983805933443
PA5099,PA5099,probable transporter,-,0.986480143276821,7.93927184229266e-05,0.000612919866908802
hutU,PA5100,urocanase,-,0.795017325513038,0.00124840861627005,0.00725607613364622
PA5101,PA5101,hypothetical protein,-,0.195695872780882,0.456608065218977,0.667733462036164
PA5102,PA5102,hypothetical protein,-,0.512734407710404,0.0872133580853295,0.233132447956731
PA5103,PA5103,PuuR,-,0.010276515795509,0.807691309892119,0.900707375828889
PA5104,PA5104,conserved hypothetical protein,-,1.13765713323628,2.680283878542e-05,0.000227150315293196
hutC,PA5105,histidine utilization repressor HutC,-,0.505577626199558,0.0145421361558694,0.0582671392812922
PA5106,PA5106,conserved hypothetical protein,+,0.454022096489166,0.103558207308962,0.262925189100745
blc,PA5107,outer membrane lipoprotein Blc,-,0.55897296070624,0.00391932555706247,0.0198850062543939
PA5108,PA5108,hypothetical protein,-,0.426973648213377,0.0129168795838349,0.0534649558763369
PA5109,PA5109,hypothetical protein,-,2.04998056967066,3.35699617730172e-20,1.04462834891625e-18
fbp,PA5110,"fructose-1,6-bisphosphatase",-,1.90188112883864,6.02351426102212e-30,3.54861014911478e-28
gloA3,PA5111,lactoylglutathione lyase,-,3.13890497410371,5.63318170182456e-30,3.35119083986975e-28
estA,PA5112,esterase EstA,-,0.0702066844484448,0.798367295024217,0.895966847828176
PA5113,PA5113,hypothetical protein,-,-0.369824190154792,0.135919158786751,0.316848811186326
PA5114,PA5114,hypothetical protein,-,-0.200455880679205,0.377795328836436,0.597150834951678
PA5115,PA5115,conserved hypothetical protein,-,0.538454329886903,0.133913702626411,0.314590920455696
PA5116,PA5116,probable transcriptional regulator,+,0.481750007990788,0.158380639292409,0.348207869284906
typA,PA5117,regulatory protein TypA,-,0.394453160112872,0.0397918761023651,0.130579957179218
thiI,PA5118,thiazole biosynthesis protein ThiI,-,-0.441919800262299,0.139436430230156,0.321466663615725
glnA,PA5119,glutamine synthetase,+,-0.360007374691571,0.217930269743585,0.42685571022955
PA5120,PA5120,hypothetical protein,+,-0.812002823973393,0.243054168853656,0.456698282294765
PA5121,PA5121,hypothetical protein,-,-0.177738561771012,0.400924228459377,0.61773799636932
PA5122,PA5122,hypothetical protein,+,0.0841498795690377,0.0755175746326521,0.210588530731127
PA5123,PA5123,hypothetical protein,+,0.0452492722283032,0.441941682544128,0.656796994777803
ntrB,PA5124,two-component sensor NtrB,+,0.226941737429154,0.572672656498023,0.758066684037958
ntrC,PA5125,two-component response regulator NtrC,+,-0.387036471912998,0.194315392957613,0.399561438314739
ntrC-3',PA5125.01,putative sRNA,+,-2.25313894662884,0.00047060031098915,0.00309047909857377
NrsZ,PA5125.1,Nitrogen-regulated sRNA,+,-2.31758164948704,0.201287600356419,NA
PA5126,PA5126,hypothetical protein,-,0.0187770710490143,0.90763327179974,0.953022788247244
PA5127,PA5127,probable rRNA methylase,+,-0.337524143777416,0.441463598393737,0.656408016430579
secB,PA5128,secretion protein SecB,-,-0.72694736235495,0.0078593861451381,0.0352481560448618
grx,PA5129,GrxC,-,-0.0148999978239036,0.997870529823023,0.999187850654472
PA5130,PA5130,conserved hypothetical protein,-,-0.100820550944458,0.903540221706277,0.951616913283097
pgm,PA5131,phosphoglycerate mutase,+,2.60625919643853,1.06823384388853e-48,1.96425544385322e-46
PA5132,PA5132,hypothetical protein,+,0.0181284620990409,0.998959259388536,0.99930501747528
PA5133,PA5133,conserved hypothetical protein,+,0.224658704069179,0.15682220509268,0.347425023914706
PA5134,PA5134,"carboxyl-terminal processing protease, CtpA",+,0.0639741940392897,0.70173649737425,0.840034931163336
PA5135,PA5135,conserved hypothetical protein,+,0.368631245219275,0.364967475339125,0.585220899754468
PA5136,PA5136,hypothetical protein,+,-0.795590469861165,0.00220810086295117,0.0119525031546723
PA5137,PA5137,hypothetical protein,-,-0.748627338622759,2.25624588421057e-06,2.22616260575443e-05
PA5138,PA5138,hypothetical protein,-,-0.818788953026792,0.0112429180792242,0.0480098711504098
PA5139,PA5139,hypothetical protein,-,0.053217232702665,0.950718696076093,0.976544443129679
hisF1,PA5140,"imidazoleglycerol-phosphate synthase, cyclase subunit",-,-0.796353930082483,4.44838235210972e-05,0.000362291273031222
hisA,PA5141,phosphoribosylformimino-5-aminoimidazole carboxamide,-,-0.471480937631122,0.0120264591812048,0.0505728027107072
hisH1,PA5142,glutamine amidotransferase,-,-0.146751627520025,0.442971297088156,0.657521974249249
hisB,PA5143,imidazoleglycerol-phosphate dehydratase,-,-0.197891770961696,0.405134907777056,0.620954438088198
PA5144,PA5144,hypothetical protein,+,1.27498481867076,0.0782702981305983,0.215589727215829
PA5145,PA5145,hypothetical protein,+,-0.0143080695833678,0.909937037866109,0.954450811715047
PA5146,PA5146,hypothetical protein,+,0.00251199529583732,0.695605680568498,0.837843700447812
mutY,PA5147,A / G specific adenine glycosylase,+,0.318038572200457,0.10417016473739,0.26407298984279
PA5148,PA5148,conserved hypothetical protein,+,-0.289173047344136,0.510672151479235,0.710408764277945
PA5149,PA5149,conserved hypothetical protein,+,0.004458633939072,0.793953730215643,0.892771667669114
PA5149.1,PA5149.1,tRNA-Phe,+,-0.356757465593407,0.792020411988781,0.891841606380821
PA5150,PA5150,probable short-chain dehydrogenase,-,0.0438259282561044,0.203689996791828,0.411722485187478
PA5151,PA5151,hypothetical protein,+,-0.443248548894396,0.347426291208193,0.567579444523304
PA5152,PA5152,probable ATP-binding component of ABC transporter,+,0.132807946294999,0.805880394123929,0.900148124978288
PA5153,PA5153,amino acid (lysine/arginine/ornithine/histidine/octopine) ABC transporter periplasmic binding protein,+,-0.666788233370166,0.000489904648112609,0.00319649613413689
PA5154,PA5154,probable permease of ABC transporter,+,-0.582306355019094,0.184847171658973,0.3854476417961
PA5155,PA5155,amino acid (lysine/arginine/ornithine/histidine/octopine) ABC transporter membrane protein,+,-0.602253025825165,0.0340109022586171,0.116334923847401
PA5156,PA5156,hypothetical protein,+,-0.34488034613604,0.555855562799908,0.745516897811607
PA5157,PA5157,probable transcriptional regulator,+,-1.21604464070785,0.00736339024037599,0.0333939102979084
PA5158,PA5158,probable outer membrane protein precursor,+,-1.36287876744959,0.000242122538957652,0.00171235380698721
PA5159,PA5159,multidrug resistance protein,+,-1.35870013181903,2.89742349914863e-09,4.14659570585704e-08
PA5160,PA5160,drug efflux transporter,+,-1.7423859613982,1.21878084594027e-07,1.47616011440431e-06
PA5160.1,PA5160.1,tRNA-Thr,+,-0.63074450851304,0.433773443952497,NA
rmlB,PA5161,"dTDP-D-glucose 4,6-dehydratase",+,-0.150420457327743,0.400102431648146,0.617303278822696
rmlD,PA5162,dTDP-4-dehydrorhamnose reductase,+,0.0957960685281707,0.442324664139606,0.657188966596259
rmlA,PA5163,glucose-1-phosphate thymidylyltransferase,+,-0.141883684094659,0.0512186684724225,0.156414132003352
rmlC,PA5164,"dTDP-4-dehydrorhamnose 3,5-epimerase",+,-0.0399160821778622,0.440980980265382,0.656011911804447
PA5165,PA5165,DctB,+,-0.163225566543763,0.662900943012419,0.81591945683557
PA5166,PA5166,DctD,+,-0.259159759848716,0.119740621800376,0.292233929318701
PA5167,PA5167,DctP,+,-0.260129204754836,0.422972455596629,0.637580625743238
PA5168,PA5168,DctQ,+,-0.0785938606142258,0.589524152466351,0.766458525560284
PA5169,PA5169,DctM,+,-0.333441570551771,0.112462028808518,0.279222418498398
arcD,PA5170,arginine/ornithine antiporter,+,-0.295003248299262,0.151518235540865,0.339203253021573
arcA,PA5171,arginine deiminase,+,-0.163038046089262,0.517462773165723,0.715662727447018
arcB,PA5172,"ornithine carbamoyltransferase, catabolic",+,-0.41081355622723,0.309527739690748,0.532476951421519
arcC,PA5173,carbamate kinase,+,-0.304926513350733,0.0917006975370551,0.242007578371664
PA5174,PA5174,beta-acetoacetyl-acyl carrier protein synthase FabY,+,-0.736278783343822,2.49346202311135e-08,3.31079377598243e-07
cysQ,PA5175,"3,5-bisphosphate nucleotidase CysQ",-,0.214962861006047,0.586649305108661,0.76445531483113
PA5176,PA5176,NUDIX hydrolase,-,-0.149841555446405,0.60529654985599,0.7767872107491
PA5177,PA5177,probable hydrolase,+,-0.496131887680166,0.255729424770213,0.471406735328679
PA5178,PA5178,conserved hypothetical protein,-,-0.133746490577948,0.528323502441117,0.724467845648348
PA5179,PA5179,probable transcriptional regulator,+,-0.368601737738642,0.368192489827887,0.5879203909965
PA5180,PA5180,conserved hypothetical protein,+,-0.817496068027559,0.00219439363482243,0.0118889112286629
PA5181,PA5181,probable oxidoreductase,+,-1.86229038833286,5.52923030357647e-19,1.60532868335416e-17
P34,PA5181.1,sRNA,-,-0.53419454341167,0.28597893199384,NA
PA5182,PA5182,hypothetical protein,+,1.31305140428482,3.72513806716585e-14,8.21968646965905e-13
PA5183,PA5183,hypothetical protein,+,0.699008494497267,0.220655878118033,0.430256944038367
PhrX,PA5183.01,sRNA,-,-0.310133857171859,0.075769227631924,0.211084383619934
RsmN,PA5183a,rsmN/rsmF,-,-0.339048182331445,0.0981041015591223,0.253641111316896
PA5184,PA5184,hypothetical protein,+,0.265419191495363,0.333999815016241,0.555448121844967
PA5185,PA5185,conserved hypothetical protein,-,-0.267228628158406,0.462856968296746,0.672561322707053
PA5185as,PA5185.1,putative sRNA,+,-0.687684097842017,0.0772567788135188,0.21337921431062
PA5186,PA5186,probable iron-containing alcohol dehydrogenase,-,0.0228032144320137,0.946786233154504,0.974571477995171
PA5187,PA5187,probable acyl-CoA dehydrogenase,-,-0.130653307546763,0.832417915126213,0.914890764170596
PA5188,PA5188,probable 3-hydroxyacyl-CoA dehydrogenase,-,-0.0729671619671818,0.851015153944772,0.925723554127839
PA5189,PA5189,probable transcriptional regulator,+,0.173469853512422,0.618041641091621,0.785398257202922
PA5190,PA5190,NAD(P)H quinone oxidoreductase,-,-0.11840727055867,0.887398676505826,0.944524674449633
PA5191,PA5191,hypothetical protein,+,-0.324390633677126,0.416739487143751,0.631089395554849
pckA,PA5192,phosphoenolpyruvate carboxykinase,-,-0.273061847180987,0.152232695484968,0.340364036920703
yrfI,PA5193,heat shock protein HSP33,-,-0.137733473759382,0.589367759174291,0.766458525560284
PA5194,PA5194,hypothetical protein,+,0.427130841914441,0.558550976493901,0.748352246713401
PA5195,PA5195,probable heat shock protein,-,-0.141530670446547,0.897658605345592,0.949514520593348
PA5196,PA5196,hypothetical protein,+,0.0070947170612568,0.899382047175986,0.949922878911852
rimK,PA5197,ribosomal protein S6 modification protein,+,0.253490058052673,0.143709192475794,0.327355450534142
PA5198,PA5198,LD-carboxypeptidase,+,0.272292660886382,0.167603719815119,0.361671184864204
amgS,PA5199,AmgS,-,0.877920201421976,5.07134106983702e-09,7.18992934854464e-08
amgR,PA5200,AmgR,-,1.33634747300478,3.22002514193061e-17,8.42203127639438e-16
PA5201,PA5201,conserved hypothetical protein,+,-0.146593812017481,0.704352004952129,0.842169057349659
PA5202,PA5202,hypothetical protein,+,1.00350493599511,0.0023491855670667,0.012592630760566
gshA,PA5203,glutamate--cysteine ligase,+,-0.0546307548674231,0.473546769541534,0.679631456380801
argA,PA5204,N-acetylglutamate synthase,-,0.0862166232460737,0.814753437561924,0.902999791621143
PhrY,PA5204.1,sRNA,+,0.436956875943666,0.681400878680303,0.828937556502021
PA5205,PA5205,conserved hypothetical protein,+,0.536936076698855,0.282895740919557,0.503257506860122
argE,PA5206,acetylornithine deacetylase,-,0.292168861445067,0.242953153681312,0.456698282294765
PA5207,PA5207,probable phosphate transporter,-,0.109985015868352,0.806237841336401,0.900303868463246
PA5208,PA5208,conserved hypothetical protein,-,-0.115313877385582,0.561167368146655,0.75069744045721
PA5209,PA5209,hypothetical protein,+,2.68496546616138,1.86997123683664e-33,1.38377871525912e-31
PA5210,PA5210,probable secretion pathway ATPase,+,0.52275930201943,3.48382986739769e-05,0.000288796169882093
PA5211,PA5211,conserved hypothetical protein,+,0.472760171952406,0.430028275146024,0.643778822117634
PA5212,PA5212,hypothetical protein,+,3.50184221154828,1.28661974876614e-25,6.09938174649449e-24
gcvP1,PA5213,glycine cleavage system protein P1,-,-0.0468571111651091,0.111460229323812,0.27741619012998
gcvH1,PA5214,glycine cleavage system protein H1,-,-0.965630476496336,1.36181358972252e-06,1.40296856747645e-05
gcvT1,PA5215,glycine-cleavage system protein T1,-,-0.370006841604401,0.0177297823707998,0.0687879280217474
PA5216,PA5216,probable permease of ABC iron transporter,-,0.238449474683374,0.134857623998372,0.315830205489046
PA5217,PA5217,putative binding protein of iron ABC transporter,-,0.528045480433904,0.053819686884259,0.162630853630108
PA5218,PA5218,probable transcriptional regulator,-,0.210438026620015,0.175459935964458,0.371879459110141
PA5219,PA5219,hypothetical protein,+,-0.160670582721291,0.165341000278853,0.359280583946531
PA5220,PA5220,hypothetical protein,+,-0.908772415444806,5.53023620451491e-07,6.068259184267e-06
PA5221,PA5221,probable FAD-dependent monooxygenase,-,0.31751938596948,0.168934399048062,0.363425375165661
PA5222,PA5222,hypothetical protein,-,0.626996753445769,0.0022558089543297,0.0121349722826885
ubiH,PA5223,ubiH protein,-,-0.144229186821028,0.689782412934886,0.834034209885664
pepP,PA5224,aminopeptidase P,-,-0.570963100728421,0.000280288044362751,0.00194375754650648
PA5225,PA5225,hypothetical protein,-,-0.228008501535575,0.187723929551209,0.390373133830273
PA5226,PA5226,hypothetical protein,+,-0.286732676577565,0.430046202816858,0.643778822117634
PA5227,PA5227,conserved hypothetical protein,+,0.293681345627966,0.384585225881566,0.603325530157534
ssrS,PA5227.1,6S RNA,+,0.201949246359739,0.208199002604597,0.416541240745854
PA5228,PA5228,conserved hypothetical protein,+,-0.0767700035515589,0.931149742805173,0.966179315892919
PA5229,PA5229,conserved hypothetical protein,+,-0.0910037661596896,0.571222259043928,0.757619065328891
PA5230,PA5230,probable permease of ABC transporter,-,-0.703170005858972,0.000338914478143043,0.00230811790501906
PA5231,PA5231,probable ATP-binding/permease fusion ABC transporter,-,-0.148975699042187,0.198285697030496,0.404567698456144
PA5232,PA5232,conserved hypothetical protein,-,0.136950321227904,0.0658304197305843,0.190128028046257
PA5233,PA5233,hypothetical protein,-,-0.471173264850104,0.107336070534121,0.269249804051692
PA5234,PA5234,probable oxidoreductase,+,-0.273773168672817,0.0956151483084722,0.249330777797941
glpT,PA5235,glycerol-3-phosphate transporter,+,-0.158108920303125,0.517522750170982,0.715662727447018
PA5236,PA5236,probable aromatic hydrocarbon reductase,-,-0.0881808877907797,0.0742695836000011,0.20777677883117
PA5237,PA5237,conserved hypothetical protein,-,-0.386572735610868,0.0117613659211121,0.0497337758949883
PA5238,PA5238,probable O-antigen acetylase,-,0.0969389371824633,0.843881407559895,0.921979182764394
rho,PA5239,transcription termination factor Rho,-,-0.295642693958784,0.314878466866787,0.537476259213494
trxA,PA5240,thioredoxin,-,-0.479779158656128,0.00396185515144489,0.0200785888739876
ppx,PA5241,exopolyphosphatase,+,-0.810225647276238,7.04377494990906e-08,8.812706473412e-07
ppk,PA5242,polyphosphate kinase,-,0.299624876558254,0.0629310165769459,0.183942875042826
hemB,PA5243,delta-aminolevulinic acid dehydratase,-,0.0177582168078446,0.830470423255561,0.913743341489528
PA5244,PA5244,conserved hypothetical protein,+,0.0558585587373827,0.656206978458722,0.813123125441602
PA5245,PA5245,conserved hypothetical protein,+,2.27090132738909,8.78659779285685e-24,3.57832720852721e-22
PA5246,PA5246,conserved hypothetical protein,+,1.64406644460721,6.14183450322503e-11,1.05576917182916e-09
PA5247,PA5247,conserved hypothetical protein,-,-0.327506300864718,0.10229294848328,0.261133197895054
PA5248,PA5248,hypothetical protein,-,-0.877197074795771,8.5198913695082e-07,9.06994751406592e-06
PA5249,PA5249,hypothetical protein,-,0.16803972819129,0.608360656058206,0.778640046606453
PA5250,PA5250,conserved hypothetical protein,-,0.517082591131771,0.00465664912225582,0.0229728023364621
PA5251,PA5251,hypothetical protein,-,0.521806900301262,0.0841437515636474,0.2271282404307
PA5252,PA5252,probable ATP-binding component of ABC transporter,-,0.483585349678028,0.0352965486139572,0.119453127155322
PA5252a,PA5252a,–,+,0.116800202443388,0.837295103393369,0.918255320330917
algP,PA5253,alginate regulatory protein AlgP,-,-0.325450457642184,0.20309518387966,0.411019529076693
PA5254,PA5254,"probable peptidyl-prolyl cis-trans isomerase, FkbP-type",+,-0.294367070481606,0.324823356062669,0.546748439552919
algQ,PA5255,Alginate regulatory protein AlgQ,-,-0.139499711404834,0.108961603119306,0.272090126637016
dsbH,PA5256,disulfide bond formation protein,-,1.44638408964688,1.71001226209261e-09,2.52466043950801e-08
PA5257,PA5257,hypothetical protein,-,1.96076389175765,1.14983410368594e-18,3.29112893451239e-17
PA5258,PA5258,hypothetical protein,-,2.14007135971118,3.92020276524119e-45,5.1712587781486e-43
hemD,PA5259,uroporphyrinogen-III synthetase,-,1.56215542256333,1.51199175028536e-14,3.38552248735483e-13
hemC,PA5260,porphobilinogen deaminase,-,0.153660836222142,0.266160202011989,0.484857431944985
algR,PA5261,alginate biosynthesis regulatory protein AlgR,-,1.23432927421743,2.68381445188991e-20,8.48197192399374e-19
algZ,PA5262,FimS,-,1.08231226745973,4.65607716757237e-15,1.07836168903928e-13
argH,PA5263,argininosuccinate lyase,+,-0.182575281502661,0.601545517772135,0.7744914495738
PA5264,PA5264,hypothetical protein,-,0.00701770214544661,0.196637587310924,0.402970915164703
PA5265,PA5265,hypothetical protein,-,0.23737549010269,0.398693666858997,0.616066127590383
PA5266,PA5266,VgrG6,-,0.0532487378919508,0.712947985746439,0.846939776333084
hcpB,PA5267,secreted protein Hcp,-,-0.192654708467052,0.270696037620294,0.489994349759607
corA,PA5268,magnesium/cobalt transport protein,-,-0.28149101111816,0.535708074659337,0.729558430541838
PA5269,PA5269,hypothetical protein,+,0.111508701534727,0.80354878282781,0.898846688425568
PA5270,PA5270,hypothetical protein,+,-0.0932024489833702,0.619721719113665,0.786090204358298
PA5271,PA5271,hypothetical protein,+,0.0227464543546839,0.197023673422219,0.403081473474722
cyaA,PA5272,adenylate cyclase,+,0.0670663929850212,0.906805981230126,0.952483762178364
PA5273,PA5273,hypothetical protein,+,-0.435407735866705,0.0203496418433166,0.0767443298354537
rnk,PA5274,nucleoside diphosphate kinase regulator,-,-0.22608599680258,0.629903206250587,0.793101138600392
PA5275,PA5275,conserved hypothetical protein,-,0.54477005710703,0.0170813878614716,0.0668708784151032
lppL,PA5276,Lipopeptide LppL precursor,+,-0.508505849998137,0.0760937141342133,0.211482395289744
lysA,PA5277,diaminopimelate decarboxylase,+,-0.34159588875724,0.117834046582125,0.289246357063242
dapF,PA5278,diaminopimelate epimerase,+,-0.296233740848291,0.157006416207361,0.347559150535606
PA5279,PA5279,conserved hypothetical protein,+,-0.416446540178935,0.00074453801067626,0.00461476675054499
sss,PA5280,site-specific recombinase Sss,+,-0.178150178229152,0.546312251474018,0.736999275665705
PA5281,PA5281,probable hydrolase,+,-0.449027938543919,0.062163600706687,0.182138449583861
PA5282,PA5282,probable major facilitator superfamily (MFS) transporter,-,0.583160566026219,0.562670183153136,0.751713489954476
PA5283,PA5283,probable transcriptional regulator,+,-0.113374505807771,0.710740942602973,0.844814111599381
PA5284,PA5284,hypothetical protein,-,-0.263218708536879,0.855538170529186,0.927533610643399
PA5285,PA5285,SutA,-,-0.170449604180237,0.478108700381476,0.682920037297529
PA5286,PA5286,conserved hypothetical protein,-,-0.203623417145246,0.691177249174275,0.834639512037712
amtB,PA5287,ammonium transporter AmtB,-,0.363111390271593,0.15024970822447,0.33729753218871
glnK,PA5288,nitrogen regulatory protein P-II 2,-,-0.121099044472764,0.142695314350731,0.326252889027971
PA5289,PA5289,hypothetical protein,+,-0.0560251217863299,0.679853875861731,0.827902167853193
PA5290,PA5290,conserved hypothetical protein,+,1.24106953059983,2.22156097016823e-08,2.95623508047825e-07
PA5291,PA5291,BetT2,+,2.65269182799549,6.04932244323722e-29,3.36764115463885e-27
pchP,PA5292,phosphorylcholine phosphatase,-,0.447280982557824,0.0467288478831131,0.147333413492463
PA5293,PA5293,probable transcriptional regulator,-,0.393309966622686,0.198965663412002,0.405085809086678
PA5294,PA5294,putative multidrug efflux pump,+,-0.150069030856109,0.480767737696734,0.684715098086219
PA5295,PA5295,ProE,-,-0.336347063921853,0.0687477936943732,0.196681571021903
rep,PA5296,ATP-dependent DNA helicase Rep,+,-0.697855975026665,0.0149698789614394,0.0597220417738422
poxB,PA5297,pyruvate dehydrogenase (cytochrome),+,3.03509277224522,1.01564416280475e-27,5.17893174781446e-26
PA5298,PA5298,xanthine phosphoribosyltransferase,+,0.50799805085275,0.0439916047174884,0.141089353819091
PA5299,PA5299,hypothetical protein,-,2.61276284407643,2.11737700219464e-31,1.4275826277019e-29
cycB,PA5300,cytochrome c5,-,-0.347821525398014,0.181607584321363,0.381973941650617
PA5301,PA5301,PauR,-,-1.93356198212495,4.31373789903873e-29,2.42368162697843e-27
dadX,PA5302,catabolic alanine racemase,-,-0.594337631837042,0.00175882485706607,0.00987293698757216
PA5303,PA5303,conserved hypothetical protein,-,-1.19883830399746,1.26630741552676e-11,2.32143607172701e-10
dadA,PA5304,"D-amino acid dehydrogenase, small subunit",-,-0.115012366422587,0.223142266587222,0.433288727568404
PA5305,PA5305,conserved hypothetical protein,-,0.156340071664278,0.291097858381828,0.512589032112864
PA5306,PA5306,conserved hypothetical protein,-,0.150606714912769,0.719137920933216,0.851568802554658
PA5307,PA5307,hypothetical protein,-,0.288438971637878,0.129650911446665,0.309124452125093
lrp,PA5308,leucine-responsive regulatory protein,+,-0.267298647604652,0.52451780638317,0.722051064582542
PA5309,PA5309,FAD-dependent oxidoreductase,+,-0.329809016364312,0.0686507208600398,0.196496497254114
PA5310,PA5310,conserved hypothetical protein,+,-0.192380241974998,0.068920428012078,0.197082543438873
PA5311,PA5311,probable major facilitator superfamily (MFS) transporter,-,-0.128207511651702,0.0845272651929961,0.227859371475389
PA5312,PA5312,Aldehyde dehydrogenase,-,-1.12659774710665,9.01589480631733e-09,1.24337385647122e-07
PA5313,PA5313,Transaminase,+,-1.22549830687037,4.33892572815025e-08,5.64991444601196e-07
PA5314,PA5314,hypothetical protein,+,-2.52544665422973,5.76938552631568e-16,1.41735349691026e-14
rpmG,PA5315,50S ribosomal protein L33,-,-0.36303073386462,0.126624148628712,0.303817846531841
rpmB,PA5316,50S ribosomal protein L28,-,-0.444315509567325,0.0580999150963148,0.17273001002447
PA5316.1,PA5316.1,sRNA,+,0.0602666078281679,0.122973355025329,0.298123179502075
PA5317,PA5317,probable binding protein component of ABC dipeptide transporter,+,-0.129426185145019,0.810269590249876,0.900992463558044
PA5318,PA5318,hypothetical protein,+,-0.170538370436479,0.3817617761591,0.600915812641614
radC,PA5319,DNA repair protein RadC,-,-0.185331216658434,0.198497945922178,0.404597089639159
coaC,PA5320,Phosphopantothenoylcysteine synthase/(R)-4'-phospho-N-pantothenoylcysteine decarboxylase,+,0.200849181590627,0.297419828626245,0.519483067318181
dut,PA5321,deoxyuridine 5'-triphosphate nucleotidohydrolase,+,-0.212313000769533,0.00363988949279548,0.0187018200188679
algC,PA5322,phosphomannomutase AlgC,+,0.678235836924617,0.00142392312912088,0.00813593742702964
argB,PA5323,acetylglutamate kinase,+,0.798018449732473,0.000285292574281687,0.00197395135774376
PA5324,PA5324,"Sphingosine-responsive Regulator, SphR",-,0.0724971557793723,0.231883748150666,0.443451176734396
PA5325,PA5325,SphA,+,0.0967365977141031,0.659985027934335,0.814678135865851
PA5326,PA5326,SphD,-,0.183003745385202,0.54235722881665,0.733457469235444
PA5327,PA5327,SphC,-,0.547576099085194,0.65969870066452,0.814678135865851
PA5328,PA5328,SphB,-,0.105637628652442,0.960889142579276,NA
PA5329,PA5329,conserved hypothetical protein,+,-0.201586504560489,0.626541515051193,0.790455198567817
PA5330,PA5330,hypothetical protein,-,-0.137612031003365,0.57760227657267,0.760279959705631
pyrE,PA5331,orotate phosphoribosyltransferase,-,-0.171170501554923,0.360191563528221,0.580361765132566
crc,PA5332,catabolite repression control protein,+,-0.429630563274422,0.00144069312905348,0.00822401308287536
PA5333,PA5333,conserved hypothetical protein,-,0.851109316742674,9.2107882765797e-05,0.000703032242292901
rph,PA5334,ribonuclease PH,-,-0.483760990937439,0.00682497994185009,0.031326761185436
PA5335,PA5335,conserved hypothetical protein,+,-0.285132246108608,0.423936397485608,0.638213680964913
gmk,PA5336,guanylate kinase,+,-0.151736759379355,0.124399108680662,0.300858426255185
rpoZ,PA5337,RNA polymerase omega subunit,+,-0.174113502736619,0.415164508786342,0.629489814921421
spoT,PA5338,"guanosine-3',5'-bis(diphosphate) 3'-pyrophosphohydrolase",+,-0.252756924854863,0.343871038059574,0.563948502417701
PA5339,PA5339,conserved hypothetical protein,+,-0.513977591987792,0.0692632729265744,0.197969637361495
PA5340,PA5340,hypothetical protein,+,-0.272541617932128,0.408948722334284,0.62443403299558
PA5341,PA5341,hypothetical protein,-,-0.112277028226363,0.681399093900238,0.828937556502021
PA5342,PA5342,probable transcriptional regulator,-,0.594353304808701,0.166035908461357,0.359585026735798
PA5343,PA5343,hypothetical protein,-,0.272880012975473,0.582057654155731,0.761355000089885
oxyR,PA5344,OxyR,+,-0.290900333119742,0.139429887897601,0.321466663615725
recG,PA5345,ATP-dependent DNA helicase RecG,+,-0.197122792349122,0.00452495455006192,0.022506085417849
PA5346,PA5346,SadB,+,0.145606289825946,0.601392774629963,0.774459116395293
PA5347,PA5347,hypothetical protein,-,-0.95010652523519,0.000589343323788136,0.00375250292628165
PA5348,PA5348,probable DNA-binding protein,-,-1.13730268801383,1.19856978353856e-07,1.45458428930239e-06
PA5349,PA5349,rubredoxin reductase,-,0.0572415683587479,0.788933429082101,0.889823057187767
rubA2,PA5350,Rubredoxin 2,-,-0.107537319892731,0.726880892471673,0.85537424794097
rubA1,PA5351,Rubredoxin 1,-,-0.653550711156729,0.359918719614564,0.580076172807749
PA5352,PA5352,conserved hypothetical protein,-,-2.06675680142792,0.00366461915675457,0.0188129518131867
glcF,PA5353,glycolate oxidase subunit GlcF,-,-0.902305352193401,0.0324649072249404,0.112603898024316
glcE,PA5354,glycolate oxidase subunit GlcE,-,-0.549262779960319,0.36105578530331,0.581445463168918
glcD,PA5355,glycolate oxidase subunit GlcD,-,-0.31358336284233,0.443619845918433,0.657976944872237
glcC,PA5356,transcriptional regulator GlcC,+,0.0265196390317366,0.990642705611451,0.99638984545836
PA5357,PA5357,hypothetical protein,+,-0.439229436253511,0.163936864806345,0.357242632419748
ubiA,PA5358,4-hydroxybenzoate-octaprenyl transferase,+,-0.508414318709798,0.0940086241854239,0.246945598076689
PA5359,PA5359,hypothetical protein,-,-0.125129911086271,0.736186387421986,0.86023088751716
phoB,PA5360,two-component response regulator PhoB,+,-0.381793147091814,0.270439796304951,0.489772915711037
phoR,PA5361,two-component sensor PhoR,+,-0.479433322156707,0.144433797684536,0.328151129263824
PA5362,PA5362,conserved hypothetical protein,+,-0.477513246930943,0.0212406829238071,0.0792184781694294
PA5363,PA5363,hypothetical protein,-,-0.00599627035548771,0.897600545725282,0.949514520593348
PA5364,PA5364,probable two-component response regulator,-,0.0308061111775875,0.422332033808866,0.63717324245455
phoU,PA5365,phosphate uptake regulatory protein PhoU,-,-0.0239599796840399,0.657547967722594,0.813637943310892
pstB,PA5366,ATP-binding component of ABC phosphate transporter,-,0.299487563241314,0.0950154194287343,0.248216870527369
pstA,PA5367,membrane protein component of ABC phosphate transporter,-,0.336774479517524,0.251956510843594,0.467595281921979
pstC,PA5368,membrane protein component of ABC phosphate transporter,-,0.0820482945349031,0.911610515675903,0.955710540622215
pstS,PA5369,"phosphate ABC transporter, periplasmic phosphate-binding protein, PstS",-,-0.434211330479572,0.213230308388699,0.42134644587893
PA5369.1,PA5369.1,5S ribosomal RNA,-,NA,NA,NA
PA5369.2,PA5369.2,23S ribosomal RNA,-,NA,NA,NA
PA5369.3,PA5369.3,tRNA-Ala,-,NA,NA,NA
PA5369.4,PA5369.4,tRNA-Ile,-,NA,NA,NA
PA5369.5,PA5369.5,16S ribosomal RNA,-,NA,NA,NA
PA5370,PA5370,probable major facilitator superfamily (MFS) transporter,-,-0.298746400577012,0.401966374754628,0.618268115034444
PA5371,PA5371,conserved hypothetical protein,+,0.368175298865557,0.0040204220670264,0.0202653574467178
betA,PA5372,choline dehydrogenase,-,-0.638510517991574,0.0370405347689918,0.123904060076208
betB,PA5373,betaine aldehyde dehydrogenase,-,0.13867098070354,0.580686121374772,0.761180605892241
betI,PA5374,transcriptional regulator BetI,-,0.0564238493071724,0.978229284368341,0.991298479884284
betT1-5',PA5374.1,putative sRNA,+,-0.0203173194862416,0.541661208152598,0.733006291496423
betT1,PA5375,BetT1,+,-1.34564746119789,3.82668381097953e-06,3.67410084889617e-05
betZ,PA5375.1,putative sRNA,+,-1.0761169835872,0.510454494328444,NA
PA5376,PA5376,CbcV,-,0.435823584422023,0.141024488408479,0.324019915055908
PA5377,PA5377,CbcW,-,0.111703736664213,0.0366389447219823,0.122967431732848
PA5378,PA5378,CbcX,-,0.126178600342551,0.119675216622771,0.292229060147675
sdaB,PA5379,L-serine dehydratase,+,-0.241517617835709,0.170539875580624,0.365551419534005
gbdR,PA5380,GbdR,+,-0.614250447628465,3.5009366112178e-05,0.000289818326833146
PA5381,PA5381,hypothetical protein,-,0.119834355476352,5.05649980424731e-08,6.51440356946342e-07
PA5382,PA5382,probable transcriptional regulator,-,0.188906886382127,0.785721148940589,0.888015632663717
PA5383,PA5383,conserved hypothetical protein,+,-0.862144771394006,0.604810087072845,0.77657237637768
PA5384,PA5384,HocS,-,0.124671302771321,0.917890275603508,0.959972111748033
cdhB,PA5385,"CdhB, Carnitine dehydrogenase-related gene B",-,0.203552340494736,0.534242320693305,0.728817986053726
cdhA,PA5386,"CdhA, Carnitine dehydrogenase",-,-0.377763355699095,0.703267928255761,0.841536144479581
cdhC,PA5387,"CdhC, Carnitine dehydrogenase-related gene C",-,-0.558678330090065,0.772235328029514,0.881334163916692
PA5388,PA5388,CaiX,-,0.680042553765504,0.373875805331993,0.592808567220939
cdhR,PA5389,"CdhR, transcriptional regulator",+,0.251180122021645,0.671079591136421,0.82032855741656
PA5390,PA5390,probable peptidic bond hydrolase,-,0.0279671634196353,0.869518047506105,0.93434310470463
PA5391,PA5391,hypothetical protein,-,1.07025110084984,0.069864017914878,0.199030451036376
PA5392,PA5392,conserved hypothetical protein,-,-0.422463745639525,0.925381328065986,NA
PA5393,PA5393,conserved hypothetical protein,-,0.124910742130324,0.943555836322739,0.972896655022324
cls,PA5394,cardiolipin synthase,-,-0.0435735059188424,0.237743574033784,0.450680414631991
PA5395,PA5395,conserved hypothetical protein,+,0.181320112164335,0.765754930563604,0.877545027131247
PA5396,PA5396,hypothetical protein,+,-1.64891090588969,1.12459758205284e-05,0.000100501592457977
PA5397,PA5397,hypothetical protein,+,-2.12685766460361,1.59176121908562e-05,0.000139578136956814
dgcA,PA5398,"DgcA, Dimethylglycine catabolism",+,-0.89006502631574,0.000813152896835365,0.00498405230100707
dgcB,PA5399,"DgcB, Dimethylglycine catabolism",+,-1.26150811588624,6.27923797933005e-05,0.000500031706805442
PA5400,PA5400,probable electron transfer flavoprotein alpha subunit,+,-1.27205183409689,0.000755962421175097,0.00467126270029581
PA5401,PA5401,hypothetical protein,+,-1.14451698619668,0.208016920584406,0.416541240745854
PA5402,PA5402,hypothetical protein,+,0.0714665572575864,0.741193242909169,0.863421116907821
PA5403,PA5403,probable transcriptional regulator,+,-0.0575535044716424,0.571438266243844,0.757619065328891
PA5404,PA5404,hypothetical protein,+,0.207171898935843,0.941610000686924,0.972611025238458
PA5405,PA5405,hypothetical protein,+,0.0733558993211719,0.778657058025305,0.884645390020137
PA5406,PA5406,hypothetical protein,+,-0.54859792827871,0.254843391844473,0.471172974318178
PA5407,PA5407,hypothetical protein,+,-0.187624890703401,0.650985545661085,0.809131563103536
PA5408,PA5408,hypothetical protein,-,0.12791060786347,0.592817143343138,0.768799834538612
PA5409,PA5409,hypothetical protein,-,0.0195540111461839,0.678719926784692,0.827105998876817
gbcA,PA5410,GbcA,-,-1.37630492858578,6.20839507883326e-12,1.15206548435352e-10
gbcB,PA5411,GbcB,+,-1.66865480106581,3.21458229286197e-11,5.67037364915303e-10
PA5412,PA5412,hypothetical protein,-,-0.0157291547764127,0.350627887326894,0.571630849086403
ltaA,PA5413,low specificity l-threonine aldolase,-,-0.551577149358861,0.00257780165771817,0.0137331874091605
PA5414,PA5414,hypothetical protein,-,-0.450834936324609,0.392941556048378,0.61137675951322
glyA1,PA5415,serine hydroxymethyltransferase,+,-1.82277481752533,6.13668760379911e-07,6.64953935354518e-06
soxB,PA5416,sarcosine oxidase beta subunit,+,-1.82740719013464,5.66183909392967e-12,1.05710891144508e-10
soxD,PA5417,sarcosine oxidase delta subunit,+,-0.720078321534727,0.366923584929049,0.58698587466615
soxA,PA5418,sarcosine oxidase alpha subunit,+,-1.47424668102014,5.35646446395898e-13,1.09807521511159e-11
soxG,PA5419,sarcosine oxidase gamma subunit,+,-1.80230485085267,0.00204554668498264,0.0112532885625337
purU2,PA5420,formyltetrahydrofolate deformylase,+,-1.81348251615824,8.60730243055718e-15,1.95614648496708e-13
fdhA,PA5421,glutathione-independent formaldehyde dehydrogenase,+,-0.995092180169304,3.2171930717038e-05,0.000268158345592015
PA5422,PA5422,hypothetical protein,+,1.31547366720286,4.23833894974171e-11,7.39029906523928e-10
PA5423,PA5423,hypothetical protein,-,0.965097936981985,5.68844577110793e-05,0.000457185283961363
PA5424,PA5424,conserved hypothetical protein,-,1.66308900545916,3.4429045170719e-09,4.91565755519818e-08
purK,PA5425,phosphoribosylaminoimidazole carboxylase,-,0.0106835161625035,0.917333708280951,0.959555411454716
purE,PA5426,"phosphoribosylaminoimidazole carboxylase, catalytic subunit",-,-0.441892271343908,0.347275442941725,0.56753767513342
adhA,PA5427,alcohol dehydrogenase,+,0.0176573446452418,0.156620748582273,0.347105442803956
PA5428,PA5428,probable transcriptional regulator,-,0.156888452176993,0.0339655932407145,0.116311072113237
aspA,PA5429,aspartate ammonia-lyase,+,-1.3051805187605,7.38261840217389e-07,7.9147930149101e-06
aspA-3',PA5429.1,putative sRNA,+,-1.58458543186275,3.9685430483837e-06,3.79230223899091e-05
PA5430,PA5430,hypothetical protein,-,-0.166285600054747,0.470856931035359,0.677651689374106
PA5431,PA5431,probable transcriptional regulator,-,0.411109232655047,0.205527191829141,0.414056772914749
PA5432,PA5432,probable acetyltransferase,+,0.473032918997157,0.208117222075981,0.416541240745854
PA5433,PA5433,conserved hypothetical protein,+,0.150084790521278,0.156202744539281,0.34655877655004
mtr,PA5434,tryptophan permease,-,-0.0150850361858305,0.948763960334202,0.976110497000328
PA5435,PA5435,probable transcarboxylase subunit,-,-0.498574851327325,0.0290885397335894,0.102752014011882
PA5436,PA5436,probable biotin carboxylase subunit of a transcarboxylase,-,-0.0931323695703238,0.639956788669567,0.800341672227315
PA5437,PA5437,probable transcriptional regulator,+,-0.446598727409234,0.246352863405173,0.46109474865595
PA5438,PA5438,probable transcriptional regulator,-,0.260682547687098,0.0197057879808583,0.0747342009174051
PA5439,PA5439,probable glucose-6-phosphate dehydrogenase,+,0.0570313712564385,0.230723257296584,0.441928259241058
PA5440,PA5440,probable peptidase,+,-0.582400885378048,0.0167646579575738,0.0658859744083922
PA5440a,PA5440a,–,-,0.285994882273619,0.672563080870394,0.821771245649395
PA5441,PA5441,hypothetical protein,-,-0.505244865187367,0.000984352936578779,0.00590222689640319
PA5442,PA5442,conserved hypothetical protein,-,-0.403265717998635,0.220867272443793,0.430497308250199
uvrD,PA5443,UvrD helicase,+,-0.188283637515177,0.40391895903948,0.619873607347385
PA5444,PA5444,conserved hypothetical protein,+,0.160879394369533,0.662820336835207,0.81591945683557
PA5445,PA5445,probable coenzyme A transferase,+,-0.486217327968237,0.0471650906056027,0.147905824183358
PA5446,PA5446,hypothetical protein,+,-0.141015791373724,0.855341455998145,0.927533610643399
wbpZ,PA5447,glycosyltransferase WbpZ,-,-0.243678958282684,0.0137629100654828,0.0562000930533983
wbpY,PA5448,glycosyltransferase WbpY,-,-0.284476468330753,0.0520587734447452,0.158555476738604
wbpX,PA5449,glycosyltransferase WbpX,-,-0.392892774985552,0.0119562656905635,0.0503474116657455
wzt,PA5450,ABC subunit of A-band LPS efflux transporter,-,-0.434989821543415,0.00446319252596442,0.0222536172946197
wzm,PA5451,membrane subunit of A-band LPS efflux transporter,-,-0.46414504730655,0.271232394602691,0.490416618131445
wbpW,PA5452,phosphomannose isomerase/GDP-mannose WbpW,-,-0.285464995513759,0.0271602819094581,0.0970604185080045
gmd,PA5453,"GDP-mannose 4,6-dehydratase",-,-0.0330609284899459,0.0761169333079764,0.211482395289744
rmd,PA5454,oxidoreductase Rmd,-,-0.436563008330932,0.0292808730574432,0.103300196344515
PA5455,PA5455,putative glycosyltransferase,+,-0.252735341459384,0.357448509308901,0.577936998264431
PA5456,PA5456,putative glycosyltransferase,+,-0.517003977664859,0.0294665380220785,0.103894801114452
PA5457,PA5457,methyltransferase,+,-0.587217760623731,0.0322357230454176,0.111967010555005
PA5458,PA5458,putative acetyltransferase,+,-0.839790165039459,0.0171162674329908,0.0669498760408223
PA5459,PA5459,putative methyltransferase,+,-0.175189487185824,0.776028163530057,0.883677647123892
PA5460,PA5460,hypothetical protein,+,0.0772720717818788,0.00126510168448214,0.00731881662735518
PA5461,PA5461,hypothetical protein,+,-0.105324240285152,0.87585380627498,0.937310618985276
PA5462,PA5462,hypothetical protein,+,0.381178887890835,0.00121754685445657,0.00709709348015608
PA5463,PA5463,hypothetical protein,+,1.53433685769294,2.91936718521261e-14,6.48890845416488e-13
PA5464,PA5464,hypothetical protein,+,1.55091401517116,6.69745673822252e-18,1.79823749944842e-16
PA5465,PA5465,hypothetical protein,-,-0.118447429086024,0.672666080609846,0.821771245649395
PA5466,PA5466,hypothetical protein,+,0.232200689755487,0.397994406722478,0.615764931155531
PA5467,PA5467,hypothetical protein,+,0.0847100700814655,0.930887900749708,0.966179315892919
PA5468,PA5468,probable citrate transporter,+,0.482457491392869,0.44535731490128,0.658511449930637
PA5469,PA5469,conserved hypothetical protein,+,0.484751477100978,0.184570122806387,0.385229155802018
PA5470,PA5470,probable peptide chain release factor,-,0.269543889271406,0.668361545027874,0.818820483591589
PA5471,PA5471,ArmZ,-,0.194955360494766,0.686440665722699,0.831802971544014
PA5472,PA5472,putative basic amino acid ABC transporter substrate-binding protein,-,0.0743010015144063,0.532512538150307,0.72793108391441
PA5473,PA5473,conserved hypothetical protein,+,2.28712782735665,1.68536453807768e-37,1.50394000250814e-35
PA5474,PA5474,probable metalloprotease,+,0.733802833483539,7.05875835789951e-06,6.54931891677894e-05
PA5475,PA5475,hypothetical protein,-,0.244107958461552,0.111585296033133,0.277577904532367
citA,PA5476,citrate transporter,-,-0.31028262981501,0.468865864350194,0.675923580858927
PA5477,PA5477,hypothetical protein,+,0.778264291038371,1.67779996543975e-05,0.000146698705911937
PA5478,PA5478,conserved hypothetical protein,-,0.0778728460583866,0.727205539566771,0.85537424794097
gltP,PA5479,proton-glutamate symporter,-,-0.170007965639775,0.0959296742567299,0.249828868407655
PA5481,PA5481,hypothetical protein,-,4.02608267507596,1.01352200808155e-10,1.6895746002854e-09
PA5482,PA5482,hypothetical protein,-,4.44268523680855,7.06106079694933e-15,1.61077131262739e-13
algB,PA5483,two-component response regulator AlgB,+,2.93944905225126,4.17114515239903e-52,1.01242035139029e-49
ampDh2,PA5485,AmpDh2,-,0.0740166194505708,0.904569274195271,0.951616913283097
PA5485,PA5485,AmpDh2,-,3.05843767384971,1.31865873254798e-36,1.11133627626405e-34
PA5486,PA5486,conserved hypothetical protein,-,0.606731364608251,0.0305642693414963,0.107204616395491
PA5487,PA5487,DgcH,-,1.07674198690256,1.54748636125032e-13,3.24918589621694e-12
PA5488,PA5488,hypothetical protein,-,0.752606050274157,2.47089036460592e-06,2.42219107147475e-05
dsbA,PA5489,thiol:disulfide interchange protein DsbA,-,0.412689704073068,0.0212346998531846,0.0792184781694294
cc4,PA5490,cytochrome c4 precursor,-,0.0171990702956981,0.660608564539358,0.814678135865851
PA5491,PA5491,probable cytochrome,-,-0.441099684783447,0.14534418050467,0.328839853580291
PA5492,PA5492,conserved hypothetical protein,+,-0.20511590011215,0.681072820016448,0.828937556502021
ErsA,PA5492.1,sRNA,-,0.213360661818897,0.00026424577730864,0.00185155124331274
polA,PA5493,DNA polymerase I,-,-0.339628355333128,0.0299406746903534,0.105078087924271
PA5494,PA5494,hypothetical protein,+,-0.17408252410202,0.240585352532246,0.453799166666356
thrB,PA5495,homoserine kinase,+,0.0983136853759754,0.749814581022753,0.868794133596728
nrdJb,PA5496,"class II (cobalamin-dependent) ribonucleotide-diphosphate reductase subunit, NrdJb",-,-0.498459336922806,0.00620377401513702,0.0289884484152988
nrdJa,PA5497,"class II (cobalamin-dependent) ribonucleotide-diphosphate reductase subunit, NrdJa",-,-0.894069441640061,2.05928897572315e-05,0.000178510935781258
PA5498,PA5498,ZnuA,-,-0.165927782926948,0.520923556844633,0.719218235024626
np20,PA5499,"zinc uptake regulator, Zur",+,-0.0846029212985451,0.275833246391154,0.495671096502729
znuC,PA5500,zinc transport protein ZnuC,+,-0.164626102553033,0.728464772904,0.855852721599714
znuB,PA5501,permease of ABC zinc transporter ZnuB,+,-0.351637947808039,0.156177308595088,0.34655877655004
PA5502,PA5502,hypothetical protein,+,-0.285676792254937,0.390783390423588,0.608486942029852
PA5503,PA5503,probable ATP-binding component of ABC transporter,+,-0.307333630896498,0.388007461034609,0.605874748728258
PA5504,PA5504,D-methionine ABC transporter membrane protein,+,-0.644946892496095,0.00641935311426856,0.0298259071189752
PA5505,PA5505,probable TonB-dependent receptor,+,-0.602393817230765,0.0118983699042744,0.0502081422664376
PA5506,PA5506,hypothetical protein,+,0.136916481706254,0.898212737086926,0.949677785796712
PA5507,PA5507,hypothetical protein,+,0.364681834657551,0.138542858544084,0.320255868730899
PA5508,PA5508,Glutamylpolyamine synthetase homologue,+,-0.24157221119445,0.0479398062101081,0.149870553365758
PA5509,PA5509,hypothetical protein,+,-0.0592312130810925,0.0154385560588041,0.0614302676490645
PA5510,PA5510,probable transporter,+,-0.630012017963834,0.0667056818328398,0.192107298225758
mifR,PA5511,MifR,-,-0.190062474800856,0.568499767489775,0.755433249123366
mifS,PA5512,MifS,-,0.126907034771823,0.667996658521798,0.818704044417344
poxA,PA5513,hypothetical protein,+,0.246298204223089,0.365380293850788,0.585457518639181
PA5514,PA5514,probable beta-lactamase,+,1.28463597120059,3.62647187333938e-07,4.12086728977965e-06
PA5515,PA5515,hypothetical protein,-,0.103046670494003,0.728069050197527,0.855852721599714
pdxY,PA5516,pyridoxamine kinase,+,-0.0168366577598804,0.799252843736,0.896131976310061
PA5517,PA5517,conserved hypothetical protein,-,1.22472991586408,9.51535857914753e-08,1.1735608914282e-06
PA5518,PA5518,probable potassium efflux transporter,-,1.15514513231113,1.64253709958689e-15,3.97088251804511e-14
PA5519,PA5519,conserved hypothetical protein,-,-0.0102653313217035,0.223427342121475,0.4335647943694
PA5520,PA5520,hypothetical protein,+,-0.211238700163149,0.0427546779561508,0.138218106466661
PA5521,PA5521,probable short-chain dehydrogenase,-,0.987666783234643,4.77838347418628e-05,0.000387119237935412
PA5522,PA5522,Glutamylpolyamine synthetase,-,-0.0638437132566113,0.0943466248709664,0.247301763317428
PA5523,PA5523,probable aminotransferase,-,0.0206255727803397,0.221490586423041,0.431323773560659
PA5524,PA5524,probable short-chain dehydrogenase,+,0.029276408005412,0.461212427579432,0.671135973753476
PA5525,PA5525,probable transcriptional regulator,+,0.0315895351122775,0.776268278547265,0.883677647123892
PA5526,PA5526,hypothetical protein,-,1.53517128100229,1.34769730580116e-23,5.39007590867169e-22
PA5527,PA5527,hypothetical protein,-,0.258434304329155,0.00899811044453262,0.0395369545093584
PA5528,PA5528,hypothetical protein,-,0.766572392877967,9.64889130565179e-10,1.4564545383755e-08
PA5529,PA5529,probable sodium/proton antiporter,+,0.755512401183025,7.26390172234392e-05,0.000566546987804407
PA5530,PA5530,C5-dicarboxylate transporter,+,0.542364208151072,0.313722815142248,0.536396179848736
tonB1,PA5531,TonB1,-,-0.436385348982219,0.169189410040526,0.363799199194156
PA5532,PA5532,hypothetical protein,-,0.316881053011068,0.150515702454079,0.33776970506337
PA5533,PA5533,hypothetical protein,+,-1.01361890420191,0.00038723694272087,0.00258783454672934
PA5534,PA5534,hypothetical protein,-,0.821980585356984,0.131516325506674,0.311174874261775
PA5535,PA5535,conserved hypothetical protein,-,0.132689019830942,0.806872074454312,0.900514943496186
PA5536,PA5536,DksA2,-,-0.784932104268302,0.381133367971695,NA
PA5537,PA5537,hypothetical protein,+,0.0173317386136739,0.845001293274867,0.922851767829908
amiA,PA5538,N-acetylmuramoyl-L-alanine amidase,-,2.23143705282113,2.01959478395937e-10,3.29432826587781e-09
PA5539,PA5539,RidA subfamily protein,+,0.305884439788935,0.841389869910652,0.920664470577528
PA5540,PA5540,hypothetical protein,+,0.262982330457066,0.459809779244846,0.670219971284584
pyrQ,PA5541,dihydroorotase,+,0.140746754604783,0.943145330897935,0.972847351235767
PA5542,PA5542,Pseudomonas imipenem beta-lactamase PIB-1,-,-0.408703229014795,0.115066603735651,0.283440940851696
PA5543,PA5543,hypothetical protein,-,-0.603826926430183,0.337829820863529,0.558726812877561
PA5544,PA5544,conserved hypothetical protein,-,-0.782784339960546,0.000122626508755951,0.00091412488345345
PA5545,PA5545,putative glutamate/glutamine-binding protein,-,-0.0599373625539799,0.411064425908027,0.625931979023817
PA5546,PA5546,conserved hypothetical protein,-,0.19804082060459,0.227130838262548,0.437916549996242
PA5547,PA5547,conserved hypothetical protein,+,0.177472806731114,0.338365203070761,0.558998108421829
PA5548,PA5548,probable major facilitator superfamily (MFS) transporter,+,-0.420296068948099,0.206848176258098,0.415365581048851
glmS,PA5549,glucosamine--fructose-6-phosphate aminotransferase,-,0.0553747429558617,0.317479263153373,0.53988960815089
glmR,PA5550,GlmR transcriptional regulator,-,-0.319049667342031,0.0167921275862289,0.0659085576929086
PA5551,PA5551,hypothetical protein,-,-0.0652626693816881,0.053822078630576,0.162630853630108
glmU,PA5552,glucosamine-1-phosphate acetyltransferase/N-acetylglucosamine-1-phosphate uridyltransferase,-,0.0920222371809151,0.242842369162164,0.456698282294765
atpC,PA5553,ATP synthase epsilon chain,-,0.85219713179156,1.39867100849043e-07,1.6777913382119e-06
atpD,PA5554,ATP synthase beta chain,-,0.657004546067679,0.0576969913548586,0.171983216048939
atpG,PA5555,ATP synthase gamma chain,-,0.727762898281293,0.00263571732832637,0.0139925920807387
atpA,PA5556,ATP synthase alpha chain,-,0.575121177855315,0.0365517197605477,0.122810540147842
atpH,PA5557,ATP synthase delta chain,-,0.489190832459193,0.0497521008956446,0.153793045458366
atpF,PA5558,ATP synthase B chain,-,0.626054093124003,0.00289036882648857,0.0152378436482473
atpE,PA5559,atp synthase C chain,-,0.392480615691205,0.10171141025178,0.260635488770185
atpB,PA5560,ATP synthase A chain,-,1.0821103159949,7.87030865102555e-07,8.40792832648293e-06
atpI,PA5561,ATP synthase protein I,-,-0.0855580858558494,0.684329301024733,0.83100064010768
spoOJ,PA5562,chromosome partitioning protein Spo0J,-,-0.206530740152791,0.0198048624453905,0.0750161706108797
soj,PA5563,chromosome partitioning protein Soj,-,-0.163514571164389,0.389978691254714,0.607701771580279
gidB,PA5564,glucose inhibited division protein B,-,-0.077571773716122,0.642492306339032,0.801859998943901
gidA,PA5565,glucose-inhibited division protein A,-,0.0101340416619855,0.511147769419497,0.710408764277945
PA5566,PA5566,hypothetical protein,-,1.51979749488001,0.000544804009028249,0.00350941690741339
PA5567,PA5567,conserved hypothetical protein,-,-0.237837251968624,0.471396316272033,0.677651689374106
PA5568,PA5568,conserved hypothetical protein,-,-0.421260845786627,0.000991788438163886,0.00594094002248614
rnpA,PA5569,ribonuclease P protein component,-,-0.18565232236302,0.503005890870893,0.704254671390074
rpmH,PA5570,50S ribosomal protein L34,-,-0.371757975946423,0.0672237340431034,0.193323989655712
P10,-,sRNA,+,-0.680798382359586,0.304766280819127,0.527093001856924
P2,-,sRNA,+,-0.141898725258358,0.849779955144901,0.925424401977613
P24,-,sRNA,-,-0.517200189372202,0.311793887433629,0.534604495322763
P31,-,sRNA,+,1.13534522723546,0.661449947977399,NA
P37,-,sRNA,-,0.680874966623948,0.00402101027782602,0.0202653574467178
P4,-,sRNA,-,-0.699274272517867,0.44441829260588,0.658381396370234
P6,-,sRNA,-,2.33797315414242,8.59434742017137e-11,1.45266017118663e-09
Pant101,Pant101,putative sRNA,-,2.28726313977236,1.02951172346887e-12,2.05495958487141e-11
Pant102,Pant102,putative sRNA,+,-0.530372821965431,0.00292320596907635,0.0153842270774981
Pant103,Pant103,putative sRNA,-,-0.327134867814819,0.0145228194966165,0.0582671392812922
Pant104,Pant104,putative sRNA,-,0.63467113016563,0.272832396308101,0.492575715798142
Pant108,Pant108,putative sRNA,+,-0.306372029620423,0.670498958612109,0.819889783671013
Pant109/lrs1,Pant109/lrs1,putative sRNA,+,0.2778804744434,0.449824821108419,0.662187533839371
Pant110,Pant110,putative sRNA,+,-0.198006572728844,0.081576591368004,0.22227514881951
Pant112,Pant112,putative sRNA,+,-0.358556770687179,0.536783606404413,0.729987208350959
Pant114,Pant114,putative sRNA,+,0.217997810223345,0.717582951408526,0.850281849081612
Pant116/Spa31,Pant116/Spa31,putative sRNA,+,0.00381790112740105,0.998623326069945,0.99930501747528
Pant118/Spa138,Pant118/Spa138,putative sRNA,+,-0.248895519683843,0.107994797333724,0.270120540074624
Pant119,Pant119,putative sRNA,-,0.236714883683631,0.635896008507126,0.79772937350036
Pant122,Pant122,putative sRNA,+,-0.228805388043857,0.344031211579505,0.564058738682637
Pant124,Pant124,putative sRNA,+,-0.206090007691184,0.716907745574705,0.849979718668876
Pant126,Pant126,putative sRNA,-,-1.35997559517695,3.52727102237539e-07,4.02321063228832e-06
Pant127,Pant127,putative sRNA,+,-0.0422880297293342,0.69310702923888,0.83630412674916
Pant128,Pant128,putative sRNA,-,0.79032713557929,0.409230773085191,0.624598950650296
Pant129,Pant129,putative sRNA,+,-0.371415279987987,0.32681876651858,0.548737209528153
Pant13,Pant13,putative sRNA,+,0.331252669511282,0.00669557174095825,0.0309434343672008
Pant130,Pant130,putative sRNA,+,0.0370824112827577,0.641925543452888,0.801624199131341
Pant133/Spa101,Pant133/Spa101,putative sRNA,-,-0.202373866332112,0.464266245018256,0.673044626230605
Pant137,Pant137,putative sRNA,+,-0.0117228934349711,0.784491067826041,0.887937489231828
Pant139,Pant139,putative sRNA,+,0.553153282515249,0.652417820620251,0.810094563945804
Pant141,Pant141,putative sRNA,+,-0.785467573863862,0.0607256041475401,0.178615107109682
Pant142,Pant142,putative sRNA,+,-0.0395188068392488,0.797833491647752,0.895533412378571
Pant147,Pant147,putative sRNA,-,-0.332731839342229,0.358842970604631,0.579419676857078
Pant148,Pant148,putative sRNA,-,0.282992482714528,6.47444170342318e-05,0.000513554408580024
Pant150,Pant150,putative sRNA,-,-0.188782627951425,0.168662818759374,0.363052850029046
Pant151,Pant151,putative sRNA,+,0.13280290204243,0.818413347314778,0.905732663050533
Pant152,Pant152,putative sRNA,+,-0.00808328771014506,0.107550744110295,0.269676824488128
Pant153,Pant153,putative sRNA,+,0.719595701871787,0.00879206358003577,0.0389516672885214
Pant155,Pant155,putative sRNA,-,0.211943488827938,0.550874406336032,0.741999089377812
Pant156,Pant156,putative sRNA,-,-2.10244258351404,0.574930904547984,NA
Pant168,Pant168,putative sRNA,-,-0.142521796661203,0.35281686093047,0.573965874564635
Pant17/Sr005,Pant17/Sr005,putative sRNA,-,-0.124844290765135,0.312071344069521,0.534929072263801
Pant170,Pant170,putative sRNA,-,0.16475295740771,0.253789543317423,0.469510655137232
Pant171,Pant171,putative sRNA,+,-1.60227780789783,1.66968222383394e-07,1.98270679730418e-06
Pant172,Pant172,putative sRNA,+,1.00779983040603,7.34444841315364e-06,6.78327442481222e-05
Pant174,Pant174,putative sRNA,+,0.239768321005306,0.349659472537119,0.570205234978564
Pant175,Pant175,putative sRNA,-,0.420540469934303,0.799753952662552,NA
Pant177,Pant177,putative sRNA,+,0.0352318373194267,0.249872838417323,0.466101562716359
Pant178,Pant178,putative sRNA,+,-0.423910165632783,0.667225084500435,0.818276031112529
Pant179/Sr090/Spa34,Pant179/Sr090/Spa34,putative sRNA,+,-0.356585292946122,0.457549256780173,0.667887632942529
Pant18/Spa54,Pant18/Spa54,putative sRNA,-,0.127029569350606,0.524553902814407,0.722051064582542
Pant182,Pant182,putative sRNA,+,-2.91742821704557,1.35018381364222e-23,5.39007590867169e-22
Pant183,Pant183,putative sRNA,+,0.14075984504848,0.000137861182996485,0.00101769058202272
Pant184,Pant184,putative sRNA,+,-0.375642394649574,0.499212369838158,0.701208486152302
Pant185,Pant185,putative sRNA,+,-0.471222035567224,0.272994143044882,0.492605418269021
Pant188/Sr086,Pant188/Sr086,putative sRNA,-,-0.102209662161694,0.897442304119069,0.949514520593348
Pant189,Pant189,putative sRNA,+,-0.633762953042653,0.308442245510498,0.531561359204119
Pant19,Pant19,putative sRNA,-,-0.117468392018353,0.581844241831961,0.761355000089885
Pant190,Pant190,putative sRNA,+,-0.508091328516807,0.0184335644043532,0.0708390556083693
Pant192,Pant192,putative sRNA,+,-3.15123093519346,2.02957965313123e-06,2.01893267790169e-05
Pant193/Sr085,Pant193/Sr085,putative sRNA,+,-1.1909835776001,6.16335984366457e-07,6.6665361018461e-06
Pant196,Pant196,putative sRNA,+,1.13851722925688,0.000293015895313142,0.00202508024232363
Pant20/Sr008,Pant20/Sr008,putative sRNA,+,-0.274281434937467,0.564212562916245,0.753167339383472
Pant200,Pant200,putative sRNA,+,0.524194601921339,0.458341055724783,0.668733161959998
Pant201,Pant201,putative sRNA,-,0.564707561252293,0.0113932929041298,0.0485495093695643
Pant202,Pant202,putative sRNA,+,-0.101935247035393,0.808348837147115,0.900707375828889
Pant205,Pant205,putative sRNA,-,0.392254271528923,0.104229705802466,0.264077601173013
Pant206,Pant206,putative sRNA,-,-0.366151000588343,0.310912627557409,0.533696697034896
Pant21,Pant21,putative sRNA,+,-0.753215591364243,0.446383809659094,0.659002175790397
Pant211,Pant211,putative sRNA,-,-1.50858624609607,4.88182907783852e-06,4.60698893379847e-05
Pant214,Pant214,putative sRNA,+,-0.136308497693278,0.1162515114328,0.285824218547095
Pant215,Pant215,putative sRNA,+,-0.938949309362907,5.06651202447302e-05,0.000409368774494039
Pant22,Pant22,putative sRNA,-,0.539106650998419,0.331205655412019,0.55301199925561
Pant222,Pant222,putative sRNA,-,-0.0617697614098631,0.93269000171397,0.967116016814827
Pant227,Pant227,putative sRNA,-,0.0767224077310107,0.0268436102978637,0.0963828563830987
Pant23,Pant23,putative sRNA,+,3.0681658014714,0.228203898705088,NA
Pant232,Pant232,putative sRNA,+,-0.669278214461285,0.0046350763003073,0.0229382344426001
Pant234,Pant234,putative sRNA,+,-0.507255940307758,0.241351032536463,0.454875164074099
Pant235,Pant235,putative sRNA,+,-0.290110111515013,0.468320131947978,0.675901867651197
Pant238,Pant238,putative sRNA,-,-0.173893742510926,0.792086107076441,0.891841606380821
Pant239,Pant239,putative sRNA,-,0.0281018545760496,0.987909865731824,0.995465945954522
Pant242,Pant242,putative sRNA,-,0.00193118817645523,0.728449685513568,0.855852721599714
Pant245,Pant245,putative sRNA,+,1.48446824669821,0.287827957023985,0.508898613992291
Pant25,Pant25,putative sRNA,+,-2.19188489314774,0.166153046446083,NA
Pant250,Pant250,putative sRNA,+,-0.847625633236536,0.128322177943092,0.307042182870142
Pant257,Pant257,putative sRNA,-,-0.750776209152751,0.000650677679840832,0.00409151519303023
Pant259,Pant259,putative sRNA,-,0.189758714965884,0.697617036800109,0.838615420120668
Pant260/Sr062,Pant260/Sr062,putative sRNA,-,-0.149933278873182,0.194159016483369,0.399375224413927
Pant263,Pant263,putative sRNA,-,0.72495436364365,0.00109265755636283,0.00643088850825381
Pant267,Pant267,putative sRNA,-,-0.678420169329809,0.0239273906274946,0.0874120447487282
Pant269,Pant269,putative sRNA,-,1.25677180682339,5.55643580617967e-08,7.0832883344324e-07
Pant270,Pant270,putative sRNA,-,2.47146829253698,1.90787667517201e-33,1.3948187548125e-31
Pant277,Pant277,putative sRNA,-,-1.04910741590027,5.36861645894435e-09,7.57599178438938e-08
Pant278,Pant278,putative sRNA,-,-0.0642307203618106,0.785296132514008,0.887952028153206
Pant279,Pant279,putative sRNA,-,1.61217766857832,4.23865358341909e-15,9.85446358014828e-14
Pant282,Pant282,putative sRNA,+,0.0707186240024605,0.847620380970111,0.924233687641803
Pant283,Pant283,putative sRNA,-,0.128775987219854,0.87075931307148,0.934492579048162
Pant284,Pant284,putative sRNA,-,-0.459212383237101,0.03563300158687,0.120256425822651
Pant287,Pant287,putative sRNA,+,0.207507255480975,0.297495659019558,0.519483067318181
Pant294,Pant294,putative sRNA,+,-0.5574307147992,0.612042594108492,0.781046153743498
Pant295,Pant295,putative sRNA,-,-1.25644885267678,0.00630785415663023,0.0293978947944948
Pant296,Pant296,putative sRNA,+,-0.339321517194694,0.0665952684623623,0.191880384154613
Pant297,Pant297,putative sRNA,-,0.658019569051158,0.000134183457452417,0.000992957585147885
Pant298,Pant298,putative sRNA,+,0.226424837545495,0.27562106847409,0.495671096502729
Pant3,Pant3,putative sRNA,+,0.549991490775922,0.0120755378207251,0.0507089020734671
Pant300,Pant300,putative sRNA,-,-0.292758673240797,0.506277105973844,0.707528668597256
Pant301,Pant301,putative sRNA,-,3.05127198993815,6.29958325650692e-36,5.02971989480053e-34
Pant304,Pant304,putative sRNA,-,0.0284365114375393,0.862863097020311,0.930474448467788
Pant307,Pant307,putative sRNA,-,-1.29673632132943,0.145202323514411,0.328641439420159
Pant308,Pant308,putative sRNA,-,-0.693773799613928,2.76456486032598e-07,3.17715522205644e-06
Pant31/Sr010,Pant31/Sr010,putative sRNA,+,-0.368270860525742,0.48842099821409,0.691977262937917
Pant310,Pant310,putative sRNA,+,-0.864799316622897,2.62315859910612e-05,0.000222931742008067
Pant313,Pant313,putative sRNA,-,-0.0833016351885109,0.560979571741536,0.750611695992864
Pant314,Pant314,putative sRNA,+,-0.125594306230309,0.00184135030808896,0.0102695897697462
Pant315,Pant315,putative sRNA,+,-0.161751056656334,0.79860743969758,0.896070625755346
Pant316,Pant316,putative sRNA,+,-0.436214331340902,0.0434335655283761,0.139853057045119
Pant32,Pant32,putative sRNA,-,0.0105428706752771,0.904239598700001,0.951616913283097
Pant321,Pant321,putative sRNA,-,-0.0104111116656973,0.949809347684183,0.976523741400817
Pant322,Pant322,putative sRNA,-,-0.495751525650452,0.202425130020252,0.410259081149929
Pant325,Pant325,putative sRNA,+,-3.54045322315528,0.0264984156830057,NA
Pant329,Pant329,putative sRNA,-,-0.243728947183474,0.456838024253463,0.667733462036164
Pant330,Pant330,putative sRNA,-,-0.277703896524335,0.859243727308837,0.928730127771647
Pant335,Pant335,putative sRNA,-,0.430319860335971,0.221699926976435,0.431592928101702
Pant339,Pant339,putative sRNA,-,-0.231260665921911,0.398407467122427,0.615932868916914
Pant340,Pant340,putative sRNA,-,-0.618118369225235,0.0194936635220462,0.0741092139796284
Pant342,Pant342,putative sRNA,-,0.157492505339492,0.745672671905251,0.866642745282716
Pant343/Spa41,Pant343/Spa41,putative sRNA,-,-0.661245264871365,0.0037275874924515,0.0191038858988139
Pant344,Pant344,putative sRNA,+,4.05857681798413,1.36019841142944e-28,7.43575131581427e-27
Pant346,Pant346,putative sRNA,-,-0.0470818861946333,0.00104037069465812,0.00618312377589173
Pant347,Pant347,putative sRNA,-,-0.225898779324777,0.732139280990657,0.858477518270784
Pant349,Pant349,putative sRNA,-,0.0383004680823311,0.0724691242237239,0.204817254676086
Pant351,Pant351,putative sRNA,+,-0.752118581239009,0.0494498267939898,0.153092627033638
Pant356,Pant356,putative sRNA,+,-0.379047836625203,0.604354454409153,0.776296111209725
Pant358,Pant358,putative sRNA,+,0.0169237544904989,0.511728849693372,0.710728006394915
Pant359,Pant359,putative sRNA,+,3.92635300449281,3.17357294030055e-63,1.28381604011625e-60
Pant360,Pant360,putative sRNA,-,0.30876306729507,0.384796751414598,0.603501340807387
Pant363/Sr033,Pant363/Sr033,putative sRNA,+,-0.351484529817185,0.0415214504299038,0.13502259443122
Pant364,Pant364,putative sRNA,+,0.378922303651243,0.382691421788253,0.601598846479565
Pant365,Pant365,putative sRNA,-,1.24459006752553,1.24092900091736e-06,1.28717216710539e-05
Pant373,Pant373,putative sRNA,-,-0.0786696312020259,0.878086597086726,0.938233750857942
Pant374,Pant374,putative sRNA,-,0.432606177107557,0.226948503121796,0.437916549996242
Pant375,Pant375,putative sRNA,-,0.179300719529667,0.594077931668136,0.769776828819613
Pant376,Pant376,putative sRNA,-,0.647832689550518,0.1110472349628,0.276728797435019
Pant378,Pant378,putative sRNA,+,-0.603914196817815,0.335277903969604,0.556777865705408
Pant379,Pant379,putative sRNA,-,-0.957056566135274,0.211727407454077,0.419856832820699
Pant380,Pant380,putative sRNA,-,-0.122661584392351,0.821702707965082,0.907882744343066
Pant381/Sr026,Pant381/Sr026,putative sRNA,-,-0.54918573996443,0.419249184456906,0.633608692523653
Pant382,Pant382,putative sRNA,-,0.979638246470962,0.06513187456063,0.18864926722382
Pant383,Pant383,putative sRNA,-,-0.935040270436226,0.39604198811093,0.613683039800082
Pant384/Sr025,Pant384/Sr025,putative sRNA,+,0.29235588113933,0.734239602368361,0.859004699878619
Pant386,Pant386,putative sRNA,+,0.376891375764491,0.565123946077135,0.753498594769513
Pant39,Pant39,putative sRNA,+,-0.9873958248044,0.00741693692889568,0.0335615013307524
Pant390,Pant390,putative sRNA,+,NA,NA,NA
Pant391,Pant391,putative sRNA,-,-0.132002543348688,0.813395204669541,0.902269939659082
Pant393,Pant393,putative sRNA,-,-0.92103742417877,0.0047256121818505,0.0231623705326889
Pant395,Pant395,putative sRNA,-,-0.92103742417877,0.0047256121818505,0.0231623705326889
Pant40,Pant40,putative sRNA,-,-0.701641951147143,0.0115940580133004,0.0490947271630891
Pant401,Pant401,putative sRNA,-,0.152474319961584,0.529058452852245,0.724584838813763
Pant404,Pant404,putative sRNA,+,0.492707931021204,4.54090680693404e-05,0.000368371958615986
Pant406,Pant406,putative sRNA,-,0.228423911423138,0.138433148667877,0.320248702293816
Pant407,Pant407,putative sRNA,-,0.0898662784110967,0.243457944414882,0.456698282294765
Pant408,Pant408,putative sRNA,-,-0.018129486737993,0.490449162244387,0.693644875979777
Pant41,Pant41,putative sRNA,-,0.0772481314237238,0.96908839658825,0.985622917337648
Pant410,Pant410,putative sRNA,-,-0.133431274341713,0.225993505399839,0.437146506460384
Pant411,Pant411,putative sRNA,+,-0.237319967353072,0.598426782198943,0.772350546448083
Pant412,Pant412,putative sRNA,+,0.362567344928411,0.245551675342393,0.460201330666546
Pant417,Pant417,putative sRNA,+,-0.755920932157563,0.102501172103019,0.261510124450354
Pant418,Pant418,putative sRNA,-,-0.618570188549238,0.287721643238473,0.508858913194712
Pant419,Pant419,putative sRNA,+,-0.702098876865197,0.133246664580078,0.313996411911423
Pant423,Pant423,putative sRNA,+,-0.186836300670857,0.321174534415811,0.543522145118268
Pant432,Pant432,putative sRNA,+,-0.17050823373909,0.893425474713829,0.948609935356696
Pant433,Pant433,putative sRNA,-,-0.771642262910314,0.00879429535024296,0.0389516672885214
Pant434,Pant434,putative sRNA,-,-0.658975458525519,0.134034286162308,0.3147523407248
Pant439/Sr141,Pant439/Sr141,putative sRNA,+,-0.700913585189539,0.0171709172307519,0.0670483434724599
Pant44,Pant44,putative sRNA,-,-0.318962250369696,0.568615553369786,0.755433249123366
Pant440,Pant440,putative sRNA,+,0.040925706276299,0.803362504423318,0.898846688425568
Pant441,Pant441,putative sRNA,-,-0.0439527490325003,0.634329885502871,0.796588109526371
Pant442,Pant442,putative sRNA,+,-0.902651483919514,0.0480331964853369,0.149930779975835
Pant443,Pant443,putative sRNA,-,3.37205951474342,2.95075952136425e-18,8.21339852093499e-17
Pant445/Spa93,Pant445/Spa93,putative sRNA,-,1.69531689735891,1.76291457799086e-06,1.77697103974228e-05
Pant447,Pant447,putative sRNA,+,1.850662262896,4.92663418159225e-11,8.54137606111479e-10
Pant449,Pant449,putative sRNA,-,-0.720172817677885,0.0830198126774009,0.224894742556459
Pant45,Pant45,putative sRNA,-,-0.323932834625673,0.0863466326191223,0.23142728212581
Pant452,Pant452,putative sRNA,-,-0.542874370574991,0.255267488428815,0.471406735328679
Pant453,Pant453,putative sRNA,+,-0.479035435038793,0.413096024821218,0.627608081776452
Pant454/Spa52,Pant454/Spa52,putative sRNA,-,0.215735576162652,0.726392363191017,0.85537424794097
Pant457,Pant457,putative sRNA,-,0.115708773786874,0.539718927024508,0.731383816761299
Pant459,Pant459,putative sRNA,+,-0.0409587711849848,0.964775719141057,0.983743751259945
Pant463,Pant463,putative sRNA,+,-0.12167565269213,0.896835035821607,0.949514520593348
Pant465,Pant465,putative sRNA,-,2.03662775181554,2.91482991112059e-19,8.67019014739202e-18
Pant467,Pant467,putative sRNA,+,-0.0358788654212356,0.452705929699358,0.664494335127165
Pant468,Pant468,putative sRNA,-,-0.372243748299663,0.44936059358992,0.661943941250512
Pant47/Sr014,Pant47/Sr014,putative sRNA,+,0.515243514408894,0.48060430865724,0.684715098086219
Pant470/Sr148,Pant470/Sr148,putative sRNA,+,2.79554000295481,4.40497026922392e-20,1.34996765624499e-18
Pant474,Pant474,putative sRNA,+,-0.0946281019629171,0.197098823356969,0.403099312480651
Pant477,Pant477,putative sRNA,-,0.500015682740417,0.708774850810523,0.844602256448886
Pant480,Pant480,putative sRNA,-,1.29795834698913,5.5741693132122e-12,1.04395245038801e-10
Pant481,Pant481,putative sRNA,-,-0.158052519548883,0.441286080532406,0.656304886438883
Pant482,Pant482,putative sRNA,-,0.923412926260392,0.135472676986176,0.3164157828915
Pant483,Pant483,putative sRNA,-,0.010073153259616,0.432899515071229,0.646366697207731
Pant486,Pant486,putative sRNA,-,0.690776349846056,0.0113205624802221,0.048307435393803
Pant488/Sr154,Pant488/Sr154,putative sRNA,-,-0.598936692990818,0.01820488441224,0.0701379292783951
Pant49,Pant49,putative sRNA,-,1.1307012625091,0.000783309419601301,0.00482550411993979
Pant494,Pant494,putative sRNA,-,0.0236925869390586,0.981827166240367,0.99241480992386
Pant499,Pant499,putative sRNA,+,0.171816121470404,0.0209641324535817,0.0783314998327179
Pant501,Pant501,putative sRNA,-,-0.132784677140666,0.546206948951283,0.736999275665705
Pant502,Pant502,putative sRNA,-,-0.486707415776342,0.365738235491806,0.585721724192209
Pant503/Spa110,Pant503/Spa110,putative sRNA,+,2.09717882740121,2.27442718753858e-28,1.22134727203399e-26
Pant509,Pant509,putative sRNA,-,1.00656762360449,2.60977264455278e-09,3.77050009693959e-08
Pant511,Pant511,putative sRNA,-,0.586752140487064,0.610168300326189,0.779473946606171
Pant512,Pant512,putative sRNA,+,0.897884123855799,0.0131645012919935,0.0543416284624602
Pant513,Pant513,putative sRNA,+,0.419938708913937,0.696224825130808,0.837843700447812
Pant53,Pant53,putative sRNA,+,1.38264525672507,2.42619663479436e-09,3.51364228638e-08
Pant54,Pant54,putative sRNA,+,-0.420750167183886,0.0623390537077653,0.182476303858524
Pant59,Pant59,putative sRNA,+,1.54459515795836,3.6589841027074e-19,1.08305929440139e-17
Pant60,Pant60,putative sRNA,+,1.46625073021687,1.16088688632467e-16,2.9473898017649e-15
Pant61,Pant61,putative sRNA,-,0.624948865607821,0.732495656751748,0.858563578359978
Pant62,Pant62,putative sRNA,+,-0.265885231080652,0.625313736224712,0.789678200085651
Pant64,Pant64,putative sRNA,-,0.0900393481593161,0.516505780383378,0.714917979480918
Pant66/SPA100,Pant66/SPA100,putative sRNA,-,1.17710886944964,1.65558122844577e-09,2.45026021809974e-08
Pant68,Pant68,putative sRNA,+,-0.00497422386876042,0.17476765764578,0.371406968826638
Pant69,Pant69,putative sRNA,+,-0.0886137468767666,0.0727481832136587,0.205319058483945
Pant70/Spa70,Pant70/Spa70,putative sRNA,-,-0.58561566004465,0.00841264707317957,0.0374251777419748
Pant72/P3,Pant72/P3,putative sRNA,+,0.181594424785977,0.954631781550954,0.978661428645423
Pant73,Pant73,putative sRNA,+,0.412037664488366,0.153193800854284,0.341883039199631
Pant74/Spa27,Pant74/Spa27,putative sRNA,+,1.46419473989515,0.0288323082538443,0.102073772744648
Pant75,Pant75,putative sRNA,-,-0.407755619288052,0.0737667837245778,0.20721364977159
Pant78,Pant78,putative sRNA,+,0.129321095903493,0.340307372432208,0.560407877000655
Pant81,Pant81,putative sRNA,+,2.67525973629298,1.8001233992547e-50,3.90112456667054e-48
Pant83,Pant83,putative sRNA,+,-0.420109473879469,0.772256715482046,0.881334163916692
Pant84,Pant84,putative sRNA,-,0.456351282781339,0.0187249969190164,0.0717318695104743
Pant85,Pant85,putative sRNA,+,-0.316058259516006,0.0659486288673191,0.19028829289914
Pant86,Pant86,putative sRNA,+,-0.530652634299414,0.0174020254153298,0.0678198395762499
Pant87,Pant87,putative sRNA,+,0.78798688236166,0.00206345669633323,0.0113312717043892
Pant88,Pant88,putative sRNA,+,-0.826941345908187,0.0683283670692062,0.195758513397518
Pant9/Sr003,Pant9/Sr003,putative sRNA,-,-0.768404247357433,5.77212657666651e-06,5.38850216418652e-05
Pant91,Pant91,putative sRNA,-,-0.39888430066252,0.525236222654473,0.722051064582542
Pant92,Pant92,putative sRNA,+,0.0714766584622287,0.130262553913415,0.309437791096093
Pant93,Pant93,putative sRNA,+,0.0752630958160373,0.915423825029594,0.958549054405449
Pant94,Pant94,putative sRNA,-,-0.325059924633381,0.588734966625678,0.766458525560284
Pant96,Pant96,putative sRNA,+,-0.487672763885241,0.209375646026824,0.417758122202703
Pant97,Pant97,putative sRNA,+,0.302078887013528,0.461953024169123,0.671569465897996
Pant98,Pant98,putative sRNA,+,0.118166700927044,0.873156349569313,0.936121431587728
Spa002,Spa002,putative sRNA,-,-0.213494567751163,0.377406738602084,0.597003151678166
Spa003,Spa003,putative sRNA,+,-0.827623497929898,0.00786618355051702,0.0352525862515047
Spa004,Spa004,putative sRNA,+,-0.0265561266104473,0.419311536692773,0.633608692523653
Spa005,Spa005,putative sRNA,-,-0.557826456934655,0.00175691540973341,0.00987293698757216
Spa006,Spa006,putative sRNA,+,0.136849003941143,0.771391490743905,0.881334163916692
Spa007,Spa007,putative sRNA,+,-0.171405222540669,0.615702065304708,0.783409547550633
Spa008,Spa008,putative sRNA,+,-0.0519464184793547,0.987262919982822,0.995465945954522
Spa026,Spa026,putative sRNA,-,0.197952468723073,0.0569017385224038,0.170090291140471
Spa028,Spa028,putative sRNA,-,-0.15703358504682,0.809326983555147,0.90076965080936
Spa029,Spa029,putative sRNA,+,-0.0333968321446821,0.0387407915903732,0.12767610597281
Spa032,Spa032,putative sRNA,-,3.80360294724699,8.98166655913074e-32,6.26445433112705e-30
Spa033,Spa033,putative sRNA,-,-0.236383966494687,0.6779188962982,0.826651458151403
Spa035,Spa035,putative sRNA,-,0.0557182213456064,0.968294980834269,0.985510557481104
Spa036,Spa036,putative sRNA,-,-0.214642625372626,0.604167702319053,0.776296111209725
Spa037,Spa037,putative sRNA,+,-0.920474441540117,8.08650842042343e-05,0.000621912966985163
Spa039,Spa039,putative sRNA,-,-0.599046073121017,0.00495898092558443,0.024034421930069
Spa040,Spa040,putative sRNA,-,-0.123041869793841,0.551893436763132,0.742456211526011
Spa043,Spa043,putative sRNA,-,0.0857175303861667,0.648699261255159,0.807500579739824
Spa044,Spa044,putative sRNA,-,-0.367515899591221,0.202803166600002,0.410613818795067
Spa045,Spa045,putative sRNA,-,-0.226786919230512,0.610919263456155,0.779835283288177
Spa046,Spa046,putative sRNA,+,0.267089302481592,0.770409533691775,0.881048822171445
Spa047,Spa047,putative sRNA,-,-0.0253034613315959,0.15113099942156,0.338774623010723
Spa048,Spa048,putative sRNA,+,1.009678173678,0.00479700952799833,0.0234177424102123
Spa049,Spa049,putative sRNA,+,0.488612260818734,0.0106902522182496,0.0460059932342825
Spa050,Spa050,putative sRNA,+,0.553467008431324,0.0139241794403252,0.0566080735678016
Spa051,Spa051,putative sRNA,-,0.782981085208923,1.26363065482728e-05,0.000111937384138568
Spa053,Spa053,putative sRNA,+,-0.0490425726489011,0.62065604313262,0.786907829028153
Spa055,Spa055,putative sRNA,+,-1.14774290554422,2.51994964162763e-15,5.99649193152802e-14
Spa056,Spa056,putative sRNA,+,0.247753606649938,0.778175551077498,0.884429526866128
Spa057,Spa057,putative sRNA,+,-0.254617942132194,0.168420664353245,0.362788992295168
Spa058,Spa058,putative sRNA,-,-0.26328138278893,0.614879098442058,0.783221637375126
Spa059,Spa059,putative sRNA,-,0.0844017017894813,0.438598127882721,0.652947360155139
Spa060,Spa060,putative sRNA,-,-0.392486423388774,0.0229458284995923,0.0844792090776496
Spa061,Spa061,putative sRNA,+,0.40100557879294,0.279394650817775,0.499668275308455
Spa062,Spa062,putative sRNA,-,-0.719928079817124,0.298699018147187,0.520834954631359
Spa063,Spa063,putative sRNA,+,-1.30152052652168,1.11504604874043e-08,1.51706265106657e-07
Spa064,Spa064,putative sRNA,-,0.0241024558035728,0.854480850278878,0.927370398446642
Spa065,Spa065,putative sRNA,-,-0.523579341172728,0.119604155652043,0.292173114531642
Spa066,Spa066,putative sRNA,-,0.199551912547906,0.137826356771188,0.319575977412139
Spa067,Spa067,putative sRNA,+,0.311031935210678,0.608946137561368,0.77889653514384
Spa068,Spa068,putative sRNA,-,-1.28272460617672,4.72371301166719e-07,5.24972354483452e-06
Spa073/sRNA645,Spa073/sRNA645,putative sRNA,-,-0.681559786922872,0.00134248198407705,0.00769960366671032
Spa074,Spa074,putative sRNA,+,-0.287750602702406,0.0215073880751855,0.0801146905096536
Spa077,Spa077,putative sRNA,+,-0.0223448184580615,0.991979270254557,0.996882209850772
Spa078,Spa078,putative sRNA,-,0.421560651305507,0.315740360555334,0.537724532093676
Spa079,Spa079,putative sRNA,-,-0.136147582489498,0.0673220708211898,0.193448503541185
Spa080,Spa080,putative sRNA,+,-0.180003465500262,0.86068173793229,0.929622069379341
Spa086,Spa086,putative sRNA,-,-0.36531596604103,0.405283969918378,0.62102604279412
Spa089/sRNA2315,Spa089/sRNA2315,putative sRNA,-,-0.227584146092693,0.311758945492117,0.534604495322763
Spa090,Spa090,putative sRNA,-,0.0974086450131284,0.888007135892375,0.945006541668701
Spa095/sRNA1059,Spa095/sRNA1059,putative sRNA,+,-0.333294997061028,0.118599103017371,0.290383724276841
Spa096,Spa096,putative sRNA,-,3.3414409588658,2.02590236684181e-29,1.1820361117304e-27
Spa097,Spa097,putative sRNA,+,0.831645224169377,0.543059435153563,0.734079895859172
Spa098,Spa098,putative sRNA,+,-0.0148927385938487,0.368184221895298,0.5879203909965
Spa099,Spa099,putative sRNA,+,0.404185663029815,0.000742343151283608,0.00460586732309707
Spa102,Spa102,putative sRNA,-,-0.235249133722251,0.581148014377386,0.76131393593307
Spa103,Spa103,putative sRNA,+,-1.89631918204329,3.26645081412758e-21,1.09507312376387e-19
Spa105,Spa105,putative sRNA,-,0.405032446334489,0.00876035554605693,0.0388864941137333
Spa106,Spa106,putative sRNA,+,-0.629650008801702,0.0958769061517861,0.249798654585246
Spa107,Spa107,putative sRNA,-,0.0460669756893134,0.172350090720173,0.368392034867424
Spa108,Spa108,putative sRNA,-,0.390535228334132,0.0906039532027994,0.240080693464885
Spa109,Spa109,putative sRNA,-,-0.0993206960111546,0.355086546742677,0.576421927671099
Spa111,Spa111,putative sRNA,-,-0.117443615093919,0.698841137195844,0.838615420120668
Spa112,Spa112,putative sRNA,-,0.351352458227811,0.327893530861733,0.549629266648894
Spa113,Spa113,putative sRNA,+,-0.147857359742028,0.777332234500256,0.88411904055093
Spa114,Spa114,putative sRNA,-,-0.420785957581543,0.0466631690021714,0.147333413492463
Spa115,Spa115,putative sRNA,+,0.404327225857368,0.182239013926027,0.382846214532617
Spa116,Spa116,putative sRNA,+,-0.687310284138965,0.0175646226136913,0.0684095828112188
Spa117,Spa117,putative sRNA,+,-0.936752778443533,0.00258611057007761,0.01375330318951
Spa118,Spa118,putative sRNA,-,0.0531799051400778,0.910900090144465,0.955130766717922
Spa120,Spa120,putative sRNA,+,0.0435688719463812,0.877736523704134,0.938024872461551
Spa121,Spa121,putative sRNA,-,1.76385028994656,7.30618931513781e-25,3.16671119744687e-23
Spa123,Spa123,putative sRNA,+,0.235823865566741,0.0645193133189466,0.187411772723489
Spa124,Spa124,putative sRNA,+,0.0348641908159655,0.0097769679783304,0.0425585664939088
Spa125,Spa125,putative sRNA,-,2.77916621247924,2.68578696353214e-18,7.51030197913044e-17
Spa126,Spa126,putative sRNA,+,-0.0493277563920731,0.929570791129074,0.965837758250772
Spa127,Spa127,putative sRNA,-,0.0941780055168087,0.762129649505386,0.876032610200574
Spa128,Spa128,putative sRNA,-,-0.191795061846453,0.0798848395420434,0.218943634300415
Spa129,Spa129,putative sRNA,+,0.0308410849976991,0.0776699075465253,0.214130394817045
Spa130,Spa130,putative sRNA,+,-0.138988091569867,0.610922263732509,0.779835283288177
Spa131,Spa131,putative sRNA,-,-1.76455536863018,0.464016643043804,NA
Spa132,Spa132,putative sRNA,+,-0.0419911159232943,0.997066832848636,0.998606342384958
Spa133,Spa133,putative sRNA,-,0.284161723820233,0.834151444033076,0.916464052578798
Spa134,Spa134,putative sRNA,-,-0.438484692947971,0.0487184239444747,0.151679526164737
Spa135,Spa135,putative sRNA,+,-1.31252897342615,0.503007773633096,NA
Spa136,Spa136,putative sRNA,+,0.396558072952477,0.612440202455422,0.781306134836473
Spa137/Sr096,Spa137/Sr096,putative sRNA,-,-0.301084086072112,0.43309204658594,0.646495089467031
Spa139,Spa139,putative sRNA,+,0.477428746200524,0.00279655687636073,0.0147818006321924
Spa140,Spa140,putative sRNA,+,-0.241034094901382,0.366278562770666,0.586122974391457
Spa141,Spa141,putative sRNA,+,1.44234300968114,4.08069728188704e-06,3.88723251279287e-05
Spa142,Spa142,putative sRNA,+,0.0490049665243927,0.000331313798076769,0.00226397762019126
Spa143,Spa143,putative sRNA,+,0.0842106723548496,0.852707311202467,0.926123827180322
Spa144,Spa144,putative sRNA,-,0.262841431299525,0.906240246462631,0.952275243503702
Spa145,Spa145,putative sRNA,-,-0.31644652254958,0.31455863000423,0.537476259213494
Spa146,Spa146,putative sRNA,+,0.775106598562786,0.0381391023832021,0.126601790624327
Spa147,Spa147,putative sRNA,-,0.284099345199775,0.358121285291413,0.578621198140627
Spa148,Spa148,putative sRNA,+,-1.10271342856294,1.03283731003537e-05,9.25739556468925e-05
Spa149,Spa149,putative sRNA,+,0.136554377933589,0.921483408112287,0.961740853186336
Spa150,Spa150,putative sRNA,+,1.05521604991235,0.00471259190946966,0.0231623705326889
Spa151,Spa151,putative sRNA,+,0.216039277441092,0.354394512398658,NA
Spa152,Spa152,putative sRNA,-,0.174221536806971,0.388603689090901,0.606602000663717
Spa153,Spa153,putative sRNA,-,0.0229452686740177,0.968743096050533,0.985622917337648
Spa154,Spa154,putative sRNA,+,-0.155342264159929,0.310763989712325,0.533661125361772
Spa155,Spa155,putative sRNA,-,0.256775234008682,0.139651661766966,0.321840593848063
Spa156,Spa156,putative sRNA,-,-0.373366505739889,0.0668298185955617,0.192282285081967
Spa157,Spa157,putative sRNA,-,0.174360467422008,0.101511824172585,0.260233945534114
Spa158,Spa158,putative sRNA,-,-0.483581718898062,0.146614883660326,0.330605393552903
Spa159,Spa159,putative sRNA,-,0.266044601269077,0.683233680897379,0.830501197052343
Spa160,Spa160,putative sRNA,-,-0.330729067831683,0.22336436669185,0.4335647943694
Spa162,Spa162,putative sRNA,-,-0.18381206927615,0.761676685132274,0.875969329362064
Spa163,Spa163,putative sRNA,+,-0.548403765538249,0.167410992849587,0.361641119477142
Spa164,Spa164,putative sRNA,+,-0.338146073389626,0.112963672533154,0.279781046910686
Spa165,Spa165,putative sRNA,+,-0.730342884040031,0.0567781677194241,0.16988654917232
Spa166,Spa166,putative sRNA,+,0.114546716275176,0.552040200473674,0.742456211526011
Spa167,Spa167,putative sRNA,-,-0.452550980029247,0.206783895017071,0.415365581048851
Spa168,Spa168,putative sRNA,+,-0.0490390948358777,0.0686427022880808,0.196496497254114
Spa169,Spa169,putative sRNA,+,0.866212359244951,0.233994968123745,0.446034554629381
Spa170,Spa170,putative sRNA,-,1.1268322971104,1.0777322328495e-08,1.46959082897321e-07
Spa171,Spa171,putative sRNA,+,0.64952239555916,0.0138860920039223,0.0565129485444671
Spa172,Spa172,putative sRNA,+,3.83233226488624,2.29085978443741e-54,6.61949389141248e-52
Spa173,Spa173,putative sRNA,-,-0.709219536041093,3.5994370714236e-05,0.000297161689107461
Spa174,Spa174,putative sRNA,-,0.298115728836288,0.0163400427548175,0.0644677369546377
Spa175,Spa175,putative sRNA,-,0.644211862993345,0.134471048715079,0.315289924112479
Spa176,Spa176,putative sRNA,+,3.20227829217998,1.72153512506609e-24,7.30508750972102e-23
Spa177,Spa177,putative sRNA,-,1.53240846363139,1.83942388273735e-23,7.06431906357611e-22
Spa178,Spa178,putative sRNA,-,-0.345574801160111,0.490118021809624,0.693644875979777
Spa179,Spa179,putative sRNA,-,0.495981082008346,3.79353128363638e-05,0.000311912572210102
Spa182,Spa182,putative sRNA,-,-0.333137460176766,0.000814215601698428,0.00498553004147938
Spa184,Spa184,putative sRNA,-,-0.831683840927586,0.000162593040044068,0.00119156348669977
Sr000,Sr000,putative sRNA,+,0.101930738379348,0.86166175344447,0.930233599799703
Sr001,Sr001,putative sRNA,-,-0.244961841219481,0.304807077046135,0.527093001856924
Sr004,Sr004,putative sRNA,-,0.914747937991903,0.0446054582640232,0.142530763952656
Sr006,Sr006,putative sRNA,-,-0.117468392018353,0.581844241831961,0.761355000089885
Sr007,Sr007,putative sRNA,-,0.287445868171548,0.457304569580093,0.667733462036164
Sr009,Sr009,putative sRNA,+,0.607430118900418,0.0571002568569203,0.170597911672965
Sr012,Sr012,putative sRNA,+,-0.55221859099007,0.0870972525436185,0.233027393489716
Sr013,Sr013,putative sRNA,+,0.440109849884444,0.43061427180176,0.644222732074231
Sr015,Sr015,putative sRNA,-,0.346931056414916,0.471381625904133,0.677651689374106
Sr020,Sr020,putative sRNA,+,0.772116543039445,0.00676605017406455,0.0311505253840847
Sr021,Sr021,putative sRNA,-,0.756721979000467,0.0060596280164776,0.0284156281329104
Sr027,Sr027,putative sRNA,+,-0.611767420589696,0.480489471363543,0.684715098086219
Sr028/Spa88,Sr028/Spa88,putative sRNA,-,-0.169445409756448,0.40037201868424,0.617303278822696
Sr029,Sr029,putative sRNA,-,-1.61882449983987,0.189665191455568,0.393197260591865
Sr030/Spa87,Sr030/Spa87,putative sRNA,+,0.346168025105668,0.340058763306223,0.560270588037513
Sr031,Sr031,putative sRNA,-,-1.81728476848395,0.428514220209865,NA
Sr032,Sr032,putative sRNA,-,-0.51866778115719,0.0247544157005322,0.0898383938222663
Sr034,Sr034,putative sRNA,-,2.12078360078697,6.33464400535047e-08,7.97481739096819e-07
Sr035,Sr035,putative sRNA,+,0.150605880955775,0.180990399947976,0.380939905266846
Sr037,Sr037,putative sRNA,-,0.183556411261407,0.310103353415449,0.533212566881537
Sr039,Sr039,putative sRNA,+,-1.25523849685435,0.0547416237498567,0.164931565498575
Sr041,Sr041,putative sRNA,+,-0.404453314650713,0.45834891572044,0.668733161959998
Sr042,Sr042,putative sRNA,+,-0.558639603873474,0.396654246098351,0.614474844351493
Sr043,Sr043,putative sRNA,-,-0.244407004416626,0.0269929842126009,0.0966772651405243
Sr044,Sr044,putative sRNA,-,0.634229346304098,0.198656150792471,0.404783587309843
Sr045,Sr045,putative sRNA,-,0.527072016510417,0.131361072747991,0.311002336884435
Sr048,Sr048,putative sRNA,+,0.514619558449845,0.210826832960115,0.419440969137029
Sr050,Sr050,putative sRNA,+,-0.048062037340908,0.961209239441335,0.981389600722848
Sr051,Sr051,putative sRNA,-,-0.288898362869884,0.705366899505423,0.842718319787145
Sr055,Sr055,putative sRNA,-,0.0920174812051203,0.880202971281419,0.939337254614079
Sr056,Sr056,putative sRNA,+,0.0738543125056684,0.898343851429322,0.949677785796712
Sr058/Spa81,Sr058/Spa81,putative sRNA,-,0.963199700947146,3.10866847150225e-05,0.000260184831518285
Sr059,Sr059,putative sRNA,+,-1.04752509062281,0.386192804310183,NA
Sr060,Sr060,putative sRNA,+,-0.115691538246413,0.752091657405155,0.869973751171222
Sr061,Sr061,putative sRNA,+,-0.652234709130167,0.144155371798715,0.327738777098015
Sr063/Spa38,Sr063/Spa38,putative sRNA,+,-0.122678217667741,0.443121535776028,0.657566127971122
Sr064,Sr064,putative sRNA,-,0.818645350075818,0.00123722595001629,0.00719797417516668
Sr065/Spa181,Sr065/Spa181,putative sRNA,-,0.937156528906787,2.4579011185002e-05,0.000210360281904925
Sr066,Sr066,putative sRNA,+,-0.301999416828496,0.802342830740207,0.898434452284846
Sr067,Sr067,putative sRNA,-,0.104891837712451,0.788428396263845,0.88958414067107
Sr069,Sr069,putative sRNA,-,0.286503510806098,0.581936320880366,0.761355000089885
Sr074,Sr074,putative sRNA,+,0.00563023812888638,0.996736108663481,0.998546261741787
Sr076,Sr076,putative sRNA,-,0.617616932834549,0.000967538856687914,0.00582443033966494
Sr077,Sr077,putative sRNA,-,1.35698388216991,0.255609963985274,0.471406735328679
Sr078,Sr078,putative sRNA,+,-0.379534838029186,0.370521467568837,0.590111355697559
Sr079,Sr079,putative sRNA,-,0.566996452790271,0.191469490468919,0.395451622928999
Sr080,Sr080,putative sRNA,+,3.12458345067342,1.56646635406381e-13,3.2763435514382e-12
Sr083,Sr083,putative sRNA,-,1.54589930604975,0.0853341404818479,0.229728289460449
Sr084,Sr084,putative sRNA,-,-0.525121909260605,0.0822647367781372,0.22364803887533
Sr087,Sr087,putative sRNA,-,0.238987667357672,0.967096645817798,NA
Sr088,Sr088,putative sRNA,-,0.375375612982987,0.210964706296343,0.419440969137029
Sr089,Sr089,putative sRNA,+,0.927475247391215,0.000204747568314907,0.00146510406195148
Sr091,Sr091,putative sRNA,+,-0.456314926840669,0.810679449273543,0.90111795167464
Sr092,Sr092,putative sRNA,+,-0.394025937729028,0.278725565934474,0.499057755706813
Sr093,Sr093,putative sRNA,-,-0.265731680722453,0.430073072158928,0.643778822117634
Sr094,Sr094,putative sRNA,-,-0.0274842195411919,0.968997677020414,0.985622917337648
Sr097,Sr097,putative sRNA,+,0.23792872667029,0.387401561912431,0.605551952005314
Sr100,Sr100,putative sRNA,-,-0.726962383223222,0.234682317873291,NA
Sr101,Sr101,putative sRNA,-,-0.948619317504602,2.45626221346795e-06,2.41174742901675e-05
Sr104,Sr104,putative sRNA,-,-1.23151163402585,0.199056172993787,NA
Sr105,Sr105,putative sRNA,-,-1.34441133382775,1.03623805217949e-10,1.72271027414387e-09
Sr109,Sr109,putative sRNA,-,-0.170354111042291,0.737939155293437,0.861066285248311
Sr110/Spa30,Sr110/Spa30,putative sRNA,-,-0.102722636699022,0.944642697965133,0.973231138177818
Sr111,Sr111,putative sRNA,-,-0.650033812415678,0.0137890892189443,0.0562390338225663
Sr112,Sr112,putative sRNA,-,-0.396066112251051,0.0144647500113625,0.0581657409336963
Sr113,Sr113,putative sRNA,+,-0.556208425707524,0.507126296088528,0.708210699048879
Sr114,Sr114,putative sRNA,+,3.02493908587345,3.99082662737091e-30,2.44609454291785e-28
Sr115,Sr115,putative sRNA,+,-0.0315750044996712,0.616660676468641,0.78430035313597
Sr116,Sr116,putative sRNA,-,-0.0184636573754857,0.368931705835321,0.588351535087708
Sr118,Sr118,putative sRNA,+,-0.256072905912437,0.0140618893193313,0.0569609775632193
Sr119/Spa71,Sr119/Spa71,putative sRNA,-,-0.195346121041325,0.403337685020498,0.61974253734242
Sr120,Sr120,putative sRNA,+,0.957814899697171,0.031592455647951,0.110237504814127
Sr121,Sr121,putative sRNA,-,-0.460467284909794,0.211231634285476,0.419559265742805
Sr122,Sr122,putative sRNA,-,-0.25315780130615,0.639052214273527,0.799704853827957
Sr123,Sr123,putative sRNA,+,-0.15233517284395,0.84754856575051,0.924233687641803
Sr124,Sr124,putative sRNA,+,0.444584477513796,0.0316729306943851,0.110454795088235
Sr125,Sr125,putative sRNA,+,-0.206042449766252,0.395577687251752,0.613276802821572
Sr126,Sr126,putative sRNA,-,1.34428732061798,4.94311217036047e-12,9.34417590334808e-11
Sr135,Sr135,putative sRNA,-,0.966410509610307,0.230649228236995,0.441925960512183
Sr137,Sr137,putative sRNA,+,0.497806713804558,0.271050208780759,0.49028684770215
Sr138,Sr138,putative sRNA,-,-0.444147401261598,0.250636397211518,0.466665129880176
Sr139,Sr139,putative sRNA,+,-0.326173978206687,0.373481079566767,0.592802299453607
Sr140,Sr140,putative sRNA,+,-0.127067773586525,0.881423853475509,0.940059448685352
Sr142,Sr142,putative sRNA,-,-0.175204016942985,0.127084169106432,0.30444008611837
Sr143,Sr143,putative sRNA,-,1.44377344359889,0.135433415876063,0.3164157828915
Sr144,Sr144,putative sRNA,+,-0.567150482826989,0.434705289402328,NA
Sr145,Sr145,putative sRNA,+,-0.445596355883106,0.342931798679738,0.563262063287783
Sr146,Sr146,putative sRNA,+,-0.223306830971597,0.604273546044759,0.776296111209725
Sr147/Spa119,Sr147/Spa119,putative sRNA,-,-0.0491226553167475,0.101310543565959,0.25982771697305
Sr149,Sr149,putative sRNA,-,0.446680622504321,0.0133324225049058,0.054885440813954
Sr150,Sr150,putative sRNA,+,-0.209397394489563,0.450337034937855,0.662264892188452
Sr151,Sr151,putative sRNA,-,0.218743466904082,0.295294803214762,0.517725763047436
Sr152,Sr152,putative sRNA,-,-0.64969136579177,0.0118617823912441,0.0501234648677362
Sr153,Sr153,putative sRNA,-,0.659471495160923,0.0375740709839348,0.125412245726357
Sr155,Sr155,putative sRNA,-,0.00267628593603139,0.99382679206877,0.997443098622774
Sr156,Sr156,putative sRNA,-,0.555717611304504,0.0239641383710908,0.0874936171093737
Sr157,Sr157,putative sRNA,-,0.185965972399226,0.056577725911841,0.1694539194635
Sr158,Sr158,putative sRNA,+,-0.753511195956189,0.00980335663603599,0.0426428444928074
Sr159,Sr159,putative sRNA,-,-0.807885519672003,0.663857988900043,0.816104188947622
